dataset,rep,estimand,method,MAE,radius,coverage,WS,neff
PM25,0,Target Mean (Y),Unweighted,0.008769415042062051,0.031112895608547166,1.0,0.06222579121709432,96.0
PM25,0,Target Mean (Y),Nominal n,0.002699608037959045,0.08980323014415442,1.0,0.17960646028830884,96.0
PM25,0,Target Mean (Y),Input neff,0.002699608037959045,0.18435997998481726,1.0,0.3687199599696346,22.778328124346444
PM25,0,Target Mean (Y),GP neff [Ours],0.002699608037959045,0.17111365450972332,1.0,0.34222730901944665,26.441483396969314
PM25,0,Target Mean (Y),Block-Bootstrap,0.002699608037959045,0.12711510808919485,1.0,0.2542302161783897,19.0
PM25,0,Target Risk (L),Unweighted,0.001210425374940401,0.0019706647671202913,1.0,0.003941329534240583,96.0
PM25,0,Target Risk (L),Nominal n,0.00410878723906822,0.007798217386762156,1.0,0.01559643477352431,96.0
PM25,0,Target Risk (L),Input neff,0.00410878723906822,0.01600921480255138,1.0,0.03201842960510276,22.778328124346444
PM25,0,Target Risk (L),GP neff [Ours],0.00410878723906822,0.015018867432319248,1.0,0.030037734864638496,25.881386626240552
PM25,0,Target Risk (L),Block-Bootstrap,0.00410878723906822,0.010504592942039441,1.0,0.021009185884078883,19.0
PM25,1,Target Mean (Y),Unweighted,0.015057539230693112,0.016011075381139155,1.0,0.03202215076227832,96.0
PM25,1,Target Mean (Y),Nominal n,0.003064892380289147,0.06961181766808451,1.0,0.13922363533616905,96.0
PM25,1,Target Mean (Y),Input neff,0.003064892380289147,0.10442492794270126,1.0,0.20884985588540256,42.66078203977245
PM25,1,Target Mean (Y),GP neff [Ours],0.003064892380289147,0.09554547080051883,1.0,0.19109094160103762,50.95853939551987
PM25,1,Target Mean (Y),Block-Bootstrap,0.003064892380289147,0.06919503096809013,1.0,0.13839006193618025,19.0
PM25,1,Target Risk (L),Unweighted,0.0011913558499827125,0.0023247168542769115,1.0,0.004649433708553823,96.0
PM25,1,Target Risk (L),Nominal n,7.790607837017969e-05,0.004638403192464424,1.0,0.009276806384928848,96.0
PM25,1,Target Risk (L),Input neff,7.790607837017969e-05,0.00695808463803932,1.0,0.01391616927607864,42.66078203977245
PM25,1,Target Risk (L),GP neff [Ours],7.790607837017969e-05,0.006861046804376949,1.0,0.013722093608753897,43.87604395730878
PM25,1,Target Risk (L),Block-Bootstrap,7.790607837017969e-05,0.007261973571730332,1.0,0.014523947143460664,19.0
PM25,2,Target Mean (Y),Unweighted,0.019222105248632312,0.0246414174257839,1.0,0.049282834851567786,96.0
PM25,2,Target Mean (Y),Nominal n,0.003795201952182886,0.10957472602733768,1.0,0.21914945205467534,96.0
PM25,2,Target Mean (Y),Input neff,0.003795201952182886,0.19465377979488285,1.0,0.3893075595897657,30.42049925800045
PM25,2,Target Mean (Y),GP neff [Ours],0.003795201952182886,0.1876738137670139,1.0,0.3753476275340278,32.725377194079236
PM25,2,Target Mean (Y),Block-Bootstrap,0.003795201952182886,0.13092618016903268,1.0,0.26185236033806536,19.0
PM25,2,Target Risk (L),Unweighted,0.0006460491498332765,0.0011743672493263544,1.0,0.0023487344986527084,96.0
PM25,2,Target Risk (L),Nominal n,0.000687228859756338,0.0024406237873914566,1.0,0.004881247574782914,96.0
PM25,2,Target Risk (L),Input neff,0.000687228859756338,0.004335640731189447,1.0,0.008671281462378893,30.42049925800045
PM25,2,Target Risk (L),GP neff [Ours],0.000687228859756338,0.004152544526246722,1.0,0.008305089052493443,33.16227502635781
PM25,2,Target Risk (L),Block-Bootstrap,0.000687228859756338,0.0028652968060116912,1.0,0.0057305936120233825,19.0
PM25,3,Target Mean (Y),Unweighted,0.028095693709656408,0.015582323263231878,0.0,0.5316994643834451,96.0
PM25,3,Target Mean (Y),Nominal n,0.04971279139944598,0.02138061214139888,0.0,1.1760483946046816,96.0
PM25,3,Target Mean (Y),Input neff,0.04971279139944598,0.022214766720614135,0.0,1.1443505205945022,88.9258426844693
PM25,3,Target Mean (Y),GP neff [Ours],0.04971279139944598,0.023779286740075366,0.0,1.084898759854975,77.60931599214082
PM25,3,Target Mean (Y),Block-Bootstrap,0.04971279139944598,0.022512114050613985,0.0,0.942712902555599,19.0
PM25,3,Target Risk (L),Unweighted,0.00033645266476704187,0.0011780884010838398,1.0,0.0023561768021676793,96.0
PM25,3,Target Risk (L),Nominal n,0.0017644676536331463,0.0017800046521568309,1.0,0.003560009304313662,96.0
PM25,3,Target Risk (L),Input neff,0.0017644676536331463,0.0018494507008387621,1.0,0.003698901401677524,88.9258426844693
PM25,3,Target Risk (L),GP neff [Ours],0.0017644676536331463,0.001910179812695241,1.0,0.003820359625390482,83.36140116057612
PM25,3,Target Risk (L),Block-Bootstrap,0.0017644676536331463,0.0017494785926004946,1.0,0.003498957185200989,19.0
PM25,4,Target Mean (Y),Unweighted,0.05268847708408665,0.016119495234125227,0.0,1.4949982644667075,96.0
PM25,4,Target Mean (Y),Nominal n,0.0022568537695402124,0.08807285436453946,1.0,0.17614570872907892,96.0
PM25,4,Target Mean (Y),Input neff,0.0022568537695402124,0.19343965019950735,1.0,0.38687930039901475,19.900517955625105
PM25,4,Target Mean (Y),GP neff [Ours],0.0022568537695402124,0.18318810660410725,1.0,0.36637621320821445,22.190180178397956
PM25,4,Target Mean (Y),Block-Bootstrap,0.0022568537695402124,0.10424584204991906,1.0,0.20849168409983812,19.0
PM25,4,Target Risk (L),Unweighted,0.0020816886751881224,0.00044652647107576963,0.0,0.06629954110664567,96.0
PM25,4,Target Risk (L),Nominal n,0.002097121401102171,0.0015019662870599563,0.0,0.02681013713580849,96.0
PM25,4,Target Risk (L),Input neff,0.002097121401102171,0.0032988579202595947,1.0,0.0065977158405191895,19.900517955625105
PM25,4,Target Risk (L),GP neff [Ours],0.002097121401102171,0.002981203414034677,1.0,0.005962406828069354,24.367354557177784
PM25,4,Target Risk (L),Block-Bootstrap,0.002097121401102171,0.0012444129888403916,0.0,0.02825680963295775,19.0
PM25,5,Target Mean (Y),Unweighted,0.02082300466240715,0.014754371140826606,0.0,0.2722540831448751,96.0
PM25,5,Target Mean (Y),Nominal n,0.06640880636516254,0.026107357567066447,0.0,1.6642726670579768,96.0
PM25,5,Target Mean (Y),Input neff,0.06640880636516254,0.03681349957004193,0.0,1.2574392709449085,48.281733987419805
PM25,5,Target Mean (Y),GP neff [Ours],0.06640880636516254,0.03391341641573296,0.0,1.367642430808649,56.892364341585754
PM25,5,Target Mean (Y),Block-Bootstrap,0.06640880636516254,0.0137615228282284,0.0,2.089540770621813,19.0
PM25,5,Target Risk (L),Unweighted,0.0011094318774364075,0.0023562262132000573,1.0,0.004712452426400114,96.0
PM25,5,Target Risk (L),Nominal n,0.008665002556827804,0.016644462410908986,1.0,0.03328892482181797,96.0
PM25,5,Target Risk (L),Input neff,0.008665002556827804,0.023470047025384487,1.0,0.046940094050768974,48.281733987419805
PM25,5,Target Risk (L),GP neff [Ours],0.008665002556827804,0.02328235989237135,1.0,0.0465647197847427,49.063303008893584
PM25,5,Target Risk (L),Block-Bootstrap,0.008665002556827804,0.019220128930387156,1.0,0.03844025786077431,19.0
PM25,6,Target Mean (Y),Unweighted,0.012408696218439402,0.02318245580983358,1.0,0.04636491161966716,96.0
PM25,6,Target Mean (Y),Nominal n,0.02308132512679012,0.07277107768899244,1.0,0.14554215537798487,96.0
PM25,6,Target Mean (Y),Input neff,0.02308132512679012,0.12709752310223593,1.0,0.25419504620447186,31.47129921855754
PM25,6,Target Mean (Y),GP neff [Ours],0.02308132512679012,0.11510413847020493,1.0,0.23020827694040982,38.37134027703851
PM25,6,Target Mean (Y),Block-Bootstrap,0.02308132512679012,0.083467802641878,1.0,0.166935605283756,19.0
PM25,6,Target Risk (L),Unweighted,8.738452449157672e-05,0.0013158029486694182,1.0,0.0026316058973388365,96.0
PM25,6,Target Risk (L),Nominal n,0.0014607552450660753,0.0015328403027783152,1.0,0.0030656806055566303,96.0
PM25,6,Target Risk (L),Input neff,0.0014607552450660753,0.0026771653242105863,1.0,0.005354330648421172,31.47129921855754
PM25,6,Target Risk (L),GP neff [Ours],0.0014607552450660753,0.002191446091633926,1.0,0.004382892183267852,46.96815180810807
PM25,6,Target Risk (L),Block-Bootstrap,0.0014607552450660753,0.0008185766434254992,0.0,0.04821131750349533,19.0
PM25,7,Target Mean (Y),Unweighted,0.029422643297407625,0.015028639515826493,0.0,0.6058174302948979,96.0
PM25,7,Target Mean (Y),Nominal n,0.03575678617544188,0.056237674225140075,1.0,0.11247534845028015,96.0
PM25,7,Target Mean (Y),Input neff,0.03575678617544188,0.09734946875897497,1.0,0.19469893751794995,32.03751071933823
PM25,7,Target Mean (Y),GP neff [Ours],0.03575678617544188,0.08726447170916707,1.0,0.17452894341833414,39.87043817642347
PM25,7,Target Mean (Y),Block-Bootstrap,0.03575678617544188,0.06153884947028905,1.0,0.1230776989405781,19.0
PM25,7,Target Risk (L),Unweighted,0.0008422764945491198,0.0006426442106811896,0.0,0.009270579776079594,96.0
PM25,7,Target Risk (L),Nominal n,0.0015238961305165874,0.0043278943249360595,1.0,0.008655788649872119,96.0
PM25,7,Target Risk (L),Input neff,0.0015238961305165874,0.007491743198533005,1.0,0.01498348639706601,32.03751071933823
PM25,7,Target Risk (L),GP neff [Ours],0.0015238961305165874,0.0056864624301586,1.0,0.0113729248603172,55.6083719858443
PM25,7,Target Risk (L),Block-Bootstrap,0.0015238961305165874,0.004359566609310258,1.0,0.008719133218620516,19.0
PM25,8,Target Mean (Y),Unweighted,0.010170620906050948,0.015931144644009597,1.0,0.03186228928801921,96.0
PM25,8,Target Mean (Y),Nominal n,0.038409429287467295,0.042510042897205884,1.0,0.08502008579441178,96.0
PM25,8,Target Mean (Y),Input neff,0.038409429287467295,0.06103866596130624,1.0,0.1220773319226125,46.56335373694118
PM25,8,Target Mean (Y),GP neff [Ours],0.038409429287467295,0.05688683148313523,1.0,0.11377366296627045,53.60815119229906
PM25,8,Target Mean (Y),Block-Bootstrap,0.038409429287467295,0.029533357991614082,0.0,1.1443343573991933,19.0
PM25,8,Target Risk (L),Unweighted,0.0007123197511134279,0.002235600387037729,1.0,0.004471200774075458,96.0
PM25,8,Target Risk (L),Nominal n,0.0015533221348229855,0.007356901222321056,1.0,0.014713802444642113,96.0
PM25,8,Target Risk (L),Input neff,0.0015533221348229855,0.010563514069027115,1.0,0.02112702813805423,46.56335373694118
PM25,8,Target Risk (L),GP neff [Ours],0.0015533221348229855,0.010486136143131916,1.0,0.020972272286263832,47.25307757600818
PM25,8,Target Risk (L),Block-Bootstrap,0.0015533221348229855,0.00876504464329427,1.0,0.01753008928658854,19.0
PM25,9,Target Mean (Y),Unweighted,0.030369783827972063,0.022056498479730915,0.0,0.37664441088910827,96.0
PM25,9,Target Mean (Y),Nominal n,0.019438465188265905,0.10381774478352535,1.0,0.2076354895670507,96.0
PM25,9,Target Mean (Y),Input neff,0.019438465188265905,0.19045989322885476,1.0,0.3809197864577095,28.523797267774096
PM25,9,Target Mean (Y),GP neff [Ours],0.019438465188265905,0.17921832439881025,1.0,0.3584366487976205,32.21436602977965
PM25,9,Target Mean (Y),Block-Bootstrap,0.019438465188265905,0.04118764512253369,0.0,1.7028766825046397,19.0
PM25,9,Target Risk (L),Unweighted,0.0005168120469792778,0.0011892447491336803,1.0,0.0023784894982673602,96.0
PM25,9,Target Risk (L),Nominal n,0.003041795320369419,0.000215366349650891,0.0,0.11348789152804291,96.0
PM25,9,Target Risk (L),Input neff,0.003041795320369419,0.00039510251397895975,0.0,0.10665791728357628,28.523797267774096
PM25,9,Target Risk (L),GP neff [Ours],0.003041795320369419,0.00036799723532604886,0.0,0.1076879178723869,32.880454741006716
PM25,9,Target Risk (L),Block-Bootstrap,0.003041795320369419,0.0007389999663897997,0.0,0.06889851265111872,19.0
PM25,10,Target Mean (Y),Unweighted,0.011544088057543034,0.016664524856159504,1.0,0.033329049712318995,96.0
PM25,10,Target Mean (Y),Nominal n,0.004465475771228605,0.06261368964974712,1.0,0.12522737929949423,96.0
PM25,10,Target Mean (Y),Input neff,0.004465475771228605,0.09801801755328092,1.0,0.1960360351065618,39.17400700119529
PM25,10,Target Mean (Y),GP neff [Ours],0.004465475771228605,0.08588891290507651,1.0,0.17177782581015305,51.01943135521781
PM25,10,Target Mean (Y),Block-Bootstrap,0.004465475771228605,0.0925223414827524,1.0,0.1850446829655048,19.0
PM25,10,Target Risk (L),Unweighted,0.0009302222284391891,0.002259839696166616,1.0,0.004519679392333232,96.0
PM25,10,Target Risk (L),Nominal n,0.0006547902599649711,0.0024588321228812614,1.0,0.004917664245762524,96.0
PM25,10,Target Risk (L),Input neff,0.0006547902599649711,0.0038491558560008908,1.0,0.0076983117120017815,39.17400700119529
PM25,10,Target Risk (L),GP neff [Ours],0.0006547902599649711,0.0037777961775806866,1.0,0.007555592355161372,40.66791843173836
PM25,10,Target Risk (L),Block-Bootstrap,0.0006547902599649711,0.0036535240986497308,1.0,0.0073070481972994615,19.0
PM25,11,Target Mean (Y),Unweighted,0.03861838351692019,0.015384896251843886,0.0,0.9601092831067399,96.0
PM25,11,Target Mean (Y),Nominal n,0.043856909527554014,0.05736938707383489,1.0,0.11473877414766978,96.0
PM25,11,Target Mean (Y),Input neff,0.043856909527554014,0.10412207258092776,1.0,0.20824414516185552,29.14379104261538
PM25,11,Target Mean (Y),GP neff [Ours],0.043856909527554014,0.094348142200121,1.0,0.188696284400242,35.494817463668774
PM25,11,Target Mean (Y),Block-Bootstrap,0.043856909527554014,0.07371159929963063,1.0,0.14742319859926126,19.0
PM25,11,Target Risk (L),Unweighted,0.001126117339319921,0.0005470365690961544,0.0,0.02425730394714298,96.0
PM25,11,Target Risk (L),Nominal n,0.0005154779317328348,0.00241811190557896,1.0,0.00483622381115792,96.0
PM25,11,Target Risk (L),Input neff,0.0005154779317328348,0.004388731276097764,1.0,0.008777462552195529,29.14379104261538
PM25,11,Target Risk (L),GP neff [Ours],0.0005154779317328348,0.003284845990121939,1.0,0.006569691980243878,52.02283298169626
PM25,11,Target Risk (L),Block-Bootstrap,0.0005154779317328348,0.0018238861039941285,1.0,0.003647772207988257,19.0
PM25,12,Target Mean (Y),Unweighted,0.03477040676760859,0.026198952705275783,0.0,0.39525606790386403,96.0
PM25,12,Target Mean (Y),Nominal n,0.029760234224251836,0.07688144621065678,1.0,0.15376289242131358,96.0
PM25,12,Target Mean (Y),Input neff,0.029760234224251836,0.11460456712324534,1.0,0.2292091342464907,43.2026584064863
PM25,12,Target Mean (Y),GP neff [Ours],0.029760234224251836,0.107485055994953,1.0,0.214970111989906,49.11545225541091
PM25,12,Target Mean (Y),Block-Bootstrap,0.029760234224251836,0.09221211373776232,1.0,0.18442422747552464,19.0
PM25,12,Target Risk (L),Unweighted,0.00016045327665006577,0.0013711269566466194,1.0,0.002742253913293239,96.0
PM25,12,Target Risk (L),Nominal n,0.0022549922154822795,0.0005083844725209401,0.0,0.07088107866349547,96.0
PM25,12,Target Risk (L),Input neff,0.0022549922154822795,0.000757831509123793,0.0,0.061402091272587056,43.2026584064863
PM25,12,Target Risk (L),GP neff [Ours],0.0022549922154822795,0.0005704404138408539,0.0,0.06852295289333875,76.24918666681828
PM25,12,Target Risk (L),Block-Bootstrap,0.0022549922154822795,0.000551371590251215,0.0,0.06952892693450011,19.0
PM25,13,Target Mean (Y),Unweighted,0.03137881478054565,0.015503191263829732,0.0,0.6660313231962964,96.0
PM25,13,Target Mean (Y),Nominal n,0.07245960913322178,0.04272150269885835,0.0,1.2749672627722535,96.0
PM25,13,Target Mean (Y),Input neff,0.07245960913322178,0.09182136865706848,1.0,0.183642737314137,20.781493216582763
PM25,13,Target Mean (Y),GP neff [Ours],0.07245960913322178,0.07706948207820863,1.0,0.15413896415641726,29.498463326607638
PM25,13,Target Mean (Y),Block-Bootstrap,0.07245960913322178,0.04364175759018892,0.0,1.2629264916708665,19.0
PM25,13,Target Risk (L),Unweighted,0.0005968024254504518,0.0008256991127640916,1.0,0.001651398225528183,96.0
PM25,13,Target Risk (L),Nominal n,0.000964640707581222,0.0022764171343201602,1.0,0.0045528342686403205,96.0
PM25,13,Target Risk (L),Input neff,0.000964640707581222,0.004892705633064367,1.0,0.009785411266128734,20.781493216582763
PM25,13,Target Risk (L),GP neff [Ours],0.000964640707581222,0.0029950545271998537,1.0,0.005990109054399707,55.45816018023653
PM25,13,Target Risk (L),Block-Bootstrap,0.000964640707581222,0.0033871479262361573,1.0,0.006774295852472315,19.0
PM25,14,Target Mean (Y),Unweighted,0.02355525037652606,0.014036783218689699,0.0,0.4088122527508337,96.0
PM25,14,Target Mean (Y),Nominal n,0.07937023019854286,0.02888526036392928,0.0,2.0771693141124024,96.0
PM25,14,Target Mean (Y),Input neff,0.07937023019854286,0.040366643197425466,0.0,1.6408767664395465,49.15622622007453
PM25,14,Target Mean (Y),GP neff [Ours],0.07937023019854286,0.03612982896707719,0.0,1.801875707192781,61.360938677708816
PM25,14,Target Mean (Y),Block-Bootstrap,0.07937023019854286,0.03955248466760163,0.0,1.7077300283417927,19.0
PM25,14,Target Risk (L),Unweighted,5.375999698770855e-05,0.0015908412099339365,1.0,0.0031816824198678726,96.0
PM25,14,Target Risk (L),Nominal n,0.00880979104086654,0.017062373092562578,1.0,0.034124746185125156,96.0
PM25,14,Target Risk (L),Input neff,0.00880979104086654,0.02384436622869808,1.0,0.04768873245739616,49.15622622007453
PM25,14,Target Risk (L),GP neff [Ours],0.00880979104086654,0.023620166271316495,1.0,0.04724033254263299,50.09382571920535
PM25,14,Target Risk (L),Block-Bootstrap,0.00880979104086654,0.02283572426663676,1.0,0.04567144853327352,19.0
PM25,15,Target Mean (Y),Unweighted,0.02495661879252442,0.014750675905438486,0.0,0.4377390672943141,96.0
PM25,15,Target Mean (Y),Nominal n,0.06891682791320362,0.026702649085301584,0.0,1.741972451286685,96.0
PM25,15,Target Mean (Y),Input neff,0.06891682791320362,0.03466182204174182,0.0,1.4395238789419555,56.974058030879625
PM25,15,Target Mean (Y),GP neff [Ours],0.06891682791320362,0.03426326254627025,0.0,1.4546691397698752,58.30724233995544
PM25,15,Target Mean (Y),Block-Bootstrap,0.06891682791320362,0.04251926516051052,0.0,0.40098569512673987,19.0
PM25,15,Target Risk (L),Unweighted,0.0006804788344456306,0.0024056605103514725,1.0,0.004811321020702945,96.0
PM25,15,Target Risk (L),Nominal n,0.005515774900585228,0.011731537029233269,1.0,0.023463074058466538,96.0
PM25,15,Target Risk (L),Input neff,0.005515774900585228,0.015228318639262656,1.0,0.03045663727852531,56.974058030879625
PM25,15,Target Risk (L),GP neff [Ours],0.005515774900585228,0.015377536079877031,1.0,0.030755072159754065,55.87371589647389
PM25,15,Target Risk (L),Block-Bootstrap,0.005515774900585228,0.0156407001635642,1.0,0.0312814003271284,19.0
PM25,16,Target Mean (Y),Unweighted,0.0058083921808288475,0.023643950519964468,1.0,0.04728790103992893,96.0
PM25,16,Target Mean (Y),Nominal n,0.042259848864611815,0.05972992360889769,1.0,0.1194598472177954,96.0
PM25,16,Target Mean (Y),Input neff,0.042259848864611815,0.1135596339002158,1.0,0.22711926780043157,26.558722679460313
PM25,16,Target Mean (Y),GP neff [Ours],0.042259848864611815,0.10348699591176824,1.0,0.20697399182353649,31.980377902669417
PM25,16,Target Mean (Y),Block-Bootstrap,0.042259848864611815,0.07678481370161072,1.0,0.15356962740322144,19.0
PM25,16,Target Risk (L),Unweighted,0.0005765213400764847,0.0018781425792335892,1.0,0.003756285158467179,96.0
PM25,16,Target Risk (L),Nominal n,0.0016735218925151977,0.0010943740570751074,0.0,0.025354661531753826,96.0
PM25,16,Target Risk (L),Input neff,0.0016735218925151977,0.0020806441689945527,1.0,0.004161288337989105,26.558722679460313
PM25,16,Target Risk (L),GP neff [Ours],0.0016735218925151977,0.0018694982995453423,1.0,0.0037389965990906847,32.89672486525327
PM25,16,Target Risk (L),Block-Bootstrap,0.0016735218925151977,0.0010354273214046522,0.0,0.020127767935585163,19.0
PM25,17,Target Mean (Y),Unweighted,0.07133977142338097,0.040718656706864385,0.0,1.3062819020743917,96.0
PM25,17,Target Mean (Y),Nominal n,0.08372799591229396,0.16824100485727672,1.0,0.33648200971455344,96.0
PM25,17,Target Mean (Y),Input neff,0.08372799591229396,0.41722223718640655,1.0,0.8344444743728132,15.609897282773375
PM25,17,Target Mean (Y),GP neff [Ours],0.08372799591229396,0.36150066305708783,1.0,0.7230013261141757,20.792980383451926
PM25,17,Target Mean (Y),Block-Bootstrap,0.08372799591229396,0.2783164035247731,1.0,0.5566328070495462,19.0
PM25,17,Target Risk (L),Unweighted,0.0051213099151400385,0.0037653619853067247,0.0,0.06176864116394598,96.0
PM25,17,Target Risk (L),Nominal n,0.009994277098890579,0.01250391408024647,1.0,0.02500782816049294,96.0
PM25,17,Target Risk (L),Input neff,0.009994277098890579,0.031008558291557308,1.0,0.062017116583114616,15.609897282773375
PM25,17,Target Risk (L),GP neff [Ours],0.009994277098890579,0.029254323867734956,1.0,0.05850864773546991,17.538121099558207
PM25,17,Target Risk (L),Block-Bootstrap,0.009994277098890579,0.029457172562476937,1.0,0.058914345124953874,19.0
PM25,18,Target Mean (Y),Unweighted,0.029052793304819455,0.01594826607006466,0.0,0.5560776215303215,96.0
PM25,18,Target Mean (Y),Nominal n,0.03592984534742649,0.07027942860250094,1.0,0.14055885720500189,96.0
PM25,18,Target Mean (Y),Input neff,0.03592984534742649,0.16817805940207944,1.0,0.33635611880415883,16.76443815516331
PM25,18,Target Mean (Y),GP neff [Ours],0.03592984534742649,0.15357503848606172,1.0,0.3071500769721234,20.104182181176945
PM25,18,Target Mean (Y),Block-Bootstrap,0.03592984534742649,0.0898296202498997,1.0,0.1796592404997994,19.0
PM25,18,Target Risk (L),Unweighted,0.0014074810715162848,0.0006041161567157745,0.0,0.03334282890545197,96.0
PM25,18,Target Risk (L),Nominal n,7.155909583997627e-05,0.002607216047939427,1.0,0.005214432095878855,96.0
PM25,18,Target Risk (L),Input neff,7.155909583997627e-05,0.006239045252693024,1.0,0.012478090505386046,16.76443815516331
PM25,18,Target Risk (L),GP neff [Ours],7.155909583997627e-05,0.0050838317263982745,1.0,0.010167663452796547,25.248927782424882
PM25,18,Target Risk (L),Block-Bootstrap,7.155909583997627e-05,0.0029476263993824903,1.0,0.0058952527987649805,19.0
PM25,19,Target Mean (Y),Unweighted,0.07859006700959617,0.0436568864170853,0.0,1.484640996534606,96.0
PM25,19,Target Mean (Y),Nominal n,0.010220708116511518,0.09101067199771297,1.0,0.18202134399542597,96.0
PM25,19,Target Mean (Y),Input neff,0.010220708116511518,0.2267985784301526,1.0,0.4535971568603052,15.458780087345115
PM25,19,Target Mean (Y),GP neff [Ours],0.010220708116511518,0.20335548422281238,1.0,0.40671096844562477,19.228442006513273
PM25,19,Target Mean (Y),Block-Bootstrap,0.010220708116511518,0.21646062215265705,1.0,0.4329212443053141,19.0
PM25,19,Target Risk (L),Unweighted,0.007991260629826764,0.0047818154193111275,0.0,0.13794143925924765,96.0
PM25,19,Target Risk (L),Nominal n,0.005607977601119433,0.014139856248264167,1.0,0.028279712496528334,96.0
PM25,19,Target Risk (L),Input neff,0.005607977601119433,0.03523651925560567,1.0,0.07047303851121134,15.458780087345115
PM25,19,Target Risk (L),GP neff [Ours],0.005607977601119433,0.033230703463432355,1.0,0.06646140692686471,17.38129584003802
PM25,19,Target Risk (L),Block-Bootstrap,0.005607977601119433,0.021053851047667063,1.0,0.042107702095334126,19.0
PM25,20,Target Mean (Y),Unweighted,0.019410747175900522,0.015787336067745687,0.0,0.17651111646168494,96.0
PM25,20,Target Mean (Y),Nominal n,0.0589298313872505,0.04519018802938866,0.0,0.6399661103732512,96.0
PM25,20,Target Mean (Y),Input neff,0.0589298313872505,0.06771193988853529,1.0,0.1354238797770706,42.75914548324278
PM25,20,Target Mean (Y),GP neff [Ours],0.0589298313872505,0.060030656877390974,1.0,0.12006131375478196,54.40180865501929
PM25,20,Target Mean (Y),Block-Bootstrap,0.0589298313872505,0.05976878616819957,1.0,0.11953757233639914,19.0
PM25,20,Target Risk (L),Unweighted,0.000669379790289938,0.0022615317788192376,1.0,0.004523063557638474,96.0
PM25,20,Target Risk (L),Nominal n,0.0014849680633401514,0.006904678533034631,1.0,0.013809357066069262,96.0
PM25,20,Target Risk (L),Input neff,0.0014849680633401514,0.010345811738478526,1.0,0.020691623476957053,42.75914548324278
PM25,20,Target Risk (L),GP neff [Ours],0.0014849680633401514,0.01017475198604112,1.0,0.02034950397208224,44.20898015052612
PM25,20,Target Risk (L),Block-Bootstrap,0.0014849680633401514,0.010894055704050977,1.0,0.021788111408101954,19.0
PM25,21,Target Mean (Y),Unweighted,0.031344738010706794,0.022589974189422816,0.0,0.395370501230205,96.0
PM25,21,Target Mean (Y),Nominal n,0.002888038568363338,0.10628679555939534,1.0,0.2125735911187907,96.0
PM25,21,Target Mean (Y),Input neff,0.002888038568363338,0.1433206341282893,1.0,0.28664126825657854,52.79738566093135
PM25,21,Target Mean (Y),GP neff [Ours],0.002888038568363338,0.1429412096632251,1.0,0.2858824193264502,53.07804940015431
PM25,21,Target Mean (Y),Block-Bootstrap,0.002888038568363338,0.12699391060313647,1.0,0.25398782120627295,19.0
PM25,21,Target Risk (L),Unweighted,0.0011642226913645172,0.0008563537341884553,0.0,0.01402746575541938,96.0
PM25,21,Target Risk (L),Nominal n,0.0010071337784772968,0.0026922067018837347,1.0,0.00538441340376747,96.0
PM25,21,Target Risk (L),Input neff,0.0010071337784772968,0.0036302606517362415,1.0,0.007260521303472484,52.79738566093135
PM25,21,Target Risk (L),GP neff [Ours],0.0010071337784772968,0.0036156039308992455,1.0,0.007231207861798492,53.22630709354491
PM25,21,Target Risk (L),Block-Bootstrap,0.0010071337784772968,0.0033215245694041594,1.0,0.006643049138808319,19.0
PM25,22,Target Mean (Y),Unweighted,0.010571076418734782,0.017158888851749467,1.0,0.03431777770349892,96.0
PM25,22,Target Mean (Y),Nominal n,0.011037804054547795,0.07308228796327278,1.0,0.14616457592654553,96.0
PM25,22,Target Mean (Y),Input neff,0.011037804054547795,0.11530289199322184,1.0,0.2306057839864437,38.56693295849052
PM25,22,Target Mean (Y),GP neff [Ours],0.011037804054547795,0.10005282059190981,1.0,0.20010564118381963,51.21967645097096
PM25,22,Target Mean (Y),Block-Bootstrap,0.011037804054547795,0.07189244708718026,1.0,0.14378489417436052,19.0
PM25,22,Target Risk (L),Unweighted,4.8223798173810915e-05,0.001404907071554369,1.0,0.0028098141431087374,96.0
PM25,22,Target Risk (L),Nominal n,8.369200278851921e-05,0.003029880943138109,1.0,0.006059761886276218,96.0
PM25,22,Target Risk (L),Input neff,8.369200278851921e-05,0.004780283224227204,1.0,0.009560566448454409,38.56693295849052
PM25,22,Target Risk (L),GP neff [Ours],8.369200278851921e-05,0.0045553806200735085,1.0,0.009110761240147017,42.46909637269095
PM25,22,Target Risk (L),Block-Bootstrap,8.369200278851921e-05,0.005802553112395123,1.0,0.011605106224790246,19.0
PM25,23,Target Mean (Y),Unweighted,0.02896275891820578,0.014200881053882558,0.0,0.6188768766806944,96.0
PM25,23,Target Mean (Y),Nominal n,0.05076475315614648,0.026486459417440742,0.0,1.0241046683831112,96.0
PM25,23,Target Mean (Y),Input neff,0.05076475315614648,0.044684722096223026,0.0,0.3325706865893837,33.72880278043705
PM25,23,Target Mean (Y),GP neff [Ours],0.05076475315614648,0.03799889963232852,0.0,0.5866319402173752,46.64198312598327
PM25,23,Target Mean (Y),Block-Bootstrap,0.05076475315614648,0.0457843677257216,1.0,0.0915687354514432,19.0
PM25,23,Target Risk (L),Unweighted,5.262664793088132e-05,0.0015888382781604142,1.0,0.003177676556320828,96.0
PM25,23,Target Risk (L),Nominal n,0.0005891573928573004,0.0029349650867917993,1.0,0.0058699301735835995,96.0
PM25,23,Target Risk (L),Input neff,0.0005891573928573004,0.004951514930646055,1.0,0.00990302986129211,33.72880278043705
PM25,23,Target Risk (L),GP neff [Ours],0.0005891573928573004,0.004903039305589736,1.0,0.009806078611179473,34.39904314321971
PM25,23,Target Risk (L),Block-Bootstrap,0.0005891573928573004,0.0034925549773777227,1.0,0.0069851099547554455,19.0
PM25,24,Target Mean (Y),Unweighted,0.04275898969425174,0.020475738450516045,0.0,0.9322815266504596,96.0
PM25,24,Target Mean (Y),Nominal n,0.0011622453694061785,0.06957527028328286,1.0,0.13915054056656573,96.0
PM25,24,Target Mean (Y),Input neff,0.0011622453694061785,0.12133720753385743,1.0,0.24267441506771484,31.564073474881837
PM25,24,Target Mean (Y),GP neff [Ours],0.0011622453694061785,0.11706022985576334,1.0,0.23412045971152665,33.91269408100173
PM25,24,Target Mean (Y),Block-Bootstrap,0.0011622453694061785,0.0674285782700203,1.0,0.1348571565400406,19.0
PM25,24,Target Risk (L),Unweighted,0.0020271834791543075,0.0006427750613806469,0.0,0.05666188683370771,96.0
PM25,24,Target Risk (L),Nominal n,0.0008217428715931677,0.005944290813934845,1.0,0.01188858162786969,96.0
PM25,24,Target Risk (L),Input neff,0.0008217428715931677,0.010366666851530948,1.0,0.020733333703061897,31.564073474881837
PM25,24,Target Risk (L),GP neff [Ours],0.0008217428715931677,0.009861460958488794,1.0,0.01972292191697759,34.88099061931834
PM25,24,Target Risk (L),Block-Bootstrap,0.0008217428715931677,0.00033578841574557805,0.0,0.09501279887087598,19.0
PM25,25,Target Mean (Y),Unweighted,0.0120036173082598,0.021921680962351642,1.0,0.043843361924703284,96.0
PM25,25,Target Mean (Y),Nominal n,0.01742611940451297,0.06373614604059243,1.0,0.12747229208118488,96.0
PM25,25,Target Mean (Y),Input neff,0.01742611940451297,0.07963956372643241,1.0,0.15927912745286482,61.48725244869604
PM25,25,Target Mean (Y),GP neff [Ours],0.01742611940451297,0.07781143215388468,1.0,0.15562286430776934,64.41040264423049
PM25,25,Target Mean (Y),Block-Bootstrap,0.01742611940451297,0.052488460199222944,1.0,0.10497692039844589,19.0
PM25,25,Target Risk (L),Unweighted,0.002083028522412267,0.0026690206330999768,1.0,0.005338041266199954,96.0
PM25,25,Target Risk (L),Nominal n,0.005213943420583411,0.010371557982476867,1.0,0.020743115964953734,96.0
PM25,25,Target Risk (L),Input neff,0.005213943420583411,0.012959464984936477,1.0,0.025918929969872953,61.48725244869604
PM25,25,Target Risk (L),GP neff [Ours],0.005213943420583411,0.012907348053895566,1.0,0.025814696107791132,61.984797948693355
PM25,25,Target Risk (L),Block-Bootstrap,0.005213943420583411,0.014353380367176267,1.0,0.028706760734352535,19.0
PM25,26,Target Mean (Y),Unweighted,0.0042506241606466155,0.017558139432373988,1.0,0.03511627886474798,96.0
PM25,26,Target Mean (Y),Nominal n,0.010430738104123066,0.06642768068805033,1.0,0.13285536137610066,96.0
PM25,26,Target Mean (Y),Input neff,0.010430738104123066,0.08986757933291883,1.0,0.17973515866583767,52.45215360529518
PM25,26,Target Mean (Y),GP neff [Ours],0.010430738104123066,0.08465057421363632,1.0,0.16930114842727267,59.11661995989968
PM25,26,Target Mean (Y),Block-Bootstrap,0.010430738104123066,0.07336527913987384,1.0,0.14673055827974768,19.0
PM25,26,Target Risk (L),Unweighted,0.0011123484195534597,0.00224937776181004,1.0,0.00449875552362008,96.0
PM25,26,Target Risk (L),Nominal n,0.003171166679779085,0.008013582476129483,1.0,0.016027164952258966,96.0
PM25,26,Target Risk (L),Input neff,0.003171166679779085,0.01084128260169716,1.0,0.02168256520339432,52.45215360529518
PM25,26,Target Risk (L),GP neff [Ours],0.003171166679779085,0.010772023997687868,1.0,0.021544047995375737,53.12880292216594
PM25,26,Target Risk (L),Block-Bootstrap,0.003171166679779085,0.009955131668838506,1.0,0.019910263337677012,19.0
PM25,27,Target Mean (Y),Unweighted,0.024924489398166758,0.021434554969431908,0.0,0.18246648708825794,96.0
PM25,27,Target Mean (Y),Nominal n,0.04777300797890467,0.05449779478688831,1.0,0.10899558957377661,96.0
PM25,27,Target Mean (Y),Input neff,0.04777300797890467,0.07896160961846885,1.0,0.1579232192369377,45.72956876513163
PM25,27,Target Mean (Y),GP neff [Ours],0.04777300797890467,0.07729425613576944,1.0,0.15458851227153889,47.7237594004614
PM25,27,Target Mean (Y),Block-Bootstrap,0.04777300797890467,0.02881376367352112,0.0,1.3398224474787268,19.0
PM25,27,Target Risk (L),Unweighted,0.00044107885071433635,0.0009648589828374917,1.0,0.0019297179656749836,96.0
PM25,27,Target Risk (L),Nominal n,0.002380860177047771,0.008741136881263316,1.0,0.01748227376252663,96.0
PM25,27,Target Risk (L),Input neff,0.002380860177047771,0.012664993890834898,1.0,0.025329987781669797,45.72956876513163
PM25,27,Target Risk (L),GP neff [Ours],0.002380860177047771,0.012486558277441138,1.0,0.024973116554882276,47.04587803229867
PM25,27,Target Risk (L),Block-Bootstrap,0.002380860177047771,0.005074688838046744,1.0,0.010149377676093488,19.0
PM25,28,Target Mean (Y),Unweighted,0.012216492961230091,0.023538990371943836,1.0,0.04707798074388768,96.0
PM25,28,Target Mean (Y),Nominal n,0.0007074937601004583,0.05751497315248489,1.0,0.11502994630496977,96.0
PM25,28,Target Mean (Y),Input neff,0.0007074937601004583,0.09409967419268114,1.0,0.1881993483853623,35.8638439654211
PM25,28,Target Mean (Y),GP neff [Ours],0.0007074937601004583,0.09083846616670212,1.0,0.18167693233340426,38.48517723931789
PM25,28,Target Mean (Y),Block-Bootstrap,0.0007074937601004583,0.0539894434058852,1.0,0.1079788868117704,19.0
PM25,28,Target Risk (L),Unweighted,0.0006376337009111519,0.0011309356498566913,1.0,0.002261871299713382,96.0
PM25,28,Target Risk (L),Nominal n,0.004245588785028291,0.010963422153084903,1.0,0.021926844306169806,96.0
PM25,28,Target Risk (L),Input neff,0.004245588785028291,0.01793714568738419,1.0,0.03587429137476838,35.8638439654211
PM25,28,Target Risk (L),GP neff [Ours],0.004245588785028291,0.017315498864685606,1.0,0.03463099772937121,38.48517723931789
PM25,28,Target Risk (L),Block-Bootstrap,0.004245588785028291,0.008913406833833255,1.0,0.01782681366766651,19.0
PM25,29,Target Mean (Y),Unweighted,0.016775534953356347,0.01598320871764116,0.0,0.06365946686388951,96.0
PM25,29,Target Mean (Y),Nominal n,0.00179438687663655,0.06132750027129078,1.0,0.12265500054258155,96.0
PM25,29,Target Mean (Y),Input neff,0.00179438687663655,0.10662527524033893,1.0,0.21325055048067787,31.75860579805435
PM25,29,Target Mean (Y),GP neff [Ours],0.00179438687663655,0.08968815112093603,1.0,0.17937630224187207,44.88607352403859
PM25,29,Target Mean (Y),Block-Bootstrap,0.00179438687663655,0.05781308311389441,1.0,0.11562616622778882,19.0
PM25,29,Target Risk (L),Unweighted,0.00015369812703333293,0.0014854476543883892,1.0,0.0029708953087767788,96.0
PM25,29,Target Risk (L),Nominal n,0.0022288048151707044,0.004645704237497808,1.0,0.009291408474995617,96.0
PM25,29,Target Risk (L),Input neff,0.0022288048151707044,0.008077118597972605,1.0,0.01615423719594521,31.75860579805435
PM25,29,Target Risk (L),GP neff [Ours],0.0022288048151707044,0.007727562752330334,1.0,0.015455125504660668,34.69678757670334
PM25,29,Target Risk (L),Block-Bootstrap,0.0022288048151707044,0.0050666984473152306,1.0,0.010133396894630461,19.0
PM25,30,Target Mean (Y),Unweighted,0.0267150149040771,0.03670250268308159,1.0,0.07340500536616318,96.0
PM25,30,Target Mean (Y),Nominal n,0.009267715565630275,0.08842416858366724,1.0,0.1768483371673345,96.0
PM25,30,Target Mean (Y),Input neff,0.009267715565630275,0.18925182273628777,1.0,0.37850364547257553,20.95719049667133
PM25,30,Target Mean (Y),GP neff [Ours],0.009267715565630275,0.16946278329327666,1.0,0.33892556658655326,26.137529314796275
PM25,30,Target Mean (Y),Block-Bootstrap,0.009267715565630275,0.1787872713347066,1.0,0.3575745426694132,19.0
PM25,30,Target Risk (L),Unweighted,0.0024722433503265705,0.003095268890627619,1.0,0.006190537781255239,96.0
PM25,30,Target Risk (L),Nominal n,0.006535419086995709,0.009022806362396244,1.0,0.018045612724792486,96.0
PM25,30,Target Risk (L),Input neff,0.006535419086995709,0.019311264981409955,1.0,0.03862252996281991,20.95719049667133
PM25,30,Target Risk (L),GP neff [Ours],0.006535419086995709,0.018336773961905965,1.0,0.03667354792381193,23.24388105414505
PM25,30,Target Risk (L),Block-Bootstrap,0.006535419086995709,0.01605858611767415,1.0,0.0321171722353483,19.0
PM25,31,Target Mean (Y),Unweighted,0.00702871350987741,0.021542811830712133,1.0,0.043085623661424266,96.0
PM25,31,Target Mean (Y),Nominal n,0.036714978324373926,0.07372677522968789,1.0,0.1474535504593758,96.0
PM25,31,Target Mean (Y),Input neff,0.036714978324373926,0.15855081040461527,1.0,0.31710162080923054,20.757965111040782
PM25,31,Target Mean (Y),GP neff [Ours],0.036714978324373926,0.1419934404265054,1.0,0.2839868808530108,25.881243928682586
PM25,31,Target Mean (Y),Block-Bootstrap,0.036714978324373926,0.09448265953970615,1.0,0.1889653190794123,19.0
PM25,31,Target Risk (L),Unweighted,0.0007579672446244448,0.002051177465528557,1.0,0.004102354931057114,96.0
PM25,31,Target Risk (L),Nominal n,0.0005259967885147283,0.002667916746071834,1.0,0.005335833492143668,96.0
PM25,31,Target Risk (L),Input neff,0.0005259967885147283,0.00573740490973491,1.0,0.01147480981946982,20.757965111040782
PM25,31,Target Risk (L),GP neff [Ours],0.0005259967885147283,0.005138251013502667,1.0,0.010276502027005334,25.881243928682586
PM25,31,Target Risk (L),Block-Bootstrap,0.0005259967885147283,0.0034863530088315954,1.0,0.006972706017663191,19.0
PM25,32,Target Mean (Y),Unweighted,0.037492894397957624,0.01609675993990731,0.0,0.8880388982018272,96.0
PM25,32,Target Mean (Y),Nominal n,0.07060695462311416,0.04805306442100443,0.0,0.9982617369263979,96.0
PM25,32,Target Mean (Y),Input neff,0.07060695462311416,0.09897161238745429,1.0,0.19794322477490858,22.63039419587649
PM25,32,Target Mean (Y),GP neff [Ours],0.07060695462311416,0.08844272253484217,1.0,0.17688544506968434,28.339305574509094
PM25,32,Target Mean (Y),Block-Bootstrap,0.07060695462311416,0.07480434782601597,1.0,0.14960869565203194,19.0
PM25,32,Target Risk (L),Unweighted,0.0012366215198190418,0.0008226949057018157,0.0,0.018202454376092674,96.0
PM25,32,Target Risk (L),Nominal n,0.002140213808826852,0.0011227166840762498,0.0,0.04294531835817659,96.0
PM25,32,Target Risk (L),Input neff,0.002140213808826852,0.002312382817124818,1.0,0.004624765634249636,22.63039419587649
PM25,32,Target Risk (L),GP neff [Ours],0.002140213808826852,0.0020978302299568333,0.0,0.005891003614714417,27.49608789102471
PM25,32,Target Risk (L),Block-Bootstrap,0.002140213808826852,0.0011805210414012471,0.0,0.031716410157118645,19.0
PM25,33,Target Mean (Y),Unweighted,0.04286173590637293,0.02072566838915281,0.0,0.9268940374671105,96.0
PM25,33,Target Mean (Y),Nominal n,0.011445715126036204,0.12091839048232811,1.0,0.24183678096465622,96.0
PM25,33,Target Mean (Y),Input neff,0.011445715126036204,0.2001055590339813,1.0,0.4002111180679626,35.054004742715165
PM25,33,Target Mean (Y),GP neff [Ours],0.011445715126036204,0.19546117530528054,1.0,0.390922350610561,36.73964341424981
PM25,33,Target Mean (Y),Block-Bootstrap,0.011445715126036204,0.13569452950472166,1.0,0.2713890590094433,19.0
PM25,33,Target Risk (L),Unweighted,0.0021466214151602296,0.0004925257346984833,0.0,0.06714887868786683,96.0
PM25,33,Target Risk (L),Nominal n,0.002656220887998065,0.000854728600533614,0.0,0.07376914869964528,96.0
PM25,33,Target Risk (L),Input neff,0.002656220887998065,0.001414474206527813,0.0,0.052498815671865706,35.054004742715165
PM25,33,Target Risk (L),GP neff [Ours],0.002656220887998065,0.0013242429393903227,0.0,0.055927603823090345,39.99377267011085
PM25,33,Target Risk (L),Block-Bootstrap,0.002656220887998065,0.0007211322570455598,0.0,0.07017520494405499,19.0
PM25,34,Target Mean (Y),Unweighted,0.01584625801448461,0.01566840338315443,0.0,0.03845099201951635,96.0
PM25,34,Target Mean (Y),Nominal n,0.06044578276151574,0.025885246375872733,0.0,1.4341919481774656,96.0
PM25,34,Target Mean (Y),Input neff,0.06044578276151574,0.04937945859123126,0.0,0.5414118839938413,26.380510234545213
PM25,34,Target Mean (Y),GP neff [Ours],0.06044578276151574,0.04066972871484671,0.0,0.8723816192964546,38.88958314466261
PM25,34,Target Mean (Y),Block-Bootstrap,0.06044578276151574,0.028715658542759773,0.0,1.695193599084899,19.0
PM25,34,Target Risk (L),Unweighted,0.0014638878761936095,0.0030180559991814424,1.0,0.006036111998362884,96.0
PM25,34,Target Risk (L),Nominal n,0.001982952513064357,0.006688022268727384,1.0,0.013376044537454768,96.0
PM25,34,Target Risk (L),Input neff,0.001982952513064357,0.012758268315486408,1.0,0.025516536630972815,26.380510234545213
PM25,34,Target Risk (L),GP neff [Ours],0.001982952513064357,0.012435024382931596,1.0,0.02487004876586319,27.76983962434443
PM25,34,Target Risk (L),Block-Bootstrap,0.001982952513064357,0.008703850654303322,1.0,0.017407701308606645,19.0
PM25,35,Target Mean (Y),Unweighted,0.0045056450067960385,0.020438036818385644,1.0,0.040876073636771315,96.0
PM25,35,Target Mean (Y),Nominal n,0.022626662938116382,0.06869129217237517,1.0,0.13738258434475037,96.0
PM25,35,Target Mean (Y),Input neff,0.022626662938116382,0.16212864012809974,1.0,0.3242572802561995,17.232771329894778
PM25,35,Target Mean (Y),GP neff [Ours],0.022626662938116382,0.14441981666765497,1.0,0.28883963333530993,21.718059896325595
PM25,35,Target Mean (Y),Block-Bootstrap,0.022626662938116382,0.09542680579099494,1.0,0.19085361158198988,19.0
PM25,35,Target Risk (L),Unweighted,0.0008560251850822571,0.0007778299618762271,0.0,0.004683468851993659,96.0
PM25,35,Target Risk (L),Nominal n,0.001811698949868731,0.003649559617176199,1.0,0.007299119234352399,96.0
PM25,35,Target Risk (L),Input neff,0.001811698949868731,0.008613874030996354,1.0,0.017227748061992707,17.232771329894778
PM25,35,Target Risk (L),GP neff [Ours],0.001811698949868731,0.0076730064926952895,1.0,0.015346012985390579,21.718059896325595
PM25,35,Target Risk (L),Block-Bootstrap,0.001811698949868731,0.0044604210212247815,1.0,0.008920842042449563,19.0
PM25,36,Target Mean (Y),Unweighted,0.019148093415663814,0.01530733595736781,0.0,0.1842449702465761,96.0
PM25,36,Target Mean (Y),Nominal n,0.018183272993724298,0.0664012996695237,1.0,0.13280259933904737,96.0
PM25,36,Target Mean (Y),Input neff,0.018183272993724298,0.08157972071503856,1.0,0.1631594414300771,63.60041718598328
PM25,36,Target Mean (Y),GP neff [Ours],0.018183272993724298,0.08173947396774432,1.0,0.16347894793548867,63.35205628498398
PM25,36,Target Mean (Y),Block-Bootstrap,0.018183272993724298,0.08981138080785553,1.0,0.17962276161571106,19.0
PM25,36,Target Risk (L),Unweighted,0.002592131668246611,0.00328992929734806,1.0,0.00657985859469612,96.0
PM25,36,Target Risk (L),Nominal n,0.009162379005446211,0.015725069268339057,1.0,0.031450138536678114,96.0
PM25,36,Target Risk (L),Input neff,0.009162379005446211,0.019319603163197214,1.0,0.03863920632639443,63.60041718598328
PM25,36,Target Risk (L),GP neff [Ours],0.009162379005446211,0.019565082312199958,1.0,0.039130164624399916,62.01446603958242
PM25,36,Target Risk (L),Block-Bootstrap,0.009162379005446211,0.02699414640874184,1.0,0.05398829281748368,19.0
PM25,37,Target Mean (Y),Unweighted,0.01714799205543302,0.020602091286713885,1.0,0.04120418257342778,96.0
PM25,37,Target Mean (Y),Nominal n,0.02194156344154463,0.05362873400837081,1.0,0.10725746801674163,96.0
PM25,37,Target Mean (Y),Input neff,0.02194156344154463,0.08650456096004183,1.0,0.17300912192008366,36.89676670410067
PM25,37,Target Mean (Y),GP neff [Ours],0.02194156344154463,0.08336367355218069,1.0,0.16672734710436138,39.72945744638138
PM25,37,Target Mean (Y),Block-Bootstrap,0.02194156344154463,0.04499882239885824,1.0,0.08999764479771648,19.0
PM25,37,Target Risk (L),Unweighted,0.001557254030520441,0.0005804568521751446,0.0,0.04023280083816215,96.0
PM25,37,Target Risk (L),Nominal n,0.0017578047686141083,0.0015512047775651245,0.0,0.0113664091970896,96.0
PM25,37,Target Risk (L),Input neff,0.0017578047686141083,0.002502134177201452,1.0,0.005004268354402904,36.89676670410067
PM25,37,Target Risk (L),GP neff [Ours],0.0017578047686141083,0.0023950783093561663,1.0,0.0047901566187123325,40.26892768972827
PM25,37,Target Risk (L),Block-Bootstrap,0.0017578047686141083,0.0019634439551710044,1.0,0.003926887910342009,19.0
PM25,38,Target Mean (Y),Unweighted,0.019167246690752218,0.014715650165255483,0.0,0.20749516135038024,96.0
PM25,38,Target Mean (Y),Nominal n,0.054253342073363964,0.0338169145579346,0.0,0.885090929733044,96.0
PM25,38,Target Mean (Y),Input neff,0.054253342073363964,0.047997755972165754,0.0,0.3462189559922594,47.653776838358816
PM25,38,Target Mean (Y),GP neff [Ours],0.054253342073363964,0.04504855220359133,0.0,0.458288699198088,54.09754011143336
PM25,38,Target Mean (Y),Block-Bootstrap,0.054253342073363964,0.05239477364714493,1.0,0.10478954729428985,19.0
PM25,38,Target Risk (L),Unweighted,0.0007923873306685935,0.002401509040532013,1.0,0.004803018081064026,96.0
PM25,38,Target Risk (L),Nominal n,0.001752554378055056,0.006739691845255602,1.0,0.013479383690511205,96.0
PM25,38,Target Risk (L),Input neff,0.001752554378055056,0.009565925476789906,1.0,0.01913185095357981,47.653776838358816
PM25,38,Target Risk (L),GP neff [Ours],0.001752554378055056,0.009511225210197058,1.0,0.019022450420394115,48.203478879315085
PM25,38,Target Risk (L),Block-Bootstrap,0.001752554378055056,0.012080054882145988,1.0,0.024160109764291976,19.0
PM25,39,Target Mean (Y),Unweighted,0.010712621215206636,0.01724522053561801,1.0,0.034490441071236014,96.0
PM25,39,Target Mean (Y),Nominal n,0.051188877190863485,0.04249209295560225,0.0,0.4328555553216541,96.0
PM25,39,Target Mean (Y),Input neff,0.051188877190863485,0.08057738343131171,1.0,0.16115476686262342,26.69691985215825
PM25,39,Target Mean (Y),GP neff [Ours],0.051188877190863485,0.0678461609179725,1.0,0.13569232183594498,37.65623734078418
PM25,39,Target Mean (Y),Block-Bootstrap,0.051188877190863485,0.04885988378837114,1.0,0.09771976757674228,19.0
PM25,39,Target Risk (L),Unweighted,0.000682735269716777,0.0022610301662868344,1.0,0.00452206033257367,96.0
PM25,39,Target Risk (L),Nominal n,0.002107440060814404,0.00811078744362591,1.0,0.01622157488725182,96.0
PM25,39,Target Risk (L),Input neff,0.002107440060814404,0.01538041513882993,1.0,0.03076083027765986,26.69691985215825
PM25,39,Target Risk (L),GP neff [Ours],0.002107440060814404,0.014936068730634381,1.0,0.029872137461268763,28.30900900159288
PM25,39,Target Risk (L),Block-Bootstrap,0.002107440060814404,0.008556015772610018,1.0,0.017112031545220036,19.0
PM25,40,Target Mean (Y),Unweighted,0.04099824567449384,0.01870347227604367,0.0,0.929197880490094,96.0
PM25,40,Target Mean (Y),Nominal n,0.0027461431402984182,0.08093433875911861,1.0,0.1618686775182372,96.0
PM25,40,Target Mean (Y),Input neff,0.0027461431402984182,0.2295131060566354,1.0,0.4590262121132709,11.937734008057276
PM25,40,Target Mean (Y),GP neff [Ours],0.0027461431402984182,0.20795540845318436,1.0,0.4159108169063688,14.541072472973179
PM25,40,Target Mean (Y),Block-Bootstrap,0.0027461431402984182,0.1347066627422934,1.0,0.2694133254845868,19.0
PM25,40,Target Risk (L),Unweighted,0.0014382950832366997,0.0007703476940205721,0.0,0.028258590956686244,96.0
PM25,40,Target Risk (L),Nominal n,0.0020162193651469644,0.0010510783658557005,0.0,0.04070779670336196,96.0
PM25,40,Target Risk (L),Input neff,0.0020162193651469644,0.0029806416430293646,1.0,0.005961283286058728,11.937734008057276
PM25,40,Target Risk (L),GP neff [Ours],0.0020162193651469644,0.0026132343941870037,1.0,0.005226468788374007,15.530473479465842
PM25,40,Target Risk (L),Block-Bootstrap,0.0020162193651469644,0.0015203286112512072,0.0,0.007340108322593658,19.0
PM25,41,Target Mean (Y),Unweighted,0.023546725666194646,0.016674763673767704,0.0,0.3082280070446136,96.0
PM25,41,Target Mean (Y),Nominal n,0.029710044630727517,0.07239137386321835,1.0,0.14478274772643673,96.0
PM25,41,Target Mean (Y),Input neff,0.029710044630727517,0.07239137386321835,1.0,0.14478274772643673,96.0
PM25,41,Target Mean (Y),GP neff [Ours],0.029710044630727517,0.07239137386321835,1.0,0.14478274772643673,96.0
PM25,41,Target Mean (Y),Block-Bootstrap,0.029710044630727517,0.10403361809284721,1.0,0.20806723618569442,19.0
PM25,41,Target Risk (L),Unweighted,0.0005367343597980174,0.0011500019817235715,1.0,0.0023000039634471434,96.0
PM25,41,Target Risk (L),Nominal n,0.00022672071774941776,0.003216352170494261,1.0,0.006432704340988523,96.0
PM25,41,Target Risk (L),Input neff,0.00022672071774941776,0.003216352170494261,1.0,0.006432704340988523,96.0
PM25,41,Target Risk (L),GP neff [Ours],0.00022672071774941776,0.003216352170494261,1.0,0.006432704340988523,96.0
PM25,41,Target Risk (L),Block-Bootstrap,0.00022672071774941776,0.004685275771890273,1.0,0.009370551543780546,19.0
PM25,42,Target Mean (Y),Unweighted,0.015895439085688357,0.022676726176995853,1.0,0.045353452353991686,96.0
PM25,42,Target Mean (Y),Nominal n,0.0019674892095872254,0.07246778599377965,1.0,0.1449355719875593,96.0
PM25,42,Target Mean (Y),Input neff,0.0019674892095872254,0.11585544304649409,1.0,0.23171088609298818,37.5602379220195
PM25,42,Target Mean (Y),GP neff [Ours],0.0019674892095872254,0.10624249200495185,1.0,0.21248498400990368,44.66473087883023
PM25,42,Target Mean (Y),Block-Bootstrap,0.0019674892095872254,0.08843133510196283,1.0,0.17686267020392565,19.0
PM25,42,Target Risk (L),Unweighted,0.0005309331037853296,0.0018945788863446837,1.0,0.003789157772689368,96.0
PM25,42,Target Risk (L),Nominal n,0.0019354024251177985,0.0007079840803285938,0.0,0.050512701952225375,96.0
PM25,42,Target Risk (L),Input neff,0.0019354024251177985,0.0011318658100493715,0.0,0.03440519622283583,37.5602379220195
PM25,42,Target Risk (L),GP neff [Ours],0.0019354024251177985,0.0010249893154134445,0.0,0.03846650301900104,45.801483089556484
PM25,42,Target Risk (L),Block-Bootstrap,0.0019354024251177985,0.0010604483782847987,0.0,0.031418365687261016,19.0
PM25,43,Target Mean (Y),Unweighted,0.021083318385795247,0.025179789399095234,1.0,0.050359578798190474,96.0
PM25,43,Target Mean (Y),Nominal n,0.009819714558784942,0.0742499346722698,1.0,0.14849986934453963,96.0
PM25,43,Target Mean (Y),Input neff,0.009819714558784942,0.1366794921823937,1.0,0.27335898436478745,28.330658668614944
PM25,43,Target Mean (Y),GP neff [Ours],0.009819714558784942,0.13123190332598444,1.0,0.2624638066519689,30.731554545007373
PM25,43,Target Mean (Y),Block-Bootstrap,0.009819714558784942,0.09072036532233088,1.0,0.18144073064466176,19.0
PM25,43,Target Risk (L),Unweighted,0.0005882541837522676,0.0009616267341393178,1.0,0.001923253468278636,96.0
PM25,43,Target Risk (L),Nominal n,0.0014027908418264724,0.004369516909988884,1.0,0.008739033819977768,96.0
PM25,43,Target Risk (L),Input neff,0.0014027908418264724,0.008043419229602479,1.0,0.016086838459204958,28.330658668614944
PM25,43,Target Risk (L),GP neff [Ours],0.0014027908418264724,0.007722835356609026,1.0,0.015445670713218052,30.731554545007373
PM25,43,Target Risk (L),Block-Bootstrap,0.0014027908418264724,0.00445803219810319,1.0,0.00891606439620638,19.0
PM25,44,Target Mean (Y),Unweighted,0.005610178256079235,0.017188356295359572,1.0,0.03437671259071916,96.0
PM25,44,Target Mean (Y),Nominal n,0.02209494624414915,0.04868559084815904,1.0,0.09737118169631809,96.0
PM25,44,Target Mean (Y),Input neff,0.02209494624414915,0.05444308964153594,1.0,0.10888617928307187,76.76912597715425
PM25,44,Target Mean (Y),GP neff [Ours],0.02209494624414915,0.05646015495772733,1.0,0.11292030991545465,71.3818815765415
PM25,44,Target Mean (Y),Block-Bootstrap,0.02209494624414915,0.0616373568657254,1.0,0.1232747137314508,19.0
PM25,44,Target Risk (L),Unweighted,0.0028394848041226745,0.0032880156211449346,1.0,0.00657603124228987,96.0
PM25,44,Target Risk (L),Nominal n,0.004007127414604302,0.010075047192948522,1.0,0.020150094385897044,96.0
PM25,44,Target Risk (L),Input neff,0.004007127414604302,0.01126651002714785,1.0,0.0225330200542957,76.76912597715425
PM25,44,Target Risk (L),GP neff [Ours],0.004007127414604302,0.011528654585664311,1.0,0.023057309171328623,73.31758589197088
PM25,44,Target Risk (L),Block-Bootstrap,0.004007127414604302,0.012836068617921486,1.0,0.02567213723584297,19.0
PM25,45,Target Mean (Y),Unweighted,0.018975114753296662,0.033464742242855165,1.0,0.06692948448571034,96.0
PM25,45,Target Mean (Y),Nominal n,0.039040692371996075,0.05887626172389008,1.0,0.11775252344778017,96.0
PM25,45,Target Mean (Y),Input neff,0.039040692371996075,0.14161434697419406,1.0,0.2832286939483881,16.593468658934228
PM25,45,Target Mean (Y),GP neff [Ours],0.039040692371996075,0.12898739684057559,1.0,0.25797479368115117,20.00124967662921
PM25,45,Target Mean (Y),Block-Bootstrap,0.039040692371996075,0.07548569544960818,1.0,0.15097139089921635,19.0
PM25,45,Target Risk (L),Unweighted,0.002758725397275213,0.0021769220628002194,0.0,0.027625977504600174,96.0
PM25,45,Target Risk (L),Nominal n,0.0014461136323945072,0.0053514585863318085,1.0,0.010702917172663617,96.0
PM25,45,Target Risk (L),Input neff,0.0014461136323945072,0.012871797408212732,1.0,0.025743594816425464,16.593468658934228
PM25,45,Target Risk (L),GP neff [Ours],0.0014461136323945072,0.010255678716808386,1.0,0.020511357433616772,26.13886685671138
PM25,45,Target Risk (L),Block-Bootstrap,0.0014461136323945072,0.007911405878754206,1.0,0.015822811757508413,19.0
PM25,46,Target Mean (Y),Unweighted,0.015555784252906268,0.026400071576952882,1.0,0.05280014315390576,96.0
PM25,46,Target Mean (Y),Nominal n,0.012151724502379058,0.07757969281305191,1.0,0.15515938562610382,96.0
PM25,46,Target Mean (Y),Input neff,0.012151724502379058,0.08995088353475428,1.0,0.17990176706950856,71.40957975111613
PM25,46,Target Mean (Y),GP neff [Ours],0.012151724502379058,0.09318227807002749,1.0,0.18636455614005498,66.54274265964374
PM25,46,Target Mean (Y),Block-Bootstrap,0.012151724502379058,0.13365890982765907,1.0,0.26731781965531815,19.0
PM25,46,Target Risk (L),Unweighted,0.0008919808943733685,0.0010943046804327819,1.0,0.002188609360865564,96.0
PM25,46,Target Risk (L),Nominal n,0.002196164812292568,0.001116042732165149,0.0,0.04543696866942705,96.0
PM25,46,Target Risk (L),Input neff,0.002196164812292568,0.0012940116953377128,0.0,0.03867414806886962,71.40957975111613
PM25,46,Target Risk (L),GP neff [Ours],0.002196164812292568,0.0013404977570257931,0.0,0.03690767772472257,66.54274265964374
PM25,46,Target Risk (L),Block-Bootstrap,0.002196164812292568,0.0012909380391552148,0.0,0.028065908637218785,19.0
PM25,47,Target Mean (Y),Unweighted,0.010188034390973794,0.023659480279595364,1.0,0.047318960559190715,96.0
PM25,47,Target Mean (Y),Nominal n,0.045594026989511593,0.07240117552442533,1.0,0.14480235104885064,96.0
PM25,47,Target Mean (Y),Input neff,0.045594026989511593,0.16346580127121849,1.0,0.326931602542437,18.832529350025386
PM25,47,Target Mean (Y),GP neff [Ours],0.045594026989511593,0.1483022182900622,1.0,0.2966044365801245,22.880587616525762
PM25,47,Target Mean (Y),Block-Bootstrap,0.045594026989511593,0.0776040776540339,1.0,0.1552081553080678,19.0
PM25,47,Target Risk (L),Unweighted,0.0007753375007822352,0.0018721699446841693,1.0,0.0037443398893683387,96.0
PM25,47,Target Risk (L),Nominal n,0.0010009961064783258,0.002640336103011106,1.0,0.005280672206022212,96.0
PM25,47,Target Risk (L),Input neff,0.0010009961064783258,0.005961293495275228,1.0,0.011922586990550457,18.832529350025386
PM25,47,Target Risk (L),GP neff [Ours],0.0010009961064783258,0.005408305849616841,1.0,0.010816611699233682,22.880587616525762
PM25,47,Target Risk (L),Block-Bootstrap,0.0010009961064783258,0.0023083689288459002,1.0,0.0046167378576918005,19.0
PM25,48,Target Mean (Y),Unweighted,0.046004113962383825,0.03678120057937217,0.0,0.4424789364792103,96.0
PM25,48,Target Mean (Y),Nominal n,0.006705287220454825,0.11005685280781147,1.0,0.22011370561562293,96.0
PM25,48,Target Mean (Y),Input neff,0.006705287220454825,0.27958551765134043,1.0,0.5591710353026809,14.875654027995754
PM25,48,Target Mean (Y),GP neff [Ours],0.006705287220454825,0.25240995693931473,1.0,0.5048199138786295,18.25124296829879
PM25,48,Target Mean (Y),Block-Bootstrap,0.006705287220454825,0.1281867226387502,1.0,0.2563734452775004,19.0
PM25,48,Target Risk (L),Unweighted,0.0019034648970716527,0.002425029812354168,1.0,0.004850059624708336,96.0
PM25,48,Target Risk (L),Nominal n,0.006142293581316855,0.010277234757688677,1.0,0.02055446951537735,96.0
PM25,48,Target Risk (L),Input neff,0.006142293581316855,0.0261080153252283,1.0,0.0522160306504566,14.875654027995754
PM25,48,Target Risk (L),GP neff [Ours],0.006142293581316855,0.023570330392541524,1.0,0.04714066078508305,18.25124296829879
PM25,48,Target Risk (L),Block-Bootstrap,0.006142293581316855,0.012006315683072626,1.0,0.024012631366145253,19.0
PM25,49,Target Mean (Y),Unweighted,0.03303831439959566,0.022549011266641994,0.0,0.4646701478514301,96.0
PM25,49,Target Mean (Y),Nominal n,0.001154253097658542,0.11975062703093721,1.0,0.2395012540618744,96.0
PM25,49,Target Mean (Y),Input neff,0.001154253097658542,0.15987275735963355,1.0,0.31974551471926704,53.8614318490663
PM25,49,Target Mean (Y),GP neff [Ours],0.001154253097658542,0.1596001019702431,1.0,0.3192002039404862,54.045619123268374
PM25,49,Target Mean (Y),Block-Bootstrap,0.001154253097658542,0.15620325564793935,1.0,0.3124065112958787,19.0
PM25,49,Target Risk (L),Unweighted,0.0011275173756210449,0.0008560369434733519,0.0,0.012571291172854415,96.0
PM25,49,Target Risk (L),Nominal n,0.0010034852301544377,0.0020195881329149613,1.0,0.0040391762658299225,96.0
PM25,49,Target Risk (L),Input neff,0.0010034852301544377,0.0026962457863080303,1.0,0.005392491572616061,53.8614318490663
PM25,49,Target Risk (L),GP neff [Ours],0.0010034852301544377,0.0026882484688946435,1.0,0.005376496937789287,54.18237516228512
PM25,49,Target Risk (L),Block-Bootstrap,0.0010034852301544377,0.001837658234076917,1.0,0.003675316468153834,19.0
PM25,50,Target Mean (Y),Unweighted,0.01807933075365528,0.027194238486866404,1.0,0.054388476973732794,96.0
PM25,50,Target Mean (Y),Nominal n,0.01892841388693875,0.09053492156173625,1.0,0.18106984312347246,96.0
PM25,50,Target Mean (Y),Input neff,0.01892841388693875,0.23742823064290558,1.0,0.47485646128581116,13.958500941571646
PM25,50,Target Mean (Y),GP neff [Ours],0.01892841388693875,0.20691579120558734,1.0,0.4138315824111747,18.378760583878904
PM25,50,Target Mean (Y),Block-Bootstrap,0.01892841388693875,0.14269335575439063,1.0,0.28538671150878125,19.0
PM25,50,Target Risk (L),Unweighted,0.0004626389909096031,0.001323344311623617,1.0,0.0026466886232472345,96.0
PM25,50,Target Risk (L),Nominal n,0.0004894458265547472,0.0042730351432056475,1.0,0.008546070286411297,96.0
PM25,50,Target Risk (L),Input neff,0.0004894458265547472,0.011206053487708076,1.0,0.02241210697541615,13.958500941571646
PM25,50,Target Risk (L),GP neff [Ours],0.0004894458265547472,0.00976593818444703,1.0,0.01953187636889406,18.378760583878904
PM25,50,Target Risk (L),Block-Bootstrap,0.0004894458265547472,0.007527644852404513,1.0,0.015055289704809027,19.0
PM25,51,Target Mean (Y),Unweighted,0.004745660045284317,0.02050844555108084,1.0,0.04101689110216167,96.0
PM25,51,Target Mean (Y),Nominal n,0.037614864119833086,0.07437359738447524,1.0,0.14874719476895046,96.0
PM25,51,Target Mean (Y),Input neff,0.037614864119833086,0.13025716058499362,1.0,0.26051432116998724,31.297207984859533
PM25,51,Target Mean (Y),GP neff [Ours],0.037614864119833086,0.11745945318749842,1.0,0.23491890637499685,38.48866613696644
PM25,51,Target Mean (Y),Block-Bootstrap,0.037614864119833086,0.0980060253099512,1.0,0.1960120506199024,19.0
PM25,51,Target Risk (L),Unweighted,0.0005528063869482693,0.001899158548370139,1.0,0.0037983170967402775,96.0
PM25,51,Target Risk (L),Nominal n,0.0036120851621877018,0.008861144891720671,1.0,0.017722289783441342,96.0
PM25,51,Target Risk (L),Input neff,0.0036120851621877018,0.015519318867433038,1.0,0.031038637734866075,31.297207984859533
PM25,51,Target Risk (L),GP neff [Ours],0.0036120851621877018,0.014360138135639109,1.0,0.028720276271278218,36.55389615562696
PM25,51,Target Risk (L),Block-Bootstrap,0.0036120851621877018,0.0058875663701426955,1.0,0.011775132740285391,19.0
PM25,52,Target Mean (Y),Unweighted,0.04081315427133177,0.01848962569854259,0.0,0.929920394308652,96.0
PM25,52,Target Mean (Y),Nominal n,0.011484232976741726,0.06365618822520276,1.0,0.1273123764504055,96.0
PM25,52,Target Mean (Y),Input neff,0.011484232976741726,0.2167702240442576,1.0,0.4335404480885152,8.278530221057531
PM25,52,Target Mean (Y),GP neff [Ours],0.011484232976741726,0.1989253157947016,1.0,0.39785063158940326,9.830426923590064
PM25,52,Target Mean (Y),Block-Bootstrap,0.011484232976741726,0.11521474440690457,1.0,0.23042948881380915,19.0
PM25,52,Target Risk (L),Unweighted,0.000582880976797357,0.001109980324039052,1.0,0.002219960648078104,96.0
PM25,52,Target Risk (L),Nominal n,0.0015719903201043787,0.000927705168928266,0.0,0.027626816384901033,96.0
PM25,52,Target Risk (L),Input neff,0.0015719903201043787,0.0031591407359194816,1.0,0.006318281471838963,8.278530221057531
PM25,52,Target Risk (L),GP neff [Ours],0.0015719903201043787,0.002858141176115679,1.0,0.005716282352231358,10.114020566323623
PM25,52,Target Risk (L),Block-Bootstrap,0.0015719903201043787,0.0017177427611280638,1.0,0.0034354855222561275,19.0
PM25,53,Target Mean (Y),Unweighted,0.017873738357741836,0.02536970784918962,1.0,0.05073941569837925,96.0
PM25,53,Target Mean (Y),Nominal n,0.01428927310321404,0.07368232813011172,1.0,0.14736465626022344,96.0
PM25,53,Target Mean (Y),Input neff,0.01428927310321404,0.10037276686616295,1.0,0.2007455337323259,51.73281614616042
PM25,53,Target Mean (Y),GP neff [Ours],0.01428927310321404,0.09930704637219247,1.0,0.1986140927443849,52.849122686939985
PM25,53,Target Mean (Y),Block-Bootstrap,0.01428927310321404,0.1085482493881444,1.0,0.2170964987762888,19.0
PM25,53,Target Risk (L),Unweighted,0.0008925939601364587,0.0010837241493065269,1.0,0.0021674482986130533,96.0
PM25,53,Target Risk (L),Nominal n,0.0026648822584874965,0.009466644421403516,1.0,0.018933288842807032,96.0
PM25,53,Target Risk (L),Input neff,0.0026648822584874965,0.012895809858728964,1.0,0.025791619717457928,51.73281614616042
PM25,53,Target Risk (L),GP neff [Ours],0.0026648822584874965,0.012789482990371975,1.0,0.02557896598074395,52.59656540478299
PM25,53,Target Risk (L),Block-Bootstrap,0.0026648822584874965,0.01370967117208995,1.0,0.0274193423441799,19.0
PM25,54,Target Mean (Y),Unweighted,0.026738329201548172,0.01592378504890287,0.0,0.46442933620361754,96.0
PM25,54,Target Mean (Y),Nominal n,0.020758582791359906,0.06888940003519649,1.0,0.13777880007039298,96.0
PM25,54,Target Mean (Y),Input neff,0.020758582791359906,0.10788856900036006,1.0,0.21577713800072013,39.140392131659475
PM25,54,Target Mean (Y),GP neff [Ours],0.020758582791359906,0.10044928934283971,1.0,0.20089857868567942,45.152551935934454
PM25,54,Target Mean (Y),Block-Bootstrap,0.020758582791359906,0.0568654348607194,1.0,0.1137308697214388,19.0
PM25,54,Target Risk (L),Unweighted,0.0011157527458461932,0.0010495190115779468,0.0,0.004748387393885759,96.0
PM25,54,Target Risk (L),Nominal n,0.0016785744209048626,0.0015281289385788428,0.0,0.009074077170198477,96.0
PM25,54,Target Risk (L),Input neff,0.0016785744209048626,0.0023932222424215836,1.0,0.004786444484843166,39.140392131659475
PM25,54,Target Risk (L),GP neff [Ours],0.0016785744209048626,0.0023389107314381397,1.0,0.004677821462876279,40.979243827108384
PM25,54,Target Risk (L),Block-Bootstrap,0.0016785744209048626,0.0016636716095368494,1.0,0.003327343219073699,19.0
PM25,55,Target Mean (Y),Unweighted,0.009699292841158863,0.017327410376307452,1.0,0.03465482075261489,96.0
PM25,55,Target Mean (Y),Nominal n,0.04166786524424397,0.04734591967600921,1.0,0.0946918393520184,96.0
PM25,55,Target Mean (Y),Input neff,0.04166786524424397,0.06341246516452481,1.0,0.12682493032904962,53.51642246944111
PM25,55,Target Mean (Y),GP neff [Ours],0.04166786524424397,0.06015570267252001,1.0,0.12031140534504,59.4679186647478
PM25,55,Target Mean (Y),Block-Bootstrap,0.04166786524424397,0.037093747434300446,0.0,0.23813344960173766,19.0
PM25,55,Target Risk (L),Unweighted,0.0006800451240014157,0.0022169149533293265,1.0,0.004433829906658653,96.0
PM25,55,Target Risk (L),Nominal n,0.0014206611619203956,0.005169264484008861,1.0,0.010338528968017721,96.0
PM25,55,Target Risk (L),Input neff,0.0014206611619203956,0.0069234224672696685,1.0,0.013846844934539337,53.51642246944111
PM25,55,Target Risk (L),GP neff [Ours],0.0014206611619203956,0.0068856829360058065,1.0,0.013771365872011613,54.10466318052696
PM25,55,Target Risk (L),Block-Bootstrap,0.0014206611619203956,0.010817053317044295,1.0,0.02163410663408859,19.0
PM25,56,Target Mean (Y),Unweighted,0.027757412508141593,0.035761736183597674,1.0,0.07152347236719536,96.0
PM25,56,Target Mean (Y),Nominal n,0.025248197540360284,0.105780912220582,1.0,0.211561824441164,96.0
PM25,56,Target Mean (Y),Input neff,0.025248197540360284,0.24131284922507526,1.0,0.4826256984501506,18.4469662809138
PM25,56,Target Mean (Y),GP neff [Ours],0.025248197540360284,0.20698961600831073,1.0,0.41397923201662146,25.07198568311955
PM25,56,Target Mean (Y),Block-Bootstrap,0.025248197540360284,0.17546131764013906,1.0,0.3509226352802781,19.0
PM25,56,Target Risk (L),Unweighted,0.0034586961422844766,0.0032170014628828273,0.0,0.016101790101831624,96.0
PM25,56,Target Risk (L),Nominal n,0.008156015563218932,0.012083011175550828,1.0,0.024166022351101657,96.0
PM25,56,Target Risk (L),Input neff,0.008156015563218932,0.027564385603996204,1.0,0.05512877120799241,18.4469662809138
PM25,56,Target Risk (L),GP neff [Ours],0.008156015563218932,0.025842303248372084,1.0,0.05168460649674417,20.987424677445194
PM25,56,Target Risk (L),Block-Bootstrap,0.008156015563218932,0.01924883421937805,1.0,0.0384976684387561,19.0
PM25,57,Target Mean (Y),Unweighted,0.029748383844040105,0.02253137804839864,0.0,0.333742987922456,96.0
PM25,57,Target Mean (Y),Nominal n,0.005152558319103079,0.11881467102555893,1.0,0.23762934205111783,96.0
PM25,57,Target Mean (Y),Input neff,0.005152558319103079,0.1651122858505573,1.0,0.3302245717011146,49.711010684921206
PM25,57,Target Mean (Y),GP neff [Ours],0.005152558319103079,0.16350107606622066,1.0,0.3270021521324413,50.69558538424383
PM25,57,Target Mean (Y),Block-Bootstrap,0.005152558319103079,0.15518256566998706,1.0,0.3103651313399741,19.0
PM25,57,Target Risk (L),Unweighted,0.0011596607129635166,0.0008559524420868788,0.0,0.013860235719239267,96.0
PM25,57,Target Risk (L),Nominal n,0.0012197527330749642,0.0021977450926130146,1.0,0.004395490185226029,96.0
PM25,57,Target Risk (L),Input neff,0.0012197527330749642,0.003054123811697627,1.0,0.006108247623395254,49.711010684921206
PM25,57,Target Risk (L),GP neff [Ours],0.0012197527330749642,0.003016925292679225,1.0,0.00603385058535845,50.94443605262639
PM25,57,Target Risk (L),Block-Bootstrap,0.0012197527330749642,0.0032882802845471005,1.0,0.006576560569094201,19.0
PM25,58,Target Mean (Y),Unweighted,0.0001964178033432573,0.028291428717793367,1.0,0.05658285743558672,96.0
PM25,58,Target Mean (Y),Nominal n,0.0457443018528666,0.08960378899910953,1.0,0.17920757799821907,96.0
PM25,58,Target Mean (Y),Input neff,0.0457443018528666,0.21852589053392932,1.0,0.4370517810678587,16.140544626830202
PM25,58,Target Mean (Y),GP neff [Ours],0.0457443018528666,0.1943513609296751,1.0,0.3887027218593502,20.405573738980372
PM25,58,Target Mean (Y),Block-Bootstrap,0.0457443018528666,0.12782375279716188,1.0,0.25564750559432375,19.0
PM25,58,Target Risk (L),Unweighted,0.0005076881903888801,0.0013221441756493429,1.0,0.002644288351298686,96.0
PM25,58,Target Risk (L),Nominal n,0.0014080766616291962,0.0037120774781880493,1.0,0.007424154956376099,96.0
PM25,58,Target Risk (L),Input neff,0.0014080766616291962,0.009053021593317303,1.0,0.018106043186634606,16.140544626830202
PM25,58,Target Risk (L),GP neff [Ours],0.0014080766616291962,0.007908570685322799,1.0,0.015817141370645597,21.1499476232167
PM25,58,Target Risk (L),Block-Bootstrap,0.0014080766616291962,0.0069104353734585925,1.0,0.013820870746917185,19.0
PM25,59,Target Mean (Y),Unweighted,0.043247540281647415,0.014264763853021287,0.0,1.1878405848510876,96.0
PM25,59,Target Mean (Y),Nominal n,0.05775055459097178,0.03786002365750622,0.0,0.8713412846536348,96.0
PM25,59,Target Mean (Y),Input neff,0.05775055459097178,0.0525135840761902,0.0,0.3145059887436438,49.898750975402244
PM25,59,Target Mean (Y),GP neff [Ours],0.05775055459097178,0.050197245821091634,0.0,0.4025268424373889,54.610130761623196
PM25,59,Target Mean (Y),Block-Bootstrap,0.05775055459097178,0.06207210572145613,1.0,0.12414421144291227,19.0
PM25,59,Target Risk (L),Unweighted,0.00047101321258638225,0.0017370673131392156,1.0,0.0034741346262784313,96.0
PM25,59,Target Risk (L),Nominal n,0.004432542980063902,0.013006862919278807,1.0,0.026013725838557614,96.0
PM25,59,Target Risk (L),Input neff,0.004432542980063902,0.018041113646890386,1.0,0.03608222729378077,49.898750975402244
PM25,59,Target Risk (L),GP neff [Ours],0.004432542980063902,0.017910754262465262,1.0,0.035821508524930525,50.62774788053128
PM25,59,Target Risk (L),Block-Bootstrap,0.004432542980063902,0.007712437146122624,1.0,0.015424874292245249,19.0
PM25,60,Target Mean (Y),Unweighted,0.029358876521208777,0.02418771441301698,0.0,0.2552219131537058,96.0
PM25,60,Target Mean (Y),Nominal n,0.005498822530533604,0.1280689205534131,1.0,0.2561378411068262,96.0
PM25,60,Target Mean (Y),Input neff,0.005498822530533604,0.22679003396109956,1.0,0.4535800679221991,30.613345927664756
PM25,60,Target Mean (Y),GP neff [Ours],0.005498822530533604,0.21533656832415218,1.0,0.43067313664830437,33.9565184409472
PM25,60,Target Mean (Y),Block-Bootstrap,0.005498822530533604,0.1993976896204884,1.0,0.3987953792409768,19.0
PM25,60,Target Risk (L),Unweighted,0.0005460087673391837,0.001196099292259995,1.0,0.0023921985845199905,96.0
PM25,60,Target Risk (L),Nominal n,0.0006449833606664182,0.00398651156186481,1.0,0.00797302312372962,96.0
PM25,60,Target Risk (L),Input neff,0.0006449833606664182,0.0070594886612210285,1.0,0.014118977322442057,30.613345927664756
PM25,60,Target Risk (L),GP neff [Ours],0.0006449833606664182,0.006502377077789533,1.0,0.013004754155579066,36.08385983010487
PM25,60,Target Risk (L),Block-Bootstrap,0.0006449833606664182,0.003810548295527541,1.0,0.007621096591055082,19.0
PM25,61,Target Mean (Y),Unweighted,0.03659372518673999,0.014457356265470246,0.0,0.9143694693817302,96.0
PM25,61,Target Mean (Y),Nominal n,0.06866732531098836,0.034822096241076496,0.0,1.4234533552786273,96.0
PM25,61,Target Mean (Y),Input neff,0.06866732531098836,0.0542332238171348,0.0,0.6858305073884114,39.57766913796308
PM25,61,Target Mean (Y),GP neff [Ours],0.06866732531098836,0.0462866864460842,0.0,0.9877989274883346,54.333648948421974
PM25,61,Target Mean (Y),Block-Bootstrap,0.06866732531098836,0.05479440704845334,1.0,0.10958881409690668,19.0
PM25,61,Target Risk (L),Unweighted,4.818386157171483e-05,0.001545461264731679,1.0,0.0030909225294633584,96.0
PM25,61,Target Risk (L),Nominal n,0.00932131510062328,0.01903561089276943,1.0,0.03807122178553886,96.0
PM25,61,Target Risk (L),Input neff,0.00932131510062328,0.029646766205466645,1.0,0.05929353241093328,39.57766913796308
PM25,61,Target Risk (L),GP neff [Ours],0.00932131510062328,0.02934355653265812,1.0,0.05868711306531624,40.39981435849949
PM25,61,Target Risk (L),Block-Bootstrap,0.00932131510062328,0.014794692620704132,1.0,0.029589385241408264,19.0
PM25,62,Target Mean (Y),Unweighted,0.020346339219128595,0.025139207656124877,1.0,0.05027841531224975,96.0
PM25,62,Target Mean (Y),Nominal n,0.01950453172959657,0.06890235415647783,1.0,0.13780470831295566,96.0
PM25,62,Target Mean (Y),Input neff,0.01950453172959657,0.12533675089783675,1.0,0.2506735017956735,29.012322034732037
PM25,62,Target Mean (Y),GP neff [Ours],0.01950453172959657,0.1205319153959334,1.0,0.24106383079186683,31.37149662795936
PM25,62,Target Mean (Y),Block-Bootstrap,0.01950453172959657,0.09677731307410445,1.0,0.1935546261482089,19.0
PM25,62,Target Risk (L),Unweighted,0.0006176566775473922,0.0009632298653752494,1.0,0.0019264597307504991,96.0
PM25,62,Target Risk (L),Nominal n,0.0030125670520013137,0.009365109090643777,1.0,0.018730218181287554,96.0
PM25,62,Target Risk (L),Input neff,0.0030125670520013137,0.017035591303011115,1.0,0.03407118260602223,29.012322034732037
PM25,62,Target Risk (L),GP neff [Ours],0.0030125670520013137,0.01638252495732817,1.0,0.03276504991465634,31.37149662795936
PM25,62,Target Risk (L),Block-Bootstrap,0.0030125670520013137,0.01006174962127644,1.0,0.02012349924255288,19.0
PM25,63,Target Mean (Y),Unweighted,0.0031229039522699675,0.017206359688387563,1.0,0.03441271937677513,96.0
PM25,63,Target Mean (Y),Nominal n,0.0010950451240102077,0.050304636633587,1.0,0.100609273267174,96.0
PM25,63,Target Mean (Y),Input neff,0.0010950451240102077,0.06567641524930935,1.0,0.13135283049861868,56.3207442890298
PM25,63,Target Mean (Y),GP neff [Ours],0.0010950451240102077,0.06340266693762096,1.0,0.12680533387524195,60.43272994801292
PM25,63,Target Mean (Y),Block-Bootstrap,0.0010950451240102077,0.07973770142803846,1.0,0.15947540285607692,19.0
PM25,63,Target Risk (L),Unweighted,0.0008537521570507571,0.0022316676710890477,1.0,0.0044633353421780955,96.0
PM25,63,Target Risk (L),Nominal n,0.0011543833896368802,0.005484026700378337,1.0,0.010968053400756675,96.0
PM25,63,Target Risk (L),Input neff,0.0011543833896368802,0.00715980153948416,1.0,0.01431960307896832,56.3207442890298
PM25,63,Target Risk (L),GP neff [Ours],0.0011543833896368802,0.007146601765144473,1.0,0.014293203530288946,56.52898526541477
PM25,63,Target Risk (L),Block-Bootstrap,0.0011543833896368802,0.009465425279453887,1.0,0.018930850558907773,19.0
PM25,64,Target Mean (Y),Unweighted,0.035111091160883484,0.026187761629855668,0.0,0.40930870450082385,96.0
PM25,64,Target Mean (Y),Nominal n,0.029783992062813347,0.07691038179006099,1.0,0.15382076358012198,96.0
PM25,64,Target Mean (Y),Input neff,0.029783992062813347,0.11349935543728033,1.0,0.2269987108745607,44.081298311263566
PM25,64,Target Mean (Y),GP neff [Ours],0.029783992062813347,0.10694082148407555,1.0,0.21388164296815113,49.65398809183367
PM25,64,Target Mean (Y),Block-Bootstrap,0.029783992062813347,0.10270932269941871,1.0,0.20541864539883742,19.0
PM25,64,Target Risk (L),Unweighted,0.00016036131270168652,0.0013712825195417138,1.0,0.0027425650390834272,96.0
PM25,64,Target Risk (L),Nominal n,0.0022545977839511623,0.000508426589236126,0.0,0.0708637009670737,96.0
PM25,64,Target Risk (L),Input neff,0.0022545977839511623,0.0007503029997041631,0.0,0.06167239736928829,44.081298311263566
PM25,64,Target Risk (L),GP neff [Ours],0.0022545977839511623,0.000559522373375887,0.0,0.0689220611697628,79.26707419496509
PM25,64,Target Risk (L),Block-Bootstrap,0.0022545977839511623,0.0005080187357429276,0.0,0.06905045480065605,19.0
PM25,65,Target Mean (Y),Unweighted,0.016562288258927582,0.022953714380818977,1.0,0.04590742876163795,96.0
PM25,65,Target Mean (Y),Nominal n,0.04883559679196804,0.05825490695623622,1.0,0.11650981391247242,96.0
PM25,65,Target Mean (Y),Input neff,0.04883559679196804,0.0874173500079255,1.0,0.174834700015851,42.63251807485338
PM25,65,Target Mean (Y),GP neff [Ours],0.04883559679196804,0.08531736142414889,1.0,0.17063472284829778,44.75704728197728
PM25,65,Target Mean (Y),Block-Bootstrap,0.04883559679196804,0.04695390821451006,0.0,0.6640443280756585,19.0
PM25,65,Target Risk (L),Unweighted,0.0010480169178435235,0.0010489979691510939,1.0,0.0020979959383021878,96.0
PM25,65,Target Risk (L),Nominal n,0.0037733793917615038,0.009529137431038436,1.0,0.019058274862076872,96.0
PM25,65,Target Risk (L),Input neff,0.0037733793917615038,0.014299429620727193,1.0,0.028598859241454385,42.63251807485338
PM25,65,Target Risk (L),GP neff [Ours],0.0037733793917615038,0.014111379456188034,1.0,0.028222758912376068,43.776342493639426
PM25,65,Target Risk (L),Block-Bootstrap,0.0037733793917615038,0.006712538877006435,1.0,0.01342507775401287,19.0
PM25,66,Target Mean (Y),Unweighted,0.023207990412757937,0.013960984538143602,0.0,0.3978022040608603,96.0
PM25,66,Target Mean (Y),Nominal n,0.07199564660203402,0.02717791065212584,0.0,1.8470652593005787,96.0
PM25,66,Target Mean (Y),Input neff,0.07199564660203402,0.037103895063971264,0.0,1.469877851650453,51.50677522272553
PM25,66,Target Mean (Y),GP neff [Ours],0.07199564660203402,0.03352219206789001,0.0,1.6059825655015398,63.101334787364124
PM25,66,Target Mean (Y),Block-Bootstrap,0.07199564660203402,0.01582003950140301,0.0,1.829660922241595,19.0
PM25,66,Target Risk (L),Unweighted,7.650885004546444e-05,0.0015896193981874613,1.0,0.0031792387963749226,96.0
PM25,66,Target Risk (L),Nominal n,0.007241749485980254,0.011623610750417453,1.0,0.023247221500834907,96.0
PM25,66,Target Risk (L),Input neff,0.007241749485980254,0.01586881490149438,1.0,0.03173762980298876,51.50677522272553
PM25,66,Target Risk (L),GP neff [Ours],0.007241749485980254,0.015735529431840728,1.0,0.031471058863681456,52.3830316819402
PM25,66,Target Risk (L),Block-Bootstrap,0.007241749485980254,0.017401124868233652,1.0,0.034802249736467304,19.0
PM25,67,Target Mean (Y),Unweighted,0.018083518786711827,0.015017801685539444,0.0,0.15266428741797378,96.0
PM25,67,Target Mean (Y),Nominal n,0.05417271304770965,0.029338372295293583,0.0,1.05205037468723,96.0
PM25,67,Target Mean (Y),Input neff,0.05417271304770965,0.04470943938915794,0.0,0.4679498251203842,41.33755779717195
PM25,67,Target Mean (Y),GP neff [Ours],0.05417271304770965,0.041112057201351124,0.0,0.6046503482570429,48.88828988183878
PM25,67,Target Mean (Y),Block-Bootstrap,0.05417271304770965,0.04149637639041612,0.0,0.13587604717327179,19.0
PM25,67,Target Risk (L),Unweighted,0.0010282362050037172,0.0024330368667486563,1.0,0.004866073733497312,96.0
PM25,67,Target Risk (L),Nominal n,0.0026261923765650095,0.005791052683118336,1.0,0.011582105366236672,96.0
PM25,67,Target Risk (L),Input neff,0.0026261923765650095,0.008825122141381866,1.0,0.01765024428276373,41.33755779717195
PM25,67,Target Risk (L),GP neff [Ours],0.0026261923765650095,0.008722101384104819,1.0,0.017444202768209637,42.31983869928714
PM25,67,Target Risk (L),Block-Bootstrap,0.0026261923765650095,0.009033564006515822,1.0,0.018067128013031643,19.0
PM25,68,Target Mean (Y),Unweighted,0.02704915674973629,0.015911240546736576,0.0,0.47733912921346217,96.0
PM25,68,Target Mean (Y),Nominal n,0.047985199737327885,0.04899322763492346,1.0,0.09798645526984692,96.0
PM25,68,Target Mean (Y),Input neff,0.047985199737327885,0.07443620487520367,1.0,0.14887240975040733,41.58865647675499
PM25,68,Target Mean (Y),GP neff [Ours],0.047985199737327885,0.06566105012862138,1.0,0.13132210025724275,53.44753586738876
PM25,68,Target Mean (Y),Block-Bootstrap,0.047985199737327885,0.07779298185759652,1.0,0.15558596371519304,19.0
PM25,68,Target Risk (L),Unweighted,8.436600868300332e-05,0.0015050079226896342,1.0,0.0030100158453792688,96.0
PM25,68,Target Risk (L),Nominal n,0.0017830948413929378,0.006930349275790555,1.0,0.013860698551581108,96.0
PM25,68,Target Risk (L),Input neff,0.0017830948413929378,0.010529391988490719,1.0,0.021058783976981438,41.58865647675499
PM25,68,Target Risk (L),GP neff [Ours],0.0017830948413929378,0.010217060155917808,1.0,0.020434120311835616,44.17022155643769
PM25,68,Target Risk (L),Block-Bootstrap,0.0017830948413929378,0.004678383972091096,1.0,0.009356767944182193,19.0
PM25,69,Target Mean (Y),Unweighted,0.02314939705583896,0.015842759770523282,0.0,0.3239510109536732,96.0
PM25,69,Target Mean (Y),Nominal n,0.06141556928101086,0.04955615595815321,0.0,0.5734888448306121,96.0
PM25,69,Target Mean (Y),Input neff,0.06141556928101086,0.058017039620524256,0.0,0.25197526566051226,70.04148184112272
PM25,69,Target Mean (Y),GP neff [Ours],0.06141556928101086,0.059375413209602886,0.0,0.20035706927552488,66.87336316526948
PM25,69,Target Mean (Y),Block-Bootstrap,0.06141556928101086,0.07445310339410101,1.0,0.14890620678820202,19.0
PM25,69,Target Risk (L),Unweighted,0.0009762935601845537,0.002305914772353979,1.0,0.004611829544707957,96.0
PM25,69,Target Risk (L),Nominal n,0.008609851785123728,0.01725037535984155,1.0,0.0345007507196831,96.0
PM25,69,Target Risk (L),Input neff,0.008609851785123728,0.020195588042905572,1.0,0.04039117608581115,70.04148184112272
PM25,69,Target Risk (L),GP neff [Ours],0.008609851785123728,0.020635377876764997,1.0,0.041270755753529995,67.0877891152856
PM25,69,Target Risk (L),Block-Bootstrap,0.008609851785123728,0.017270732128917915,1.0,0.03454146425783583,19.0
PM25,70,Target Mean (Y),Unweighted,0.018276464277655252,0.02070836779980404,1.0,0.04141673559960807,96.0
PM25,70,Target Mean (Y),Nominal n,0.016179178424395174,0.054930868174265936,1.0,0.10986173634853186,96.0
PM25,70,Target Mean (Y),Input neff,0.016179178424395174,0.08655343570087426,1.0,0.17310687140174852,38.666559936977535
PM25,70,Target Mean (Y),GP neff [Ours],0.016179178424395174,0.08361473468970022,1.0,0.16722946937940047,41.43225080322255
PM25,70,Target Mean (Y),Block-Bootstrap,0.016179178424395174,0.07459143465958784,1.0,0.14918286931917568,19.0
PM25,70,Target Risk (L),Unweighted,0.001562773056416632,0.0005810101527483558,0.0,0.04043253645222776,96.0
PM25,70,Target Risk (L),Nominal n,0.0016606769430951192,0.0015471095525209366,0.0,0.007636914728009175,96.0
PM25,70,Target Risk (L),Input neff,0.0016606769430951192,0.0024377486034175304,1.0,0.004875497206835061,38.666559936977535
PM25,70,Target Risk (L),GP neff [Ours],0.0016606769430951192,0.002340143735295366,1.0,0.004680287470590733,41.95930651935062
PM25,70,Target Risk (L),Block-Bootstrap,0.0016606769430951192,0.0015994220124517385,1.0,0.003198844024903477,19.0
PM25,71,Target Mean (Y),Unweighted,0.045652007857999916,0.03613472380678603,0.0,0.4529608096621273,96.0
PM25,71,Target Mean (Y),Nominal n,0.03559974232158669,0.10846522848699296,1.0,0.21693045697398594,96.0
PM25,71,Target Mean (Y),Input neff,0.03559974232158669,0.28668773288992305,1.0,0.5733754657798461,13.741498139450746
PM25,71,Target Mean (Y),GP neff [Ours],0.03559974232158669,0.25587330184966284,1.0,0.5117466036993257,17.25052659945514
PM25,71,Target Mean (Y),Block-Bootstrap,0.03559974232158669,0.12418795569424879,1.0,0.24837591138849757,19.0
PM25,71,Target Risk (L),Unweighted,0.002087161004735669,0.0024803530440506254,1.0,0.004960706088101252,96.0
PM25,71,Target Risk (L),Nominal n,0.004263010844672682,0.009914317699174714,1.0,0.019828635398349427,96.0
PM25,71,Target Risk (L),Input neff,0.004263010844672682,0.026204833604049287,1.0,0.05240966720809857,13.741498139450746
PM25,71,Target Risk (L),GP neff [Ours],0.004263010844672682,0.024880509936468478,1.0,0.049761019872936955,15.243277004048599
PM25,71,Target Risk (L),Block-Bootstrap,0.004263010844672682,0.0127377600062585,1.0,0.025475520012517,19.0
PM25,72,Target Mean (Y),Unweighted,0.009336801684297374,0.016832807212989274,1.0,0.03366561442597854,96.0
PM25,72,Target Mean (Y),Nominal n,0.021894562983512333,0.050917306101375376,1.0,0.10183461220275075,96.0
PM25,72,Target Mean (Y),Input neff,0.021894562983512333,0.05955951474446698,1.0,0.11911902948893395,70.16164583528709
PM25,72,Target Mean (Y),GP neff [Ours],0.021894562983512333,0.06017544190411887,1.0,0.12035088380823776,68.73271401377168
PM25,72,Target Mean (Y),Block-Bootstrap,0.021894562983512333,0.06324954301792704,1.0,0.12649908603585408,19.0
PM25,72,Target Risk (L),Unweighted,0.002776747820085415,0.003293610262032903,1.0,0.006587220524065806,96.0
PM25,72,Target Risk (L),Nominal n,0.008262412713684726,0.015357878713523879,1.0,0.03071575742704776,96.0
PM25,72,Target Risk (L),Input neff,0.008262412713684726,0.017964575774309335,1.0,0.03592915154861867,70.16164583528709
PM25,72,Target Risk (L),GP neff [Ours],0.008262412713684726,0.018225127614401808,1.0,0.036450255228803616,68.16988228527995
PM25,72,Target Risk (L),Block-Bootstrap,0.008262412713684726,0.022164954977606705,1.0,0.04432990995521341,19.0
PM25,73,Target Mean (Y),Unweighted,0.0050253622687007615,0.021870785296702246,1.0,0.0437415705934045,96.0
PM25,73,Target Mean (Y),Nominal n,0.02602048077791183,0.07483565917301192,1.0,0.14967131834602382,96.0
PM25,73,Target Mean (Y),Input neff,0.02602048077791183,0.17851112513996423,1.0,0.35702225027992845,16.87166079010376
PM25,73,Target Mean (Y),GP neff [Ours],0.02602048077791183,0.15876438689463984,1.0,0.3175287737892797,21.329576305600106
PM25,73,Target Mean (Y),Block-Bootstrap,0.02602048077791183,0.11117906185957716,1.0,0.2223581237191543,19.0
PM25,73,Target Risk (L),Unweighted,0.0002093271662074853,0.0022683430236478115,1.0,0.004536686047295623,96.0
PM25,73,Target Risk (L),Nominal n,0.002964895501888801,0.0037042296429790613,1.0,0.007408459285958122,96.0
PM25,73,Target Risk (L),Input neff,0.002964895501888801,0.00883597750928165,1.0,0.0176719550185633,16.87166079010376
PM25,73,Target Risk (L),GP neff [Ours],0.002964895501888801,0.006890880494032899,1.0,0.013781760988065796,27.74071192284951
PM25,73,Target Risk (L),Block-Bootstrap,0.002964895501888801,0.005059366552054518,1.0,0.010118733104109035,19.0
PM25,74,Target Mean (Y),Unweighted,0.00529672099859127,0.02837025200525563,1.0,0.05674050401051127,96.0
PM25,74,Target Mean (Y),Nominal n,0.020411804962510105,0.12472834348215835,1.0,0.24945668696431667,96.0
PM25,74,Target Mean (Y),Input neff,0.020411804962510105,0.2544670431363594,1.0,0.5089340862727189,23.064203180806228
PM25,74,Target Mean (Y),GP neff [Ours],0.020411804962510105,0.23917582631653173,1.0,0.47835165263306345,26.107601550453488
PM25,74,Target Mean (Y),Block-Bootstrap,0.020411804962510105,0.1328264953447146,1.0,0.2656529906894292,19.0
PM25,74,Target Risk (L),Unweighted,0.000740683104300025,0.0016828542569689074,1.0,0.0033657085139378144,96.0
PM25,74,Target Risk (L),Nominal n,0.005526013757038819,0.013731693258735165,1.0,0.02746338651747033,96.0
PM25,74,Target Risk (L),Input neff,0.005526013757038819,0.028014990684981325,1.0,0.05602998136996265,23.064203180806228
PM25,74,Target Risk (L),GP neff [Ours],0.005526013757038819,0.026784683781583222,1.0,0.05356936756316644,25.231691909622125
PM25,74,Target Risk (L),Block-Bootstrap,0.005526013757038819,0.010410179156383974,1.0,0.020820358312767948,19.0
PM25,75,Target Mean (Y),Unweighted,0.01584625801448461,0.01566840338315443,0.0,0.03845099201951635,96.0
PM25,75,Target Mean (Y),Nominal n,0.06044578276151574,0.025885246375872733,0.0,1.4341919481774656,96.0
PM25,75,Target Mean (Y),Input neff,0.06044578276151574,0.04937945859123126,0.0,0.5414118839938413,26.380510234545213
PM25,75,Target Mean (Y),GP neff [Ours],0.06044578276151574,0.04066972871484671,0.0,0.8723816192964546,38.88958314466261
PM25,75,Target Mean (Y),Block-Bootstrap,0.06044578276151574,0.028715658542759773,0.0,1.695193599084899,19.0
PM25,75,Target Risk (L),Unweighted,0.0014638878761936095,0.0030180559991814424,1.0,0.006036111998362884,96.0
PM25,75,Target Risk (L),Nominal n,0.001982952513064357,0.006688022268727384,1.0,0.013376044537454768,96.0
PM25,75,Target Risk (L),Input neff,0.001982952513064357,0.012758268315486408,1.0,0.025516536630972815,26.380510234545213
PM25,75,Target Risk (L),GP neff [Ours],0.001982952513064357,0.012435024382931596,1.0,0.02487004876586319,27.76983962434443
PM25,75,Target Risk (L),Block-Bootstrap,0.001982952513064357,0.008703850654303322,1.0,0.017407701308606645,19.0
PM25,76,Target Mean (Y),Unweighted,0.0018919643771298789,0.02919932287126995,1.0,0.05839864574253989,96.0
PM25,76,Target Mean (Y),Nominal n,0.018065335820423273,0.11926150375965,1.0,0.23852300751930003,96.0
PM25,76,Target Mean (Y),Input neff,0.018065335820423273,0.2612091336404906,1.0,0.5224182672809812,20.01221120120623
PM25,76,Target Mean (Y),GP neff [Ours],0.018065335820423273,0.24527336304869163,1.0,0.49054672609738326,22.697134083819417
PM25,76,Target Mean (Y),Block-Bootstrap,0.018065335820423273,0.1793861011007925,1.0,0.358772202201585,19.0
PM25,76,Target Risk (L),Unweighted,0.0006664330291219905,0.001717096140914753,1.0,0.0034341922818295055,96.0
PM25,76,Target Risk (L),Nominal n,0.005023789592325839,0.013923268986996694,1.0,0.027846537973993387,96.0
PM25,76,Target Risk (L),Input neff,0.005023789592325839,0.030495045885606146,1.0,0.06099009177121229,20.01221120120623
PM25,76,Target Risk (L),GP neff [Ours],0.005023789592325839,0.028902725798217958,1.0,0.057805451596435915,22.27799255601245
PM25,76,Target Risk (L),Block-Bootstrap,0.005023789592325839,0.019221152008462448,1.0,0.038442304016924896,19.0
PM25,77,Target Mean (Y),Unweighted,0.04889072141361932,0.018612331772402527,0.0,1.2483602491934767,96.0
PM25,77,Target Mean (Y),Nominal n,0.022578571872481773,0.09356816507245579,1.0,0.18713633014491154,96.0
PM25,77,Target Mean (Y),Input neff,0.022578571872481773,0.15001151963832912,1.0,0.30002303927665824,37.348936293992075
PM25,77,Target Mean (Y),GP neff [Ours],0.022578571872481773,0.14687358843767417,1.0,0.29374717687534835,38.961892801872914
PM25,77,Target Mean (Y),Block-Bootstrap,0.022578571872481773,0.12443934683623978,1.0,0.24887869367247956,19.0
PM25,77,Target Risk (L),Unweighted,0.0021745019074490913,0.0004909121340534956,0.0,0.06832541520393083,96.0
PM25,77,Target Risk (L),Nominal n,0.0030362401459172574,0.00015971541164329768,0.0,0.11538042019424499,96.0
PM25,77,Target Risk (L),Input neff,0.0030362401459172574,0.0002560609326015881,0.0,0.11171929039782995,37.348936293992075
PM25,77,Target Risk (L),GP neff [Ours],0.0030362401459172574,0.00024511926884396794,0.0,0.11213507362061952,40.75772909035994
PM25,77,Target Risk (L),Block-Bootstrap,0.0030362401459172574,0.0002063784013201661,0.0,0.11120817038189706,19.0
PM25,78,Target Mean (Y),Unweighted,0.019113744974250155,0.015468691785267406,0.0,0.176739511129845,96.0
PM25,78,Target Mean (Y),Nominal n,0.06251271696573962,0.029791998100155186,0.0,1.3684127508236876,96.0
PM25,78,Target Mean (Y),Input neff,0.06251271696573962,0.05845324706891897,0.0,0.27928529001066416,24.937517277973537
PM25,78,Target Mean (Y),GP neff [Ours],0.06251271696573962,0.04224977232793769,0.0,0.8950173301679525,47.73333190403077
PM25,78,Target Mean (Y),Block-Bootstrap,0.06251271696573962,0.02810465329040435,0.0,1.1555856802355045,19.0
PM25,78,Target Risk (L),Unweighted,0.0016727055535668634,0.002303063185873537,1.0,0.004606126371747074,96.0
PM25,78,Target Risk (L),Nominal n,0.004619396195309349,0.007012232989671399,1.0,0.014024465979342798,96.0
PM25,78,Target Risk (L),Input neff,0.004619396195309349,0.013758318125293899,1.0,0.027516636250587798,24.937517277973537
PM25,78,Target Risk (L),GP neff [Ours],0.004619396195309349,0.013305916401262663,1.0,0.026611832802525326,26.662098418044785
PM25,78,Target Risk (L),Block-Bootstrap,0.004619396195309349,0.011107846527070427,1.0,0.022215693054140853,19.0
PM25,79,Target Mean (Y),Unweighted,0.018299592483630417,0.026815558773773396,1.0,0.05363111754754679,96.0
PM25,79,Target Mean (Y),Nominal n,0.009637550808523687,0.08347966542831275,1.0,0.1669593308566255,96.0
PM25,79,Target Mean (Y),Input neff,0.009637550808523687,0.10579824678276814,1.0,0.2115964935655363,59.76895887241832
PM25,79,Target Mean (Y),GP neff [Ours],0.009637550808523687,0.10759404308487187,1.0,0.21518808616974372,57.79046352771954
PM25,79,Target Mean (Y),Block-Bootstrap,0.009637550808523687,0.08997568732610883,1.0,0.17995137465221767,19.0
PM25,79,Target Risk (L),Unweighted,0.0010159689685154002,0.0009589998945609195,0.0,0.004196762747301063,96.0
PM25,79,Target Risk (L),Nominal n,0.0018108924183562758,0.0017120450271447772,0.0,0.007377985702749496,96.0
PM25,79,Target Risk (L),Input neff,0.0018108924183562758,0.002169766270093867,1.0,0.004339532540187734,59.76895887241832
PM25,79,Target Risk (L),GP neff [Ours],0.0018108924183562758,0.0022045078312490896,1.0,0.004409015662498179,57.89996566745119
PM25,79,Target Risk (L),Block-Bootstrap,0.0018108924183562758,0.0025228593150641047,1.0,0.005045718630128209,19.0
PM25,80,Target Mean (Y),Unweighted,0.017617607221683623,0.02480700232094788,1.0,0.04961400464189575,96.0
PM25,80,Target Mean (Y),Nominal n,0.01334733547320388,0.0677513218288432,1.0,0.13550264365768638,96.0
PM25,80,Target Mean (Y),Input neff,0.01334733547320388,0.0677513218288432,1.0,0.13550264365768638,96.0
PM25,80,Target Mean (Y),GP neff [Ours],0.01334733547320388,0.07136582668082601,1.0,0.14273165336165206,86.52192566141979
PM25,80,Target Mean (Y),Block-Bootstrap,0.01334733547320388,0.07343741074421815,1.0,0.1468748214884363,19.0
PM25,80,Target Risk (L),Unweighted,0.0008491911913195388,0.0011580633238793844,1.0,0.0023161266477587693,96.0
PM25,80,Target Risk (L),Nominal n,0.0002990991400939058,0.00424767460883686,1.0,0.00849534921767372,96.0
PM25,80,Target Risk (L),Input neff,0.0002990991400939058,0.00424767460883686,1.0,0.00849534921767372,96.0
PM25,80,Target Risk (L),GP neff [Ours],0.0002990991400939058,0.004474286283249223,1.0,0.008948572566498445,86.52192566141979
PM25,80,Target Risk (L),Block-Bootstrap,0.0002990991400939058,0.005385024384656356,1.0,0.010770048769312712,19.0
PM25,81,Target Mean (Y),Unweighted,0.04328193229243031,0.015814184095685448,0.0,1.1303382960611652,96.0
PM25,81,Target Mean (Y),Nominal n,0.039090273874886464,0.05791098783943184,1.0,0.11582197567886368,96.0
PM25,81,Target Mean (Y),Input neff,0.039090273874886464,0.09283317462267411,1.0,0.18566634924534822,37.358271561804806
PM25,81,Target Mean (Y),GP neff [Ours],0.039090273874886464,0.0859204329630532,1.0,0.1718408659261064,43.611423819372504
PM25,81,Target Mean (Y),Block-Bootstrap,0.039090273874886464,0.054917533671207164,1.0,0.10983506734241433,19.0
PM25,81,Target Risk (L),Unweighted,0.0011799755936083636,0.0018490189043055838,1.0,0.003698037808611167,96.0
PM25,81,Target Risk (L),Nominal n,0.002253955845018733,0.006928567818850963,1.0,0.013857135637701926,96.0
PM25,81,Target Risk (L),Input neff,0.002253955845018733,0.011106716880668947,1.0,0.022213433761337893,37.358271561804806
PM25,81,Target Risk (L),GP neff [Ours],0.002253955845018733,0.010392028821587152,1.0,0.0207840576431743,42.67342416823943
PM25,81,Target Risk (L),Block-Bootstrap,0.002253955845018733,0.00640509052054828,1.0,0.01281018104109656,19.0
PM25,82,Target Mean (Y),Unweighted,0.04173186896911105,0.03546793542626858,0.0,0.32149321256623575,96.0
PM25,82,Target Mean (Y),Nominal n,0.035153476586817556,0.11577435557073797,1.0,0.2315487111414759,96.0
PM25,82,Target Mean (Y),Input neff,0.035153476586817556,0.3017739925120343,1.0,0.6035479850240686,14.12968110290441
PM25,82,Target Mean (Y),GP neff [Ours],0.035153476586817556,0.26739153726114795,1.0,0.5347830745222959,17.9970225778086
PM25,82,Target Mean (Y),Block-Bootstrap,0.035153476586817556,0.18319742095858854,1.0,0.3663948419171771,19.0
PM25,82,Target Risk (L),Unweighted,0.002163319626962843,0.002481836207939346,1.0,0.004963672415878693,96.0
PM25,82,Target Risk (L),Nominal n,0.005099174576831208,0.011078689110474703,1.0,0.022157378220949403,96.0
PM25,82,Target Risk (L),Input neff,0.005099174576831208,0.028877381594448366,1.0,0.05775476318889673,14.12968110290441
PM25,82,Target Risk (L),GP neff [Ours],0.005099174576831208,0.027310525696471476,1.0,0.05462105139294296,15.797481812716104
PM25,82,Target Risk (L),Block-Bootstrap,0.005099174576831208,0.016412336654588477,1.0,0.032824673309176954,19.0
PM25,83,Target Mean (Y),Unweighted,0.01670655855405706,0.016497305868818788,0.0,0.041364719147168605,96.0
PM25,83,Target Mean (Y),Nominal n,0.003012332384631944,0.05837314548414795,1.0,0.11674629096829592,96.0
PM25,83,Target Mean (Y),Input neff,0.003012332384631944,0.05837314548414795,1.0,0.11674629096829592,96.0
PM25,83,Target Mean (Y),GP neff [Ours],0.003012332384631944,0.05837314548414795,1.0,0.11674629096829592,96.0
PM25,83,Target Mean (Y),Block-Bootstrap,0.003012332384631944,0.0702833981678442,1.0,0.1405667963356884,19.0
PM25,83,Target Risk (L),Unweighted,0.000246255725603712,0.001611751520779621,1.0,0.003223503041559242,96.0
PM25,83,Target Risk (L),Nominal n,0.0018586790123697244,0.0061566905738391605,1.0,0.01231338114767832,96.0
PM25,83,Target Risk (L),Input neff,0.0018586790123697244,0.0061566905738391605,1.0,0.01231338114767832,96.0
PM25,83,Target Risk (L),GP neff [Ours],0.0018586790123697244,0.0061566905738391605,1.0,0.01231338114767832,96.0
PM25,83,Target Risk (L),Block-Bootstrap,0.0018586790123697244,0.008430726372267841,1.0,0.016861452744535682,19.0
PM25,84,Target Mean (Y),Unweighted,0.03822012448623882,0.0357218525768035,0.0,0.17137458153102014,96.0
PM25,84,Target Mean (Y),Nominal n,0.0429961260226506,0.12092738388005678,1.0,0.24185476776011355,96.0
PM25,84,Target Mean (Y),Input neff,0.0429961260226506,0.31880630036775987,1.0,0.6376126007355197,13.812323997732474
PM25,84,Target Mean (Y),GP neff [Ours],0.0429961260226506,0.27944160837718623,1.0,0.5588832167543725,17.977876947579603
PM25,84,Target Mean (Y),Block-Bootstrap,0.0429961260226506,0.16200638679838228,1.0,0.32401277359676456,19.0
PM25,84,Target Risk (L),Unweighted,0.0021026835377123253,0.0024848563613335795,1.0,0.004969712722667158,96.0
PM25,84,Target Risk (L),Nominal n,0.0068375359795358375,0.010967230863787432,1.0,0.021934461727574864,96.0
PM25,84,Target Risk (L),Input neff,0.0068375359795358375,0.028913403935300116,1.0,0.05782680787060023,13.812323997732474
PM25,84,Target Risk (L),GP neff [Ours],0.0068375359795358375,0.027186739721336044,1.0,0.05437347944267209,15.622514824635491
PM25,84,Target Risk (L),Block-Bootstrap,0.0068375359795358375,0.016527151101360788,1.0,0.033054302202721576,19.0
PM25,85,Target Mean (Y),Unweighted,0.0489155438928176,0.029108512725078528,0.0,0.8504982721597201,96.0
PM25,85,Target Mean (Y),Nominal n,0.05985501457387679,0.11908679416675329,1.0,0.2381735883335066,96.0
PM25,85,Target Mean (Y),Input neff,0.05985501457387679,0.21343051902066631,1.0,0.42686103804133263,29.88721173545599
PM25,85,Target Mean (Y),GP neff [Ours],0.05985501457387679,0.19424287790745695,1.0,0.3884857558149139,36.08346486611041
PM25,85,Target Mean (Y),Block-Bootstrap,0.05985501457387679,0.12825384799142972,1.0,0.25650769598285944,19.0
PM25,85,Target Risk (L),Unweighted,0.0012325938207676315,0.0018742285239436583,1.0,0.003748457047887317,96.0
PM25,85,Target Risk (L),Nominal n,0.0002497102937233176,0.0028455931300789498,1.0,0.0056911862601578996,96.0
PM25,85,Target Risk (L),Input neff,0.0002497102937233176,0.005099947671980821,1.0,0.010199895343961644,29.88721173545599
PM25,85,Target Risk (L),GP neff [Ours],0.0002497102937233176,0.003633805279878319,1.0,0.007267610559756638,58.86993241270383
PM25,85,Target Risk (L),Block-Bootstrap,0.0002497102937233176,0.002602883332788933,1.0,0.005205766665577866,19.0
PM25,86,Target Mean (Y),Unweighted,0.07991442420115877,0.04101486047404652,0.0,1.6380122700325834,96.0
PM25,86,Target Mean (Y),Nominal n,0.10221956123879533,0.17189661453523186,1.0,0.3437932290704637,96.0
PM25,86,Target Mean (Y),Input neff,0.10221956123879533,0.42938044570100875,1.0,0.8587608914020175,15.385845072190639
PM25,86,Target Mean (Y),GP neff [Ours],0.10221956123879533,0.3771506897129457,1.0,0.7543013794258914,19.94233775225435
PM25,86,Target Mean (Y),Block-Bootstrap,0.10221956123879533,0.22499935788454734,1.0,0.44999871576909467,19.0
PM25,86,Target Risk (L),Unweighted,0.005885376585149868,0.003863017519663784,0.0,0.08862039765877092,96.0
PM25,86,Target Risk (L),Nominal n,0.01389142666049916,0.013286969752598514,0.0,0.050752215821222864,96.0
PM25,86,Target Risk (L),Input neff,0.01389142666049916,0.033189513416608,1.0,0.066379026833216,15.385845072190639
PM25,86,Target Risk (L),GP neff [Ours],0.01389142666049916,0.03123445823209732,1.0,0.06246891646419464,17.372214011909737
PM25,86,Target Risk (L),Block-Bootstrap,0.01389142666049916,0.01779467600887214,0.0,0.13178841984845224,19.0
PM25,87,Target Mean (Y),Unweighted,0.0031811813414362178,0.019350440731068504,1.0,0.038700881462137016,96.0
PM25,87,Target Mean (Y),Nominal n,0.02479944010689722,0.05465787706045408,1.0,0.10931575412090816,96.0
PM25,87,Target Mean (Y),Input neff,0.02479944010689722,0.10982034055063072,1.0,0.21964068110126145,23.779963284504035
PM25,87,Target Mean (Y),GP neff [Ours],0.02479944010689722,0.09598388114942864,1.0,0.19196776229885726,31.130072942629205
PM25,87,Target Mean (Y),Block-Bootstrap,0.02479944010689722,0.05572959330223623,1.0,0.11145918660447246,19.0
PM25,87,Target Risk (L),Unweighted,0.001843480041623373,0.0025880768760440033,1.0,0.0051761537520880075,96.0
PM25,87,Target Risk (L),Nominal n,0.008707280939174451,0.015580591874539348,1.0,0.031161183749078697,96.0
PM25,87,Target Risk (L),Input neff,0.008707280939174451,0.031305019471389,1.0,0.062610038942778,23.779963284504035
PM25,87,Target Risk (L),GP neff [Ours],0.008707280939174451,0.03005999448858441,1.0,0.06011998897716882,25.790593894346507
PM25,87,Target Risk (L),Block-Bootstrap,0.008707280939174451,0.003930544066054239,1.0,0.007861088132108477,19.0
PM25,88,Target Mean (Y),Unweighted,0.021485197117061816,0.02412582613010994,1.0,0.04825165226021988,96.0
PM25,88,Target Mean (Y),Nominal n,0.0210341237507769,0.07368954313953918,1.0,0.14737908627907836,96.0
PM25,88,Target Mean (Y),Input neff,0.0210341237507769,0.13267102621747645,1.0,0.2653420524349529,29.616298874563363
PM25,88,Target Mean (Y),GP neff [Ours],0.0210341237507769,0.1203597827679334,1.0,0.24071956553586682,35.98488926311135
PM25,88,Target Mean (Y),Block-Bootstrap,0.0210341237507769,0.09677185088258713,1.0,0.19354370176517427,19.0
PM25,88,Target Risk (L),Unweighted,0.0009795198159015268,0.0016558605311811508,1.0,0.003311721062362301,96.0
PM25,88,Target Risk (L),Nominal n,0.0008793936783347118,0.0019862766460393495,1.0,0.003972553292078699,96.0
PM25,88,Target Risk (L),Input neff,0.0008793936783347118,0.0035761025208534865,1.0,0.007152205041706973,29.616298874563363
PM25,88,Target Risk (L),GP neff [Ours],0.0008793936783347118,0.0030395975938460385,1.0,0.006079195187692077,40.99383244025856
PM25,88,Target Risk (L),Block-Bootstrap,0.0008793936783347118,0.0023078301793727453,1.0,0.0046156603587454905,19.0
PM25,89,Target Mean (Y),Unweighted,0.031133834406149516,0.015578176380097473,0.0,0.6533826738022769,96.0
PM25,89,Target Mean (Y),Nominal n,0.06902931797475592,0.048661263578675604,0.0,0.912044703000564,96.0
PM25,89,Target Mean (Y),Input neff,0.06902931797475592,0.0965578668490763,1.0,0.1931157336981526,24.38162635326233
PM25,89,Target Mean (Y),GP neff [Ours],0.06902931797475592,0.08378654915025759,1.0,0.16757309830051514,32.380935333038806
PM25,89,Target Mean (Y),Block-Bootstrap,0.06902931797475592,0.03339656268314057,0.0,1.7552337642510423,19.0
PM25,89,Target Risk (L),Unweighted,0.0005317971505958518,0.000825233884691147,1.0,0.001650467769382294,96.0
PM25,89,Target Risk (L),Nominal n,0.00019062583507261678,0.0024095645174555553,1.0,0.004819129034911111,96.0
PM25,89,Target Risk (L),Input neff,0.00019062583507261678,0.004781265276117694,1.0,0.009562530552235387,24.38162635326233
PM25,89,Target Risk (L),GP neff [Ours],0.00019062583507261678,0.0031148397561780953,1.0,0.006229679512356191,57.44826714262572
PM25,89,Target Risk (L),Block-Bootstrap,0.00019062583507261678,0.003485721314464783,1.0,0.006971442628929566,19.0
PM25,90,Target Mean (Y),Unweighted,0.028021024925473162,0.01982720865113322,0.0,0.3674070682758637,96.0
PM25,90,Target Mean (Y),Nominal n,0.027361934813879968,0.0645645756556569,1.0,0.1291291513113138,96.0
PM25,90,Target Mean (Y),Input neff,0.027361934813879968,0.10460512687811034,1.0,0.20921025375622065,36.57243644848888
PM25,90,Target Mean (Y),GP neff [Ours],0.027361934813879968,0.10142634696796078,1.0,0.2028526939359216,38.9007762107369
PM25,90,Target Mean (Y),Block-Bootstrap,0.027361934813879968,0.053645300078627375,1.0,0.10729060015725475,19.0
PM25,90,Target Risk (L),Unweighted,0.000606877784378609,0.0009540814288531178,1.0,0.0019081628577062356,96.0
PM25,90,Target Risk (L),Nominal n,0.0014262199628856794,0.0017275593127664582,1.0,0.0034551186255329163,96.0
PM25,90,Target Risk (L),Input neff,0.0014262199628856794,0.002798927419041485,1.0,0.00559785483808297,36.57243644848888
PM25,90,Target Risk (L),GP neff [Ours],0.0014262199628856794,0.0022202203284245234,1.0,0.004440440656849048,58.12259789511569
PM25,90,Target Risk (L),Block-Bootstrap,0.0014262199628856794,0.0024231689522539014,1.0,0.004846337904507803,19.0
PM25,91,Target Mean (Y),Unweighted,0.055062896142891435,0.015066729164038783,0.0,1.6299801374821836,96.0
PM25,91,Target Mean (Y),Nominal n,0.027585058058592307,0.08044027773980493,1.0,0.16088055547960986,96.0
PM25,91,Target Mean (Y),Input neff,0.027585058058592307,0.11602138244860753,1.0,0.23204276489721506,46.14687365960689
PM25,91,Target Mean (Y),GP neff [Ours],0.027585058058592307,0.10671718871028064,1.0,0.2134343774205613,54.54432906946914
PM25,91,Target Mean (Y),Block-Bootstrap,0.027585058058592307,0.09993324626145603,1.0,0.19986649252291205,19.0
PM25,91,Target Risk (L),Unweighted,0.0001933525801748005,0.0013690306155927873,1.0,0.002738061231185574,96.0
PM25,91,Target Risk (L),Nominal n,0.004334335739020451,0.01023459674183918,1.0,0.02046919348367836,96.0
PM25,91,Target Risk (L),Input neff,0.004334335739020451,0.014761660403922367,1.0,0.029523320807844734,46.14687365960689
PM25,91,Target Risk (L),GP neff [Ours],0.004334335739020451,0.012033125077984772,1.0,0.024066250155969544,69.44737616890592
PM25,91,Target Risk (L),Block-Bootstrap,0.004334335739020451,0.011241583769880808,1.0,0.022483167539761616,19.0
PM25,92,Target Mean (Y),Unweighted,0.03343741280435979,0.01666311018253306,0.0,0.704298325238135,96.0
PM25,92,Target Mean (Y),Nominal n,0.024637260868118363,0.0829845439983949,1.0,0.1659690879967898,96.0
PM25,92,Target Mean (Y),Input neff,0.024637260868118363,0.14118071926108086,1.0,0.2823614385221617,33.16766333745419
PM25,92,Target Mean (Y),GP neff [Ours],0.024637260868118363,0.13066060846346422,1.0,0.26132121692692845,38.72365161155788
PM25,92,Target Mean (Y),Block-Bootstrap,0.024637260868118363,0.07108041882155014,1.0,0.14216083764310028,19.0
PM25,92,Target Risk (L),Unweighted,0.0009310855706653547,0.0006574382442805604,0.0,0.012260769543952894,96.0
PM25,92,Target Risk (L),Nominal n,0.0012748262692883292,0.0019636856242467643,1.0,0.0039273712484935285,96.0
PM25,92,Target Risk (L),Input neff,0.0012748262692883292,0.0033407974000455435,1.0,0.006681594800091088,33.16766333745419
PM25,92,Target Risk (L),GP neff [Ours],0.0012748262692883292,0.0030918571836702816,1.0,0.006183714367340562,38.72365161155788
PM25,92,Target Risk (L),Block-Bootstrap,0.0012748262692883292,0.0015410163986417057,1.0,0.0030820327972834113,19.0
PM25,93,Target Mean (Y),Unweighted,0.0031229039522699675,0.017206359688387563,1.0,0.03441271937677513,96.0
PM25,93,Target Mean (Y),Nominal n,0.0010950451240102077,0.050304636633587,1.0,0.100609273267174,96.0
PM25,93,Target Mean (Y),Input neff,0.0010950451240102077,0.06567641524930935,1.0,0.13135283049861868,56.3207442890298
PM25,93,Target Mean (Y),GP neff [Ours],0.0010950451240102077,0.06340266693762096,1.0,0.12680533387524195,60.43272994801292
PM25,93,Target Mean (Y),Block-Bootstrap,0.0010950451240102077,0.07973770142803846,1.0,0.15947540285607692,19.0
PM25,93,Target Risk (L),Unweighted,0.0008537521570507571,0.0022316676710890477,1.0,0.0044633353421780955,96.0
PM25,93,Target Risk (L),Nominal n,0.0011543833896368802,0.005484026700378337,1.0,0.010968053400756675,96.0
PM25,93,Target Risk (L),Input neff,0.0011543833896368802,0.00715980153948416,1.0,0.01431960307896832,56.3207442890298
PM25,93,Target Risk (L),GP neff [Ours],0.0011543833896368802,0.007146601765144473,1.0,0.014293203530288946,56.52898526541477
PM25,93,Target Risk (L),Block-Bootstrap,0.0011543833896368802,0.009465425279453887,1.0,0.018930850558907773,19.0
PM25,94,Target Mean (Y),Unweighted,0.011862249439051814,0.01555335578067675,1.0,0.031106711561353514,96.0
PM25,94,Target Mean (Y),Nominal n,0.047688267382630614,0.031903078616009564,0.0,0.6952137078968611,96.0
PM25,94,Target Mean (Y),Input neff,0.047688267382630614,0.041533636564525085,0.0,0.32925250585327104,56.641729352547955
PM25,94,Target Mean (Y),GP neff [Ours],0.047688267382630614,0.03991472566839895,0.0,0.3907711199060646,61.3295988060615
PM25,94,Target Mean (Y),Block-Bootstrap,0.047688267382630614,0.04995221304100031,1.0,0.09990442608200062,19.0
PM25,94,Target Risk (L),Unweighted,0.0005606692914608331,0.0022250520678609243,1.0,0.0044501041357218486,96.0
PM25,94,Target Risk (L),Nominal n,0.0005302936927280783,0.005575961778804112,1.0,0.011151923557608225,96.0
PM25,94,Target Risk (L),Input neff,0.0005302936927280783,0.0072591730975554375,1.0,0.014518346195110877,56.641729352547955
PM25,94,Target Risk (L),GP neff [Ours],0.0005302936927280783,0.00725464631473026,1.0,0.014509292629460522,56.71243846577994
PM25,94,Target Risk (L),Block-Bootstrap,0.0005302936927280783,0.011921078855961555,1.0,0.02384215771192311,19.0
PM25,95,Target Mean (Y),Unweighted,0.009336801684297374,0.016832807212989274,1.0,0.03366561442597854,96.0
PM25,95,Target Mean (Y),Nominal n,0.021894562983512333,0.050917306101375376,1.0,0.10183461220275075,96.0
PM25,95,Target Mean (Y),Input neff,0.021894562983512333,0.05955951474446698,1.0,0.11911902948893395,70.16164583528709
PM25,95,Target Mean (Y),GP neff [Ours],0.021894562983512333,0.06017544190411887,1.0,0.12035088380823776,68.73271401377168
PM25,95,Target Mean (Y),Block-Bootstrap,0.021894562983512333,0.06324954301792704,1.0,0.12649908603585408,19.0
PM25,95,Target Risk (L),Unweighted,0.002776747820085415,0.003293610262032903,1.0,0.006587220524065806,96.0
PM25,95,Target Risk (L),Nominal n,0.008262412713684726,0.015357878713523879,1.0,0.03071575742704776,96.0
PM25,95,Target Risk (L),Input neff,0.008262412713684726,0.017964575774309335,1.0,0.03592915154861867,70.16164583528709
PM25,95,Target Risk (L),GP neff [Ours],0.008262412713684726,0.018225127614401808,1.0,0.036450255228803616,68.16988228527995
PM25,95,Target Risk (L),Block-Bootstrap,0.008262412713684726,0.022164954977606705,1.0,0.04432990995521341,19.0
PM25,96,Target Mean (Y),Unweighted,0.021362523843201864,0.015355672664575158,0.0,0.2709853924742185,96.0
PM25,96,Target Mean (Y),Nominal n,0.04093432321527153,0.04480959541579857,1.0,0.08961919083159713,96.0
PM25,96,Target Mean (Y),Input neff,0.04093432321527153,0.06721920552614853,1.0,0.13443841105229706,42.66055764411604
PM25,96,Target Mean (Y),GP neff [Ours],0.04093432321527153,0.06105247278532929,1.0,0.12210494557065857,51.71383685933609
PM25,96,Target Mean (Y),Block-Bootstrap,0.04093432321527153,0.04927089413902853,1.0,0.09854178827805705,19.0
PM25,96,Target Risk (L),Unweighted,0.000575012325756638,0.002416451883494169,1.0,0.004832903766988338,96.0
PM25,96,Target Risk (L),Nominal n,0.0019771184415333385,0.008355048777882948,1.0,0.016710097555765895,96.0
PM25,96,Target Risk (L),Input neff,0.0019771184415333385,0.012533470471449494,1.0,0.025066940942898987,42.66055764411604
PM25,96,Target Risk (L),GP neff [Ours],0.0019771184415333385,0.012368502482440225,1.0,0.02473700496488045,43.8061384392034
PM25,96,Target Risk (L),Block-Bootstrap,0.0019771184415333385,0.017780370856562314,1.0,0.03556074171312463,19.0
PM25,97,Target Mean (Y),Unweighted,0.05682437496449255,0.013727774021751895,0.0,1.75131958575313,96.0
PM25,97,Target Mean (Y),Nominal n,0.052296615402130764,0.05316554270664982,1.0,0.10633108541329962,96.0
PM25,97,Target Mean (Y),Input neff,0.052296615402130764,0.07319901327136105,1.0,0.1463980265427221,50.64321663934654
PM25,97,Target Mean (Y),GP neff [Ours],0.052296615402130764,0.06717529102603503,1.0,0.13435058205207007,60.13296561007619
PM25,97,Target Mean (Y),Block-Bootstrap,0.052296615402130764,0.0615805975174804,1.0,0.1231611950349608,19.0
PM25,97,Target Risk (L),Unweighted,0.0009499838069128162,0.0009018823414741633,0.0,0.0037278233004944443,96.0
PM25,97,Target Risk (L),Nominal n,0.0020179087216183897,0.0015547201798684633,0.0,0.021636982029733964,96.0
PM25,97,Target Risk (L),Input neff,0.0020179087216183897,0.002140559040417924,1.0,0.004281118080835848,50.64321663934654
PM25,97,Target Risk (L),GP neff [Ours],0.0020179087216183897,0.001674922047302983,0.0,0.017069311067222225,82.71542502960742
PM25,97,Target Risk (L),Block-Bootstrap,0.0020179087216183897,0.0016138819822672588,1.0,0.0032277639645345176,19.0
PM25,98,Target Mean (Y),Unweighted,0.020714441740457487,0.015999983322389097,0.0,0.2205783033675138,96.0
PM25,98,Target Mean (Y),Nominal n,0.042312925847382526,0.03834435328911206,0.0,0.23543160890904258,96.0
PM25,98,Target Mean (Y),Input neff,0.042312925847382526,0.06697185104916716,1.0,0.13394370209833434,31.46947245197528
PM25,98,Target Mean (Y),GP neff [Ours],0.042312925847382526,0.05681570787981134,1.0,0.1136314157596227,43.72574561341832
PM25,98,Target Mean (Y),Block-Bootstrap,0.042312925847382526,0.03372856116816793,0.0,0.19800053714514168,19.0
PM25,98,Target Risk (L),Unweighted,0.0009869557699416585,0.0024675566132278093,1.0,0.004935113226455618,96.0
PM25,98,Target Risk (L),Nominal n,0.000987661091472295,0.006250394934839655,1.0,0.01250078986967931,96.0
PM25,98,Target Risk (L),Input neff,0.000987661091472295,0.010916875176335612,1.0,0.021833750352671225,31.46947245197528
PM25,98,Target Risk (L),GP neff [Ours],0.000987661091472295,0.010601047787271875,1.0,0.02120209557454375,33.3724865974458
PM25,98,Target Risk (L),Block-Bootstrap,0.000987661091472295,0.007528310107230134,1.0,0.015056620214460269,19.0
PM25,99,Target Mean (Y),Unweighted,0.031692652373446914,0.015669896340437015,0.0,0.67225003400127,96.0
PM25,99,Target Mean (Y),Nominal n,0.045718929324015875,0.056893710209912796,1.0,0.11378742041982558,96.0
PM25,99,Target Mean (Y),Input neff,0.045718929324015875,0.13955014878039088,1.0,0.27910029756078175,15.956555166206076
PM25,99,Target Mean (Y),GP neff [Ours],0.045718929324015875,0.12725482474546213,1.0,0.25450964949092425,19.188950889238416
PM25,99,Target Mean (Y),Block-Bootstrap,0.045718929324015875,0.048943847304185883,0.0,0.16788231684060073,19.0
PM25,99,Target Risk (L),Unweighted,0.0015310607393900306,0.0005227190098145938,0.0,0.04137910720264666,96.0
PM25,99,Target Risk (L),Nominal n,0.0010443826366974482,0.0014005589684457343,1.0,0.0028011179368914686,96.0
PM25,99,Target Risk (L),Input neff,0.0010443826366974482,0.0034353219661926596,1.0,0.006870643932385319,15.956555166206076
PM25,99,Target Risk (L),GP neff [Ours],0.0010443826366974482,0.0027212677042960146,1.0,0.005442535408592028,25.429129629474485
PM25,99,Target Risk (L),Block-Bootstrap,0.0010443826366974482,0.001805784643299451,1.0,0.003611569286598902,19.0
PM25,100,Target Mean (Y),Unweighted,0.03938421664915544,0.01642214471526392,0.0,0.9513271667861887,96.0
PM25,100,Target Mean (Y),Nominal n,0.001734421579984935,0.08582182852865225,1.0,0.1716436570573045,96.0
PM25,100,Target Mean (Y),Input neff,0.001734421579984935,0.11998096608574561,1.0,0.2399619321714912,49.11815562361913
PM25,100,Target Mean (Y),GP neff [Ours],0.001734421579984935,0.11539248197546947,1.0,0.23078496395093895,53.102104190469
PM25,100,Target Mean (Y),Block-Bootstrap,0.001734421579984935,0.07536194505389608,1.0,0.15072389010779216,19.0
PM25,100,Target Risk (L),Unweighted,0.0012407717944788342,0.0018419411109346355,1.0,0.0036838822218692707,96.0
PM25,100,Target Risk (L),Nominal n,0.008073350040034073,0.00981853117129905,1.0,0.0196370623425981,96.0
PM25,100,Target Risk (L),Input neff,0.008073350040034073,0.013726541087180067,1.0,0.027453082174360134,49.11815562361913
PM25,100,Target Risk (L),GP neff [Ours],0.008073350040034073,0.013294748121956858,1.0,0.02658949624391372,52.36053218695267
PM25,100,Target Risk (L),Block-Bootstrap,0.008073350040034073,0.010278612668678272,0.0,0.039312928452800336,19.0
PM25,101,Target Mean (Y),Unweighted,0.0252567953010098,0.025398523342290147,1.0,0.050797046684580294,96.0
PM25,101,Target Mean (Y),Nominal n,0.02384347517509744,0.08386193621566594,1.0,0.1677238724313319,96.0
PM25,101,Target Mean (Y),Input neff,0.02384347517509744,0.15874780370950595,1.0,0.31749560741901184,26.790791994993057
PM25,101,Target Mean (Y),GP neff [Ours],0.02384347517509744,0.14382689003828952,1.0,0.28765378007657905,32.63779602123636
PM25,101,Target Mean (Y),Block-Bootstrap,0.02384347517509744,0.10013240779985993,1.0,0.20026481559971987,19.0
PM25,101,Target Risk (L),Unweighted,0.0005368163987159334,0.0009824287131390066,1.0,0.0019648574262780133,96.0
PM25,101,Target Risk (L),Nominal n,0.001761221278670568,0.0017831601986850756,1.0,0.003566320397370151,96.0
PM25,101,Target Risk (L),Input neff,0.001761221278670568,0.003375461836171894,1.0,0.006750923672343788,26.790791994993057
PM25,101,Target Risk (L),GP neff [Ours],0.001761221278670568,0.0023136785955844346,1.0,0.004627357191168869,57.02245341162028
PM25,101,Target Risk (L),Block-Bootstrap,0.001761221278670568,0.0015384641899657372,0.0,0.007688308153746812,19.0
PM25,102,Target Mean (Y),Unweighted,0.02098819050388355,0.014707085750693814,0.0,0.2806583616289773,96.0
PM25,102,Target Mean (Y),Nominal n,0.05209042562997655,0.028476560183713796,0.0,1.001507738217938,96.0
PM25,102,Target Mean (Y),Input neff,0.05209042562997655,0.04364745388018774,0.0,0.42501377775192783,40.86283169519305
PM25,102,Target Mean (Y),GP neff [Ours],0.05209042562997655,0.03984624194835379,0.0,0.5694598311616187,49.03109056002251
PM25,102,Target Mean (Y),Block-Bootstrap,0.05209042562997655,0.04667586196560394,1.0,0.09335172393120789,19.0
PM25,102,Target Risk (L),Unweighted,0.0008002395943614632,0.002401158988971484,1.0,0.004802317977942968,96.0
PM25,102,Target Risk (L),Nominal n,0.0020360928278327327,0.005506316870160331,1.0,0.011012633740320662,96.0
PM25,102,Target Risk (L),Input neff,0.0020360928278327327,0.008439808392920826,1.0,0.016879616785841652,40.86283169519305
PM25,102,Target Risk (L),GP neff [Ours],0.0020360928278327327,0.008323632661954386,1.0,0.016647265323908773,42.01146454586878
PM25,102,Target Risk (L),Block-Bootstrap,0.0020360928278327327,0.010942085768070878,1.0,0.021884171536141757,19.0
PM25,103,Target Mean (Y),Unweighted,0.01717672173827392,0.024023875651652295,1.0,0.048047751303304576,96.0
PM25,103,Target Mean (Y),Nominal n,0.004500284233113744,0.07544680124048614,1.0,0.15089360248097228,96.0
PM25,103,Target Mean (Y),Input neff,0.004500284233113744,0.14241852487557738,1.0,0.28483704975115476,26.941385714493023
PM25,103,Target Mean (Y),GP neff [Ours],0.004500284233113744,0.1288054616468966,1.0,0.2576109232937932,32.93702269190939
PM25,103,Target Mean (Y),Block-Bootstrap,0.004500284233113744,0.1073323552511618,1.0,0.2146647105023236,19.0
PM25,103,Target Risk (L),Unweighted,0.0009656983140199013,0.001650416898974434,1.0,0.003300833797948868,96.0
PM25,103,Target Risk (L),Nominal n,0.001559788355138176,0.0013941291164737072,0.0,0.009414627779526162,96.0
PM25,103,Target Risk (L),Input neff,0.001559788355138176,0.0026316531514888387,1.0,0.005263306302977677,26.941385714493023
PM25,103,Target Risk (L),GP neff [Ours],0.001559788355138176,0.002265637403204198,1.0,0.004531274806408396,36.349330529168064
PM25,103,Target Risk (L),Block-Bootstrap,0.001559788355138176,0.0017766943576582417,1.0,0.0035533887153164833,19.0
PM25,104,Target Mean (Y),Unweighted,0.010519525616980135,0.018825664739850513,1.0,0.03765132947970101,96.0
PM25,104,Target Mean (Y),Nominal n,0.022648604548437173,0.08146033509486413,1.0,0.16292067018972828,96.0
PM25,104,Target Mean (Y),Input neff,0.022648604548437173,0.16698289644704686,1.0,0.3339657928940937,22.84649792098021
PM25,104,Target Mean (Y),GP neff [Ours],0.022648604548437173,0.14594061917750079,1.0,0.29188123835500157,29.90964432575507
PM25,104,Target Mean (Y),Block-Bootstrap,0.022648604548437173,0.11506501884695905,1.0,0.2301300376939181,19.0
PM25,104,Target Risk (L),Unweighted,0.001755975938492478,0.0030320076098007253,1.0,0.0060640152196014515,96.0
PM25,104,Target Risk (L),Nominal n,0.0030301009712997247,0.00385539209044602,1.0,0.007710784180892039,96.0
PM25,104,Target Risk (L),Input neff,0.0030301009712997247,0.007903043087804587,1.0,0.015806086175609173,22.84649792098021
PM25,104,Target Risk (L),GP neff [Ours],0.0030301009712997247,0.007637463864995468,1.0,0.015274927729990936,24.46301604551407
PM25,104,Target Risk (L),Block-Bootstrap,0.0030301009712997247,0.007401521240597427,0.0,0.01947973314895777,19.0
PM25,105,Target Mean (Y),Unweighted,0.052926979817369144,0.012923597889114041,0.0,1.625982472908432,96.0
PM25,105,Target Mean (Y),Nominal n,0.06282366360318048,0.028831168074451668,0.0,1.4173621572980555,96.0
PM25,105,Target Mean (Y),Input neff,0.06282366360318048,0.06770192703991383,1.0,0.1354038540798277,17.409794622279623
PM25,105,Target Mean (Y),GP neff [Ours],0.06282366360318048,0.06142291283937099,0.0,0.17887585623112173,21.151194202178832
PM25,105,Target Mean (Y),Block-Bootstrap,0.06282366360318048,0.029163244407272023,0.0,1.3245658076924665,19.0
PM25,105,Target Risk (L),Unweighted,0.0016932060686165888,0.0005542154931987886,0.0,0.046668054003109576,96.0
PM25,105,Target Risk (L),Nominal n,0.0029526257140222367,0.00028850931945560064,0.0,0.10714167442157663,96.0
PM25,105,Target Risk (L),Input neff,0.0029526257140222367,0.0006774833695838649,0.0,0.0923606605167026,17.409794622279623
PM25,105,Target Risk (L),GP neff [Ours],0.0029526257140222367,0.0005714489506675431,0.0,0.09638996843552282,24.47011703995039
PM25,105,Target Risk (L),Block-Bootstrap,0.0029526257140222367,0.00038660285297744616,0.0,0.09785224040137483,19.0
PM25,106,Target Mean (Y),Unweighted,0.033506201305410474,0.01556485082614335,0.0,0.7487837208229715,96.0
PM25,106,Target Mean (Y),Nominal n,0.04900076455700497,0.053869874001873104,1.0,0.1077397480037462,96.0
PM25,106,Target Mean (Y),Input neff,0.04900076455700497,0.09814749636142363,1.0,0.19629499272284723,28.9204270208877
PM25,106,Target Mean (Y),GP neff [Ours],0.04900076455700497,0.08836564435252499,1.0,0.17673128870504995,35.67765119728767
PM25,106,Target Mean (Y),Block-Bootstrap,0.04900076455700497,0.048351066832537176,0.0,0.42823691017061755,19.0
PM25,106,Target Risk (L),Unweighted,0.0014012000666762095,0.0005884314750473072,0.0,0.033687606615250706,96.0
PM25,106,Target Risk (L),Nominal n,0.002231612847438681,0.0004938334359648946,0.0,0.07049884333088126,96.0
PM25,106,Target Risk (L),Input neff,0.002231612847438681,0.0008997332230223618,0.0,0.05507465142269749,28.9204270208877
PM25,106,Target Risk (L),GP neff [Ours],0.002231612847438681,0.0008317854904035174,0.0,0.05765666526221359,33.838377816425385
PM25,106,Target Risk (L),Block-Bootstrap,0.002231612847438681,0.0005874477284934802,0.0,0.06867218187602925,19.0
PM25,107,Target Mean (Y),Unweighted,0.0024206133503326954,0.02207814765082095,1.0,0.04415629530164189,96.0
PM25,107,Target Mean (Y),Nominal n,0.026295884330408054,0.05352157987652399,1.0,0.10704315975304797,96.0
PM25,107,Target Mean (Y),Input neff,0.026295884330408054,0.11614143030799683,1.0,0.23228286061599362,20.387066617962883
PM25,107,Target Mean (Y),GP neff [Ours],0.026295884330408054,0.10121639034282964,1.0,0.20243278068565926,26.842773831053986
PM25,107,Target Mean (Y),Block-Bootstrap,0.026295884330408054,0.06888835110440249,1.0,0.13777670220880497,19.0
PM25,107,Target Risk (L),Unweighted,0.0005829067688943022,0.001665850048344162,1.0,0.0033317000966883235,96.0
PM25,107,Target Risk (L),Nominal n,0.0014120720497465176,0.0010691109251941572,0.0,0.015856666832482727,96.0
PM25,107,Target Risk (L),Input neff,0.0014120720497465176,0.002319962757011564,1.0,0.004639925514023128,20.387066617962883
PM25,107,Target Risk (L),GP neff [Ours],0.0014120720497465176,0.0018550211893587412,1.0,0.003710042378717482,31.887393318206346
PM25,107,Target Risk (L),Block-Bootstrap,0.0014120720497465176,0.0012925291761759733,1.0,0.0025850583523519466,19.0
PM25,108,Target Mean (Y),Unweighted,0.02135190578166131,0.014723932270312686,0.0,0.29456680499456983,96.0
PM25,108,Target Mean (Y),Nominal n,0.05315981829467836,0.029617305097951154,0.0,1.0009351380649905,96.0
PM25,108,Target Mean (Y),Input neff,0.05315981829467836,0.04673812924293538,0.0,0.35034382055558994,38.54958091458178
PM25,108,Target Mean (Y),GP neff [Ours],0.05315981829467836,0.04227128672393702,0.0,0.520083836277528,47.12717160083373
PM25,108,Target Mean (Y),Block-Bootstrap,0.05315981829467836,0.04902996798426949,1.0,0.09805993596853899,19.0
PM25,108,Target Risk (L),Unweighted,0.0008007974275146641,0.0024011217277053456,1.0,0.004802243455410691,96.0
PM25,108,Target Risk (L),Nominal n,0.0020927851858382257,0.00539111590902482,1.0,0.010782231818049638,96.0
PM25,108,Target Risk (L),Input neff,0.0020927851858382257,0.00850754892406054,1.0,0.01701509784812108,38.54958091458178
PM25,108,Target Risk (L),GP neff [Ours],0.0020927851858382257,0.008367877459216065,1.0,0.01673575491843213,39.84721271609435
PM25,108,Target Risk (L),Block-Bootstrap,0.0020927851858382257,0.00836057543462992,1.0,0.01672115086925984,19.0
PM25,109,Target Mean (Y),Unweighted,0.024104845087873472,0.015312997900394778,0.0,0.3822998832999372,96.0
PM25,109,Target Mean (Y),Nominal n,0.045008326466227044,0.04952889628639629,1.0,0.09905779257279257,96.0
PM25,109,Target Mean (Y),Input neff,0.045008326466227044,0.04952889628639629,1.0,0.09905779257279257,96.0
PM25,109,Target Mean (Y),GP neff [Ours],0.045008326466227044,0.04952889628639629,1.0,0.09905779257279257,96.0
PM25,109,Target Mean (Y),Block-Bootstrap,0.045008326466227044,0.06032804683349148,1.0,0.12065609366698296,19.0
PM25,109,Target Risk (L),Unweighted,0.0006310287108607792,0.0015811409323258922,1.0,0.0031622818646517845,96.0
PM25,109,Target Risk (L),Nominal n,0.0055466742884593976,0.01411392306779978,1.0,0.02822784613559956,96.0
PM25,109,Target Risk (L),Input neff,0.0055466742884593976,0.01411392306779978,1.0,0.02822784613559956,96.0
PM25,109,Target Risk (L),GP neff [Ours],0.0055466742884593976,0.01411392306779978,1.0,0.02822784613559956,96.0
PM25,109,Target Risk (L),Block-Bootstrap,0.0055466742884593976,0.023472909430294727,1.0,0.046945818860589454,19.0
PM25,110,Target Mean (Y),Unweighted,0.0031766093431213616,0.028211475459416407,1.0,0.056422950918832815,96.0
PM25,110,Target Mean (Y),Nominal n,0.023928220639762687,0.09496495431894326,1.0,0.1899299086378865,96.0
PM25,110,Target Mean (Y),Input neff,0.023928220639762687,0.23950453857537118,1.0,0.47900907715074237,15.092822519352517
PM25,110,Target Mean (Y),GP neff [Ours],0.023928220639762687,0.21154343907141007,1.0,0.4230868781428202,19.346341050133365
PM25,110,Target Mean (Y),Block-Bootstrap,0.023928220639762687,0.1410309764372723,1.0,0.2820619528745446,19.0
PM25,110,Target Risk (L),Unweighted,0.0004896131874374877,0.0013202618283060868,1.0,0.002640523656612174,96.0
PM25,110,Target Risk (L),Nominal n,0.0005314981750268871,0.00451906690232113,1.0,0.00903813380464226,96.0
PM25,110,Target Risk (L),Input neff,0.0005314981750268871,0.011397225860780028,1.0,0.022794451721560055,15.092822519352517
PM25,110,Target Risk (L),GP neff [Ours],0.0005314981750268871,0.009879537469869016,1.0,0.019759074939738032,20.086096709036372
PM25,110,Target Risk (L),Block-Bootstrap,0.0005314981750268871,0.008154593761368269,1.0,0.016309187522736537,19.0
PM25,111,Target Mean (Y),Unweighted,0.02386364465788207,0.026443369605357786,1.0,0.05288673921071557,96.0
PM25,111,Target Mean (Y),Nominal n,0.04968363899690309,0.0975577545879108,1.0,0.19511550917582163,96.0
PM25,111,Target Mean (Y),Input neff,0.04968363899690309,0.20505273120273304,1.0,0.4101054624054661,21.73019924492249
PM25,111,Target Mean (Y),GP neff [Ours],0.04968363899690309,0.18464221043871476,1.0,0.3692844208774295,26.799879641080604
PM25,111,Target Mean (Y),Block-Bootstrap,0.04968363899690309,0.11502991050854944,1.0,0.23005982101709888,19.0
PM25,111,Target Risk (L),Unweighted,0.00036341854765912975,0.0017425944940166341,1.0,0.0034851889880332682,96.0
PM25,111,Target Risk (L),Nominal n,8.698320651124181e-05,0.0041840777551203955,1.0,0.008368155510240791,96.0
PM25,111,Target Risk (L),Input neff,8.698320651124181e-05,0.008794345204808084,1.0,0.017588690409616168,21.73019924492249
PM25,111,Target Risk (L),GP neff [Ours],8.698320651124181e-05,0.00551664763404806,1.0,0.01103329526809612,55.22303054186231
PM25,111,Target Risk (L),Block-Bootstrap,8.698320651124181e-05,0.0038822679487686557,1.0,0.007764535897537311,19.0
PM25,112,Target Mean (Y),Unweighted,0.0168913649237451,0.01555068914429528,0.0,0.0847284094665835,96.0
PM25,112,Target Mean (Y),Nominal n,0.01154070984412281,0.06794370046762134,1.0,0.13588740093524265,96.0
PM25,112,Target Mean (Y),Input neff,0.01154070984412281,0.12811196980180714,1.0,0.25622393960361434,27.001644083734217
PM25,112,Target Mean (Y),GP neff [Ours],0.01154070984412281,0.1021615287126517,1.0,0.20432305742530343,42.461453857618245
PM25,112,Target Mean (Y),Block-Bootstrap,0.01154070984412281,0.07017646903333846,1.0,0.14035293806667692,19.0
PM25,112,Target Risk (L),Unweighted,0.0012307831067945117,0.0023039270648764804,1.0,0.004607854129752962,96.0
PM25,112,Target Risk (L),Nominal n,0.006763359634323451,0.009280459657873713,1.0,0.01856091931574743,96.0
PM25,112,Target Risk (L),Input neff,0.006763359634323451,0.0174988697885685,1.0,0.034997739577137,27.001644083734217
PM25,112,Target Risk (L),GP neff [Ours],0.006763359634323451,0.017023636224377463,1.0,0.034047272448754926,28.530247998620027
PM25,112,Target Risk (L),Block-Bootstrap,0.006763359634323451,0.01002536496734858,1.0,0.02005072993469716,19.0
PM25,113,Target Mean (Y),Unweighted,0.006962355957183114,0.031687717693068454,1.0,0.06337543538613692,96.0
PM25,113,Target Mean (Y),Nominal n,0.011586693096632905,0.08899851646277597,1.0,0.1779970329255519,96.0
PM25,113,Target Mean (Y),Input neff,0.011586693096632905,0.2000363233313029,1.0,0.4000726466626058,19.002863138443168
PM25,113,Target Mean (Y),GP neff [Ours],0.011586693096632905,0.183513003246644,1.0,0.367026006493288,22.578915718414205
PM25,113,Target Mean (Y),Block-Bootstrap,0.011586693096632905,0.10659560517502113,1.0,0.21319121035004227,19.0
PM25,113,Target Risk (L),Unweighted,0.0006549067846653364,0.0017184946047209076,1.0,0.0034369892094418147,96.0
PM25,113,Target Risk (L),Nominal n,0.0036134902512538107,0.007246096379190691,1.0,0.014492192758381383,96.0
PM25,113,Target Risk (L),Input neff,0.0036134902512538107,0.016286591460250067,1.0,0.032573182920500134,19.002863138443168
PM25,113,Target Risk (L),GP neff [Ours],0.0036134902512538107,0.015289300338839774,1.0,0.03057860067767955,21.562753673275246
PM25,113,Target Risk (L),Block-Bootstrap,0.0036134902512538107,0.010596542160945872,1.0,0.021193084321891743,19.0
PM25,114,Target Mean (Y),Unweighted,0.024104845087873472,0.015312997900394778,0.0,0.3822998832999372,96.0
PM25,114,Target Mean (Y),Nominal n,0.045008326466227044,0.04952889628639629,1.0,0.09905779257279257,96.0
PM25,114,Target Mean (Y),Input neff,0.045008326466227044,0.04952889628639629,1.0,0.09905779257279257,96.0
PM25,114,Target Mean (Y),GP neff [Ours],0.045008326466227044,0.04952889628639629,1.0,0.09905779257279257,96.0
PM25,114,Target Mean (Y),Block-Bootstrap,0.045008326466227044,0.06032804683349148,1.0,0.12065609366698296,19.0
PM25,114,Target Risk (L),Unweighted,0.0006310287108607792,0.0015811409323258922,1.0,0.0031622818646517845,96.0
PM25,114,Target Risk (L),Nominal n,0.0055466742884593976,0.01411392306779978,1.0,0.02822784613559956,96.0
PM25,114,Target Risk (L),Input neff,0.0055466742884593976,0.01411392306779978,1.0,0.02822784613559956,96.0
PM25,114,Target Risk (L),GP neff [Ours],0.0055466742884593976,0.01411392306779978,1.0,0.02822784613559956,96.0
PM25,114,Target Risk (L),Block-Bootstrap,0.0055466742884593976,0.023472909430294727,1.0,0.046945818860589454,19.0
PM25,115,Target Mean (Y),Unweighted,0.02716395931080244,0.015696758143442593,0.0,0.49008156298127953,96.0
PM25,115,Target Mean (Y),Nominal n,0.011280352960986978,0.07081024081992233,1.0,0.1416204816398447,96.0
PM25,115,Target Mean (Y),Input neff,0.011280352960986978,0.12349312504320739,1.0,0.24698625008641478,31.5629664942185
PM25,115,Target Mean (Y),GP neff [Ours],0.011280352960986978,0.11070135638167783,1.0,0.22140271276335566,39.27873490347111
PM25,115,Target Mean (Y),Block-Bootstrap,0.011280352960986978,0.10045775281358886,1.0,0.20091550562717772,19.0
PM25,115,Target Risk (L),Unweighted,0.0006970165932072623,0.0006992938377712167,1.0,0.0013985876755424334,96.0
PM25,115,Target Risk (L),Nominal n,0.0005835330957791821,0.0019223243396743821,1.0,0.003844648679348764,96.0
PM25,115,Target Risk (L),Input neff,0.0005835330957791821,0.0033525354144286327,1.0,0.006705070828857266,31.5629664942185
PM25,115,Target Risk (L),GP neff [Ours],0.0005835330957791821,0.0028065337534665885,1.0,0.005613067506933177,45.03851091601125
PM25,115,Target Risk (L),Block-Bootstrap,0.0005835330957791821,0.0019484040601555523,1.0,0.0038968081203111047,19.0
PM25,116,Target Mean (Y),Unweighted,0.05322510936164723,0.038229385327476974,0.0,0.6762877320217646,96.0
PM25,116,Target Mean (Y),Nominal n,0.015210871803773451,0.09028567082572654,1.0,0.18057134165145305,96.0
PM25,116,Target Mean (Y),Input neff,0.015210871803773451,0.23070674625618745,1.0,0.46141349251237496,14.702402331234808
PM25,116,Target Mean (Y),GP neff [Ours],0.015210871803773451,0.2060849083808396,1.0,0.4121698167616792,18.42538250523352
PM25,116,Target Mean (Y),Block-Bootstrap,0.015210871803773451,0.06997300643158463,1.0,0.13994601286316927,19.0
PM25,116,Target Risk (L),Unweighted,0.005144911899059375,0.0031156113830017847,0.0,0.08740324340830719,96.0
PM25,116,Target Risk (L),Nominal n,0.006082152667841917,0.012367928152122884,1.0,0.024735856304245768,96.0
PM25,116,Target Risk (L),Input neff,0.006082152667841917,0.03160373551872106,1.0,0.06320747103744212,14.702402331234808
PM25,116,Target Risk (L),GP neff [Ours],0.006082152667841917,0.02722580753584464,1.0,0.054451615071689274,19.810872376224367
PM25,116,Target Risk (L),Block-Bootstrap,0.006082152667841917,0.01124298992070817,1.0,0.02248597984141634,19.0
PM25,117,Target Mean (Y),Unweighted,0.04697740307818643,0.014974834283161839,0.0,1.3100524203673076,96.0
PM25,117,Target Mean (Y),Nominal n,0.07139222197601784,0.05904645888544919,0.0,0.6119234413936442,96.0
PM25,117,Target Mean (Y),Input neff,0.07139222197601784,0.10801038382229361,1.0,0.21602076764458722,28.68982697153591
PM25,117,Target Mean (Y),GP neff [Ours],0.07139222197601784,0.09648091391197902,1.0,0.19296182782395804,35.95639398395716
PM25,117,Target Mean (Y),Block-Bootstrap,0.07139222197601784,0.08814319402058349,1.0,0.17628638804116697,19.0
PM25,117,Target Risk (L),Unweighted,0.0005992327156029115,0.001167160751782715,1.0,0.00233432150356543,96.0
PM25,117,Target Risk (L),Nominal n,0.0039165315096439165,0.010136243123324328,1.0,0.020272486246648656,96.0
PM25,117,Target Risk (L),Input neff,0.0039165315096439165,0.01854166246260944,1.0,0.03708332492521888,28.68982697153591
PM25,117,Target Risk (L),GP neff [Ours],0.0039165315096439165,0.017944189473896446,1.0,0.03588837894779289,30.632156907201786
PM25,117,Target Risk (L),Block-Bootstrap,0.0039165315096439165,0.01012218050454232,1.0,0.02024436100908464,19.0
PM25,118,Target Mean (Y),Unweighted,0.013484031269286156,0.01745544307954644,1.0,0.03491088615909288,96.0
PM25,118,Target Mean (Y),Nominal n,0.03722195948359415,0.047469291788422865,1.0,0.09493858357684573,96.0
PM25,118,Target Mean (Y),Input neff,0.03722195948359415,0.08803605536506182,1.0,0.17607211073012363,27.91101229442704
PM25,118,Target Mean (Y),GP neff [Ours],0.03722195948359415,0.07615483650459583,1.0,0.15230967300919165,37.29939242768009
PM25,118,Target Mean (Y),Block-Bootstrap,0.03722195948359415,0.05096799257866229,1.0,0.10193598515732458,19.0
PM25,118,Target Risk (L),Unweighted,0.0011308826695535469,0.002480835839649398,1.0,0.004961671679298795,96.0
PM25,118,Target Risk (L),Nominal n,0.0013808557390746776,0.007841833061464703,1.0,0.015683666122929405,96.0
PM25,118,Target Risk (L),Input neff,0.0013808557390746776,0.014543382122483014,1.0,0.029086764244966028,27.91101229442704
PM25,118,Target Risk (L),GP neff [Ours],0.0013808557390746776,0.01407204959842648,1.0,0.02814409919685296,29.812040608180293
PM25,118,Target Risk (L),Block-Bootstrap,0.0013808557390746776,0.004842733128021628,1.0,0.009685466256043256,19.0
PM25,119,Target Mean (Y),Unweighted,0.009208037482530074,0.015538784264068675,1.0,0.031077568528137353,96.0
PM25,119,Target Mean (Y),Nominal n,0.04859693729683255,0.031877479698403315,0.0,0.7325332633339764,96.0
PM25,119,Target Mean (Y),Input neff,0.04859693729683255,0.03385399759848453,0.0,0.6574255831308902,85.1175805869504
PM25,119,Target Mean (Y),GP neff [Ours],0.04859693729683255,0.035969118816632686,0.0,0.5770509768412599,75.40143162773738
PM25,119,Target Mean (Y),Block-Bootstrap,0.04859693729683255,0.04147871059114662,1.0,0.08295742118229324,19.0
PM25,119,Target Risk (L),Unweighted,0.0005915053132199322,0.0022232905546565457,1.0,0.004446581109313091,96.0
PM25,119,Target Risk (L),Nominal n,0.0015511597683667408,0.00737519231694059,1.0,0.014750384633881182,96.0
PM25,119,Target Risk (L),Input neff,0.0015511597683667408,0.007832480652432954,1.0,0.01566496130486591,85.1175805869504
PM25,119,Target Risk (L),GP neff [Ours],0.0015511597683667408,0.00801349542565946,1.0,0.01602699085131892,81.31561395998163
PM25,119,Target Risk (L),Block-Bootstrap,0.0015511597683667408,0.008645105374441388,1.0,0.017290210748882776,19.0
PM25,120,Target Mean (Y),Unweighted,0.014812060339202376,0.018233781375706245,1.0,0.0364675627514125,96.0
PM25,120,Target Mean (Y),Nominal n,0.02745723293730931,0.08310418848199086,1.0,0.16620837696398172,96.0
PM25,120,Target Mean (Y),Input neff,0.02745723293730931,0.1714032598505893,1.0,0.3428065197011786,22.56726372828343
PM25,120,Target Mean (Y),GP neff [Ours],0.02745723293730931,0.14645795960312893,1.0,0.29291591920625787,30.909437384810715
PM25,120,Target Mean (Y),Block-Bootstrap,0.02745723293730931,0.12276093869995966,1.0,0.24552187739991932,19.0
PM25,120,Target Risk (L),Unweighted,0.0016142679340325214,0.0030242264301999096,1.0,0.00604845286039982,96.0
PM25,120,Target Risk (L),Nominal n,0.003065356546676656,0.004123188991021341,1.0,0.008246377982042682,96.0
PM25,120,Target Risk (L),Input neff,0.003065356546676656,0.008504120513664266,1.0,0.017008241027328532,22.56726372828343
PM25,120,Target Risk (L),GP neff [Ours],0.003065356546676656,0.008208869036483431,1.0,0.016417738072966863,24.219828425499117
PM25,120,Target Risk (L),Block-Bootstrap,0.003065356546676656,0.01248564588638657,1.0,0.02497129177277314,19.0
PM25,121,Target Mean (Y),Unweighted,0.02617980637518709,0.01469948427813086,0.0,0.4886118524385113,96.0
PM25,121,Target Mean (Y),Nominal n,0.07148154941830025,0.019651708357400016,0.0,2.112497059150809,96.0
PM25,121,Target Mean (Y),Input neff,0.07148154941830025,0.021936347881808482,0.0,2.0256807572232876,77.04477727437866
PM25,121,Target Mean (Y),GP neff [Ours],0.07148154941830025,0.023047277150480383,0.0,1.9834654450137554,69.7963328309607
PM25,121,Target Mean (Y),Block-Bootstrap,0.07148154941830025,0.026397207044089,0.0,1.442102286776592,19.0
PM25,121,Target Risk (L),Unweighted,0.002883902985446686,0.003273966374409397,1.0,0.0065479327488187945,96.0
PM25,121,Target Risk (L),Nominal n,0.016887484411798475,0.022672625889935516,1.0,0.04534525177987103,96.0
PM25,121,Target Risk (L),Input neff,0.016887484411798475,0.02530846681980399,1.0,0.05061693363960798,77.04477727437866
PM25,121,Target Risk (L),GP neff [Ours],0.016887484411798475,0.025953957689705702,1.0,0.051907915379411404,73.26013125435158
PM25,121,Target Risk (L),Block-Bootstrap,0.016887484411798475,0.024224804591392812,1.0,0.048449609182785625,19.0
PM25,122,Target Mean (Y),Unweighted,0.05213965342848026,0.01297745253907734,0.0,1.5924429406542715,96.0
PM25,122,Target Mean (Y),Nominal n,0.036390622963226094,0.029415309080762307,0.0,0.3378431734600758,96.0
PM25,122,Target Mean (Y),Input neff,0.036390622963226094,0.06790558717785004,1.0,0.13581117435570011,18.013870960306754
PM25,122,Target Mean (Y),GP neff [Ours],0.036390622963226094,0.06133127894468885,1.0,0.12266255788937769,22.082794090235534
PM25,122,Target Mean (Y),Block-Bootstrap,0.036390622963226094,0.031998856988739055,0.0,0.3634347264236846,19.0
PM25,122,Target Risk (L),Unweighted,0.001690992249315404,0.0005539999282167367,0.0,0.04658769270038017,96.0
PM25,122,Target Risk (L),Nominal n,0.002505669024374326,0.0006616902300193001,0.0,0.07508253223423965,96.0
PM25,122,Target Risk (L),Input neff,0.002505669024374326,0.0015275196828950944,0.0,0.042181013024959454,18.013870960306754
PM25,122,Target Risk (L),GP neff [Ours],0.002505669024374326,0.0012514952092344005,0.0,0.052669943024065836,26.83627877257536
PM25,122,Target Risk (L),Block-Bootstrap,0.002505669024374326,0.0006226164006269875,0.0,0.07867817756875793,19.0
PM25,123,Target Mean (Y),Unweighted,0.03289998679226662,0.015350119405578764,0.0,0.7326949342786714,96.0
PM25,123,Target Mean (Y),Nominal n,0.08213307787424476,0.028331935607150704,0.0,2.2087095618980634,96.0
PM25,123,Target Mean (Y),Input neff,0.08213307787424476,0.049936570481345824,0.0,1.387733436678649,30.901979465610562
PM25,123,Target Mean (Y),GP neff [Ours],0.08213307787424476,0.04241359536233818,0.0,1.6736064912009394,42.83645743757421
PM25,123,Target Mean (Y),Block-Bootstrap,0.08213307787424476,0.040055162578156264,0.0,1.1617647900949686,19.0
PM25,123,Target Risk (L),Unweighted,0.0010773132019314315,0.00242088271981419,1.0,0.00484176543962838,96.0
PM25,123,Target Risk (L),Nominal n,0.008120965342088823,0.0126203368500491,1.0,0.0252406737000982,96.0
PM25,123,Target Risk (L),Input neff,0.008120965342088823,0.022244027000108753,1.0,0.044488054000217506,30.901979465610562
PM25,123,Target Risk (L),GP neff [Ours],0.008120965342088823,0.021621049579100625,1.0,0.04324209915820125,32.70842117687606
PM25,123,Target Risk (L),Block-Bootstrap,0.008120965342088823,0.013211960913031938,1.0,0.026423921826063877,19.0
PM25,124,Target Mean (Y),Unweighted,0.009822583002084911,0.023601771781971127,1.0,0.04720354356394224,96.0
PM25,124,Target Mean (Y),Nominal n,0.04590986249034895,0.0815404533563403,1.0,0.1630809067126806,96.0
PM25,124,Target Mean (Y),Input neff,0.04590986249034895,0.17456529946567972,1.0,0.34913059893135945,20.946026129884594
PM25,124,Target Mean (Y),GP neff [Ours],0.04590986249034895,0.1589243421761776,1.0,0.31784868435235525,25.2718265174466
PM25,124,Target Mean (Y),Block-Bootstrap,0.04590986249034895,0.09606298429203154,1.0,0.19212596858406308,19.0
PM25,124,Target Risk (L),Unweighted,0.0007712482295517296,0.001872506304898107,1.0,0.003745012609796214,96.0
PM25,124,Target Risk (L),Nominal n,0.0011498005102860047,0.00270001524449471,1.0,0.00540003048898942,96.0
PM25,124,Target Risk (L),Input neff,0.0011498005102860047,0.005780308427491352,1.0,0.011560616854982702,20.946026129884594
PM25,124,Target Risk (L),GP neff [Ours],0.0011498005102860047,0.005262395889826235,1.0,0.01052479177965247,25.2718265174466
PM25,124,Target Risk (L),Block-Bootstrap,0.0011498005102860047,0.0025904783366888402,1.0,0.0051809566733776805,19.0
PM25,125,Target Mean (Y),Unweighted,0.014756940913909916,0.014875467091957261,1.0,0.029750934183914515,96.0
PM25,125,Target Mean (Y),Nominal n,0.06075383653957839,0.03233212967708496,0.0,1.2015325338539071,96.0
PM25,125,Target Mean (Y),Input neff,0.06075383653957839,0.05881066616853729,0.0,0.19534814717871785,29.01533969190423
PM25,125,Target Mean (Y),GP neff [Ours],0.06075383653957839,0.04388147927964832,0.0,0.7626572489564999,52.116751513091224
PM25,125,Target Mean (Y),Block-Bootstrap,0.06075383653957839,0.041876756889832126,0.0,0.8991078617627697,19.0
PM25,125,Target Risk (L),Unweighted,0.0016727295658646212,0.002306584050804369,1.0,0.004613168101608738,96.0
PM25,125,Target Risk (L),Nominal n,0.008650578305803971,0.014047540810463763,1.0,0.028095081620927526,96.0
PM25,125,Target Risk (L),Input neff,0.008650578305803971,0.025551834702636667,1.0,0.05110366940527333,29.01533969190423
PM25,125,Target Risk (L),GP neff [Ours],0.008650578305803971,0.02481304684214405,1.0,0.0496260936842881,30.768877103836683
PM25,125,Target Risk (L),Block-Bootstrap,0.008650578305803971,0.020503494782447968,1.0,0.041006989564895936,19.0
PM25,126,Target Mean (Y),Unweighted,0.009051117751101984,0.01854670396737235,1.0,0.03709340793474469,96.0
PM25,126,Target Mean (Y),Nominal n,0.033483772434767356,0.04659778231323269,1.0,0.09319556462646539,96.0
PM25,126,Target Mean (Y),Input neff,0.033483772434767356,0.08863527103633052,1.0,0.17727054207266102,26.533135525060878
PM25,126,Target Mean (Y),GP neff [Ours],0.033483772434767356,0.07880878498190573,1.0,0.1576175699638115,33.56235800151841
PM25,126,Target Mean (Y),Block-Bootstrap,0.033483772434767356,0.047486969910327415,1.0,0.09497393982065483,19.0
PM25,126,Target Risk (L),Unweighted,0.0014771026197048683,0.0021537007409351814,1.0,0.004307401481870364,96.0
PM25,126,Target Risk (L),Nominal n,0.0027537301223774565,0.01060077991354559,1.0,0.02120155982709118,96.0
PM25,126,Target Risk (L),Input neff,0.0027537301223774565,0.020164114131388102,1.0,0.040328228262776204,26.533135525060878
PM25,126,Target Risk (L),GP neff [Ours],0.0027537301223774565,0.019223955094059456,1.0,0.03844791018811891,29.191834121457827
PM25,126,Target Risk (L),Block-Bootstrap,0.0027537301223774565,0.007643318212610776,1.0,0.015286636425221552,19.0
PM25,127,Target Mean (Y),Unweighted,0.0194531965750558,0.016765750215747107,0.0,0.14102935480384238,96.0
PM25,127,Target Mean (Y),Nominal n,0.003995226986937994,0.06398893452353627,1.0,0.12797786904707253,96.0
PM25,127,Target Mean (Y),Input neff,0.003995226986937994,0.08779309053765895,1.0,0.17558618107531787,50.99884207237648
PM25,127,Target Mean (Y),GP neff [Ours],0.003995226986937994,0.0835200438151629,1.0,0.1670400876303258,56.3507322269503
PM25,127,Target Mean (Y),Block-Bootstrap,0.003995226986937994,0.039305936515227034,1.0,0.07861187303045407,19.0
PM25,127,Target Risk (L),Unweighted,0.0002437634786984096,0.0017591885290291008,1.0,0.003518377058058201,96.0
PM25,127,Target Risk (L),Nominal n,0.002600049925272005,0.006204930139244738,1.0,0.012409860278489476,96.0
PM25,127,Target Risk (L),Input neff,0.002600049925272005,0.008513190562568178,1.0,0.017026381125136356,50.99884207237648
PM25,127,Target Risk (L),GP neff [Ours],0.002600049925272005,0.008454365003788359,1.0,0.016908730007576717,51.71101206248862
PM25,127,Target Risk (L),Block-Bootstrap,0.002600049925272005,0.009424401784079682,1.0,0.018848803568159364,19.0
PM25,128,Target Mean (Y),Unweighted,0.026510442596723638,0.02527745052541747,0.0,0.09987458390308179,96.0
PM25,128,Target Mean (Y),Nominal n,0.006367066988193615,0.11237406069222691,1.0,0.22474812138445385,96.0
PM25,128,Target Mean (Y),Input neff,0.006367066988193615,0.17766333678218013,1.0,0.3553266735643602,38.40676721352605
PM25,128,Target Mean (Y),GP neff [Ours],0.006367066988193615,0.17092071953633903,1.0,0.34184143907267805,41.4967378656141
PM25,128,Target Mean (Y),Block-Bootstrap,0.006367066988193615,0.13375632391510656,1.0,0.2675126478302131,19.0
PM25,128,Target Risk (L),Unweighted,0.0004015323908250295,0.0012829261799245067,1.0,0.002565852359849013,96.0
PM25,128,Target Risk (L),Nominal n,0.0022485904544270255,0.006457061011247008,1.0,0.012914122022494015,96.0
PM25,128,Target Risk (L),Input neff,0.0022485904544270255,0.010208610403482678,1.0,0.020417220806965355,38.40676721352605
PM25,128,Target Risk (L),GP neff [Ours],0.0022485904544270255,0.009591165772694605,1.0,0.01918233154538921,43.51091520169852
PM25,128,Target Risk (L),Block-Bootstrap,0.0022485904544270255,0.006036914312857286,1.0,0.012073828625714572,19.0
PM25,129,Target Mean (Y),Unweighted,0.0524407131278356,0.029298541068791612,0.0,0.9842839644993424,96.0
PM25,129,Target Mean (Y),Nominal n,0.03040232206912491,0.09680931968389983,1.0,0.19361863936779966,96.0
PM25,129,Target Mean (Y),Input neff,0.03040232206912491,0.19657056633720957,1.0,0.3931411326744191,23.284589807075545
PM25,129,Target Mean (Y),GP neff [Ours],0.03040232206912491,0.17924865119976816,1.0,0.35849730239953626,28.002304677221634
PM25,129,Target Mean (Y),Block-Bootstrap,0.03040232206912491,0.10915907290248403,1.0,0.21831814580496806,19.0
PM25,129,Target Risk (L),Unweighted,0.0010629118241321373,0.0018985014336084095,1.0,0.0037970028672168186,96.0
PM25,129,Target Risk (L),Nominal n,0.0017438850567083487,0.007961194423737284,1.0,0.01592238884747457,96.0
PM25,129,Target Risk (L),Input neff,0.0017438850567083487,0.01616514300177377,1.0,0.03233028600354754,23.284589807075545
PM25,129,Target Risk (L),GP neff [Ours],0.0017438850567083487,0.012326146922039798,1.0,0.024652293844079597,40.04727898772527
PM25,129,Target Risk (L),Block-Bootstrap,0.0017438850567083487,0.008194554206960549,1.0,0.016389108413921098,19.0
PM25,130,Target Mean (Y),Unweighted,0.04836172444837317,0.029219697027282675,0.0,0.8241204908981854,96.0
PM25,130,Target Mean (Y),Nominal n,0.05596257060175586,0.1157314904655816,1.0,0.23146298093116316,96.0
PM25,130,Target Mean (Y),Input neff,0.05596257060175586,0.2166874051342432,1.0,0.43337481026848634,27.384636963055506
PM25,130,Target Mean (Y),GP neff [Ours],0.05596257060175586,0.19638984214809765,1.0,0.39277968429619536,33.337749846522556
PM25,130,Target Mean (Y),Block-Bootstrap,0.05596257060175586,0.17355483717048933,1.0,0.34710967434097867,19.0
PM25,130,Target Risk (L),Unweighted,0.0012384696155492174,0.0018736957328514612,1.0,0.003747391465702923,96.0
PM25,130,Target Risk (L),Nominal n,0.00040401468391520513,0.0026628541394835277,1.0,0.0053257082789670545,96.0
PM25,130,Target Risk (L),Input neff,0.00040401468391520513,0.004985738552354208,1.0,0.009971477104708417,27.384636963055506
PM25,130,Target Risk (L),GP neff [Ours],0.00040401468391520513,0.0033508526997480404,1.0,0.006701705399496081,60.62549745976833
PM25,130,Target Risk (L),Block-Bootstrap,0.00040401468391520513,0.003397581358901989,1.0,0.006795162717803978,19.0
PM25,131,Target Mean (Y),Unweighted,0.04541363417059538,0.029263366388088862,0.0,0.7045374440764388,96.0
PM25,131,Target Mean (Y),Nominal n,0.04843695684535493,0.11025367529112398,1.0,0.220507350582248,96.0
PM25,131,Target Mean (Y),Input neff,0.04843695684535493,0.20008899224055673,1.0,0.4001779844811134,29.14814963398543
PM25,131,Target Mean (Y),GP neff [Ours],0.04843695684535493,0.18430349987278924,1.0,0.3686069997455784,34.35502107037434
PM25,131,Target Mean (Y),Block-Bootstrap,0.04843695684535493,0.1701741662479942,1.0,0.3403483324959884,19.0
PM25,131,Target Risk (L),Unweighted,0.0012160041358127305,0.0018753495039610711,1.0,0.003750699007922142,96.0
PM25,131,Target Risk (L),Nominal n,0.00118352155931805,0.0023749362816487558,1.0,0.0047498725632975115,96.0
PM25,131,Target Risk (L),Input neff,0.00118352155931805,0.004310047769163942,1.0,0.008620095538327883,29.14814963398543
PM25,131,Target Risk (L),GP neff [Ours],0.00118352155931805,0.00324749761986314,1.0,0.00649499523972628,51.34255471227414
PM25,131,Target Risk (L),Block-Bootstrap,0.00118352155931805,0.002999473598347146,1.0,0.005998947196694292,19.0
PM25,132,Target Mean (Y),Unweighted,0.010667621808704175,0.021528333856716493,1.0,0.04305666771343297,96.0
PM25,132,Target Mean (Y),Nominal n,0.036896462354843784,0.06977516770897796,1.0,0.13955033541795592,96.0
PM25,132,Target Mean (Y),Input neff,0.036896462354843784,0.1323073689969091,1.0,0.2646147379938182,26.699611640839198
PM25,132,Target Mean (Y),GP neff [Ours],0.036896462354843784,0.12002589825704416,1.0,0.24005179651408828,32.44315499485425
PM25,132,Target Mean (Y),Block-Bootstrap,0.036896462354843784,0.08440242175474648,1.0,0.16880484350949296,19.0
PM25,132,Target Risk (L),Unweighted,0.0007476896225140119,0.002052984060427927,1.0,0.004105968120855853,96.0
PM25,132,Target Risk (L),Nominal n,0.0010628993930614592,0.0015952455414404393,1.0,0.0031904910828808785,96.0
PM25,132,Target Risk (L),Input neff,0.0010628993930614592,0.003024897645138541,1.0,0.006049795290277082,26.699611640839198
PM25,132,Target Risk (L),GP neff [Ours],0.0010628993930614592,0.002704348113626785,1.0,0.005408696227253569,33.40420361889603
PM25,132,Target Risk (L),Block-Bootstrap,0.0010628993930614592,0.0020598618452007853,1.0,0.004119723690401571,19.0
PM25,133,Target Mean (Y),Unweighted,0.051498854817369114,0.013346108042261056,0.0,1.5528020870888444,96.0
PM25,133,Target Mean (Y),Nominal n,0.04354468308873499,0.0327141449609911,0.0,0.49864981503173816,96.0
PM25,133,Target Mean (Y),Input neff,0.04354468308873499,0.07803111824273957,1.0,0.15606223648547912,16.873559961851797
PM25,133,Target Mean (Y),GP neff [Ours],0.04354468308873499,0.07029971510929132,1.0,0.14059943021858268,20.78907904323992
PM25,133,Target Mean (Y),Block-Bootstrap,0.04354468308873499,0.05662319939841111,1.0,0.11324639879682222,19.0
PM25,133,Target Risk (L),Unweighted,0.0015792812377447318,0.0005869563765920171,0.0,0.04086690719929261,96.0
PM25,133,Target Risk (L),Nominal n,0.002768129757731126,0.00048125724224914047,0.0,0.09243741510377772,96.0
PM25,133,Target Risk (L),Input neff,0.002768129757731126,0.00114791448224908,0.0,0.06710443998378,16.873559961851797
PM25,133,Target Risk (L),GP neff [Ours],0.002768129757731126,0.0009360727459494535,0.0,0.07515442596316581,25.37503135753455
PM25,133,Target Risk (L),Block-Bootstrap,0.002768129757731126,0.0009573336166447744,0.0,0.053145833107586624,19.0
PM25,134,Target Mean (Y),Unweighted,0.020475615853365103,0.02277417257747271,1.0,0.045548345154945435,96.0
PM25,134,Target Mean (Y),Nominal n,0.02868108684555898,0.07824916614483249,1.0,0.156498332289665,96.0
PM25,134,Target Mean (Y),Input neff,0.02868108684555898,0.1316163332269909,1.0,0.2632326664539818,33.932127854089956
PM25,134,Target Mean (Y),GP neff [Ours],0.02868108684555898,0.1199481126226102,1.0,0.23989622524522036,40.85486991152392
PM25,134,Target Mean (Y),Block-Bootstrap,0.02868108684555898,0.10063451642175444,1.0,0.2012690328435089,19.0
PM25,134,Target Risk (L),Unweighted,0.0006171665232483311,0.0018996652360616824,1.0,0.003799330472123365,96.0
PM25,134,Target Risk (L),Nominal n,0.001505188387627338,0.00149042523347438,0.0,0.0035713766330670747,96.0
PM25,134,Target Risk (L),Input neff,0.001505188387627338,0.0025069187806525182,1.0,0.0050138375613050365,33.932127854089956
PM25,134,Target Risk (L),GP neff [Ours],0.001505188387627338,0.0021503065843684883,1.0,0.004300613168736977,46.12016506504301
PM25,134,Target Risk (L),Block-Bootstrap,0.001505188387627338,0.001356221877119433,0.0,0.005600516776108464,19.0
PM25,135,Target Mean (Y),Unweighted,0.01845784176661744,0.016518954270758827,0.0,0.11059340837586185,96.0
PM25,135,Target Mean (Y),Nominal n,0.012664043045944318,0.05989943646269699,1.0,0.11979887292539398,96.0
PM25,135,Target Mean (Y),Input neff,0.012664043045944318,0.05989943646269699,1.0,0.11979887292539398,96.0
PM25,135,Target Mean (Y),GP neff [Ours],0.012664043045944318,0.05989943646269699,1.0,0.11979887292539398,96.0
PM25,135,Target Mean (Y),Block-Bootstrap,0.012664043045944318,0.06416847540070483,1.0,0.12833695080140967,19.0
PM25,135,Target Risk (L),Unweighted,0.00025052204807316045,0.0016120512977941804,1.0,0.003224102595588361,96.0
PM25,135,Target Risk (L),Nominal n,0.0010546756490220572,0.005956751853029887,1.0,0.011913503706059776,96.0
PM25,135,Target Risk (L),Input neff,0.0010546756490220572,0.005956751853029887,1.0,0.011913503706059776,96.0
PM25,135,Target Risk (L),GP neff [Ours],0.0010546756490220572,0.005956751853029887,1.0,0.011913503706059776,96.0
PM25,135,Target Risk (L),Block-Bootstrap,0.0010546756490220572,0.009583725107913601,1.0,0.019167450215827202,19.0
PM25,136,Target Mean (Y),Unweighted,0.0083234247856033,0.017216589101346925,1.0,0.03443317820269386,96.0
PM25,136,Target Mean (Y),Nominal n,0.04181779206430203,0.038321503798403336,0.0,0.21649453823275489,96.0
PM25,136,Target Mean (Y),Input neff,0.04181779206430203,0.04663462732311544,1.0,0.09326925464623087,64.82451831789443
PM25,136,Target Mean (Y),GP neff [Ours],0.04181779206430203,0.046216377321599125,1.0,0.09243275464319824,66.00312814074732
PM25,136,Target Mean (Y),Block-Bootstrap,0.04181779206430203,0.027928676030819798,0.0,0.6440541943285166,19.0
PM25,136,Target Risk (L),Unweighted,0.0007744081597830564,0.0022318761940739143,1.0,0.004463752388147828,96.0
PM25,136,Target Risk (L),Nominal n,0.0024155453024204175,0.007370728695517702,1.0,0.014741457391035401,96.0
PM25,136,Target Risk (L),Input neff,0.0024155453024204175,0.008969668508404997,1.0,0.017939337016809994,64.82451831789443
PM25,136,Target Risk (L),GP neff [Ours],0.0024155453024204175,0.009003116487864345,1.0,0.01800623297572869,64.3437466943176
PM25,136,Target Risk (L),Block-Bootstrap,0.0024155453024204175,0.01139501468115532,1.0,0.02279002936231064,19.0
PM25,137,Target Mean (Y),Unweighted,0.0050253622687007615,0.021870785296702246,1.0,0.0437415705934045,96.0
PM25,137,Target Mean (Y),Nominal n,0.02602048077791183,0.07483565917301192,1.0,0.14967131834602382,96.0
PM25,137,Target Mean (Y),Input neff,0.02602048077791183,0.17851112513996423,1.0,0.35702225027992845,16.87166079010376
PM25,137,Target Mean (Y),GP neff [Ours],0.02602048077791183,0.15876438689463984,1.0,0.3175287737892797,21.329576305600106
PM25,137,Target Mean (Y),Block-Bootstrap,0.02602048077791183,0.11117906185957716,1.0,0.2223581237191543,19.0
PM25,137,Target Risk (L),Unweighted,0.0002093271662074853,0.0022683430236478115,1.0,0.004536686047295623,96.0
PM25,137,Target Risk (L),Nominal n,0.002964895501888801,0.0037042296429790613,1.0,0.007408459285958122,96.0
PM25,137,Target Risk (L),Input neff,0.002964895501888801,0.00883597750928165,1.0,0.0176719550185633,16.87166079010376
PM25,137,Target Risk (L),GP neff [Ours],0.002964895501888801,0.006890880494032899,1.0,0.013781760988065796,27.74071192284951
PM25,137,Target Risk (L),Block-Bootstrap,0.002964895501888801,0.005059366552054518,1.0,0.010118733104109035,19.0
PM25,138,Target Mean (Y),Unweighted,0.0010533880623515846,0.019639652597671958,1.0,0.039279305195343894,96.0
PM25,138,Target Mean (Y),Nominal n,0.02085332862708794,0.07124624000757766,1.0,0.14249248001515535,96.0
PM25,138,Target Mean (Y),Input neff,0.02085332862708794,0.1688824020926034,1.0,0.3377648041852068,17.085446668521787
PM25,138,Target Mean (Y),GP neff [Ours],0.02085332862708794,0.14952679649005596,1.0,0.2990535929801119,21.795010083081902
PM25,138,Target Mean (Y),Block-Bootstrap,0.02085332862708794,0.08769123613406365,1.0,0.1753824722681273,19.0
PM25,138,Target Risk (L),Unweighted,0.001076370583402882,0.0007485356195332392,0.0,0.014610469793852193,96.0
PM25,138,Target Risk (L),Nominal n,0.0014130128582379824,0.003530105950514236,1.0,0.007060211901028473,96.0
PM25,138,Target Risk (L),Input neff,0.0014130128582379824,0.008367778741738918,1.0,0.016735557483477836,17.085446668521787
PM25,138,Target Risk (L),GP neff [Ours],0.0014130128582379824,0.007530876946067592,1.0,0.015061753892135184,21.093838221432133
PM25,138,Target Risk (L),Block-Bootstrap,0.0014130128582379824,0.004080472052874954,1.0,0.008160944105749909,19.0
PM25,139,Target Mean (Y),Unweighted,0.013170672945559153,0.01675111429706842,1.0,0.03350222859413683,96.0
PM25,139,Target Mean (Y),Nominal n,0.028569285161604632,0.06100008242952521,1.0,0.12200016485905044,96.0
PM25,139,Target Mean (Y),Input neff,0.028569285161604632,0.08728857896436369,1.0,0.17457715792872738,46.883198210079456
PM25,139,Target Mean (Y),GP neff [Ours],0.028569285161604632,0.080552083735705,1.0,0.16110416747141,55.05268666952913
PM25,139,Target Mean (Y),Block-Bootstrap,0.028569285161604632,0.06934098378254161,1.0,0.13868196756508322,19.0
PM25,139,Target Risk (L),Unweighted,0.0013346550329243877,0.0023280743052213754,1.0,0.004656148610442751,96.0
PM25,139,Target Risk (L),Nominal n,0.002749430673441987,0.009004327343582705,1.0,0.01800865468716541,96.0
PM25,139,Target Risk (L),Input neff,0.002749430673441987,0.01288481764363766,1.0,0.02576963528727532,46.883198210079456
PM25,139,Target Risk (L),GP neff [Ours],0.002749430673441987,0.012716970866178815,1.0,0.02543394173235763,48.1289547923911
PM25,139,Target Risk (L),Block-Bootstrap,0.002749430673441987,0.010585302100452724,1.0,0.021170604200905448,19.0
PM25,140,Target Mean (Y),Unweighted,0.027900543187875437,0.02411420649529251,0.0,0.19968188069390247,96.0
PM25,140,Target Mean (Y),Nominal n,0.008381095510290315,0.1215367012023406,1.0,0.24307340240468123,96.0
PM25,140,Target Mean (Y),Input neff,0.008381095510290315,0.22419043865201171,1.0,0.44838087730402343,28.21317406797419
PM25,140,Target Mean (Y),GP neff [Ours],0.008381095510290315,0.21215686651027987,1.0,0.42431373302055975,31.50445252913825
PM25,140,Target Mean (Y),Block-Bootstrap,0.008381095510290315,0.1820276757312809,1.0,0.3640553514625618,19.0
PM25,140,Target Risk (L),Unweighted,0.0005459997618502232,0.0011960984663965544,1.0,0.0023921969327931085,96.0
PM25,140,Target Risk (L),Nominal n,0.0006630360162088456,0.003981100087273856,1.0,0.007962200174547712,96.0
PM25,140,Target Risk (L),Input neff,0.0006630360162088456,0.007343662992774228,1.0,0.014687325985548456,28.21317406797419
PM25,140,Target Risk (L),GP neff [Ours],0.0006630360162088456,0.006810540166878009,1.0,0.013621080333756018,32.803056204019065
PM25,140,Target Risk (L),Block-Bootstrap,0.0006630360162088456,0.004108073297381186,1.0,0.008216146594762372,19.0
PM25,141,Target Mean (Y),Unweighted,0.01572577004748066,0.01685949494746678,1.0,0.03371898989493355,96.0
PM25,141,Target Mean (Y),Nominal n,0.015335833752720962,0.05650322234333996,1.0,0.11300644468667992,96.0
PM25,141,Target Mean (Y),Input neff,0.015335833752720962,0.08649852693545203,1.0,0.17299705387090403,40.96380047582284
PM25,141,Target Mean (Y),GP neff [Ours],0.015335833752720962,0.07941365002047698,1.0,0.15882730004095397,48.59900189642259
PM25,141,Target Mean (Y),Block-Bootstrap,0.015335833752720962,0.07191569442504706,1.0,0.1438313888500941,19.0
PM25,141,Target Risk (L),Unweighted,0.0008466028148669796,0.0024333425881221554,1.0,0.004866685176244312,96.0
PM25,141,Target Risk (L),Nominal n,0.0007229418144534239,0.004144031917043742,1.0,0.008288063834087483,96.0
PM25,141,Target Risk (L),Input neff,0.0007229418144534239,0.006343932992346086,1.0,0.012687865984692173,40.96380047582284
PM25,141,Target Risk (L),GP neff [Ours],0.0007229418144534239,0.006260157534040665,1.0,0.01252031506808133,42.06751826898898
PM25,141,Target Risk (L),Block-Bootstrap,0.0007229418144534239,0.005338435981060717,1.0,0.010676871962121434,19.0
PM25,142,Target Mean (Y),Unweighted,0.027900842790133454,0.017925729531419857,0.0,0.43485598941138315,96.0
PM25,142,Target Mean (Y),Nominal n,0.05055478835798846,0.04250884729422851,0.0,0.40685533713885474,96.0
PM25,142,Target Mean (Y),Input neff,0.05055478835798846,0.0741895799056531,1.0,0.14837915981130617,31.51694153334549
PM25,142,Target Mean (Y),GP neff [Ours],0.05055478835798846,0.06998792700484975,1.0,0.13997585400969953,35.41470508001918
PM25,142,Target Mean (Y),Block-Bootstrap,0.05055478835798846,0.01557606517814994,0.0,1.583175321209098,19.0
PM25,142,Target Risk (L),Unweighted,0.0013362527589837498,0.0005873348226158071,0.0,0.031131387099949327,96.0
PM25,142,Target Risk (L),Nominal n,0.0005283829543934514,0.003415930693013069,1.0,0.006831861386026138,96.0
PM25,142,Target Risk (L),Input neff,0.0005283829543934514,0.005961734538397472,1.0,0.011923469076794944,31.51694153334549
PM25,142,Target Risk (L),GP neff [Ours],0.0005283829543934514,0.005363384519342971,1.0,0.01072676903868594,38.94139147314685
PM25,142,Target Risk (L),Block-Bootstrap,0.0005283829543934514,0.0024337609875146266,1.0,0.004867521975029253,19.0
PM25,143,Target Mean (Y),Unweighted,0.02095303886749078,0.03581081481298936,1.0,0.07162162962597873,96.0
PM25,143,Target Mean (Y),Nominal n,0.004706919548444322,0.11364306285981324,1.0,0.22728612571962648,96.0
PM25,143,Target Mean (Y),Input neff,0.004706919548444322,0.229216214251532,1.0,0.458432428503064,23.597523239109723
PM25,143,Target Mean (Y),GP neff [Ours],0.004706919548444322,0.21269715611482998,1.0,0.42539431222965995,27.40524739700596
PM25,143,Target Mean (Y),Block-Bootstrap,0.004706919548444322,0.17627707858572694,1.0,0.3525541571714539,19.0
PM25,143,Target Risk (L),Unweighted,0.001973294456322743,0.002426647122897575,1.0,0.004853294245795149,96.0
PM25,143,Target Risk (L),Nominal n,0.004507736862318894,0.009897762967325918,1.0,0.019795525934651836,96.0
PM25,143,Target Risk (L),Input neff,0.004507736862318894,0.019963627341935453,1.0,0.03992725468387091,23.597523239109723
PM25,143,Target Risk (L),GP neff [Ours],0.004507736862318894,0.01872133865164801,1.0,0.03744267730329602,26.833142221883698
PM25,143,Target Risk (L),Block-Bootstrap,0.004507736862318894,0.0180518473579921,1.0,0.0361036947159842,19.0
PM25,144,Target Mean (Y),Unweighted,0.04313779451793934,0.03667670667805471,0.0,0.33179692695149493,96.0
PM25,144,Target Mean (Y),Nominal n,0.006707420640081396,0.10992266882562939,1.0,0.2198453376512588,96.0
PM25,144,Target Mean (Y),Input neff,0.006707420640081396,0.27495769628598327,1.0,0.5499153925719665,15.343131259769722
PM25,144,Target Mean (Y),GP neff [Ours],0.006707420640081396,0.24714869381609883,1.0,0.49429738763219766,18.99018179045699
PM25,144,Target Mean (Y),Block-Bootstrap,0.006707420640081396,0.11342431959538771,1.0,0.22684863919077541,19.0
PM25,144,Target Risk (L),Unweighted,0.001880997672088762,0.0024260981796127476,1.0,0.004852196359225494,96.0
PM25,144,Target Risk (L),Nominal n,0.0061387764969680235,0.010268279597643813,1.0,0.02053655919528763,96.0
PM25,144,Target Risk (L),Input neff,0.0061387764969680235,0.02568480672050622,1.0,0.05136961344101244,15.343131259769722
PM25,144,Target Risk (L),GP neff [Ours],0.0061387764969680235,0.023087065820080032,1.0,0.04617413164016007,18.99018179045699
PM25,144,Target Risk (L),Block-Bootstrap,0.0061387764969680235,0.01063826240027957,1.0,0.02127652480055914,19.0
PM25,145,Target Mean (Y),Unweighted,0.017460107362688965,0.015245020658450473,0.0,0.11909350948644008,96.0
PM25,145,Target Mean (Y),Nominal n,0.0025969854856939256,0.06918587266977662,1.0,0.1383717453395532,96.0
PM25,145,Target Mean (Y),Input neff,0.0025969854856939256,0.1095044975537751,1.0,0.21900899510755023,38.32147050686117
PM25,145,Target Mean (Y),GP neff [Ours],0.0025969854856939256,0.09987871537781881,1.0,0.19975743075563762,46.06384474033551
PM25,145,Target Mean (Y),Block-Bootstrap,0.0025969854856939256,0.071435319037347,1.0,0.142870638074694,19.0
PM25,145,Target Risk (L),Unweighted,0.0006938531551662309,0.0024362932450153773,1.0,0.004872586490030754,96.0
PM25,145,Target Risk (L),Nominal n,4.309313591202872e-05,0.004367055723203579,1.0,0.008734111446407159,96.0
PM25,145,Target Risk (L),Input neff,4.309313591202872e-05,0.006911992641059072,1.0,0.013823985282118144,38.32147050686117
PM25,145,Target Risk (L),GP neff [Ours],4.309313591202872e-05,0.006792133875865781,1.0,0.013584267751731561,39.68589921816853
PM25,145,Target Risk (L),Block-Bootstrap,4.309313591202872e-05,0.00573190750281254,1.0,0.01146381500562508,19.0
PM25,146,Target Mean (Y),Unweighted,0.008693199139988034,0.020784536739275078,1.0,0.041569073478550156,96.0
PM25,146,Target Mean (Y),Nominal n,0.007248653013450124,0.08123445876944303,1.0,0.16246891753888604,96.0
PM25,146,Target Mean (Y),Input neff,0.007248653013450124,0.17156490708220848,1.0,0.343129814164417,21.522608053215723
PM25,146,Target Mean (Y),GP neff [Ours],0.007248653013450124,0.15128267260887,1.0,0.3025653452177399,27.680468668342844
PM25,146,Target Mean (Y),Block-Bootstrap,0.007248653013450124,0.056039349588016193,1.0,0.11207869917603239,19.0
PM25,146,Target Risk (L),Unweighted,0.0015619303482536095,0.0023620405363587362,1.0,0.0047240810727174724,96.0
PM25,146,Target Risk (L),Nominal n,0.006530595251457295,0.011496142229930981,1.0,0.022992284459861963,96.0
PM25,146,Target Risk (L),Input neff,0.006530595251457295,0.024279531166444733,1.0,0.048559062332889466,21.522608053215723
PM25,146,Target Risk (L),GP neff [Ours],0.006530595251457295,0.023411285274141203,1.0,0.04682257054828241,23.148613056203946
PM25,146,Target Risk (L),Block-Bootstrap,0.006530595251457295,0.012916578446824678,1.0,0.025833156893649355,19.0
PM25,147,Target Mean (Y),Unweighted,0.03243794505985613,0.021206319504151694,0.0,0.4916776612364814,96.0
PM25,147,Target Mean (Y),Nominal n,0.03863392507631236,0.05484990801257675,1.0,0.1096998160251535,96.0
PM25,147,Target Mean (Y),Input neff,0.03863392507631236,0.0998814734012219,1.0,0.19976294680244377,28.950306081559077
PM25,147,Target Mean (Y),GP neff [Ours],0.03863392507631236,0.09405917631324967,1.0,0.18811835262649934,32.645302530377286
PM25,147,Target Mean (Y),Block-Bootstrap,0.03863392507631236,0.04256028649120425,0.0,0.8359326758713382,19.0
PM25,147,Target Risk (L),Unweighted,0.0004876182005942365,0.001187889613182586,1.0,0.002375779226365172,96.0
PM25,147,Target Risk (L),Nominal n,0.002258831803586915,0.0008264198035695105,0.0,0.058949319607835206,96.0
PM25,147,Target Risk (L),Input neff,0.002258831803586915,0.0015049073119601996,0.0,0.03316679428898902,28.950306081559077
PM25,147,Target Risk (L),GP neff [Ours],0.002258831803586915,0.0014029391937393448,0.0,0.037041582781381505,33.311559731883136
PM25,147,Target Risk (L),Block-Bootstrap,0.002258831803586915,0.0011890746522763024,0.0,0.03296038410710964,19.0
PM25,148,Target Mean (Y),Unweighted,0.007274812016051707,0.022855982788896927,1.0,0.045711965577793834,96.0
PM25,148,Target Mean (Y),Nominal n,0.034306141588525046,0.08402950228645797,1.0,0.16805900457291595,96.0
PM25,148,Target Mean (Y),Input neff,0.034306141588525046,0.14571614507684813,1.0,0.29143229015369626,31.924159245665567
PM25,148,Target Mean (Y),GP neff [Ours],0.034306141588525046,0.13227211759496252,1.0,0.26454423518992504,38.74344213003638
PM25,148,Target Mean (Y),Block-Bootstrap,0.034306141588525046,0.06643551042134582,1.0,0.13287102084269165,19.0
PM25,148,Target Risk (L),Unweighted,0.0005321760087911025,0.0014721372100633301,1.0,0.0029442744201266602,96.0
PM25,148,Target Risk (L),Nominal n,0.0001380579346985356,0.0029846876055709447,1.0,0.005969375211141889,96.0
PM25,148,Target Risk (L),Input neff,0.0001380579346985356,0.005175767561490563,1.0,0.010351535122981126,31.924159245665567
PM25,148,Target Risk (L),GP neff [Ours],0.0001380579346985356,0.0044863829049040325,1.0,0.008972765809808065,42.488981722668555
PM25,148,Target Risk (L),Block-Bootstrap,0.0001380579346985356,0.002904198362710769,1.0,0.005808396725421538,19.0
PM25,149,Target Mean (Y),Unweighted,0.0004231797290182582,0.01942352454262365,1.0,0.03884704908524729,96.0
PM25,149,Target Mean (Y),Nominal n,0.01193479471218492,0.06526158116146245,1.0,0.13052316232292488,96.0
PM25,149,Target Mean (Y),Input neff,0.01193479471218492,0.14729492056913304,1.0,0.2945898411382661,18.84563933105875
PM25,149,Target Mean (Y),GP neff [Ours],0.01193479471218492,0.12898178451419468,1.0,0.25796356902838935,24.577044388865154
PM25,149,Target Mean (Y),Block-Bootstrap,0.01193479471218492,0.05242893291513338,1.0,0.10485786583026677,19.0
PM25,149,Target Risk (L),Unweighted,0.0006802404900709933,0.0011983163686312577,1.0,0.002396632737262515,96.0
PM25,149,Target Risk (L),Nominal n,0.004591273026665103,0.009368178417913306,1.0,0.018736356835826612,96.0
PM25,149,Target Risk (L),Input neff,0.004591273026665103,0.021143911492583344,1.0,0.04228782298516669,18.84563933105875
PM25,149,Target Risk (L),GP neff [Ours],0.004591273026665103,0.020357010749346354,1.0,0.04071402149869271,20.330755979657003
PM25,149,Target Risk (L),Block-Bootstrap,0.004591273026665103,0.00260518012549572,1.0,0.00521036025099144,19.0
PM25,150,Target Mean (Y),Unweighted,0.012772997839202382,0.017529526742024633,1.0,0.03505905348404925,96.0
PM25,150,Target Mean (Y),Nominal n,0.034491239140476915,0.0685145982576919,1.0,0.1370291965153838,96.0
PM25,150,Target Mean (Y),Input neff,0.034491239140476915,0.13076897175330163,1.0,0.26153794350660325,26.352877692181274
PM25,150,Target Mean (Y),GP neff [Ours],0.034491239140476915,0.11529078049090188,1.0,0.23058156098180377,33.90379439029208
PM25,150,Target Mean (Y),Block-Bootstrap,0.034491239140476915,0.08251993783803802,1.0,0.16503987567607603,19.0
PM25,150,Target Risk (L),Unweighted,0.0015636152304937595,0.0030201498104520798,1.0,0.00604029962090416,96.0
PM25,150,Target Risk (L),Nominal n,0.0008692422058934179,0.0033022954345796477,1.0,0.006604590869159295,96.0
PM25,150,Target Risk (L),Input neff,0.0008692422058934179,0.006302857922065124,1.0,0.012605715844130248,26.352877692181274
PM25,150,Target Risk (L),GP neff [Ours],0.0008692422058934179,0.006135232369598488,1.0,0.012270464739196976,27.812565368943183
PM25,150,Target Risk (L),Block-Bootstrap,0.0008692422058934179,0.006224803880357102,1.0,0.012449607760714205,19.0
PM25,151,Target Mean (Y),Unweighted,0.044460041967075314,0.014833392231523487,0.0,1.2147327738851204,96.0
PM25,151,Target Mean (Y),Nominal n,0.07007765470950941,0.05378981462471794,0.0,0.759093232641095,96.0
PM25,151,Target Mean (Y),Input neff,0.07007765470950941,0.09243974780457909,1.0,0.18487949560915817,32.50527347945217
PM25,151,Target Mean (Y),GP neff [Ours],0.07007765470950941,0.08372952017744428,1.0,0.16745904035488857,39.61996826385931
PM25,151,Target Mean (Y),Block-Bootstrap,0.07007765470950941,0.08141392354605156,1.0,0.16282784709210313,19.0
PM25,151,Target Risk (L),Unweighted,0.0006506756142245157,0.0011660616299210777,1.0,0.002332123259842155,96.0
PM25,151,Target Risk (L),Nominal n,0.0030709217679295176,0.009081065600233534,1.0,0.018162131200467068,96.0
PM25,151,Target Risk (L),Input neff,0.0030709217679295176,0.01560614067438475,1.0,0.0312122813487695,32.50527347945217
PM25,151,Target Risk (L),GP neff [Ours],0.0030709217679295176,0.01516745548194659,1.0,0.03033491096389318,34.412751717751156
PM25,151,Target Risk (L),Block-Bootstrap,0.0030709217679295176,0.00991063853420573,1.0,0.01982127706841146,19.0
PM25,152,Target Mean (Y),Unweighted,0.031036247674644635,0.035744583322634936,1.0,0.07148916664526989,96.0
PM25,152,Target Mean (Y),Nominal n,0.005543809346569922,0.09548868543172172,1.0,0.1909773708634434,96.0
PM25,152,Target Mean (Y),Input neff,0.005543809346569922,0.2472492101871127,1.0,0.4944984203742254,14.31875427641467
PM25,152,Target Mean (Y),GP neff [Ours],0.005543809346569922,0.2199083843877043,1.0,0.4398167687754086,18.100538117123616
PM25,152,Target Mean (Y),Block-Bootstrap,0.005543809346569922,0.08756837068510903,1.0,0.17513674137021806,19.0
PM25,152,Target Risk (L),Unweighted,0.00163558942620717,0.002429616064813875,1.0,0.004859232129627749,96.0
PM25,152,Target Risk (L),Nominal n,0.0017484982245054527,0.007898303371938966,1.0,0.015796606743877933,96.0
PM25,152,Target Risk (L),Input neff,0.0017484982245054527,0.02045110644995197,1.0,0.04090221289990394,14.31875427641467
PM25,152,Target Risk (L),GP neff [Ours],0.0017484982245054527,0.019374380992567854,1.0,0.03874876198513571,15.95449944438903
PM25,152,Target Risk (L),Block-Bootstrap,0.0017484982245054527,0.006041156172513438,1.0,0.012082312345026876,19.0
PM25,153,Target Mean (Y),Unweighted,0.023546725666194646,0.016674763673767704,0.0,0.3082280070446136,96.0
PM25,153,Target Mean (Y),Nominal n,0.029710044630727517,0.07239137386321835,1.0,0.14478274772643673,96.0
PM25,153,Target Mean (Y),Input neff,0.029710044630727517,0.07239137386321835,1.0,0.14478274772643673,96.0
PM25,153,Target Mean (Y),GP neff [Ours],0.029710044630727517,0.07239137386321835,1.0,0.14478274772643673,96.0
PM25,153,Target Mean (Y),Block-Bootstrap,0.029710044630727517,0.10403361809284721,1.0,0.20806723618569442,19.0
PM25,153,Target Risk (L),Unweighted,0.0005367343597980174,0.0011500019817235715,1.0,0.0023000039634471434,96.0
PM25,153,Target Risk (L),Nominal n,0.00022672071774941776,0.003216352170494261,1.0,0.006432704340988523,96.0
PM25,153,Target Risk (L),Input neff,0.00022672071774941776,0.003216352170494261,1.0,0.006432704340988523,96.0
PM25,153,Target Risk (L),GP neff [Ours],0.00022672071774941776,0.003216352170494261,1.0,0.006432704340988523,96.0
PM25,153,Target Risk (L),Block-Bootstrap,0.00022672071774941776,0.004685275771890273,1.0,0.009370551543780546,19.0
PM25,154,Target Mean (Y),Unweighted,0.02637635003488152,0.016289910479310544,0.0,0.43603740318146034,96.0
PM25,154,Target Mean (Y),Nominal n,0.02302547835013058,0.06807666932855007,1.0,0.1361533386571001,96.0
PM25,154,Target Mean (Y),Input neff,0.02302547835013058,0.07378164063312641,1.0,0.14756328126625284,81.72806488264109
PM25,154,Target Mean (Y),GP neff [Ours],0.02302547835013058,0.0760374908651139,1.0,0.15207498173022782,76.95064734359214
PM25,154,Target Mean (Y),Block-Bootstrap,0.02302547835013058,0.10520520338822506,1.0,0.21041040677645012,19.0
PM25,154,Target Risk (L),Unweighted,0.0008039579797967872,0.0011304760718942564,1.0,0.0022609521437885124,96.0
PM25,154,Target Risk (L),Nominal n,0.0021857510616325,0.004555269239558934,1.0,0.009110538479117868,96.0
PM25,154,Target Risk (L),Input neff,0.0021857510616325,0.004937010599008848,1.0,0.009874021198017696,81.72806488264109
PM25,154,Target Risk (L),GP neff [Ours],0.0021857510616325,0.005030842500179344,1.0,0.010061685000358686,78.70782165932826
PM25,154,Target Risk (L),Block-Bootstrap,0.0021857510616325,0.005639188505659276,1.0,0.011278377011318551,19.0
PM25,155,Target Mean (Y),Unweighted,0.019869863241722463,0.017185206923287157,0.0,0.14175666658398683,96.0
PM25,155,Target Mean (Y),Nominal n,0.02499333882095063,0.04516591414506455,1.0,0.09033182829012912,96.0
PM25,155,Target Mean (Y),Input neff,0.02499333882095063,0.06669300351085009,1.0,0.13338600702170017,44.028337796562454
PM25,155,Target Mean (Y),GP neff [Ours],0.02499333882095063,0.062158520311381416,1.0,0.12431704062276284,50.6864070932265
PM25,155,Target Mean (Y),Block-Bootstrap,0.02499333882095063,0.05975948661389545,1.0,0.1195189732277909,19.0
PM25,155,Target Risk (L),Unweighted,0.00041435878627164077,0.0018394418585439866,1.0,0.003678883717087973,96.0
PM25,155,Target Risk (L),Nominal n,0.0016061160374445963,0.007320286187395307,1.0,0.014640572374790613,96.0
PM25,155,Target Risk (L),Input neff,0.0016061160374445963,0.010809299039721335,1.0,0.02161859807944267,44.028337796562454
PM25,155,Target Risk (L),GP neff [Ours],0.0016061160374445963,0.01060724307094537,1.0,0.02121448614189074,45.721693844861434
PM25,155,Target Risk (L),Block-Bootstrap,0.0016061160374445963,0.011662572163447378,1.0,0.023325144326894757,19.0
PM25,156,Target Mean (Y),Unweighted,0.014813987937481482,0.015502141698092047,1.0,0.031004283396184107,96.0
PM25,156,Target Mean (Y),Nominal n,0.050117268766319764,0.0567290352713358,1.0,0.11345807054267161,96.0
PM25,156,Target Mean (Y),Input neff,0.050117268766319764,0.07077359917037943,1.0,0.14154719834075885,61.67930408070175
PM25,156,Target Mean (Y),GP neff [Ours],0.050117268766319764,0.07055283190942638,1.0,0.14110566381885276,62.065910112166904
PM25,156,Target Mean (Y),Block-Bootstrap,0.050117268766319764,0.06294519830880578,1.0,0.12589039661761156,19.0
PM25,156,Target Risk (L),Unweighted,0.0009172419203417291,0.0023087239975673134,1.0,0.004617447995134626,96.0
PM25,156,Target Risk (L),Nominal n,0.007527225444797297,0.01716246600651819,1.0,0.03432493201303638,96.0
PM25,156,Target Risk (L),Input neff,0.007527225444797297,0.021411425103756734,1.0,0.042822850207513474,61.67930408070175
PM25,156,Target Risk (L),GP neff [Ours],0.007527225444797297,0.021640444343785235,1.0,0.04328088868757046,60.380716930898
PM25,156,Target Risk (L),Block-Bootstrap,0.007527225444797297,0.018763686159026082,1.0,0.037527372318052164,19.0
PM25,157,Target Mean (Y),Unweighted,0.0034371226917652153,0.019214619330262722,1.0,0.038429238660525444,96.0
PM25,157,Target Mean (Y),Nominal n,0.023060760559752216,0.046950452436118825,1.0,0.09390090487223765,96.0
PM25,157,Target Mean (Y),Input neff,0.023060760559752216,0.08412651299697525,1.0,0.1682530259939505,29.900952317435426
PM25,157,Target Mean (Y),GP neff [Ours],0.023060760559752216,0.07593869109764398,1.0,0.15187738219528796,36.69649470930712
PM25,157,Target Mean (Y),Block-Bootstrap,0.023060760559752216,0.04805576968153827,1.0,0.09611153936307654,19.0
PM25,157,Target Risk (L),Unweighted,0.00015402458570244358,0.0015862487734267599,1.0,0.0031724975468535197,96.0
PM25,157,Target Risk (L),Nominal n,0.002702335479760799,0.008710507157108385,1.0,0.01742101431421677,96.0
PM25,157,Target Risk (L),Input neff,0.002702335479760799,0.015607615167495079,1.0,0.031215230334990157,29.900952317435426
PM25,157,Target Risk (L),GP neff [Ours],0.002702335479760799,0.015229626130414144,1.0,0.03045925226082829,31.403614163730904
PM25,157,Target Risk (L),Block-Bootstrap,0.002702335479760799,0.006512877439817642,1.0,0.013025754879635284,19.0
PM25,158,Target Mean (Y),Unweighted,0.01628016315070238,0.022621125860426326,1.0,0.045242251720852666,96.0
PM25,158,Target Mean (Y),Nominal n,0.020521875054498262,0.05786500747982614,1.0,0.1157300149596523,96.0
PM25,158,Target Mean (Y),Input neff,0.020521875054498262,0.09920009820205254,1.0,0.1984001964041051,32.66472874577922
PM25,158,Target Mean (Y),GP neff [Ours],0.020521875054498262,0.08928926412421768,1.0,0.17857852824843534,40.318537727673764
PM25,158,Target Mean (Y),Block-Bootstrap,0.020521875054498262,0.09287741420817308,1.0,0.18575482841634616,19.0
PM25,158,Target Risk (L),Unweighted,0.0005335978916424728,0.0010100185924919998,1.0,0.002020037184983999,96.0
PM25,158,Target Risk (L),Nominal n,0.0009864721281346465,0.0020156907124918876,1.0,0.004031381424983774,96.0
PM25,158,Target Risk (L),Input neff,0.0009864721281346465,0.0034555722937368106,1.0,0.006911144587473621,32.66472874577922
PM25,158,Target Risk (L),GP neff [Ours],0.0009864721281346465,0.002754996620031362,1.0,0.005509993240062724,51.389794593916385
PM25,158,Target Risk (L),Block-Bootstrap,0.0009864721281346465,0.0008053439721800955,0.0,0.04825614602834146,19.0
PM25,159,Target Mean (Y),Unweighted,0.0008644035173607789,0.028797464646260602,1.0,0.05759492929252119,96.0
PM25,159,Target Mean (Y),Nominal n,0.025795346914853357,0.10326275120220395,1.0,0.20652550240440792,96.0
PM25,159,Target Mean (Y),Input neff,0.025795346914853357,0.284634529092456,1.0,0.569269058184912,12.63523866650236
PM25,159,Target Mean (Y),GP neff [Ours],0.025795346914853357,0.2616967933641226,1.0,0.5233935867282452,14.947267748362762
PM25,159,Target Mean (Y),Block-Bootstrap,0.025795346914853357,0.11859168871506777,1.0,0.23718337743013554,19.0
PM25,159,Target Risk (L),Unweighted,0.0014990776398480336,0.0025522115862166577,1.0,0.005104423172433316,96.0
PM25,159,Target Risk (L),Nominal n,0.005347721564553474,0.011993187955866524,1.0,0.023986375911733047,96.0
PM25,159,Target Risk (L),Input neff,0.005347721564553474,0.033058148910354856,1.0,0.06611629782070971,12.63523866650236
PM25,159,Target Risk (L),GP neff [Ours],0.005347721564553474,0.03203773714251596,1.0,0.06407547428503192,13.452928848556745
PM25,159,Target Risk (L),Block-Bootstrap,0.005347721564553474,0.01392806200995026,1.0,0.02785612401990052,19.0
PM25,160,Target Mean (Y),Unweighted,0.02137529373541927,0.02414883850943599,1.0,0.048297677018872,96.0
PM25,160,Target Mean (Y),Nominal n,0.02045303159633377,0.07687599995804884,1.0,0.15375199991609767,96.0
PM25,160,Target Mean (Y),Input neff,0.02045303159633377,0.13246005418635146,1.0,0.26492010837270297,32.33574951958204
PM25,160,Target Mean (Y),GP neff [Ours],0.02045303159633377,0.12074537077757432,1.0,0.2414907415551486,38.9145318244422
PM25,160,Target Mean (Y),Block-Bootstrap,0.02045303159633377,0.11631768424307624,1.0,0.2326353684861525,19.0
PM25,160,Target Risk (L),Unweighted,0.0009721755612211013,0.0016565521951773484,1.0,0.0033131043903546972,96.0
PM25,160,Target Risk (L),Nominal n,0.00044672530913296427,0.0023737071042407346,1.0,0.004747414208481468,96.0
PM25,160,Target Risk (L),Input neff,0.00044672530913296427,0.004089980901995872,1.0,0.008179961803991744,32.33574951958204
PM25,160,Target Risk (L),GP neff [Ours],0.00044672530913296427,0.0035053484596467986,1.0,0.007010696919293598,44.02132382139626
PM25,160,Target Risk (L),Block-Bootstrap,0.00044672530913296427,0.002540037889900047,1.0,0.005080075779800094,19.0
PM25,161,Target Mean (Y),Unweighted,0.016728441037973968,0.01706158482663517,1.0,0.034123169653270335,96.0
PM25,161,Target Mean (Y),Nominal n,0.027300210126463567,0.05188034364267039,1.0,0.1037606872853408,96.0
PM25,161,Target Mean (Y),Input neff,0.027300210126463567,0.07567516444376496,1.0,0.15135032888752992,45.12011256842089
PM25,161,Target Mean (Y),GP neff [Ours],0.027300210126463567,0.06959629313710561,1.0,0.13919258627421122,53.346349244344665
PM25,161,Target Mean (Y),Block-Bootstrap,0.027300210126463567,0.06606896627488847,1.0,0.13213793254977693,19.0
PM25,161,Target Risk (L),Unweighted,0.0013599045024438412,0.0023255905819828645,1.0,0.004651181163965729,96.0
PM25,161,Target Risk (L),Nominal n,0.0022275603338161795,0.006751347501753399,1.0,0.013502695003506798,96.0
PM25,161,Target Risk (L),Input neff,0.0022275603338161795,0.009847840174905451,1.0,0.019695680349810903,45.12011256842089
PM25,161,Target Risk (L),GP neff [Ours],0.0022275603338161795,0.009714388776258057,1.0,0.019428777552516114,46.36830251787648
PM25,161,Target Risk (L),Block-Bootstrap,0.0022275603338161795,0.00990551281367891,1.0,0.01981102562735782,19.0
PM25,162,Target Mean (Y),Unweighted,0.0205025137360368,0.025138614509032906,1.0,0.05027722901806582,96.0
PM25,162,Target Mean (Y),Nominal n,0.016686097708287245,0.06795345440123787,1.0,0.13590690880247575,96.0
PM25,162,Target Mean (Y),Input neff,0.016686097708287245,0.12442253138859173,1.0,0.2488450627771835,28.634937869150864
PM25,162,Target Mean (Y),GP neff [Ours],0.016686097708287245,0.11962554319242955,1.0,0.2392510863848591,30.977507101711304
PM25,162,Target Mean (Y),Block-Bootstrap,0.016686097708287245,0.09308974242623225,1.0,0.1861794848524645,19.0
PM25,162,Target Risk (L),Unweighted,0.0006132635763508427,0.0009627888354338079,1.0,0.0019255776708676155,96.0
PM25,162,Target Risk (L),Nominal n,0.0031070680170831423,0.009201938820360639,1.0,0.018403877640721277,96.0
PM25,162,Target Risk (L),Input neff,0.0031070680170831423,0.01684871699018977,1.0,0.03369743398037954,28.634937869150864
PM25,162,Target Risk (L),GP neff [Ours],0.0031070680170831423,0.01619913129521629,1.0,0.03239826259043258,30.977507101711304
PM25,162,Target Risk (L),Block-Bootstrap,0.0031070680170831423,0.009845520796590032,1.0,0.019691041593180064,19.0
PM25,163,Target Mean (Y),Unweighted,0.02138073554232052,0.01630912868026664,0.0,0.23548253184268844,96.0
PM25,163,Target Mean (Y),Nominal n,0.018503006844451775,0.06770440233003053,1.0,0.13540880466006106,96.0
PM25,163,Target Mean (Y),Input neff,0.018503006844451775,0.12859476685514667,1.0,0.2571895337102933,26.61083238946225
PM25,163,Target Mean (Y),GP neff [Ours],0.018503006844451775,0.10737528468237491,1.0,0.2147505693647498,38.167735486799366
PM25,163,Target Mean (Y),Block-Bootstrap,0.018503006844451775,0.09050169983071649,1.0,0.18100339966143297,19.0
PM25,163,Target Risk (L),Unweighted,0.0011981272346627322,0.002475684756939837,1.0,0.004951369513879674,96.0
PM25,163,Target Risk (L),Nominal n,0.0014014976260125324,0.006733883469386262,1.0,0.013467766938772524,96.0
PM25,163,Target Risk (L),Input neff,0.0014014976260125324,0.01279004237500463,1.0,0.02558008475000926,26.61083238946225
PM25,163,Target Risk (L),GP neff [Ours],0.0014014976260125324,0.012387069750625602,1.0,0.024774139501251204,28.370387002868846
PM25,163,Target Risk (L),Block-Bootstrap,0.0014014976260125324,0.00900559134761096,1.0,0.01801118269522192,19.0
PM25,164,Target Mean (Y),Unweighted,0.010243862067790904,0.027198529012359918,1.0,0.054397058024719835,96.0
PM25,164,Target Mean (Y),Nominal n,0.08348079670057149,0.10763150606993485,1.0,0.2152630121398697,96.0
PM25,164,Target Mean (Y),Input neff,0.08348079670057149,0.19171625390315455,1.0,0.3834325078063091,30.257441266830885
PM25,164,Target Mean (Y),GP neff [Ours],0.08348079670057149,0.17775014278834542,1.0,0.35550028557669083,35.19898587784828
PM25,164,Target Mean (Y),Block-Bootstrap,0.08348079670057149,0.10544467379903483,1.0,0.21088934759806965,19.0
PM25,164,Target Risk (L),Unweighted,0.0015897832845103632,0.0021749856101189536,1.0,0.004349971220237907,96.0
PM25,164,Target Risk (L),Nominal n,0.003648503019190564,0.009125434241721877,1.0,0.018250868483443754,96.0
PM25,164,Target Risk (L),Input neff,0.003648503019190564,0.01625447911994967,1.0,0.03250895823989934,30.257441266830885
PM25,164,Target Risk (L),GP neff [Ours],0.003648503019190564,0.014481739091461613,1.0,0.028963478182923226,38.118594165189506
PM25,164,Target Risk (L),Block-Bootstrap,0.003648503019190564,0.00845854931164802,1.0,0.01691709862329604,19.0
PM25,165,Target Mean (Y),Unweighted,0.007074728712716166,0.02309183665348607,1.0,0.04618367330697215,96.0
PM25,165,Target Mean (Y),Nominal n,0.030175602391230627,0.06521267492917579,1.0,0.13042534985835158,96.0
PM25,165,Target Mean (Y),Input neff,0.030175602391230627,0.12355669565921513,1.0,0.24711339131843024,26.74254233549108
PM25,165,Target Mean (Y),GP neff [Ours],0.030175602391230627,0.11092079503004482,1.0,0.22184159006008963,33.182516189593315
PM25,165,Target Mean (Y),Block-Bootstrap,0.030175602391230627,0.0975666923602146,1.0,0.1951333847204292,19.0
PM25,165,Target Risk (L),Unweighted,0.0006922656573120803,0.0016618475631623106,1.0,0.0033236951263246215,96.0
PM25,165,Target Risk (L),Nominal n,0.0022748158816276276,0.0008108975360849513,0.0,0.060178528893876954,96.0
PM25,165,Target Risk (L),Input neff,0.0022748158816276276,0.0015363856824715295,0.0,0.03260997933118697,26.74254233549108
PM25,165,Target Risk (L),GP neff [Ours],0.0022748158816276276,0.0011045575561000362,0.0,0.04901944813330373,51.740008149701524
PM25,165,Target Risk (L),Block-Bootstrap,0.0022748158816276276,0.0009088091299813333,0.0,0.047454291724648434,19.0
PM25,166,Target Mean (Y),Unweighted,0.012772997839202382,0.017529526742024633,1.0,0.03505905348404925,96.0
PM25,166,Target Mean (Y),Nominal n,0.034491239140476915,0.0685145982576919,1.0,0.1370291965153838,96.0
PM25,166,Target Mean (Y),Input neff,0.034491239140476915,0.13076897175330163,1.0,0.26153794350660325,26.352877692181274
PM25,166,Target Mean (Y),GP neff [Ours],0.034491239140476915,0.11529078049090188,1.0,0.23058156098180377,33.90379439029208
PM25,166,Target Mean (Y),Block-Bootstrap,0.034491239140476915,0.08251993783803802,1.0,0.16503987567607603,19.0
PM25,166,Target Risk (L),Unweighted,0.0015636152304937595,0.0030201498104520798,1.0,0.00604029962090416,96.0
PM25,166,Target Risk (L),Nominal n,0.0008692422058934179,0.0033022954345796477,1.0,0.006604590869159295,96.0
PM25,166,Target Risk (L),Input neff,0.0008692422058934179,0.006302857922065124,1.0,0.012605715844130248,26.352877692181274
PM25,166,Target Risk (L),GP neff [Ours],0.0008692422058934179,0.006135232369598488,1.0,0.012270464739196976,27.812565368943183
PM25,166,Target Risk (L),Block-Bootstrap,0.0008692422058934179,0.006224803880357102,1.0,0.012449607760714205,19.0
PM25,167,Target Mean (Y),Unweighted,0.02916553630917483,0.01506530037282831,0.0,0.5941400381995173,96.0
PM25,167,Target Mean (Y),Nominal n,0.07638618012252812,0.022370349091045853,0.0,2.2053739394413827,96.0
PM25,167,Target Mean (Y),Input neff,0.07638618012252812,0.03417924538211919,0.0,1.7566358803805957,41.12366528598645
PM25,167,Target Mean (Y),GP neff [Ours],0.07638618012252812,0.030444943764011856,0.0,1.8985393418686745,51.830619933009785
PM25,167,Target Mean (Y),Block-Bootstrap,0.07638618012252812,0.03939264674621168,0.0,0.41048305142715247,19.0
PM25,167,Target Risk (L),Unweighted,0.0009719902725020269,0.0024197667633055614,1.0,0.004839533526611123,96.0
PM25,167,Target Risk (L),Nominal n,0.006132887854626369,0.009151810990065361,1.0,0.01830362198013072,96.0
PM25,167,Target Risk (L),Input neff,0.006132887854626369,0.01398288387217989,1.0,0.027965767744359785,41.12366528598645
PM25,167,Target Risk (L),GP neff [Ours],0.006132887854626369,0.013783447964915997,1.0,0.027566895929831997,42.32233059492051
PM25,167,Target Risk (L),Block-Bootstrap,0.006132887854626369,0.009834674507631333,1.0,0.019669349015262665,19.0
PM25,168,Target Mean (Y),Unweighted,0.03639198149110222,0.01428754871638301,0.0,0.9127524084215345,96.0
PM25,168,Target Mean (Y),Nominal n,0.04074138111574355,0.023008455612468393,0.0,0.755333931355943,96.0
PM25,168,Target Mean (Y),Input neff,0.04074138111574355,0.03223221300914681,0.0,0.4048311502821633,48.917687853430884
PM25,168,Target Mean (Y),GP neff [Ours],0.04074138111574355,0.03040271544493487,0.0,0.47435205772221706,54.98211234890362
PM25,168,Target Mean (Y),Block-Bootstrap,0.04074138111574355,0.02645434035090867,0.0,0.30451910203336574,19.0
PM25,168,Target Risk (L),Unweighted,0.0003366039375626512,0.0017380668420521783,1.0,0.0034761336841043562,96.0
PM25,168,Target Risk (L),Nominal n,0.002277703426990971,0.00983315984753203,1.0,0.01966631969506406,96.0
PM25,168,Target Risk (L),Input neff,0.002277703426990971,0.01377513154715557,1.0,0.02755026309431114,48.917687853430884
PM25,168,Target Risk (L),GP neff [Ours],0.002277703426990971,0.013658513811876091,1.0,0.027317027623752183,49.75658197739498
PM25,168,Target Risk (L),Block-Bootstrap,0.002277703426990971,0.01070797938293625,1.0,0.0214159587658725,19.0
PM25,169,Target Mean (Y),Unweighted,0.036121847393114276,0.027511828776068347,0.0,0.39942440223397424,96.0
PM25,169,Target Mean (Y),Nominal n,0.061754295609336096,0.08784884956541729,1.0,0.17569769913083455,96.0
PM25,169,Target Mean (Y),Input neff,0.061754295609336096,0.15530294366747646,1.0,0.31060588733495287,30.717369006601505
PM25,169,Target Mean (Y),GP neff [Ours],0.061754295609336096,0.14270046802385686,1.0,0.28540093604771366,36.38250477952636
PM25,169,Target Mean (Y),Block-Bootstrap,0.061754295609336096,0.08996878494215281,1.0,0.17993756988430562,19.0
PM25,169,Target Risk (L),Unweighted,0.0013208555002486595,0.0017957879108711472,1.0,0.003591575821742294,96.0
PM25,169,Target Risk (L),Nominal n,0.000804176512605774,0.005465565162025558,1.0,0.010931130324051117,96.0
PM25,169,Target Risk (L),Input neff,0.000804176512605774,0.009662259240366013,1.0,0.019324518480732026,30.717369006601505
PM25,169,Target Risk (L),GP neff [Ours],0.000804176512605774,0.008218177904572306,1.0,0.016436355809144612,42.461008888597995
PM25,169,Target Risk (L),Block-Bootstrap,0.000804176512605774,0.00445773707537529,1.0,0.00891547415075058,19.0
PM25,170,Target Mean (Y),Unweighted,0.029019552836640525,0.015536193144097763,0.0,0.5704067739899065,96.0
PM25,170,Target Mean (Y),Nominal n,0.05162971146702379,0.02214560583734144,0.0,1.2236554368619768,96.0
PM25,170,Target Mean (Y),Input neff,0.05162971146702379,0.022844882786494627,0.0,1.1970829127941558,90.21286934854676
PM25,170,Target Mean (Y),GP neff [Ours],0.05162971146702379,0.024665700468704702,0.0,1.127891840870173,77.3854759532324
PM25,170,Target Mean (Y),Block-Bootstrap,0.05162971146702379,0.02109838545301662,0.0,1.1530884433213928,19.0
PM25,170,Target Risk (L),Unweighted,0.00031549848320002035,0.0011763406992588911,1.0,0.0023526813985177827,96.0
PM25,170,Target Risk (L),Nominal n,0.0016494258288832298,0.001733777739032389,1.0,0.0034675554780647776,96.0
PM25,170,Target Risk (L),Input neff,0.0016494258288832298,0.001788524076376476,1.0,0.003577048152752952,90.21286934854676
PM25,170,Target Risk (L),GP neff [Ours],0.0016494258288832298,0.0018590031499305223,1.0,0.003718006299861045,83.50218248579746
PM25,170,Target Risk (L),Block-Bootstrap,0.0016494258288832298,0.001423480295672814,0.0,0.00859793916286107,19.0
PM25,171,Target Mean (Y),Unweighted,0.02070835490363554,0.014624098011146803,0.0,0.2726184717218429,96.0
PM25,171,Target Mean (Y),Nominal n,0.06055697926084938,0.0263279487822489,0.0,1.4218171167085172,96.0
PM25,171,Target Mean (Y),Input neff,0.06055697926084938,0.029782726516717532,0.0,1.2905355627987087,75.01988166553834
PM25,171,Target Mean (Y),GP neff [Ours],0.06055697926084938,0.03167264469506467,0.0,1.2187186720215177,66.33406685312397
PM25,171,Target Mean (Y),Block-Bootstrap,0.06055697926084938,0.04197774838587944,0.0,0.6097737252978981,19.0
PM25,171,Target Risk (L),Unweighted,0.0006979980868922538,0.002404745303614101,1.0,0.004809490607228203,96.0
PM25,171,Target Risk (L),Nominal n,0.0058114645688938866,0.011087971934823146,1.0,0.022175943869646293,96.0
PM25,171,Target Risk (L),Input neff,0.0058114645688938866,0.012542945844019878,1.0,0.025085891688039756,75.01988166553834
PM25,171,Target Risk (L),GP neff [Ours],0.0058114645688938866,0.01299182986977534,1.0,0.02598365973955068,69.92537747977825
PM25,171,Target Risk (L),Block-Bootstrap,0.0058114645688938866,0.008355181707073485,1.0,0.01671036341414697,19.0
PM25,172,Target Mean (Y),Unweighted,0.037492894397957624,0.01609675993990731,0.0,0.8880388982018272,96.0
PM25,172,Target Mean (Y),Nominal n,0.07060695462311416,0.04805306442100443,0.0,0.9982617369263979,96.0
PM25,172,Target Mean (Y),Input neff,0.07060695462311416,0.09897161238745429,1.0,0.19794322477490858,22.63039419587649
PM25,172,Target Mean (Y),GP neff [Ours],0.07060695462311416,0.08844272253484217,1.0,0.17688544506968434,28.339305574509094
PM25,172,Target Mean (Y),Block-Bootstrap,0.07060695462311416,0.07480434782601597,1.0,0.14960869565203194,19.0
PM25,172,Target Risk (L),Unweighted,0.0012366215198190418,0.0008226949057018157,0.0,0.018202454376092674,96.0
PM25,172,Target Risk (L),Nominal n,0.002140213808826852,0.0011227166840762498,0.0,0.04294531835817659,96.0
PM25,172,Target Risk (L),Input neff,0.002140213808826852,0.002312382817124818,1.0,0.004624765634249636,22.63039419587649
PM25,172,Target Risk (L),GP neff [Ours],0.002140213808826852,0.0020978302299568333,0.0,0.005891003614714417,27.49608789102471
PM25,172,Target Risk (L),Block-Bootstrap,0.002140213808826852,0.0011805210414012471,0.0,0.031716410157118645,19.0
PM25,173,Target Mean (Y),Unweighted,0.007158494230047746,0.017971818969207805,1.0,0.035943637938415596,96.0
PM25,173,Target Mean (Y),Nominal n,0.006527558514373311,0.0605646364349896,1.0,0.12112927286997921,96.0
PM25,173,Target Mean (Y),Input neff,0.006527558514373311,0.07895414920518339,1.0,0.1579082984103668,56.4884354134596
PM25,173,Target Mean (Y),GP neff [Ours],0.006527558514373311,0.07644387790433252,1.0,0.15288775580866504,60.25929436067436
PM25,173,Target Mean (Y),Block-Bootstrap,0.006527558514373311,0.0799891647705778,1.0,0.1599783295411556,19.0
PM25,173,Target Risk (L),Unweighted,0.0010652032388112857,0.0022449676642133476,1.0,0.004489935328426694,96.0
PM25,173,Target Risk (L),Nominal n,0.00043737881210613753,0.0035275611380862775,1.0,0.007055122276172555,96.0
PM25,173,Target Risk (L),Input neff,0.00043737881210613753,0.004598650381164767,1.0,0.009197300762329535,56.4884354134596
PM25,173,Target Risk (L),GP neff [Ours],0.00043737881210613753,0.004595702907338072,1.0,0.009191405814676144,56.5609168511912
PM25,173,Target Risk (L),Block-Bootstrap,0.00043737881210613753,0.003834759134109927,1.0,0.007669518268219854,19.0
PM25,174,Target Mean (Y),Unweighted,0.0001883083928632956,0.01982450440438652,1.0,0.039649008808773034,96.0
PM25,174,Target Mean (Y),Nominal n,0.018384846434777224,0.06451740569911625,1.0,0.12903481139823247,96.0
PM25,174,Target Mean (Y),Input neff,0.018384846434777224,0.11812007339383813,1.0,0.23624014678767624,28.640302993317235
PM25,174,Target Mean (Y),GP neff [Ours],0.018384846434777224,0.10942457729657756,1.0,0.21884915459315513,33.373001595052976
PM25,174,Target Mean (Y),Block-Bootstrap,0.018384846434777224,0.07514084868091968,1.0,0.15028169736183936,19.0
PM25,174,Target Risk (L),Unweighted,0.00028990815832009896,0.0012035335263347843,1.0,0.002407067052669568,96.0
PM25,174,Target Risk (L),Nominal n,0.00321025957701836,0.00582483626125005,1.0,0.0116496725225001,96.0
PM25,174,Target Risk (L),Input neff,0.00321025957701836,0.01066425531576156,1.0,0.02132851063152312,28.640302993317235
PM25,174,Target Risk (L),GP neff [Ours],0.00321025957701836,0.009987867681840373,1.0,0.019975735363680747,32.650746560983585
PM25,174,Target Risk (L),Block-Bootstrap,0.00321025957701836,0.006062556093670143,1.0,0.012125112187340286,19.0
PM25,175,Target Mean (Y),Unweighted,0.03975101250386964,0.014391495802301606,0.0,1.0431636596673248,96.0
PM25,175,Target Mean (Y),Nominal n,0.059271406877103944,0.039444394972742505,0.0,0.8719692661199425,96.0
PM25,175,Target Mean (Y),Input neff,0.059271406877103944,0.05636024405186838,0.0,0.22916700111315952,47.02145903924606
PM25,175,Target Mean (Y),GP neff [Ours],0.059271406877103944,0.0535537935304769,0.0,0.3358121209260355,52.078845859584725
PM25,175,Target Mean (Y),Block-Bootstrap,0.059271406877103944,0.041141693109293595,0.0,0.9896752487321674,19.0
PM25,175,Target Risk (L),Unweighted,0.0004723790555681011,0.0017371550065949262,1.0,0.0034743100131898524,96.0
PM25,175,Target Risk (L),Nominal n,0.004207806258950283,0.013031990117562578,1.0,0.026063980235125156,96.0
PM25,175,Target Risk (L),Input neff,0.004207806258950283,0.01862079882363312,1.0,0.03724159764726624,47.02145903924606
PM25,175,Target Risk (L),GP neff [Ours],0.004207806258950283,0.018454608711334575,1.0,0.03690921742266915,47.87216119402566
PM25,175,Target Risk (L),Block-Bootstrap,0.004207806258950283,0.009285550538335177,1.0,0.018571101076670354,19.0
PM25,176,Target Mean (Y),Unweighted,0.02899372473457791,0.019763532208269513,0.0,0.4087347654688755,96.0
PM25,176,Target Mean (Y),Nominal n,0.021316822742578484,0.06686294249394119,1.0,0.13372588498788235,96.0
PM25,176,Target Mean (Y),Input neff,0.021316822742578484,0.09690733723360637,1.0,0.19381467446721273,45.701334542929025
PM25,176,Target Mean (Y),GP neff [Ours],0.021316822742578484,0.09417802743863986,1.0,0.18835605487727974,48.38859623886892
PM25,176,Target Mean (Y),Block-Bootstrap,0.021316822742578484,0.08058300552752218,1.0,0.16116601105504436,19.0
PM25,176,Target Risk (L),Unweighted,0.0007848507584323843,0.0011253352297147198,1.0,0.0022506704594294396,96.0
PM25,176,Target Risk (L),Nominal n,0.004629713648814526,0.012487450049686906,1.0,0.02497490009937381,96.0
PM25,176,Target Risk (L),Input neff,0.004629713648814526,0.018098598237169708,1.0,0.036197196474339416,45.701334542929025
PM25,176,Target Risk (L),GP neff [Ours],0.004629713648814526,0.017904198846639238,1.0,0.035808397693278475,46.69915002675578
PM25,176,Target Risk (L),Block-Bootstrap,0.004629713648814526,0.007730137436283327,1.0,0.015460274872566654,19.0
PM25,177,Target Mean (Y),Unweighted,0.010325338057543015,0.016658710795323835,1.0,0.033317421590647656,96.0
PM25,177,Target Mean (Y),Nominal n,0.001533199060478746,0.05844541744691201,1.0,0.11689083489382401,96.0
PM25,177,Target Mean (Y),Input neff,0.001533199060478746,0.09171843057644667,1.0,0.18343686115289332,38.98153470974214
PM25,177,Target Mean (Y),GP neff [Ours],0.001533199060478746,0.08032875642049316,1.0,0.16065751284098634,50.81946346573287
PM25,177,Target Mean (Y),Block-Bootstrap,0.001533199060478746,0.08552534509710738,1.0,0.17105069019421476,19.0
PM25,177,Target Risk (L),Unweighted,0.0009367828547675785,0.0022594207171171697,1.0,0.00451884143423434,96.0
PM25,177,Target Risk (L),Nominal n,0.0010116575073126407,0.0028399322893514966,1.0,0.005679864578702993,96.0
PM25,177,Target Risk (L),Input neff,0.0010116575073126407,0.004456707538436049,1.0,0.008913415076872098,38.98153470974214
PM25,177,Target Risk (L),GP neff [Ours],0.0010116575073126407,0.004373733810901096,1.0,0.008747467621802191,40.474594668657296
PM25,177,Target Risk (L),Block-Bootstrap,0.0010116575073126407,0.004752571430116136,1.0,0.009505142860232272,19.0
PM25,178,Target Mean (Y),Unweighted,0.019252563170769774,0.014920021459416477,0.0,0.20314171137296516,96.0
PM25,178,Target Mean (Y),Nominal n,0.04870920480479218,0.02473394291453494,0.0,1.0084783614393595,96.0
PM25,178,Target Mean (Y),Input neff,0.04870920480479218,0.03928028451481649,0.0,0.4557173806286606,38.06349752703247
PM25,178,Target Mean (Y),GP neff [Ours],0.04870920480479218,0.03586961246218947,0.0,0.5853229186284872,45.64619404634633
PM25,178,Target Mean (Y),Block-Bootstrap,0.04870920480479218,0.03042253924098763,0.0,0.9153787237100652,19.0
PM25,178,Target Risk (L),Unweighted,0.0007555122990061417,0.0024346005721450643,1.0,0.0048692011442901285,96.0
PM25,178,Target Risk (L),Nominal n,0.002132427697197031,0.007810069866161487,1.0,0.015620139732322975,96.0
PM25,178,Target Risk (L),Input neff,0.002132427697197031,0.01240326976913726,1.0,0.024806539538274525,38.06349752703247
PM25,178,Target Risk (L),GP neff [Ours],0.002132427697197031,0.012193276956527135,1.0,0.02438655391305427,39.38584741610472
PM25,178,Target Risk (L),Block-Bootstrap,0.002132427697197031,0.008319625239442234,1.0,0.016639250478884468,19.0
PM25,179,Target Mean (Y),Unweighted,0.051898585627018434,0.015376654852790715,0.0,1.4916305406746901,96.0
PM25,179,Target Mean (Y),Nominal n,0.026345318338581752,0.07317659960450905,1.0,0.14635319920901807,96.0
PM25,179,Target Mean (Y),Input neff,0.026345318338581752,0.10559991906720351,1.0,0.21119983813440701,46.098682314437774
PM25,179,Target Mean (Y),GP neff [Ours],0.026345318338581752,0.09772112630938871,1.0,0.1954422526187774,53.831781755741765
PM25,179,Target Mean (Y),Block-Bootstrap,0.026345318338581752,0.08716432318338463,1.0,0.17432864636676926,19.0
PM25,179,Target Risk (L),Unweighted,6.659472501302239e-05,0.001375910009327533,1.0,0.0027518200186550656,96.0
PM25,179,Target Risk (L),Nominal n,0.00248404507922734,0.006770677834631147,1.0,0.013541355669262296,96.0
PM25,179,Target Risk (L),Input neff,0.00248404507922734,0.009770651208601685,1.0,0.01954130241720337,46.098682314437774
PM25,179,Target Risk (L),GP neff [Ours],0.00248404507922734,0.008109422326477503,1.0,0.016218844652955006,66.91996346985793
PM25,179,Target Risk (L),Block-Bootstrap,0.00248404507922734,0.008103683888385785,1.0,0.01620736777677157,19.0
PM25,180,Target Mean (Y),Unweighted,0.05207083804247736,0.014967594074494052,0.0,1.5140649468683205,96.0
PM25,180,Target Mean (Y),Nominal n,0.029624302616991227,0.0672538126054598,1.0,0.13450762521091963,96.0
PM25,180,Target Mean (Y),Input neff,0.029624302616991227,0.08498094585427766,1.0,0.16996189170855536,60.12594715332633
PM25,180,Target Mean (Y),GP neff [Ours],0.029624302616991227,0.0816133041392302,1.0,0.16322660827846036,65.190322633458
PM25,180,Target Mean (Y),Block-Bootstrap,0.029624302616991227,0.05884843395788271,1.0,0.11769686791576542,19.0
PM25,180,Target Risk (L),Unweighted,0.00016990952946313153,0.0013553748175420854,1.0,0.002710749635084171,96.0
PM25,180,Target Risk (L),Nominal n,0.0020905852735426424,0.006680495338818905,1.0,0.01336099067763781,96.0
PM25,180,Target Risk (L),Input neff,0.0020905852735426424,0.008441377383292547,1.0,0.016882754766585094,60.12594715332633
PM25,180,Target Risk (L),GP neff [Ours],0.0020905852735426424,0.00753923423329347,1.0,0.01507846846658694,75.3761742365266
PM25,180,Target Risk (L),Block-Bootstrap,0.0020905852735426424,0.005798578307864534,1.0,0.011597156615729068,19.0
PM25,181,Target Mean (Y),Unweighted,0.05142088209008944,0.036827218720603176,0.0,0.6574009722206565,96.0
PM25,181,Target Mean (Y),Nominal n,0.012874614733015516,0.1030326526112859,1.0,0.20606530522257177,96.0
PM25,181,Target Mean (Y),Input neff,0.012874614733015516,0.2528788039711146,1.0,0.5057576079422292,15.93661707557709
PM25,181,Target Mean (Y),GP neff [Ours],0.012874614733015516,0.2267870606098888,1.0,0.4535741212197776,19.81456081750353
PM25,181,Target Mean (Y),Block-Bootstrap,0.012874614733015516,0.22232157939186256,1.0,0.4446431587837251,19.0
PM25,181,Target Risk (L),Unweighted,0.0019762899413520883,0.002422255326023404,1.0,0.004844510652046809,96.0
PM25,181,Target Risk (L),Nominal n,0.005176427791345215,0.007822761217551436,1.0,0.015645522435102872,96.0
PM25,181,Target Risk (L),Input neff,0.005176427791345215,0.019199840538991812,1.0,0.038399681077983625,15.93661707557709
PM25,181,Target Risk (L),GP neff [Ours],0.005176427791345215,0.01721882313439725,1.0,0.0344376462687945,19.81456081750353
PM25,181,Target Risk (L),Block-Bootstrap,0.005176427791345215,0.01581121291682186,1.0,0.03162242583364372,19.0
PM25,182,Target Mean (Y),Unweighted,0.0537109094671276,0.01495466655497388,0.0,1.5801590495960969,96.0
PM25,182,Target Mean (Y),Nominal n,0.008179433978191042,0.10984975986073042,1.0,0.21969951972146085,96.0
PM25,182,Target Mean (Y),Input neff,0.008179433978191042,0.24842330991412243,1.0,0.49684661982824485,18.770885863811635
PM25,182,Target Mean (Y),GP neff [Ours],0.008179433978191042,0.2311361998231176,1.0,0.4622723996462351,21.683706461498883
PM25,182,Target Mean (Y),Block-Bootstrap,0.008179433978191042,0.13426696571337218,1.0,0.26853393142674437,19.0
PM25,182,Target Risk (L),Unweighted,0.0018743107670269597,0.0005177918498189317,0.0,0.05529634038795898,96.0
PM25,182,Target Risk (L),Nominal n,0.0012609633978601601,0.0012258024055255138,0.0,0.003858044504436872,96.0
PM25,182,Target Risk (L),Input neff,0.0012609633978601601,0.002772130692569697,1.0,0.005544261385139394,18.770885863811635
PM25,182,Target Risk (L),GP neff [Ours],0.0012609633978601601,0.0023377199815056214,1.0,0.004675439963011242,26.39533593598689
PM25,182,Target Risk (L),Block-Bootstrap,0.0012609633978601601,0.0014826785830946304,1.0,0.0029653571661892608,19.0
PM25,183,Target Mean (Y),Unweighted,0.02784273261063909,0.016834070964549808,0.0,0.47401460777267035,96.0
PM25,183,Target Mean (Y),Nominal n,0.026123681414701505,0.07232962112778836,1.0,0.1446592422555767,96.0
PM25,183,Target Mean (Y),Input neff,0.026123681414701505,0.07232962112778836,1.0,0.1446592422555767,96.0
PM25,183,Target Mean (Y),GP neff [Ours],0.026123681414701505,0.07232962112778836,1.0,0.1446592422555767,96.0
PM25,183,Target Mean (Y),Block-Bootstrap,0.026123681414701505,0.10685386679993322,1.0,0.21370773359986645,19.0
PM25,183,Target Risk (L),Unweighted,0.0005690170830815662,0.0011514984079309253,1.0,0.002302996815861851,96.0
PM25,183,Target Risk (L),Nominal n,8.970193789223282e-05,0.003233749140691053,1.0,0.006467498281382107,96.0
PM25,183,Target Risk (L),Input neff,8.970193789223282e-05,0.003233749140691053,1.0,0.006467498281382107,96.0
PM25,183,Target Risk (L),GP neff [Ours],8.970193789223282e-05,0.003233749140691053,1.0,0.006467498281382107,96.0
PM25,183,Target Risk (L),Block-Bootstrap,8.970193789223282e-05,0.0052015137729561475,1.0,0.010403027545912295,19.0
PM25,184,Target Mean (Y),Unweighted,0.010188034390973794,0.023659480279595364,1.0,0.047318960559190715,96.0
PM25,184,Target Mean (Y),Nominal n,0.045594026989511593,0.07240117552442533,1.0,0.14480235104885064,96.0
PM25,184,Target Mean (Y),Input neff,0.045594026989511593,0.16346580127121849,1.0,0.326931602542437,18.832529350025386
PM25,184,Target Mean (Y),GP neff [Ours],0.045594026989511593,0.1483022182900622,1.0,0.2966044365801245,22.880587616525762
PM25,184,Target Mean (Y),Block-Bootstrap,0.045594026989511593,0.0776040776540339,1.0,0.1552081553080678,19.0
PM25,184,Target Risk (L),Unweighted,0.0007753375007822352,0.0018721699446841693,1.0,0.0037443398893683387,96.0
PM25,184,Target Risk (L),Nominal n,0.0010009961064783258,0.002640336103011106,1.0,0.005280672206022212,96.0
PM25,184,Target Risk (L),Input neff,0.0010009961064783258,0.005961293495275228,1.0,0.011922586990550457,18.832529350025386
PM25,184,Target Risk (L),GP neff [Ours],0.0010009961064783258,0.005408305849616841,1.0,0.010816611699233682,22.880587616525762
PM25,184,Target Risk (L),Block-Bootstrap,0.0010009961064783258,0.0023083689288459002,1.0,0.0046167378576918005,19.0
PM25,185,Target Mean (Y),Unweighted,0.009536644805886119,0.027201658989876535,1.0,0.05440331797975306,96.0
PM25,185,Target Mean (Y),Nominal n,0.07112725409491821,0.06938954878482491,0.0,0.20828730997338252,96.0
PM25,185,Target Mean (Y),Input neff,0.07112725409491821,0.13454778130485767,1.0,0.26909556260971534,25.53326065005346
PM25,185,Target Mean (Y),GP neff [Ours],0.07112725409491821,0.1238048855214659,1.0,0.2476097710429318,30.156698503339896
PM25,185,Target Mean (Y),Block-Bootstrap,0.07112725409491821,0.07766706347856123,0.0,0.7680412411647715,19.0
PM25,185,Target Risk (L),Unweighted,0.001644420405708875,0.002173385949137085,1.0,0.00434677189827417,96.0
PM25,185,Target Risk (L),Nominal n,0.00142407605672975,0.004062151607342903,1.0,0.008124303214685807,96.0
PM25,185,Target Risk (L),Input neff,0.00142407605672975,0.007876596629656668,1.0,0.015753193259313337,25.53326065005346
PM25,185,Target Risk (L),GP neff [Ours],0.00142407605672975,0.006937271430515062,1.0,0.013874542861030122,32.91592884036389
PM25,185,Target Risk (L),Block-Bootstrap,0.00142407605672975,0.003826158043130747,1.0,0.007652316086261494,19.0
PM25,186,Target Mean (Y),Unweighted,0.02463139600422537,0.024828387277492744,1.0,0.04965677455498552,96.0
PM25,186,Target Mean (Y),Nominal n,0.04716299275400271,0.07208477222850708,1.0,0.14416954445701413,96.0
PM25,186,Target Mean (Y),Input neff,0.04716299275400271,0.114115177389938,1.0,0.22823035477987597,38.30641194120618
PM25,186,Target Mean (Y),GP neff [Ours],0.04716299275400271,0.10536995692798411,1.0,0.21073991385596824,44.928786533196046
PM25,186,Target Mean (Y),Block-Bootstrap,0.04716299275400271,0.08053373339542633,1.0,0.16106746679085265,19.0
PM25,186,Target Risk (L),Unweighted,0.0005613198998918245,0.0015803429306760956,1.0,0.003160685861352191,96.0
PM25,186,Target Risk (L),Nominal n,0.0020130026387109833,0.0014228503044537086,0.0,0.026451793979198404,96.0
PM25,186,Target Risk (L),Input neff,0.0020130026387109833,0.0022524703882999975,1.0,0.004504940776599995,38.30641194120618
PM25,186,Target Risk (L),GP neff [Ours],0.0020130026387109833,0.0019095423637290323,0.0,0.007957495726736102,53.30047259857616
PM25,186,Target Risk (L),Block-Bootstrap,0.0020130026387109833,0.0015187954373061415,0.0,0.006154108528851796,19.0
PM25,187,Target Mean (Y),Unweighted,0.018276464277655252,0.02070836779980404,1.0,0.04141673559960807,96.0
PM25,187,Target Mean (Y),Nominal n,0.016179178424395174,0.054930868174265936,1.0,0.10986173634853186,96.0
PM25,187,Target Mean (Y),Input neff,0.016179178424395174,0.08655343570087426,1.0,0.17310687140174852,38.666559936977535
PM25,187,Target Mean (Y),GP neff [Ours],0.016179178424395174,0.08361473468970022,1.0,0.16722946937940047,41.43225080322255
PM25,187,Target Mean (Y),Block-Bootstrap,0.016179178424395174,0.07459143465958784,1.0,0.14918286931917568,19.0
PM25,187,Target Risk (L),Unweighted,0.001562773056416632,0.0005810101527483558,0.0,0.04043253645222776,96.0
PM25,187,Target Risk (L),Nominal n,0.0016606769430951192,0.0015471095525209366,0.0,0.007636914728009175,96.0
PM25,187,Target Risk (L),Input neff,0.0016606769430951192,0.0024377486034175304,1.0,0.004875497206835061,38.666559936977535
PM25,187,Target Risk (L),GP neff [Ours],0.0016606769430951192,0.002340143735295366,1.0,0.004680287470590733,41.95930651935062
PM25,187,Target Risk (L),Block-Bootstrap,0.0016606769430951192,0.0015994220124517385,1.0,0.003198844024903477,19.0
PM25,188,Target Mean (Y),Unweighted,0.005356390382649262,0.02835767791158045,1.0,0.056715355823160896,96.0
PM25,188,Target Mean (Y),Nominal n,0.025979303346357147,0.13273933089860507,1.0,0.26547866179721014,96.0
PM25,188,Target Mean (Y),Input neff,0.025979303346357147,0.2941567165809676,1.0,0.5883134331619352,19.54847768585306
PM25,188,Target Mean (Y),GP neff [Ours],0.025979303346357147,0.2741999692298255,1.0,0.548399938459651,22.497573426302086
PM25,188,Target Mean (Y),Block-Bootstrap,0.025979303346357147,0.15997732641580278,1.0,0.31995465283160557,19.0
PM25,188,Target Risk (L),Unweighted,0.00119617189749484,0.0017835567808264959,1.0,0.0035671135616529917,96.0
PM25,188,Target Risk (L),Nominal n,0.005697879577640779,0.01465586333785627,1.0,0.02931172667571254,96.0
PM25,188,Target Risk (L),Input neff,0.005697879577640779,0.03247809529352152,1.0,0.06495619058704304,19.54847768585306
PM25,188,Target Risk (L),GP neff [Ours],0.005697879577640779,0.030585337522286548,1.0,0.061170675044573096,22.042837111508426
PM25,188,Target Risk (L),Block-Bootstrap,0.005697879577640779,0.013734363908513049,1.0,0.027468727817026098,19.0
PM25,189,Target Mean (Y),Unweighted,0.022557340825861694,0.029630447078910348,1.0,0.05926089415782071,96.0
PM25,189,Target Mean (Y),Nominal n,0.020057854453977897,0.08265525405779822,1.0,0.16531050811559644,96.0
PM25,189,Target Mean (Y),Input neff,0.020057854453977897,0.22881690456091336,1.0,0.4576338091218267,12.526679066628743
PM25,189,Target Mean (Y),GP neff [Ours],0.020057854453977897,0.20942004904279926,1.0,0.4188400980855985,14.954629206247072
PM25,189,Target Mean (Y),Block-Bootstrap,0.020057854453977897,0.14707576745126685,1.0,0.2941515349025337,19.0
PM25,189,Target Risk (L),Unweighted,0.00031544455201322876,0.001271915087855659,1.0,0.0025438301757113183,96.0
PM25,189,Target Risk (L),Nominal n,8.548218248131609e-05,0.00399083734917366,1.0,0.00798167469834732,96.0
PM25,189,Target Risk (L),Input neff,8.548218248131609e-05,0.011047949210892825,1.0,0.02209589842178565,12.526679066628743
PM25,189,Target Risk (L),GP neff [Ours],8.548218248131609e-05,0.007564101895577024,1.0,0.015128203791154048,26.72295915818245
PM25,189,Target Risk (L),Block-Bootstrap,8.548218248131609e-05,0.002657793632934974,1.0,0.005315587265869948,19.0
PM25,190,Target Mean (Y),Unweighted,0.01330917286381536,0.02178653702276827,1.0,0.043573074045536564,96.0
PM25,190,Target Mean (Y),Nominal n,0.02019657304093303,0.06144610628444136,1.0,0.12289221256888272,96.0
PM25,190,Target Mean (Y),Input neff,0.02019657304093303,0.0766147999628352,1.0,0.15322959992567042,61.74966765424809
PM25,190,Target Mean (Y),GP neff [Ours],0.02019657304093303,0.07592852676012204,1.0,0.1518570535202441,62.87094986555871
PM25,190,Target Mean (Y),Block-Bootstrap,0.02019657304093303,0.048924563760649575,1.0,0.09784912752129915,19.0
PM25,190,Target Risk (L),Unweighted,0.0021047840184426556,0.002667446525474079,1.0,0.005334893050948157,96.0
PM25,190,Target Risk (L),Nominal n,0.004832084897181735,0.00955808561804786,1.0,0.01911617123609572,96.0
PM25,190,Target Risk (L),Input neff,0.004832084897181735,0.011917611414863739,1.0,0.023835222829727477,61.74966765424809
PM25,190,Target Risk (L),GP neff [Ours],0.004832084897181735,0.011941268650990785,1.0,0.023882537301981574,61.50524146040279
PM25,190,Target Risk (L),Block-Bootstrap,0.004832084897181735,0.006775170785522939,1.0,0.013550341571045878,19.0
PM25,191,Target Mean (Y),Unweighted,0.04530241166473972,0.03751743987514993,0.0,0.38643375133389124,96.0
PM25,191,Target Mean (Y),Nominal n,0.005241683510680217,0.08434857289216639,1.0,0.1686971457843328,96.0
PM25,191,Target Mean (Y),Input neff,0.005241683510680217,0.224422513379946,1.0,0.448845026759892,13.561067182038773
PM25,191,Target Mean (Y),GP neff [Ours],0.005241683510680217,0.19881714777830042,1.0,0.3976342955566008,17.279017040591715
PM25,191,Target Mean (Y),Block-Bootstrap,0.005241683510680217,0.1089553565021935,1.0,0.217910713004387,19.0
PM25,191,Target Risk (L),Unweighted,0.004388965193983483,0.0038415692268642066,0.0,0.02957897713849946,96.0
PM25,191,Target Risk (L),Nominal n,0.003597852761457596,0.007698310722025907,1.0,0.015396621444051815,96.0
PM25,191,Target Risk (L),Input neff,0.003597852761457596,0.020482554497105107,1.0,0.040965108994210214,13.561067182038773
PM25,191,Target Risk (L),GP neff [Ours],0.003597852761457596,0.019180793851289357,1.0,0.03836158770257871,15.46425313809232
PM25,191,Target Risk (L),Block-Bootstrap,0.003597852761457596,0.008281804430501962,1.0,0.016563608861003925,19.0
PM25,192,Target Mean (Y),Unweighted,0.002984388604254068,0.020365202232298013,1.0,0.040730404464596026,96.0
PM25,192,Target Mean (Y),Nominal n,0.013378651466603803,0.06391205009673447,1.0,0.12782410019346896,96.0
PM25,192,Target Mean (Y),Input neff,0.013378651466603803,0.11588588140865916,1.0,0.23177176281731832,29.199517398013118
PM25,192,Target Mean (Y),GP neff [Ours],0.013378651466603803,0.10598968214969826,1.0,0.2119793642993965,34.90676085348626
PM25,192,Target Mean (Y),Block-Bootstrap,0.013378651466603803,0.0541661866816696,1.0,0.1083323733633392,19.0
PM25,192,Target Risk (L),Unweighted,0.00036915300004357896,0.0011849859996778886,1.0,0.0023699719993557767,96.0
PM25,192,Target Risk (L),Nominal n,0.0005116070498110605,0.002206961215012346,1.0,0.004413922430024692,96.0
PM25,192,Target Risk (L),Input neff,0.0005116070498110605,0.004001681142278029,1.0,0.008003362284556058,29.199517398013118
PM25,192,Target Risk (L),GP neff [Ours],0.0005116070498110605,0.0030429297263841085,1.0,0.006085859452768216,50.49830362975017
PM25,192,Target Risk (L),Block-Bootstrap,0.0005116070498110605,0.0023245864834325982,1.0,0.0046491729668651964,19.0
PM25,193,Target Mean (Y),Unweighted,0.04173186896911105,0.03546793542626858,0.0,0.32149321256623575,96.0
PM25,193,Target Mean (Y),Nominal n,0.035153476586817556,0.11577435557073797,1.0,0.2315487111414759,96.0
PM25,193,Target Mean (Y),Input neff,0.035153476586817556,0.3017739925120343,1.0,0.6035479850240686,14.12968110290441
PM25,193,Target Mean (Y),GP neff [Ours],0.035153476586817556,0.26739153726114795,1.0,0.5347830745222959,17.9970225778086
PM25,193,Target Mean (Y),Block-Bootstrap,0.035153476586817556,0.18319742095858854,1.0,0.3663948419171771,19.0
PM25,193,Target Risk (L),Unweighted,0.002163319626962843,0.002481836207939346,1.0,0.004963672415878693,96.0
PM25,193,Target Risk (L),Nominal n,0.005099174576831208,0.011078689110474703,1.0,0.022157378220949403,96.0
PM25,193,Target Risk (L),Input neff,0.005099174576831208,0.028877381594448366,1.0,0.05775476318889673,14.12968110290441
PM25,193,Target Risk (L),GP neff [Ours],0.005099174576831208,0.027310525696471476,1.0,0.05462105139294296,15.797481812716104
PM25,193,Target Risk (L),Block-Bootstrap,0.005099174576831208,0.016412336654588477,1.0,0.032824673309176954,19.0
PM25,194,Target Mean (Y),Unweighted,0.060537111094129514,0.038723173421574095,0.0,0.9500038537453644,96.0
PM25,194,Target Mean (Y),Nominal n,0.010509569189732504,0.08069529848283331,1.0,0.1613905969656666,96.0
PM25,194,Target Mean (Y),Input neff,0.010509569189732504,0.20657749622544744,1.0,0.41315499245089493,14.648787498987264
PM25,194,Target Mean (Y),GP neff [Ours],0.010509569189732504,0.18305371268538273,1.0,0.36610742537076546,18.655659841344228
PM25,194,Target Mean (Y),Block-Bootstrap,0.010509569189732504,0.27745946092641127,1.0,0.5549189218528225,19.0
PM25,194,Target Risk (L),Unweighted,0.003192188246865328,0.0028332596302746986,0.0,0.02002366392417457,96.0
PM25,194,Target Risk (L),Nominal n,0.0008630404300609207,0.004506027062376927,1.0,0.009012054124753855,96.0
PM25,194,Target Risk (L),Input neff,0.0008630404300609207,0.011535291472624718,1.0,0.023070582945249437,14.648787498987264
PM25,194,Target Risk (L),GP neff [Ours],0.0008630404300609207,0.010540657575290609,1.0,0.021081315150581217,17.543789764744403
PM25,194,Target Risk (L),Block-Bootstrap,0.0008630404300609207,0.016875521167214278,1.0,0.033751042334428556,19.0
PM25,195,Target Mean (Y),Unweighted,0.01489535878539247,0.01508161165995145,1.0,0.0301632233199029,96.0
PM25,195,Target Mean (Y),Nominal n,0.06569147218715769,0.030814409555511856,0.0,1.456711324376857,96.0
PM25,195,Target Mean (Y),Input neff,0.06569147218715769,0.04626035945576172,0.0,0.8697652281673623,42.59522610880468
PM25,195,Target Mean (Y),GP neff [Ours],0.06569147218715769,0.04230545645942456,0.0,1.0200515420281744,50.931464414043965
PM25,195,Target Mean (Y),Block-Bootstrap,0.06569147218715769,0.04642488306599309,0.0,0.2722707284668326,19.0
PM25,195,Target Risk (L),Unweighted,0.001505544515832703,0.0030147714144575627,1.0,0.006029542828915126,96.0
PM25,195,Target Risk (L),Nominal n,0.005650871927708402,0.013972879653973529,1.0,0.027945759307947057,96.0
PM25,195,Target Risk (L),Input neff,0.005650871927708402,0.020976888564437652,1.0,0.041953777128875304,42.59522610880468
PM25,195,Target Risk (L),GP neff [Ours],0.005650871927708402,0.020848414476839085,1.0,0.04169682895367817,43.12181234259777
PM25,195,Target Risk (L),Block-Bootstrap,0.005650871927708402,0.016270648632215445,1.0,0.03254129726443089,19.0
PM25,196,Target Mean (Y),Unweighted,0.05311497947622479,0.01531771031633554,0.0,1.542526187028241,96.0
PM25,196,Target Mean (Y),Nominal n,0.0277079232846313,0.08031220731670881,1.0,0.16062441463341762,96.0
PM25,196,Target Mean (Y),Input neff,0.0277079232846313,0.11530782266795463,1.0,0.23061564533590925,46.57113416385404
PM25,196,Target Mean (Y),GP neff [Ours],0.0277079232846313,0.10833474425489197,1.0,0.21666948850978393,52.75927667786879
PM25,196,Target Mean (Y),Block-Bootstrap,0.0277079232846313,0.10670075077656135,1.0,0.2134015015531227,19.0
PM25,196,Target Risk (L),Unweighted,7.968679468666005e-05,0.0013773620332102835,1.0,0.002754724066420567,96.0
PM25,196,Target Risk (L),Nominal n,0.00431346678987875,0.010197784747374766,1.0,0.020395569494749535,96.0
PM25,196,Target Risk (L),Input neff,0.00431346678987875,0.014641414979658034,1.0,0.029282829959316067,46.57113416385404
PM25,196,Target Risk (L),GP neff [Ours],0.00431346678987875,0.012222253986055365,1.0,0.02444450797211073,66.83136103801715
PM25,196,Target Risk (L),Block-Bootstrap,0.00431346678987875,0.011016998542744598,1.0,0.022033997085489195,19.0
PM25,197,Target Mean (Y),Unweighted,0.04702957182831713,0.015099427409550606,0.0,1.3074046315697623,96.0
PM25,197,Target Mean (Y),Nominal n,0.082861956688799,0.017682391016730113,0.0,2.642547408916216,96.0
PM25,197,Target Mean (Y),Input neff,0.082861956688799,0.026317196535738024,0.0,2.3144247991939153,43.33850896182142
PM25,197,Target Mean (Y),GP neff [Ours],0.082861956688799,0.023980097421653246,0.0,2.4032345655291367,52.19769517511325
PM25,197,Target Mean (Y),Block-Bootstrap,0.082861956688799,0.018790205929221974,0.0,2.5614379456354395,19.0
PM25,197,Target Risk (L),Unweighted,0.0011661520130775626,0.0018498985898468025,1.0,0.003699797179693605,96.0
PM25,197,Target Risk (L),Nominal n,0.0003798353221684805,0.004744596285198479,1.0,0.00948919257039696,96.0
PM25,197,Target Risk (L),Input neff,0.0003798353221684805,0.007061515199056562,1.0,0.014123030398113124,43.33850896182142
PM25,197,Target Risk (L),GP neff [Ours],0.0003798353221684805,0.006709231760119322,1.0,0.013418463520238642,48.00916733247091
PM25,197,Target Risk (L),Block-Bootstrap,0.0003798353221684805,0.005029134392089202,1.0,0.010058268784178403,19.0
PM25,198,Target Mean (Y),Unweighted,0.058410349164633585,0.0396041553086643,0.0,0.8314560648561004,96.0
PM25,198,Target Mean (Y),Nominal n,0.007242469547436875,0.08269329754524081,1.0,0.16538659509048165,96.0
PM25,198,Target Mean (Y),Input neff,0.007242469547436875,0.21543258220694073,1.0,0.43086516441388145,14.144548207131797
PM25,198,Target Mean (Y),GP neff [Ours],0.007242469547436875,0.18846859128223759,1.0,0.37693718256447517,18.481358236144477
PM25,198,Target Mean (Y),Block-Bootstrap,0.007242469547436875,0.13704059601018206,1.0,0.27408119202036413,19.0
PM25,198,Target Risk (L),Unweighted,0.0029816114494646065,0.0027402711942605476,0.0,0.01513415259668345,96.0
PM25,198,Target Risk (L),Nominal n,0.0022133720760702533,0.005461537546482981,1.0,0.010923075092965962,96.0
PM25,198,Target Risk (L),Input neff,0.0022133720760702533,0.014228397843432038,1.0,0.028456795686864076,14.144548207131797
PM25,198,Target Risk (L),GP neff [Ours],0.0022133720760702533,0.013215727058424432,1.0,0.026431454116848864,16.395284567650684
PM25,198,Target Risk (L),Block-Bootstrap,0.0022133720760702533,0.008560313478167181,1.0,0.017120626956334362,19.0
PM25,199,Target Mean (Y),Unweighted,0.0035411489017649067,0.018033136680330714,1.0,0.03606627336066143,96.0
PM25,199,Target Mean (Y),Nominal n,0.030971208128032807,0.043842734527466704,1.0,0.08768546905493341,96.0
PM25,199,Target Mean (Y),Input neff,0.030971208128032807,0.0756275918219331,1.0,0.1512551836438662,32.26308984694107
PM25,199,Target Mean (Y),GP neff [Ours],0.030971208128032807,0.06789482013848613,1.0,0.13578964027697227,40.03070293794031
PM25,199,Target Mean (Y),Block-Bootstrap,0.030971208128032807,0.05738842676327883,1.0,0.11477685352655766,19.0
PM25,199,Target Risk (L),Unweighted,0.000674436460995219,0.002219658744196451,1.0,0.004439317488392902,96.0
PM25,199,Target Risk (L),Nominal n,0.0020483999079820908,0.009783179777921086,1.0,0.019566359555842173,96.0
PM25,199,Target Risk (L),Input neff,0.0020483999079820908,0.01687573402844399,1.0,0.03375146805688798,32.26308984694107
PM25,199,Target Risk (L),GP neff [Ours],0.0020483999079820908,0.01656139305207145,1.0,0.0331227861041429,33.49944197956291
PM25,199,Target Risk (L),Block-Bootstrap,0.0020483999079820908,0.005751535517160913,1.0,0.011503071034321827,19.0
PM25,200,Target Mean (Y),Unweighted,0.03706026911148985,0.02606281462786271,0.0,0.49202380860081163,96.0
PM25,200,Target Mean (Y),Nominal n,0.039116458170314394,0.09043617789832814,1.0,0.18087235579665628,96.0
PM25,200,Target Mean (Y),Input neff,0.039116458170314394,0.17303461895090214,1.0,0.3460692379018042,26.223438080376834
PM25,200,Target Mean (Y),GP neff [Ours],0.039116458170314394,0.15763121635505034,1.0,0.3152624327101007,31.598842806399972
PM25,200,Target Mean (Y),Block-Bootstrap,0.039116458170314394,0.14821538815548774,1.0,0.2964307763109755,19.0
PM25,200,Target Risk (L),Unweighted,0.0026457340313311983,0.003646308845905459,1.0,0.007292617691810917,96.0
PM25,200,Target Risk (L),Nominal n,0.007667108776014787,0.018045553451317912,1.0,0.036091106902635825,96.0
PM25,200,Target Risk (L),Input neff,0.007667108776014787,0.03452717195453985,1.0,0.0690543439090797,26.223438080376834
PM25,200,Target Risk (L),GP neff [Ours],0.007667108776014787,0.03283763061450947,1.0,0.06567526122901894,28.99132196860827
PM25,200,Target Risk (L),Block-Bootstrap,0.007667108776014787,0.02648282422779601,1.0,0.05296564845559202,19.0
PM25,201,Target Mean (Y),Unweighted,0.041429128583140615,0.020696763456527673,0.0,0.8706881319775731,96.0
PM25,201,Target Mean (Y),Nominal n,0.035447068728418685,0.11347871333109032,1.0,0.22695742666218066,96.0
PM25,201,Target Mean (Y),Input neff,0.035447068728418685,0.19324255977447058,1.0,0.38648511954894116,33.10506733086026
PM25,201,Target Mean (Y),GP neff [Ours],0.035447068728418685,0.18789508060988924,1.0,0.3757901612197785,35.0162165533463
PM25,201,Target Mean (Y),Block-Bootstrap,0.035447068728418685,0.12427042600239008,1.0,0.24854085200478016,19.0
PM25,201,Target Risk (L),Unweighted,0.0021818831977655963,0.0004933849223925102,0.0,0.06852670085970847,96.0
PM25,201,Target Risk (L),Nominal n,0.0017610937535696947,0.0014639412711795294,0.0,0.014813981837965671,96.0
PM25,201,Target Risk (L),Input neff,0.0017610937535696947,0.002492941189567738,1.0,0.004985882379135476,33.10506733086026
PM25,201,Target Risk (L),GP neff [Ours],0.0017610937535696947,0.002284764409486191,1.0,0.004569528818972382,39.412655029933156
PM25,201,Target Risk (L),Block-Bootstrap,0.0017610937535696947,0.0014237508616851944,0.0,0.01894258430502796,19.0
PM25,202,Target Mean (Y),Unweighted,0.03000070227420981,0.01499301987547832,0.0,0.6302933357002161,96.0
PM25,202,Target Mean (Y),Nominal n,0.027731662336725138,0.03220789219451923,1.0,0.06441578438903844,96.0
PM25,202,Target Mean (Y),Input neff,0.027731662336725138,0.047674831068220104,1.0,0.0953496621364402,43.81446520883708
PM25,202,Target Mean (Y),GP neff [Ours],0.027731662336725138,0.04409820703375703,1.0,0.08819641406751405,51.20990576635716
PM25,202,Target Mean (Y),Block-Bootstrap,0.027731662336725138,0.04154082339752735,1.0,0.0830816467950547,19.0
PM25,202,Target Risk (L),Unweighted,0.00018902819968643356,0.0017381167857177388,1.0,0.003476233571435477,96.0
PM25,202,Target Risk (L),Nominal n,0.005062155484226728,0.010238449474891432,1.0,0.020476898949782864,96.0
PM25,202,Target Risk (L),Input neff,0.005062155484226728,0.015155178307477627,1.0,0.030310356614955253,43.81446520883708
PM25,202,Target Risk (L),GP neff [Ours],0.005062155484226728,0.014942517727599152,1.0,0.029885035455198303,45.070466833701076
PM25,202,Target Risk (L),Block-Bootstrap,0.005062155484226728,0.012827866897555053,1.0,0.025655733795110106,19.0
PM25,203,Target Mean (Y),Unweighted,0.019201349974687656,0.01601887848238922,0.0,0.1593366166567162,96.0
PM25,203,Target Mean (Y),Nominal n,0.010619600551364738,0.08366828778513519,1.0,0.16733657557027037,96.0
PM25,203,Target Mean (Y),Input neff,0.010619600551364738,0.1547751470274535,1.0,0.30955029405490697,28.05372565740856
PM25,203,Target Mean (Y),GP neff [Ours],0.010619600551364738,0.129699148069358,1.0,0.259398296138716,39.95018081343039
PM25,203,Target Mean (Y),Block-Bootstrap,0.010619600551364738,0.07553016815436973,1.0,0.15106033630873947,19.0
PM25,203,Target Risk (L),Unweighted,0.0011151143657472124,0.0024768338440076683,1.0,0.004953667688015336,96.0
PM25,203,Target Risk (L),Nominal n,0.0019319631895698157,0.005310515559275389,1.0,0.010621031118550776,96.0
PM25,203,Target Risk (L),Input neff,0.0019319631895698157,0.009823743836962514,1.0,0.01964748767392503,28.05372565740856
PM25,203,Target Risk (L),GP neff [Ours],0.0019319631895698157,0.009519355633521576,1.0,0.01903871126704315,29.876484963801378
PM25,203,Target Risk (L),Block-Bootstrap,0.0019319631895698157,0.008244616320825982,1.0,0.016489232641651964,19.0
PM25,204,Target Mean (Y),Unweighted,0.020630614279223705,0.015576685015943342,0.0,0.23331054056310085,96.0
PM25,204,Target Mean (Y),Nominal n,0.06120283346818153,0.030595924942328667,0.0,1.2854681909187717,96.0
PM25,204,Target Mean (Y),Input neff,0.06120283346818153,0.04895425226376829,0.0,0.5878517527040663,37.49881672697375
PM25,204,Target Mean (Y),GP neff [Ours],0.06120283346818153,0.041749755676415215,0.0,0.8616226230234831,51.55734325913916
PM25,204,Target Mean (Y),Block-Bootstrap,0.06120283346818153,0.03915100706458753,0.0,0.3759195641176276,19.0
PM25,204,Target Risk (L),Unweighted,0.00032203353462479127,0.001504279629609042,1.0,0.0030085592592180846,96.0
PM25,204,Target Risk (L),Nominal n,0.0011532992381977194,0.0054229106777582935,1.0,0.010845821355516587,96.0
PM25,204,Target Risk (L),Input neff,0.0011532992381977194,0.008676793979043433,1.0,0.017353587958086867,37.49881672697375
PM25,204,Target Risk (L),GP neff [Ours],0.0011532992381977194,0.008319313705854767,1.0,0.016638627411709534,40.790697648518275
PM25,204,Target Risk (L),Block-Bootstrap,0.0011532992381977194,0.0073882202575592665,1.0,0.014776440515118533,19.0
PM25,205,Target Mean (Y),Unweighted,0.017531341500283376,0.015904626807592786,0.0,0.09687784132280959,96.0
PM25,205,Target Mean (Y),Nominal n,0.05882295061572987,0.05375468808518306,0.0,0.31023987739223885,96.0
PM25,205,Target Mean (Y),Input neff,0.05882295061572987,0.06819309448487497,1.0,0.1363861889697499,59.651741688547276
PM25,205,Target Mean (Y),GP neff [Ours],0.05882295061572987,0.06645277123655702,1.0,0.13290554247311404,62.817078145934175
PM25,205,Target Mean (Y),Block-Bootstrap,0.05882295061572987,0.06329743686515923,1.0,0.12659487373031847,19.0
PM25,205,Target Risk (L),Unweighted,0.0009875843365754026,0.002305531713658883,1.0,0.004611063427317765,96.0
PM25,205,Target Risk (L),Nominal n,0.007545702540840607,0.0172323449179682,1.0,0.0344646898359364,96.0
PM25,205,Target Risk (L),Input neff,0.007545702540840607,0.02186091980153955,1.0,0.0437218396030791,59.651741688547276
PM25,205,Target Risk (L),GP neff [Ours],0.007545702540840607,0.02201713859008872,1.0,0.04403427718017744,58.808247599377
PM25,205,Target Risk (L),Block-Bootstrap,0.007545702540840607,0.015619810068545128,1.0,0.031239620137090255,19.0
PM25,206,Target Mean (Y),Unweighted,0.04879542186164723,0.03820419877453308,0.0,0.5000573210336325,96.0
PM25,206,Target Mean (Y),Nominal n,0.0223211818041031,0.09781241341284773,1.0,0.19562482682569546,96.0
PM25,206,Target Mean (Y),Input neff,0.0223211818041031,0.24013083884630784,1.0,0.4802616776926157,15.92807553700281
PM25,206,Target Mean (Y),GP neff [Ours],0.0223211818041031,0.21752927073924463,1.0,0.43505854147848927,19.40992131419694
PM25,206,Target Mean (Y),Block-Bootstrap,0.0223211818041031,0.13215436265096597,1.0,0.26430872530193195,19.0
PM25,206,Target Risk (L),Unweighted,0.004398734589971219,0.0028755836063689005,0.0,0.06667720655683054,96.0
PM25,206,Target Risk (L),Nominal n,0.00260123810261637,0.008623181665460422,1.0,0.017246363330920843,96.0
PM25,206,Target Risk (L),Input neff,0.00260123810261637,0.02117003123224364,1.0,0.04234006246448728,15.92807553700281
PM25,206,Target Risk (L),GP neff [Ours],0.00260123810261637,0.017836823395134146,1.0,0.03567364679026829,22.43733537302962
PM25,206,Target Risk (L),Block-Bootstrap,0.00260123810261637,0.011842556656975657,1.0,0.023685113313951314,19.0
PM25,207,Target Mean (Y),Unweighted,0.01425505349589154,0.016428964065767993,1.0,0.032857928131535985,96.0
PM25,207,Target Mean (Y),Nominal n,0.031266040310081525,0.07094439237232696,1.0,0.1418887847446539,96.0
PM25,207,Target Mean (Y),Input neff,0.031266040310081525,0.08554655619379867,1.0,0.17109311238759733,66.02407382896025
PM25,207,Target Mean (Y),GP neff [Ours],0.031266040310081525,0.08488645377219817,1.0,0.16977290754439633,67.05491220023794
PM25,207,Target Mean (Y),Block-Bootstrap,0.031266040310081525,0.054695092087691584,1.0,0.10939018417538317,19.0
PM25,207,Target Risk (L),Unweighted,0.0027426424362119103,0.0032922631784391707,1.0,0.006584526356878341,96.0
PM25,207,Target Risk (L),Nominal n,0.010239083039567349,0.014811784373921586,1.0,0.029623568747843172,96.0
PM25,207,Target Risk (L),Input neff,0.010239083039567349,0.01786042704579375,1.0,0.0357208540915875,66.02407382896025
PM25,207,Target Risk (L),GP neff [Ours],0.010239083039567349,0.01804266019386327,1.0,0.03608532038772655,64.69710613456253
PM25,207,Target Risk (L),Block-Bootstrap,0.010239083039567349,0.020845916826556753,1.0,0.041691833653113505,19.0
PM25,208,Target Mean (Y),Unweighted,0.03130072752209152,0.015490918983082696,0.0,0.6633741795265181,96.0
PM25,208,Target Mean (Y),Nominal n,0.072443304491489,0.04271915200709939,0.0,1.2744044033897834,96.0
PM25,208,Target Mean (Y),Input neff,0.072443304491489,0.09494995108145454,1.0,0.18989990216290908,19.43242448746094
PM25,208,Target Mean (Y),GP neff [Ours],0.072443304491489,0.07939829295145868,1.0,0.15879658590291734,27.790358472218575
PM25,208,Target Mean (Y),Block-Bootstrap,0.072443304491489,0.027830609487997978,0.0,1.9742036386298147,19.0
PM25,208,Target Risk (L),Unweighted,0.0005975457157746601,0.0008257949618415375,1.0,0.0016515899236830753,96.0
PM25,208,Target Risk (L),Nominal n,0.0009682900004523935,0.0022725805461609756,1.0,0.004545161092321951,96.0
PM25,208,Target Risk (L),Input neff,0.0009682900004523935,0.005051163273343762,1.0,0.010102326546687523,19.43242448746094
PM25,208,Target Risk (L),GP neff [Ours],0.0009682900004523935,0.003116795885926004,1.0,0.006233591771852008,51.03793312747095
PM25,208,Target Risk (L),Block-Bootstrap,0.0009682900004523935,0.003709192062250303,1.0,0.007418384124500606,19.0
PM25,209,Target Mean (Y),Unweighted,0.012049119230047728,0.01626993868196875,1.0,0.032539877363937486,96.0
PM25,209,Target Mean (Y),Nominal n,0.03995995222466017,0.04735909745385658,1.0,0.09471819490771316,96.0
PM25,209,Target Mean (Y),Input neff,0.03995995222466017,0.05946075065671911,1.0,0.1189215013134382,60.899999948067126
PM25,209,Target Mean (Y),GP neff [Ours],0.03995995222466017,0.05812963077009805,1.0,0.11625926154019611,63.721052225997084
PM25,209,Target Mean (Y),Block-Bootstrap,0.03995995222466017,0.054332698858688924,1.0,0.10866539771737785,19.0
PM25,209,Target Risk (L),Unweighted,0.0004916761518230844,0.002199328103791195,1.0,0.0043986562075823896,96.0
PM25,209,Target Risk (L),Nominal n,0.0014722784771274118,0.005446787601388785,1.0,0.010893575202777572,96.0
PM25,209,Target Risk (L),Input neff,0.0014722784771274118,0.006838603285500622,1.0,0.013677206571001244,60.899999948067126
PM25,209,Target Risk (L),GP neff [Ours],0.0014722784771274118,0.00684572444856367,1.0,0.01369144889712734,60.77336520854483
PM25,209,Target Risk (L),Block-Bootstrap,0.0014722784771274118,0.012564601244440659,1.0,0.025129202488881317,19.0
PM25,210,Target Mean (Y),Unweighted,0.010712621215206636,0.01724522053561801,1.0,0.034490441071236014,96.0
PM25,210,Target Mean (Y),Nominal n,0.051188877190863485,0.04249209295560225,0.0,0.4328555553216541,96.0
PM25,210,Target Mean (Y),Input neff,0.051188877190863485,0.08057738343131171,1.0,0.16115476686262342,26.69691985215825
PM25,210,Target Mean (Y),GP neff [Ours],0.051188877190863485,0.0678461609179725,1.0,0.13569232183594498,37.65623734078418
PM25,210,Target Mean (Y),Block-Bootstrap,0.051188877190863485,0.04885988378837114,1.0,0.09771976757674228,19.0
PM25,210,Target Risk (L),Unweighted,0.000682735269716777,0.0022610301662868344,1.0,0.00452206033257367,96.0
PM25,210,Target Risk (L),Nominal n,0.002107440060814404,0.00811078744362591,1.0,0.01622157488725182,96.0
PM25,210,Target Risk (L),Input neff,0.002107440060814404,0.01538041513882993,1.0,0.03076083027765986,26.69691985215825
PM25,210,Target Risk (L),GP neff [Ours],0.002107440060814404,0.014936068730634381,1.0,0.029872137461268763,28.30900900159288
PM25,210,Target Risk (L),Block-Bootstrap,0.002107440060814404,0.008556015772610018,1.0,0.017112031545220036,19.0
PM25,211,Target Mean (Y),Unweighted,0.021774599290974833,0.02407228494565236,1.0,0.04814456989130472,96.0
PM25,211,Target Mean (Y),Nominal n,0.019541521562091213,0.07830740251935864,1.0,0.15661480503871728,96.0
PM25,211,Target Mean (Y),Input neff,0.019541521562091213,0.13819207720121363,1.0,0.27638415440242725,30.82553198393988
PM25,211,Target Mean (Y),GP neff [Ours],0.019541521562091213,0.12561084554124025,1.0,0.2512216910824805,37.30977173556564
PM25,211,Target Mean (Y),Block-Bootstrap,0.019541521562091213,0.11602108423849676,1.0,0.23204216847699352,19.0
PM25,211,Target Risk (L),Unweighted,0.0009797827339881153,0.0016558333330604733,1.0,0.003311666666120946,96.0
PM25,211,Target Risk (L),Nominal n,0.0008426696333852035,0.0021043145937357493,1.0,0.004208629187471499,96.0
PM25,211,Target Risk (L),Input neff,0.0008426696333852035,0.003713564687850316,1.0,0.007427129375700631,30.82553198393988
PM25,211,Target Risk (L),GP neff [Ours],0.0008426696333852035,0.0031671876964800704,1.0,0.00633437539296014,42.37843981877935
PM25,211,Target Risk (L),Block-Bootstrap,0.0008426696333852035,0.0019910687399687372,1.0,0.0039821374799374745,19.0
PM25,212,Target Mean (Y),Unweighted,0.019321707764542728,0.016469754458677762,0.0,0.14701764115195404,96.0
PM25,212,Target Mean (Y),Nominal n,0.018559701673545814,0.06769086566532273,1.0,0.13538173133064546,96.0
PM25,212,Target Mean (Y),Input neff,0.018559701673545814,0.12750501163937442,1.0,0.2550100232787489,27.05682662574183
PM25,212,Target Mean (Y),GP neff [Ours],0.018559701673545814,0.10692776699698812,1.0,0.21385553399397628,38.47249699657614
PM25,212,Target Mean (Y),Block-Bootstrap,0.018559701673545814,0.0778493196439246,1.0,0.1556986392878492,19.0
PM25,212,Target Risk (L),Unweighted,0.0012565310727920519,0.002475713817700955,1.0,0.004951427635401911,96.0
PM25,212,Target Risk (L),Nominal n,0.0014010884440217829,0.00673669174093238,1.0,0.01347338348186476,96.0
PM25,212,Target Risk (L),Input neff,0.0014010884440217829,0.012689481075413359,1.0,0.025378962150826717,27.05682662574183
PM25,212,Target Risk (L),GP neff [Ours],0.0014010884440217829,0.012302361901958127,1.0,0.024604723803916255,28.786415276680085
PM25,212,Target Risk (L),Block-Bootstrap,0.0014010884440217829,0.008729434067224795,1.0,0.01745886813444959,19.0
PM25,213,Target Mean (Y),Unweighted,0.007105883648766298,0.02169962516289056,1.0,0.043399250325781125,96.0
PM25,213,Target Mean (Y),Nominal n,0.04982145641308,0.07365577284305085,1.0,0.14731154568610172,96.0
PM25,213,Target Mean (Y),Input neff,0.04982145641308,0.15250014787003538,1.0,0.3050002957400708,22.3946502901794
PM25,213,Target Mean (Y),GP neff [Ours],0.04982145641308,0.13866041010306596,1.0,0.2773208202061319,27.088181699765926
PM25,213,Target Mean (Y),Block-Bootstrap,0.04982145641308,0.08907622407623483,1.0,0.17815244815246967,19.0
PM25,213,Target Risk (L),Unweighted,0.0008412666495523869,0.0020511915135501017,1.0,0.004102383027100203,96.0
PM25,213,Target Risk (L),Nominal n,0.0015799845869130125,0.005335895299365814,1.0,0.010671790598731627,96.0
PM25,213,Target Risk (L),Input neff,0.0015799845869130125,0.011047672039315046,1.0,0.02209534407863009,22.3946502901794
PM25,213,Target Risk (L),GP neff [Ours],0.0015799845869130125,0.010045070493709313,1.0,0.020090140987418625,27.088181699765926
PM25,213,Target Risk (L),Block-Bootstrap,0.0015799845869130125,0.005699392887749338,1.0,0.011398785775498676,19.0
PM25,214,Target Mean (Y),Unweighted,0.01641961796123012,0.023341954520897806,1.0,0.046683909041795604,96.0
PM25,214,Target Mean (Y),Nominal n,0.02564637841670757,0.054811397737960205,1.0,0.10962279547592042,96.0
PM25,214,Target Mean (Y),Input neff,0.02564637841670757,0.0865526972784556,1.0,0.1731053945569112,38.499206122870035
PM25,214,Target Mean (Y),GP neff [Ours],0.02564637841670757,0.08382221078898633,1.0,0.16764442157797266,41.0482611955071
PM25,214,Target Mean (Y),Block-Bootstrap,0.02564637841670757,0.060459127730820766,1.0,0.12091825546164153,19.0
PM25,214,Target Risk (L),Unweighted,0.0006529333648502321,0.0011317588942968471,1.0,0.0022635177885936943,96.0
PM25,214,Target Risk (L),Nominal n,0.0037908388564823663,0.01135166356284999,1.0,0.02270332712569998,96.0
PM25,214,Target Risk (L),Input neff,0.0037908388564823663,0.017925415889946873,1.0,0.035850831779893746,38.499206122870035
PM25,214,Target Risk (L),GP neff [Ours],0.0037908388564823663,0.017359921024452937,1.0,0.03471984204890587,41.0482611955071
PM25,214,Target Risk (L),Block-Bootstrap,0.0037908388564823663,0.008587186854333592,1.0,0.017174373708667184,19.0
PM25,215,Target Mean (Y),Unweighted,0.03127371822838754,0.0269013688880232,0.0,0.2286967113906202,96.0
PM25,215,Target Mean (Y),Nominal n,0.012166102025910647,0.07803761040969003,1.0,0.15607522081938002,96.0
PM25,215,Target Mean (Y),Input neff,0.012166102025910647,0.145462187673594,1.0,0.290924375347188,27.629875509253157
PM25,215,Target Mean (Y),GP neff [Ours],0.012166102025910647,0.13397744370359727,1.0,0.26795488740719453,32.569851878086155
PM25,215,Target Mean (Y),Block-Bootstrap,0.012166102025910647,0.11602061657323956,1.0,0.23204123314647912,19.0
PM25,215,Target Risk (L),Unweighted,0.001687645815883143,0.002308708722976988,1.0,0.004617417445953977,96.0
PM25,215,Target Risk (L),Nominal n,0.0010607588240984637,0.00143412396278629,1.0,0.0028682479255725804,96.0
PM25,215,Target Risk (L),Input neff,0.0010607588240984637,0.0026732085711854933,1.0,0.0053464171423709865,27.629875509253157
PM25,215,Target Risk (L),GP neff [Ours],0.0010607588240984637,0.002430551166898641,1.0,0.004861102333797282,33.422203704718704
PM25,215,Target Risk (L),Block-Bootstrap,0.0010607588240984637,0.0020727765732601005,1.0,0.004145553146520201,19.0
PM25,216,Target Mean (Y),Unweighted,0.006796629421713135,0.02176702100505102,1.0,0.043534042010102025,96.0
PM25,216,Target Mean (Y),Nominal n,0.05125882071058541,0.06868135510578169,1.0,0.13736271021156335,96.0
PM25,216,Target Mean (Y),Input neff,0.05125882071058541,0.14873563328199182,1.0,0.2974712665639836,20.47004936010171
PM25,216,Target Mean (Y),GP neff [Ours],0.05125882071058541,0.1327023617391731,1.0,0.2654047234783462,25.715302611375485
PM25,216,Target Mean (Y),Block-Bootstrap,0.05125882071058541,0.06302816400838787,1.0,0.12605632801677574,19.0
PM25,216,Target Risk (L),Unweighted,0.0008437610631264799,0.002051003812515463,1.0,0.004102007625030926,96.0
PM25,216,Target Risk (L),Nominal n,0.0014637031013542958,0.005019138273092066,1.0,0.010038276546184131,96.0
PM25,216,Target Risk (L),Input neff,0.0014637031013542958,0.010869394006982657,1.0,0.021738788013965313,20.47004936010171
PM25,216,Target Risk (L),GP neff [Ours],0.0014637031013542958,0.00969770473673608,1.0,0.01939540947347216,25.715302611375485
PM25,216,Target Risk (L),Block-Bootstrap,0.0014637031013542958,0.005653959413406432,1.0,0.011307918826812865,19.0
PM25,217,Target Mean (Y),Unweighted,0.013969020272385141,0.015633746379914146,1.0,0.03126749275982828,96.0
PM25,217,Target Mean (Y),Nominal n,0.06027355118849945,0.02960302775875134,0.0,1.2860269927074268,96.0
PM25,217,Target Mean (Y),Input neff,0.06027355118849945,0.043584950277596735,0.0,0.754713936991302,44.28640099590901
PM25,217,Target Mean (Y),GP neff [Ours],0.06027355118849945,0.04001250742830622,0.0,0.8904667652643412,52.547488314294476
PM25,217,Target Mean (Y),Block-Bootstrap,0.06027355118849945,0.042483597451322866,1.0,0.08496719490264573,19.0
PM25,217,Target Risk (L),Unweighted,0.0005649514067420833,0.002224783277556174,1.0,0.004449566555112348,96.0
PM25,217,Target Risk (L),Nominal n,0.002133516495818248,0.008032601016770504,1.0,0.016065202033541007,96.0
PM25,217,Target Risk (L),Input neff,0.002133516495818248,0.011826510408625944,1.0,0.023653020817251888,44.28640099590901
PM25,217,Target Risk (L),GP neff [Ours],0.002133516495818248,0.011692404020837297,1.0,0.023384808041674594,45.30811535655545
PM25,217,Target Risk (L),Block-Bootstrap,0.002133516495818248,0.011261505939779858,1.0,0.022523011879559716,19.0
PM25,218,Target Mean (Y),Unweighted,0.043988879332089725,0.015281846504995714,0.0,1.178845006093752,96.0
PM25,218,Target Mean (Y),Nominal n,0.00523610919412365,0.0943238313603722,1.0,0.1886476627207444,96.0
PM25,218,Target Mean (Y),Input neff,0.00523610919412365,0.19016741386495023,1.0,0.38033482772990046,23.61793366258072
PM25,218,Target Mean (Y),GP neff [Ours],0.00523610919412365,0.17784201576563385,1.0,0.3556840315312677,27.005072950241253
PM25,218,Target Mean (Y),Block-Bootstrap,0.00523610919412365,0.1124716423166954,1.0,0.2249432846333908,19.0
PM25,218,Target Risk (L),Unweighted,0.001838925613849994,0.0006035361878465568,0.0,0.050622649415830605,96.0
PM25,218,Target Risk (L),Nominal n,0.0010483323845412113,0.004536452673308963,1.0,0.009072905346617924,96.0
PM25,218,Target Risk (L),Input neff,0.0010483323845412113,0.009145996940136394,1.0,0.018291993880272788,23.61793366258072
PM25,218,Target Risk (L),GP neff [Ours],0.0010483323845412113,0.008458146328801121,1.0,0.016916292657602243,27.6155446652587
PM25,218,Target Risk (L),Block-Bootstrap,0.0010483323845412113,0.004551440554855999,1.0,0.009102881109711998,19.0
PM25,219,Target Mean (Y),Unweighted,0.008793700844244634,0.028712995278871507,1.0,0.057425990557743,96.0
PM25,219,Target Mean (Y),Nominal n,0.03580700922410976,0.1112482562186821,1.0,0.22249651243736418,96.0
PM25,219,Target Mean (Y),Input neff,0.03580700922410976,0.267319049825598,1.0,0.534638099651196,16.626385277871673
PM25,219,Target Mean (Y),GP neff [Ours],0.03580700922410976,0.2430068473323025,1.0,0.486013694664605,20.119659907957693
PM25,219,Target Mean (Y),Block-Bootstrap,0.03580700922410976,0.13264854564338505,1.0,0.2652970912867701,19.0
PM25,219,Target Risk (L),Unweighted,0.0009175746399639993,0.0019222420733301894,1.0,0.0038444841466603787,96.0
PM25,219,Target Risk (L),Nominal n,0.006611396223317376,0.012234690039526479,1.0,0.024469380079052958,96.0
PM25,219,Target Risk (L),Input neff,0.006611396223317376,0.029398804326855554,1.0,0.05879760865371111,16.626385277871673
PM25,219,Target Risk (L),GP neff [Ours],0.006611396223317376,0.02707886440280012,1.0,0.05415772880560024,19.597301775800137
PM25,219,Target Risk (L),Block-Bootstrap,0.006611396223317376,0.010254164433316426,1.0,0.02050832886663285,19.0
PM25,220,Target Mean (Y),Unweighted,0.009640212086973299,0.017229539282174862,1.0,0.03445907856434971,96.0
PM25,220,Target Mean (Y),Nominal n,0.005905487609145221,0.06025999505219999,1.0,0.12051999010439997,96.0
PM25,220,Target Mean (Y),Input neff,0.005905487609145221,0.08516349891082273,1.0,0.17032699782164545,48.064278172036964
PM25,220,Target Mean (Y),GP neff [Ours],0.005905487609145221,0.07913327811686813,1.0,0.15826655623373626,55.66870295850494
PM25,220,Target Mean (Y),Block-Bootstrap,0.005905487609145221,0.05702403634314728,1.0,0.11404807268629456,19.0
PM25,220,Target Risk (L),Unweighted,0.0014337193787370642,0.002325587289170315,1.0,0.00465117457834063,96.0
PM25,220,Target Risk (L),Nominal n,0.0035883467092079416,0.00935283363671778,1.0,0.01870566727343556,96.0
PM25,220,Target Risk (L),Input neff,0.0035883467092079416,0.013218056797776673,1.0,0.026436113595553347,48.064278172036964
PM25,220,Target Risk (L),GP neff [Ours],0.0035883467092079416,0.013069355817595467,1.0,0.026138711635190933,49.164235237870905
PM25,220,Target Risk (L),Block-Bootstrap,0.0035883467092079416,0.009088099539892355,1.0,0.01817619907978471,19.0
PM25,221,Target Mean (Y),Unweighted,0.028041879498967637,0.025325737076435817,0.0,0.15929717105414443,96.0
PM25,221,Target Mean (Y),Nominal n,0.01690856155510953,0.09183406744280435,1.0,0.18366813488560868,96.0
PM25,221,Target Mean (Y),Input neff,0.01690856155510953,0.20514058073709923,1.0,0.41028116147419846,19.238699540576807
PM25,221,Target Mean (Y),GP neff [Ours],0.01690856155510953,0.18400568318693294,1.0,0.3680113663738659,23.912027405608683
PM25,221,Target Mean (Y),Block-Bootstrap,0.01690856155510953,0.11785688928247996,1.0,0.23571377856495992,19.0
PM25,221,Target Risk (L),Unweighted,0.0007788458298106948,0.0009606109929977788,1.0,0.0019212219859955576,96.0
PM25,221,Target Risk (L),Nominal n,0.0015383796924931567,0.0019514797998531406,1.0,0.0039029595997062813,96.0
PM25,221,Target Risk (L),Input neff,0.0015383796924931567,0.004359250445788232,1.0,0.008718500891576464,19.238699540576807
PM25,221,Target Risk (L),GP neff [Ours],0.0015383796924931567,0.0027323418884327203,1.0,0.005464683776865441,48.96990630252396
PM25,221,Target Risk (L),Block-Bootstrap,0.0015383796924931567,0.002640019481696689,1.0,0.005280038963393378,19.0
PM25,222,Target Mean (Y),Unweighted,0.0583545628095581,0.014941921244300627,0.0,1.7663895050989,96.0
PM25,222,Target Mean (Y),Nominal n,0.05211951424758035,0.07957439957332073,1.0,0.15914879914664143,96.0
PM25,222,Target Mean (Y),Input neff,0.05211951424758035,0.11469897676671391,1.0,0.2293979535334278,46.20605456190337
PM25,222,Target Mean (Y),GP neff [Ours],0.05211951424758035,0.10474417769196351,1.0,0.20948835538392702,55.40617768971922
PM25,222,Target Mean (Y),Block-Bootstrap,0.05211951424758035,0.11442848593690184,1.0,0.2288569718738037,19.0
PM25,222,Target Risk (L),Unweighted,0.0002807106992122519,0.0013714438954842167,1.0,0.0027428877909684334,96.0
PM25,222,Target Risk (L),Nominal n,0.0032120434248421228,0.008745908487706353,1.0,0.017491816975412706,96.0
PM25,222,Target Risk (L),Input neff,0.0032120434248421228,0.012606400548595114,1.0,0.025212801097190228,46.20605456190337
PM25,222,Target Risk (L),GP neff [Ours],0.0032120434248421228,0.010476175947725628,1.0,0.020952351895451256,66.90761097044938
PM25,222,Target Risk (L),Block-Bootstrap,0.0032120434248421228,0.01021995097485628,1.0,0.02043990194971256,19.0
PM25,223,Target Mean (Y),Unweighted,0.026516841446379294,0.02376759945349982,0.0,0.157504878622178,96.0
PM25,223,Target Mean (Y),Nominal n,0.0032641555562224756,0.09095172590329842,1.0,0.18190345180659684,96.0
PM25,223,Target Mean (Y),Input neff,0.0032641555562224756,0.0958305636539049,1.0,0.19166112730780976,86.47389820385672
PM25,223,Target Mean (Y),GP neff [Ours],0.0032641555562224756,0.1023178974460631,1.0,0.2046357948921262,75.85599477846918
PM25,223,Target Mean (Y),Block-Bootstrap,0.0032641555562224756,0.11201076220111977,1.0,0.22402152440223955,19.0
PM25,223,Target Risk (L),Unweighted,0.0011660475511816606,0.0008651587244189946,0.0,0.013765870519344636,96.0
PM25,223,Target Risk (L),Nominal n,0.00272310783826304,0.0004496446875825423,0.0,0.09183781540238499,96.0
PM25,223,Target Risk (L),Input neff,0.00272310783826304,0.0004737645539660543,0.0,0.09092126047981154,86.47389820385672
PM25,223,Target Risk (L),GP neff [Ours],0.00272310783826304,0.0005172137831940213,0.0,0.08927018976914879,72.55544110800616
PM25,223,Target Risk (L),Block-Bootstrap,0.00272310783826304,0.0005078702425178377,0.0,0.08728324926449571,19.0
PM25,224,Target Mean (Y),Unweighted,0.028231366551953407,0.025211750463125952,0.0,0.17120814447934984,96.0
PM25,224,Target Mean (Y),Nominal n,0.027847424313218322,0.0689222101860099,1.0,0.13784442037201977,96.0
PM25,224,Target Mean (Y),Input neff,0.027847424313218322,0.10187733779266617,1.0,0.20375467558533233,43.9374096646629
PM25,224,Target Mean (Y),GP neff [Ours],0.027847424313218322,0.10041301311761769,1.0,0.20082602623523538,45.22823356899858
PM25,224,Target Mean (Y),Block-Bootstrap,0.027847424313218322,0.1227760517841387,1.0,0.2455521035682774,19.0
PM25,224,Target Risk (L),Unweighted,0.0007882176093290433,0.0009613121144436719,1.0,0.0019226242288873435,96.0
PM25,224,Target Risk (L),Nominal n,0.0024942871045366315,0.006694246995215405,1.0,0.013388493990430812,96.0
PM25,224,Target Risk (L),Input neff,0.0024942871045366315,0.009895098554711376,1.0,0.01979019710942275,43.9374096646629
PM25,224,Target Risk (L),GP neff [Ours],0.0024942871045366315,0.009779707148186644,1.0,0.019559414296373288,44.98036730161808
PM25,224,Target Risk (L),Block-Bootstrap,0.0024942871045366315,0.009111886586400927,1.0,0.018223773172801855,19.0
PM25,225,Target Mean (Y),Unweighted,0.04281398755719795,0.022062714571281963,0.0,0.8741763485792035,96.0
PM25,225,Target Mean (Y),Nominal n,0.012154280687439567,0.07071015846519034,1.0,0.1414203169303807,96.0
PM25,225,Target Mean (Y),Input neff,0.012154280687439567,0.2271934902030353,1.0,0.4543869804060706,9.29914645103155
PM25,225,Target Mean (Y),GP neff [Ours],0.012154280687439567,0.2036662080859672,1.0,0.4073324161719344,11.571692882526515
PM25,225,Target Mean (Y),Block-Bootstrap,0.012154280687439567,0.10331428861843539,1.0,0.20662857723687078,19.0
PM25,225,Target Risk (L),Unweighted,0.0006708933601628818,0.0007827894909581359,1.0,0.001565578981916272,96.0
PM25,225,Target Risk (L),Nominal n,0.0017341611032905754,0.0010954833289766772,0.0,0.02773807763050929,96.0
PM25,225,Target Risk (L),Input neff,0.0017341611032905754,0.0035198150643655367,1.0,0.007039630128731074,9.29914645103155
PM25,225,Target Risk (L),GP neff [Ours],0.0017341611032905754,0.0030437147937849725,1.0,0.006087429587569944,12.435832632088658
PM25,225,Target Risk (L),Block-Bootstrap,0.0017341611032905754,0.0016363851198728445,1.0,0.003272770239745689,19.0
PM25,226,Target Mean (Y),Unweighted,0.00745666289861055,0.02276055245923521,1.0,0.045521104918470445,96.0
PM25,226,Target Mean (Y),Nominal n,0.0063372442308055055,0.07327233315946097,1.0,0.14654466631892193,96.0
PM25,226,Target Mean (Y),Input neff,0.0063372442308055055,0.1831123889138399,1.0,0.3662247778276798,15.37148470719014
PM25,226,Target Mean (Y),GP neff [Ours],0.0063372442308055055,0.15610095848285876,1.0,0.31220191696571753,21.151449513191192
PM25,226,Target Mean (Y),Block-Bootstrap,0.0063372442308055055,0.06737402627913734,1.0,0.13474805255827468,19.0
PM25,226,Target Risk (L),Unweighted,0.0005714065216934306,0.0016801688723121985,1.0,0.0033603377446243966,96.0
PM25,226,Target Risk (L),Nominal n,0.0011614855596653855,0.0023419220699519277,1.0,0.004683844139903855,96.0
PM25,226,Target Risk (L),Input neff,0.0011614855596653855,0.005852617575936586,1.0,0.011705235151873172,15.37148470719014
PM25,226,Target Risk (L),GP neff [Ours],0.0011614855596653855,0.0041527291392293815,1.0,0.008305458278458763,30.53155340407403
PM25,226,Target Risk (L),Block-Bootstrap,0.0011614855596653855,0.0017739168375730551,1.0,0.0035478336751461103,19.0
PM25,227,Target Mean (Y),Unweighted,0.00168037573958299,0.028954799611744422,1.0,0.05790959922348886,96.0
PM25,227,Target Mean (Y),Nominal n,0.04438843155832184,0.1286971611331704,1.0,0.25739432226634085,96.0
PM25,227,Target Mean (Y),Input neff,0.04438843155832184,0.3174445647074629,1.0,0.6348891294149257,15.77877837940106
PM25,227,Target Mean (Y),GP neff [Ours],0.04438843155832184,0.29470416144546663,1.0,0.5894083228909333,18.307819853119426
PM25,227,Target Mean (Y),Block-Bootstrap,0.04438843155832184,0.14608963551618886,1.0,0.29217927103237773,19.0
PM25,227,Target Risk (L),Unweighted,0.001171280882062033,0.0025388931051461778,1.0,0.0050777862102923555,96.0
PM25,227,Target Risk (L),Nominal n,0.00944664571127676,0.01821134829183795,1.0,0.0364226965836759,96.0
PM25,227,Target Risk (L),Input neff,0.00944664571127676,0.044920132505925775,1.0,0.08984026501185155,15.77877837940106
PM25,227,Target Risk (L),GP neff [Ours],0.00944664571127676,0.04369766722941994,1.0,0.08739533445883987,16.673966612899452
PM25,227,Target Risk (L),Block-Bootstrap,0.00944664571127676,0.017371574322832983,1.0,0.03474314864566597,19.0
PM25,228,Target Mean (Y),Unweighted,0.0024902715729163416,0.02888687363890192,1.0,0.057773747277803836,96.0
PM25,228,Target Mean (Y),Nominal n,0.02263239209324394,0.11121150883767635,1.0,0.22242301767535272,96.0
PM25,228,Target Mean (Y),Input neff,0.02263239209324394,0.2926201787281172,1.0,0.5852403574562344,13.866349952887193
PM25,228,Target Mean (Y),GP neff [Ours],0.02263239209324394,0.2720576196264867,1.0,0.5441152392529734,16.04164537114164
PM25,228,Target Mean (Y),Block-Bootstrap,0.02263239209324394,0.18299440237116477,1.0,0.36598880474232953,19.0
PM25,228,Target Risk (L),Unweighted,0.0012220029126564867,0.0025394694204290387,1.0,0.0050789388408580775,96.0
PM25,228,Target Risk (L),Nominal n,0.00619702219367252,0.014480987994754068,1.0,0.028961975989508136,96.0
PM25,228,Target Risk (L),Input neff,0.00619702219367252,0.038102435075937885,1.0,0.07620487015187577,13.866349952887193
PM25,228,Target Risk (L),GP neff [Ours],0.00619702219367252,0.036903017599812384,1.0,0.07380603519962477,14.782362884485284
PM25,228,Target Risk (L),Block-Bootstrap,0.00619702219367252,0.024805540546132772,1.0,0.049611081092265544,19.0
PM25,229,Target Mean (Y),Unweighted,0.024976287056733937,0.014134273845671138,0.0,0.4619490761338539,96.0
PM25,229,Target Mean (Y),Nominal n,0.05739947832525878,0.02870086577617237,0.0,1.2053462335158012,96.0
PM25,229,Target Mean (Y),Input neff,0.05739947832525878,0.041946236518947216,0.0,0.7020221452903576,44.94436259936251
PM25,229,Target Mean (Y),GP neff [Ours],0.05739947832525878,0.03668428808375009,0.0,0.901976185827848,58.76260465651704
PM25,229,Target Mean (Y),Block-Bootstrap,0.05739947832525878,0.04360284512229712,0.0,0.3082532501527727,19.0
PM25,229,Target Risk (L),Unweighted,5.845291111953709e-05,0.0015848767687340153,1.0,0.003169753537468031,96.0
PM25,229,Target Risk (L),Nominal n,0.0002780646621950312,0.0023011630047283906,1.0,0.004602326009456781,96.0
PM25,229,Target Risk (L),Input neff,0.0002780646621950312,0.003363143412388767,1.0,0.006726286824777534,44.94436259936251
PM25,229,Target Risk (L),GP neff [Ours],0.0002780646621950312,0.0033290462465706207,1.0,0.006658092493141242,45.869746822791065
PM25,229,Target Risk (L),Block-Bootstrap,0.0002780646621950312,0.0034314328731074816,1.0,0.006862865746214963,19.0
PM25,230,Target Mean (Y),Unweighted,0.01637012280125902,0.017060268176415115,1.0,0.034120536352830244,96.0
PM25,230,Target Mean (Y),Nominal n,0.020334740117037522,0.05928738883266042,1.0,0.11857477766532085,96.0
PM25,230,Target Mean (Y),Input neff,0.020334740117037522,0.08601769337845645,1.0,0.1720353867569129,45.605822722821934
PM25,230,Target Mean (Y),GP neff [Ours],0.020334740117037522,0.07932347988017681,1.0,0.15864695976035362,53.62809416146224
PM25,230,Target Mean (Y),Block-Bootstrap,0.020334740117037522,0.07473611263482234,1.0,0.14947222526964468,19.0
PM25,230,Target Risk (L),Unweighted,0.0013640364877951765,0.0023252722361319068,1.0,0.004650544472263813,96.0
PM25,230,Target Risk (L),Nominal n,0.003237064526583576,0.009412820622379066,1.0,0.018825641244758134,96.0
PM25,230,Target Risk (L),Input neff,0.003237064526583576,0.013656683724215243,1.0,0.027313367448430485,45.605822722821934
PM25,230,Target Risk (L),GP neff [Ours],0.003237064526583576,0.013480708047079303,1.0,0.026961416094158606,46.80426090639949
PM25,230,Target Risk (L),Block-Bootstrap,0.003237064526583576,0.010176907051257367,1.0,0.020353814102514734,19.0
PM25,231,Target Mean (Y),Unweighted,0.04702957182831713,0.015099427409550606,0.0,1.3074046315697623,96.0
PM25,231,Target Mean (Y),Nominal n,0.082861956688799,0.017682391016730113,0.0,2.642547408916216,96.0
PM25,231,Target Mean (Y),Input neff,0.082861956688799,0.026317196535738024,0.0,2.3144247991939153,43.33850896182142
PM25,231,Target Mean (Y),GP neff [Ours],0.082861956688799,0.023980097421653246,0.0,2.4032345655291367,52.19769517511325
PM25,231,Target Mean (Y),Block-Bootstrap,0.082861956688799,0.018790205929221974,0.0,2.5614379456354395,19.0
PM25,231,Target Risk (L),Unweighted,0.0011661520130775626,0.0018498985898468025,1.0,0.003699797179693605,96.0
PM25,231,Target Risk (L),Nominal n,0.0003798353221684805,0.004744596285198479,1.0,0.00948919257039696,96.0
PM25,231,Target Risk (L),Input neff,0.0003798353221684805,0.007061515199056562,1.0,0.014123030398113124,43.33850896182142
PM25,231,Target Risk (L),GP neff [Ours],0.0003798353221684805,0.006709231760119322,1.0,0.013418463520238642,48.00916733247091
PM25,231,Target Risk (L),Block-Bootstrap,0.0003798353221684805,0.005029134392089202,1.0,0.010058268784178403,19.0
PM25,232,Target Mean (Y),Unweighted,0.02488863034861706,0.014669789223025838,0.0,0.4380932234697001,96.0
PM25,232,Target Mean (Y),Nominal n,0.061072657497286326,0.024026379931160736,0.0,1.5299038625073453,96.0
PM25,232,Target Mean (Y),Input neff,0.061072657497286326,0.02665446406714511,0.0,1.4300366653399388,78.00240697723027
PM25,232,Target Mean (Y),GP neff [Ours],0.061072657497286326,0.027819392312986194,0.0,1.3857693919979779,71.60653115328387
PM25,232,Target Mean (Y),Block-Bootstrap,0.061072657497286326,0.03631365782213097,0.0,0.5756263647375032,19.0
PM25,232,Target Risk (L),Unweighted,0.002894627365732228,0.0032731953602050967,1.0,0.006546390720410194,96.0
PM25,232,Target Risk (L),Nominal n,0.016152295375210023,0.02283657011907646,1.0,0.04567314023815293,96.0
PM25,232,Target Risk (L),Input neff,0.016152295375210023,0.02533450896055803,1.0,0.05066901792111607,78.00240697723027
PM25,232,Target Risk (L),GP neff [Ours],0.016152295375210023,0.025939728186782845,1.0,0.05187945637356568,74.40500403105337
PM25,232,Target Risk (L),Block-Bootstrap,0.016152295375210023,0.02233323599313883,1.0,0.04466647198627766,19.0
PM25,233,Target Mean (Y),Unweighted,0.03631762268462457,0.017066600349324293,0.0,0.8041740941106598,96.0
PM25,233,Target Mean (Y),Nominal n,0.04568711293453148,0.06506931345072516,1.0,0.13013862690145028,96.0
PM25,233,Target Mean (Y),Input neff,0.04568711293453148,0.09207101959781344,1.0,0.18414203919562688,47.9488037764523
PM25,233,Target Mean (Y),GP neff [Ours],0.04568711293453148,0.08756751580471939,1.0,0.17513503160943877,53.00753675974316
PM25,233,Target Mean (Y),Block-Bootstrap,0.04568711293453148,0.11327224635823319,1.0,0.22654449271646637,19.0
PM25,233,Target Risk (L),Unweighted,0.000608872917353803,0.0017820611038708739,1.0,0.0035641222077417473,96.0
PM25,233,Target Risk (L),Nominal n,0.007688095860161227,0.010876365366515204,1.0,0.02175273073303041,96.0
PM25,233,Target Risk (L),Input neff,0.007688095860161227,0.015389712841702662,1.0,0.030779425683405325,47.9488037764523
PM25,233,Target Risk (L),GP neff [Ours],0.007688095860161227,0.014750597306957087,1.0,0.029501194613914174,52.19388157635029
PM25,233,Target Risk (L),Block-Bootstrap,0.007688095860161227,0.01497496869514138,1.0,0.02994993739028276,19.0
PM25,234,Target Mean (Y),Unweighted,0.038235493502135426,0.02639670495966134,0.0,0.526344951618286,96.0
PM25,234,Target Mean (Y),Nominal n,0.06759501184721214,0.10712584481025526,1.0,0.2142516896205105,96.0
PM25,234,Target Mean (Y),Input neff,0.06759501184721214,0.18964280885321091,1.0,0.37928561770642183,30.632821090569973
PM25,234,Target Mean (Y),GP neff [Ours],0.06759501184721214,0.1737340871564562,1.0,0.3474681743129124,36.49973230975568
PM25,234,Target Mean (Y),Block-Bootstrap,0.06759501184721214,0.12420445775249715,1.0,0.2484089155049943,19.0
PM25,234,Target Risk (L),Unweighted,0.0028577565785411303,0.00364402993107281,1.0,0.007288059862145619,96.0
PM25,234,Target Risk (L),Nominal n,0.01124875003032022,0.022352592593797474,1.0,0.04470518518759495,96.0
PM25,234,Target Risk (L),Input neff,0.01124875003032022,0.03957036186876753,1.0,0.07914072373753506,30.632821090569973
PM25,234,Target Risk (L),GP neff [Ours],0.01124875003032022,0.03824833294493029,1.0,0.07649666588986058,32.78702530655817
PM25,234,Target Risk (L),Block-Bootstrap,0.01124875003032022,0.024076113938290136,1.0,0.04815222787658027,19.0
PM25,235,Target Mean (Y),Unweighted,0.022485028354665385,0.02690490107498051,1.0,0.053809802149961034,96.0
PM25,235,Target Mean (Y),Nominal n,0.01412162658554622,0.08706786306371125,1.0,0.1741357261274225,96.0
PM25,235,Target Mean (Y),Input neff,0.01412162658554622,0.24312755010864168,1.0,0.48625510021728335,12.311717912398823
PM25,235,Target Mean (Y),GP neff [Ours],0.01412162658554622,0.21031303153486433,1.0,0.4206260630697286,16.453361398676698
PM25,235,Target Mean (Y),Block-Bootstrap,0.01412162658554622,0.1229789285223497,1.0,0.2459578570446994,19.0
PM25,235,Target Risk (L),Unweighted,0.0004839216091232488,0.0013212626054247298,1.0,0.00264252521084946,96.0
PM25,235,Target Risk (L),Nominal n,0.0013117659136299654,0.004008735854304923,1.0,0.008017471708609846,96.0
PM25,235,Target Risk (L),Input neff,0.0013117659136299654,0.011193959435717946,1.0,0.02238791887143589,12.311717912398823
PM25,235,Target Risk (L),GP neff [Ours],0.0013117659136299654,0.00987157548095735,1.0,0.0197431509619147,15.83117583899986
PM25,235,Target Risk (L),Block-Bootstrap,0.0013117659136299654,0.004445613936918601,1.0,0.008891227873837202,19.0
PM25,236,Target Mean (Y),Unweighted,0.029712261169973872,0.0155368704580021,0.0,0.598089369394875,96.0
PM25,236,Target Mean (Y),Nominal n,0.04913466094145294,0.024925762802912633,0.0,1.0182074511474377,96.0
PM25,236,Target Mean (Y),Input neff,0.04913466094145294,0.02530461119935448,0.0,1.0038112120826472,93.14698693462165
PM25,236,Target Mean (Y),GP neff [Ours],0.04913466094145294,0.02755909498120561,0.0,0.9181408283723045,78.53047885693054
PM25,236,Target Mean (Y),Block-Bootstrap,0.04913466094145294,0.029511734098768186,0.0,0.5856307535520731,19.0
PM25,236,Target Risk (L),Unweighted,0.00035312891861409134,0.0011781928879233208,1.0,0.002356385775846641,96.0
PM25,236,Target Risk (L),Nominal n,0.0015780458737828795,0.0017349837029491872,1.0,0.003469967405898375,96.0
PM25,236,Target Risk (L),Input neff,0.0015780458737828795,0.0017613538405017368,1.0,0.003522707681003474,93.14698693462165
PM25,236,Target Risk (L),GP neff [Ours],0.0015780458737828795,0.0018384845968981089,1.0,0.0036769691937962173,85.4952607571345
PM25,236,Target Risk (L),Block-Bootstrap,0.0015780458737828795,0.0016171359146485752,1.0,0.0032342718292971504,19.0
PM25,237,Target Mean (Y),Unweighted,0.006455961625273288,0.023573479505711564,1.0,0.04714695901142313,96.0
PM25,237,Target Mean (Y),Nominal n,0.028665539751900226,0.06975501498131348,1.0,0.13951002996262696,96.0
PM25,237,Target Mean (Y),Input neff,0.028665539751900226,0.13843240640797144,1.0,0.2768648128159429,24.375109134977915
PM25,237,Target Mean (Y),GP neff [Ours],0.028665539751900226,0.1251897087022273,1.0,0.2503794174044546,29.80470639030454
PM25,237,Target Mean (Y),Block-Bootstrap,0.028665539751900226,0.058981605681495825,1.0,0.11796321136299165,19.0
PM25,237,Target Risk (L),Unweighted,0.0005799664939564976,0.0018777968011377975,1.0,0.0037555936022755955,96.0
PM25,237,Target Risk (L),Nominal n,0.002112261245050114,0.0006815669096847469,0.0,0.05859090723398418,96.0
PM25,237,Target Risk (L),Input neff,0.002112261245050114,0.0013526045039339394,0.0,0.03309147865251486,24.375109134977915
PM25,237,Target Risk (L),GP neff [Ours],0.002112261245050114,0.0012048401916039267,0.0,0.038706522521055345,30.720574584809494
PM25,237,Target Risk (L),Block-Bootstrap,0.002112261245050114,0.000625022717466258,0.0,0.053193947331808475,19.0
PM25,238,Target Mean (Y),Unweighted,0.01833269848966748,0.014829798123494466,0.0,0.1697756108939094,96.0
PM25,238,Target Mean (Y),Nominal n,0.05940957217104105,0.035701368534305264,0.0,1.019730882538042,96.0
PM25,238,Target Mean (Y),Input neff,0.05940957217104105,0.06513110101951662,1.0,0.13026220203903324,28.84457349275067
PM25,238,Target Mean (Y),GP neff [Ours],0.05940957217104105,0.04660262332090785,0.0,0.6054832006471437,56.34043977685027
PM25,238,Target Mean (Y),Block-Bootstrap,0.05940957217104105,0.03071091672935273,0.0,0.4259898009299742,19.0
PM25,238,Target Risk (L),Unweighted,0.0015674889043645907,0.0023044592050789326,1.0,0.004608918410157864,96.0
PM25,238,Target Risk (L),Nominal n,0.007509898840711752,0.014011984649232988,1.0,0.028023969298465977,96.0
PM25,238,Target Risk (L),Input neff,0.007509898840711752,0.025562493123931142,1.0,0.051124986247862284,28.84457349275067
PM25,238,Target Risk (L),GP neff [Ours],0.007509898840711752,0.024818827307679387,1.0,0.049637654615358774,30.599055714627116
PM25,238,Target Risk (L),Block-Bootstrap,0.007509898840711752,0.020711843326037756,1.0,0.04142368665207551,19.0
PM25,239,Target Mean (Y),Unweighted,0.004810301903051067,0.024275431405069187,1.0,0.04855086281013837,96.0
PM25,239,Target Mean (Y),Nominal n,0.05431918619518472,0.06719501103471157,1.0,0.13439002206942316,96.0
PM25,239,Target Mean (Y),Input neff,0.05431918619518472,0.12796168643281836,1.0,0.2559233728656367,26.47191636307084
PM25,239,Target Mean (Y),GP neff [Ours],0.05431918619518472,0.11724211819015273,1.0,0.23448423638030547,31.533921337682255
PM25,239,Target Mean (Y),Block-Bootstrap,0.05431918619518472,0.09400189838403969,1.0,0.18800379676807938,19.0
PM25,239,Target Risk (L),Unweighted,0.0007234548424764984,0.0019035405674724991,1.0,0.0038070811349449982,96.0
PM25,239,Target Risk (L),Nominal n,0.00034493521272830306,0.0029282585186315453,1.0,0.0058565170372630905,96.0
PM25,239,Target Risk (L),Input neff,0.00034493521272830306,0.0055763797428620724,1.0,0.011152759485724145,26.47191636307084
PM25,239,Target Risk (L),GP neff [Ours],0.00034493521272830306,0.004885669349289005,1.0,0.00977133869857801,34.48592827415163
PM25,239,Target Risk (L),Block-Bootstrap,0.00034493521272830306,0.002093069966209691,1.0,0.004186139932419382,19.0
PM25,240,Target Mean (Y),Unweighted,0.03835185394686284,0.015930177350048157,0.0,0.9287274185726836,96.0
PM25,240,Target Mean (Y),Nominal n,0.012162152286897404,0.08939911370286073,1.0,0.17879822740572143,96.0
PM25,240,Target Mean (Y),Input neff,0.012162152286897404,0.21347778097289477,1.0,0.42695556194578954,16.835743478671887
PM25,240,Target Mean (Y),GP neff [Ours],0.012162152286897404,0.19441298935425813,1.0,0.38882597870851626,20.299582374103206
PM25,240,Target Mean (Y),Block-Bootstrap,0.012162152286897404,0.10922632618439833,1.0,0.21845265236879666,19.0
PM25,240,Target Risk (L),Unweighted,0.0009666800614939069,0.0007547670002213613,0.0,0.009986056451344538,96.0
PM25,240,Target Risk (L),Nominal n,0.00042749595269249863,0.0031301788041450383,1.0,0.006260357608290076,96.0
PM25,240,Target Risk (L),Input neff,0.00042749595269249863,0.007474611296240281,1.0,0.014949222592480563,16.835743478671887
PM25,240,Target Risk (L),GP neff [Ours],0.00042749595269249863,0.0064723606372714725,1.0,0.012944721274542947,22.453503218105503
PM25,240,Target Risk (L),Block-Bootstrap,0.00042749595269249863,0.0031964918301718094,1.0,0.006392983660343619,19.0
PM25,241,Target Mean (Y),Unweighted,0.006603988738531491,0.022142298000910245,1.0,0.0442845960018205,96.0
PM25,241,Target Mean (Y),Nominal n,0.00494208310137767,0.0644495567989011,1.0,0.1288991135978022,96.0
PM25,241,Target Mean (Y),Input neff,0.00494208310137767,0.13365127566396773,1.0,0.26730255132793546,22.323633649045906
PM25,241,Target Mean (Y),GP neff [Ours],0.00494208310137767,0.11391378168976482,1.0,0.22782756337952967,30.729717228204407
PM25,241,Target Mean (Y),Block-Bootstrap,0.00494208310137767,0.07057487470389935,1.0,0.1411497494077987,19.0
PM25,241,Target Risk (L),Unweighted,0.0024574275236103112,0.0033775640829989727,1.0,0.006755128165997945,96.0
PM25,241,Target Risk (L),Nominal n,0.005172261669628408,0.011178870854074912,1.0,0.022357741708149824,96.0
PM25,241,Target Risk (L),Input neff,0.005172261669628408,0.02318201124007318,1.0,0.04636402248014636,22.323633649045906
PM25,241,Target Risk (L),GP neff [Ours],0.005172261669628408,0.021386220647492016,1.0,0.04277244129498403,26.23004431863327
PM25,241,Target Risk (L),Block-Bootstrap,0.005172261669628408,0.011628217981027138,1.0,0.023256435962054275,19.0
PM25,242,Target Mean (Y),Unweighted,0.010312256105091094,0.017350084893924426,1.0,0.034700169787848845,96.0
PM25,242,Target Mean (Y),Nominal n,0.01266803886513751,0.07501413371492477,1.0,0.15002826742984954,96.0
PM25,242,Target Mean (Y),Input neff,0.01266803886513751,0.10495078319960802,1.0,0.20990156639921603,49.04402011067341
PM25,242,Target Mean (Y),GP neff [Ours],0.01266803886513751,0.09895390581728049,1.0,0.19790781163456095,55.16854722762597
PM25,242,Target Mean (Y),Block-Bootstrap,0.01266803886513751,0.09244718431825782,1.0,0.18489436863651565,19.0
PM25,242,Target Risk (L),Unweighted,0.0010211880312648216,0.0022465254010860893,1.0,0.0044930508021721795,96.0
PM25,242,Target Risk (L),Nominal n,0.0027031998442598537,0.008601080781701532,1.0,0.017202161563403064,96.0
PM25,242,Target Risk (L),Input neff,0.0027031998442598537,0.012033601132196689,1.0,0.024067202264393378,49.04402011067341
PM25,242,Target Risk (L),GP neff [Ours],0.0027031998442598537,0.011938250641784165,1.0,0.02387650128356833,49.830575283138586
PM25,242,Target Risk (L),Block-Bootstrap,0.0027031998442598537,0.01058796054863354,1.0,0.02117592109726708,19.0
PM25,243,Target Mean (Y),Unweighted,0.006948709359074878,0.01802918258330418,1.0,0.036058365166608375,96.0
PM25,243,Target Mean (Y),Nominal n,0.008017581052077949,0.08665440428787105,1.0,0.1733088085757421,96.0
PM25,243,Target Mean (Y),Input neff,0.008017581052077949,0.16662636730344912,1.0,0.3332527346068983,25.963609149284885
PM25,243,Target Mean (Y),GP neff [Ours],0.008017581052077949,0.14341167218041304,1.0,0.2868233443608261,35.049636290359075
PM25,243,Target Mean (Y),Block-Bootstrap,0.008017581052077949,0.06372851355733958,1.0,0.12745702711467916,19.0
PM25,243,Target Risk (L),Unweighted,0.0009522638760320638,0.002428358342416376,1.0,0.004856716684832752,96.0
PM25,243,Target Risk (L),Nominal n,0.005066964628807521,0.01154564723474691,1.0,0.02309129446949382,96.0
PM25,243,Target Risk (L),Input neff,0.005066964628807521,0.022200940306530557,1.0,0.044401880613061114,25.963609149284885
PM25,243,Target Risk (L),GP neff [Ours],0.005066964628807521,0.021462187606467977,1.0,0.042924375212935954,27.781764609237552
PM25,243,Target Risk (L),Block-Bootstrap,0.005066964628807521,0.010226706071923304,1.0,0.02045341214384661,19.0
PM25,244,Target Mean (Y),Unweighted,0.016485334555838976,0.015763444931713243,0.0,0.060402474828455566,96.0
PM25,244,Target Mean (Y),Nominal n,0.0647176204228147,0.045177751103308385,0.0,0.8719502749868697,96.0
PM25,244,Target Mean (Y),Input neff,0.0647176204228147,0.055938015435885044,0.0,0.46306023034895594,62.61903074011689
PM25,244,Target Mean (Y),GP neff [Ours],0.0647176204228147,0.05517172219085269,0.0,0.4921793736601855,64.37057202706964
PM25,244,Target Mean (Y),Block-Bootstrap,0.0647176204228147,0.05398579051440769,0.0,0.2750063499469238,19.0
PM25,244,Target Risk (L),Unweighted,0.0009834326469898968,0.0023058156105989613,1.0,0.0046116312211979225,96.0
PM25,244,Target Risk (L),Nominal n,0.007348862211011054,0.017212910387858098,1.0,0.034425820775716195,96.0
PM25,244,Target Risk (L),Input neff,0.007348862211011054,0.021312615689318852,1.0,0.042625231378637704,62.61903074011689
PM25,244,Target Risk (L),GP neff [Ours],0.007348862211011054,0.02153326055394975,1.0,0.0430665211078995,61.34232855059686
PM25,244,Target Risk (L),Block-Bootstrap,0.007348862211011054,0.016210019214385186,1.0,0.03242003842877037,19.0
PM25,245,Target Mean (Y),Unweighted,0.019494630093882914,0.016282822679167253,0.0,0.16103794194696097,96.0
PM25,245,Target Mean (Y),Nominal n,0.022363014631624045,0.06663834662057178,1.0,0.13327669324114355,96.0
PM25,245,Target Mean (Y),Input neff,0.022363014631624045,0.10638039044401301,1.0,0.21276078088802602,37.67007626172245
PM25,245,Target Mean (Y),GP neff [Ours],0.022363014631624045,0.0963123681203636,1.0,0.19262473624072718,45.957409067762164
PM25,245,Target Mean (Y),Block-Bootstrap,0.022363014631624045,0.09542742351600987,1.0,0.19085484703201974,19.0
PM25,245,Target Risk (L),Unweighted,0.0009073824909977971,0.0024369342208808067,1.0,0.004873868441761613,96.0
PM25,245,Target Risk (L),Nominal n,0.00013631351201956422,0.005398278338121681,1.0,0.010796556676243362,96.0
PM25,245,Target Risk (L),Input neff,0.00013631351201956422,0.008617725175635737,1.0,0.017235450351271473,37.67007626172245
PM25,245,Target Risk (L),GP neff [Ours],0.00013631351201956422,0.008471802349611974,1.0,0.016943604699223947,38.978951215568806
PM25,245,Target Risk (L),Block-Bootstrap,0.00013631351201956422,0.007803401773505358,1.0,0.015606803547010715,19.0
PM25,246,Target Mean (Y),Unweighted,0.05129834124116486,0.03967331216179472,0.0,0.5443477874983946,96.0
PM25,246,Target Mean (Y),Nominal n,0.005502275046752936,0.09188666215247752,1.0,0.18377332430495508,96.0
PM25,246,Target Mean (Y),Input neff,0.005502275046752936,0.20757687289519075,1.0,0.41515374579038156,18.8112759519369
PM25,246,Target Mean (Y),GP neff [Ours],0.005502275046752936,0.18777464811874017,1.0,0.37554929623748035,22.98805729825128
PM25,246,Target Mean (Y),Block-Bootstrap,0.005502275046752936,0.1258461750975072,1.0,0.2516923501950144,19.0
PM25,246,Target Risk (L),Unweighted,0.003367493199001254,0.0033062668352798617,0.0,0.00906158821941541,96.0
PM25,246,Target Risk (L),Nominal n,0.0027594085968343793,0.006922202572166965,1.0,0.01384440514433393,96.0
PM25,246,Target Risk (L),Input neff,0.0027594085968343793,0.01563762498079513,1.0,0.03127524996159026,18.8112759519369
PM25,246,Target Risk (L),GP neff [Ours],0.0027594085968343793,0.01493686518838805,1.0,0.0298737303767761,20.61773337873895
PM25,246,Target Risk (L),Block-Bootstrap,0.0027594085968343793,0.009008996867417773,1.0,0.018017993734835546,19.0
PM25,247,Target Mean (Y),Unweighted,0.020038529707934336,0.015167461926237394,0.0,0.22517763512035224,96.0
PM25,247,Target Mean (Y),Nominal n,0.05742358238825203,0.02472955865512063,0.0,1.3572200666354974,96.0
PM25,247,Target Mean (Y),Input neff,0.05742358238825203,0.029151983446610623,0.0,1.1891679245588778,69.08245247802044
PM25,247,Target Mean (Y),GP neff [Ours],0.05742358238825203,0.02973059642708817,0.0,1.167180631300731,66.41967113295578
PM25,247,Target Mean (Y),Block-Bootstrap,0.05742358238825203,0.028567297051734015,0.0,1.3085265204637222,19.0
PM25,247,Target Risk (L),Unweighted,0.002764888842724522,0.0032832230042451763,1.0,0.006566446008490353,96.0
PM25,247,Target Risk (L),Nominal n,0.014773609702797778,0.020174567292226966,1.0,0.04034913458445393,96.0
PM25,247,Target Risk (L),Input neff,0.014773609702797778,0.023782416012659076,1.0,0.04756483202531815,69.08245247802044
PM25,247,Target Risk (L),GP neff [Ours],0.014773609702797778,0.024225517800135155,1.0,0.04845103560027031,66.578430554579
PM25,247,Target Risk (L),Block-Bootstrap,0.014773609702797778,0.026738629265395136,1.0,0.05347725853079027,19.0
PM25,248,Target Mean (Y),Unweighted,0.0549567206921186,0.019937470217117417,0.0,1.440644959434282,96.0
PM25,248,Target Mean (Y),Nominal n,0.02916843139896466,0.06745381942843012,1.0,0.13490763885686025,96.0
PM25,248,Target Mean (Y),Input neff,0.02916843139896466,0.1583323244860139,1.0,0.3166646489720278,17.423891137988505
PM25,248,Target Mean (Y),GP neff [Ours],0.02916843139896466,0.14759264983988205,1.0,0.2951852996797641,20.05186926380629
PM25,248,Target Mean (Y),Block-Bootstrap,0.02916843139896466,0.10239074404823553,1.0,0.20478148809647106,19.0
PM25,248,Target Risk (L),Unweighted,0.0013353563762073214,0.000569937738691802,0.0,0.031756620978004385,96.0
PM25,248,Target Risk (L),Nominal n,0.0006805994334513907,0.0022019988509939118,1.0,0.0044039977019878235,96.0
PM25,248,Target Risk (L),Input neff,0.0006805994334513907,0.005168685769726057,1.0,0.010337371539452115,17.423891137988505
PM25,248,Target Risk (L),GP neff [Ours],0.0006805994334513907,0.004626872340704363,1.0,0.009253744681408726,21.743546166730532
PM25,248,Target Risk (L),Block-Bootstrap,0.0006805994334513907,0.0015727179856077679,1.0,0.0031454359712155358,19.0
PM25,249,Target Mean (Y),Unweighted,0.03375326959052974,0.025403000003493572,0.0,0.3848167834884337,96.0
PM25,249,Target Mean (Y),Nominal n,0.04561822295006818,0.08010533219654108,1.0,0.16021066439308218,96.0
PM25,249,Target Mean (Y),Input neff,0.04561822295006818,0.18650465746242584,1.0,0.3730093149248517,17.709843415230303
PM25,249,Target Mean (Y),GP neff [Ours],0.04561822295006818,0.15995667017436818,1.0,0.3199133403487363,24.07627942033165
PM25,249,Target Mean (Y),Block-Bootstrap,0.04561822295006818,0.1370300470291563,1.0,0.2740600940583126,19.0
PM25,249,Target Risk (L),Unweighted,0.0006125573626665809,0.002993127404691735,1.0,0.00598625480938347,96.0
PM25,249,Target Risk (L),Nominal n,0.006005681464093071,0.015517440938253078,1.0,0.03103488187650616,96.0
PM25,249,Target Risk (L),Input neff,0.006005681464093071,0.03612836908012072,1.0,0.07225673816024145,17.709843415230303
PM25,249,Target Risk (L),GP neff [Ours],0.006005681464093071,0.03498746750216916,1.0,0.06997493500433832,18.88367072453931
PM25,249,Target Risk (L),Block-Bootstrap,0.006005681464093071,0.016372248120549635,1.0,0.03274449624109927,19.0
NOAA,0,Target Mean (Y),Unweighted,0.049030957683201426,0.018551548324630854,0.0,1.2562794709920826,96.0
NOAA,0,Target Mean (Y),Nominal n,0.07788982135146572,0.09340412620369475,1.0,0.18680825240738952,96.0
NOAA,0,Target Mean (Y),Input neff,0.07788982135146572,0.28607282828879527,1.0,0.5721456565775906,10.234111342458913
NOAA,0,Target Mean (Y),GP neff [Ours],0.07788982135146572,0.22287841204676218,1.0,0.44575682409352435,16.860379562329676
NOAA,0,Target Mean (Y),Block-Bootstrap,0.07788982135146572,0.12793986610778935,1.0,0.2558797322155787,19.0
NOAA,0,Target Risk (L),Unweighted,0.0008609477945394381,0.0007834765672279019,0.0,0.004665802226917239,96.0
NOAA,0,Target Risk (L),Nominal n,0.0010382585300204852,0.003472732443323359,1.0,0.006945464886646719,96.0
NOAA,0,Target Risk (L),Input neff,0.0010382585300204852,0.01063608678041971,1.0,0.021272173560839422,10.234111342458913
NOAA,0,Target Risk (L),GP neff [Ours],0.0010382585300204852,0.0036155277623548844,1.0,0.007231055524709769,88.56670352913
NOAA,0,Target Risk (L),Block-Bootstrap,0.0010382585300204852,0.0037470563108912545,1.0,0.007494112621782509,19.0
NOAA,1,Target Mean (Y),Unweighted,0.05178935481679858,0.01814938906557161,0.0,1.3818974081802218,96.0
NOAA,1,Target Mean (Y),Nominal n,0.02496058693541303,0.0633685912877148,1.0,0.12673718257542954,96.0
NOAA,1,Target Mean (Y),Input neff,0.02496058693541303,0.18218119645854455,1.0,0.36436239291708916,11.614813441545376
NOAA,1,Target Mean (Y),GP neff [Ours],0.02496058693541303,0.13489639967533118,1.0,0.26979279935066236,21.18451964874742
NOAA,1,Target Mean (Y),Block-Bootstrap,0.02496058693541303,0.12844247602069553,1.0,0.25688495204139106,19.0
NOAA,1,Target Risk (L),Unweighted,0.0011814661306026046,0.0007617096683282335,0.0,0.018313677827631308,96.0
NOAA,1,Target Risk (L),Nominal n,0.00019940866807712475,0.004094427259761715,1.0,0.00818885451952343,96.0
NOAA,1,Target Risk (L),Input neff,0.00019940866807712475,0.011771252000996924,1.0,0.02354250400199385,11.614813441545376
NOAA,1,Target Risk (L),GP neff [Ours],0.00019940866807712475,0.005445590416972225,1.0,0.01089118083394445,54.27097280257772
NOAA,1,Target Risk (L),Block-Bootstrap,0.00019940866807712475,0.0035706955725858963,1.0,0.0071413911451717925,19.0
NOAA,2,Target Mean (Y),Unweighted,0.16721904231679863,0.011098281515063719,0.0,6.267026995099522,96.0
NOAA,2,Target Mean (Y),Nominal n,0.11184119540048787,0.048056041905049904,0.0,2.6475182236276202,96.0
NOAA,2,Target Mean (Y),Input neff,0.11184119540048787,0.11320586800303829,1.0,0.22641173600607667,17.29933266972481
NOAA,2,Target Mean (Y),GP neff [Ours],0.11184119540048787,0.08113788848450461,0.0,1.390408053608338,33.67594761519367
NOAA,2,Target Mean (Y),Block-Bootstrap,0.11184119540048787,0.06370565135037021,0.0,2.1030900367691006,19.0
NOAA,2,Target Risk (L),Unweighted,0.0034285637196761346,0.00024367655316369225,0.0,0.12788283976682505,96.0
NOAA,2,Target Risk (L),Nominal n,0.00368948312179295,0.0005785982945542057,0.0,0.1255925896786582,96.0
NOAA,2,Target Risk (L),Input neff,0.00368948312179295,0.001363007013551056,0.0,0.09578505835677788,17.29933266972481
NOAA,2,Target Risk (L),GP neff [Ours],0.00368948312179295,0.0006783851990540598,0.0,0.12180068730766373,69.83494630341782
NOAA,2,Target Risk (L),Block-Bootstrap,0.00368948312179295,0.000559960663945677,0.0,0.11927558010737163,19.0
NOAA,3,Target Mean (Y),Unweighted,0.23099508398346524,0.013589114050245252,0.0,8.723417025429292,96.0
NOAA,3,Target Mean (Y),Nominal n,0.15253318292328988,0.07556221962188438,0.0,3.2299629712999893,96.0
NOAA,3,Target Mean (Y),Input neff,0.15253318292328988,0.2740591789961962,1.0,0.5481183579923923,7.297799741888418
NOAA,3,Target Mean (Y),GP neff [Ours],0.15253318292328988,0.23519841647053064,1.0,0.47039683294106127,9.908590027756116
NOAA,3,Target Mean (Y),Block-Bootstrap,0.15253318292328988,0.10746163190083446,0.0,2.696858571073128,19.0
NOAA,3,Target Risk (L),Unweighted,0.0030412901975571654,0.00031000168444663773,0.0,0.1098715438933144,96.0
NOAA,3,Target Risk (L),Nominal n,0.0024227313592568656,0.0019130239177447082,0.0,0.024214345495975714,96.0
NOAA,3,Target Risk (L),Input neff,0.0024227313592568656,0.006938411377017817,1.0,0.013876822754035636,7.297799741888418
NOAA,3,Target Risk (L),GP neff [Ours],0.0024227313592568656,0.0020371367760806535,0.0,0.01949805687920981,84.65871156526299
NOAA,3,Target Risk (L),Block-Bootstrap,0.0024227313592568656,0.0023407503029264374,1.0,0.004681500605852875,19.0
NOAA,4,Target Mean (Y),Unweighted,0.08800029231679862,0.01531950431451096,0.0,2.9378705287205262,96.0
NOAA,4,Target Mean (Y),Nominal n,0.03501311571290222,0.057276809934620455,1.0,0.11455361986924095,96.0
NOAA,4,Target Mean (Y),Input neff,0.03501311571290222,0.15997759030490988,1.0,0.31995518060981976,12.305820465727862
NOAA,4,Target Mean (Y),GP neff [Ours],0.03501311571290222,0.11107510222680751,1.0,0.222150204453615,25.526744599739477
NOAA,4,Target Mean (Y),Block-Bootstrap,0.03501311571290222,0.09808622468471018,1.0,0.19617244936942035,19.0
NOAA,4,Target Risk (L),Unweighted,0.0023950896258094,0.0006715860524098428,0.0,0.07028331504080199,96.0
NOAA,4,Target Risk (L),Nominal n,0.0009276290356847743,0.002295232368104856,1.0,0.004590464736209712,96.0
NOAA,4,Target Risk (L),Input neff,0.0009276290356847743,0.0064107226617260435,1.0,0.012821445323452087,12.305820465727862
NOAA,4,Target Risk (L),GP neff [Ours],0.0009276290356847743,0.0023583146249913736,1.0,0.004716629249982747,90.93290471560927
NOAA,4,Target Risk (L),Block-Bootstrap,0.0009276290356847743,0.001852289403149983,0.0,0.02125136874282347,19.0
NOAA,5,Target Mean (Y),Unweighted,0.12223206315013202,0.013760921816962646,0.0,4.3663674969607005,96.0
NOAA,5,Target Mean (Y),Nominal n,0.08255048015471766,0.0469481646640422,0.0,1.5179889489551042,96.0
NOAA,5,Target Mean (Y),Input neff,0.08255048015471766,0.09054935909779682,1.0,0.18109871819559364,25.80701117109876
NOAA,5,Target Mean (Y),GP neff [Ours],0.08255048015471766,0.06192048357627222,0.0,0.9490408302903621,55.18738203232114
NOAA,5,Target Mean (Y),Block-Bootstrap,0.08255048015471766,0.06627442359225588,0.0,0.6344608191426007,19.0
NOAA,5,Target Risk (L),Unweighted,0.0024672373435552066,0.0006885396669570923,0.0,0.07252498639783875,96.0
NOAA,5,Target Risk (L),Nominal n,0.002021074025386405,0.003304207914203798,1.0,0.006608415828407595,96.0
NOAA,5,Target Risk (L),Input neff,0.002021074025386405,0.006372856342692686,1.0,0.012745712685385373,25.80701117109876
NOAA,5,Target Risk (L),GP neff [Ours],0.002021074025386405,0.00435795847075461,1.0,0.00871591694150922,55.18738203232114
NOAA,5,Target Risk (L),Block-Bootstrap,0.002021074025386405,0.0031826481729668086,1.0,0.006365296345933617,19.0
NOAA,6,Target Mean (Y),Unweighted,0.03879658268320141,0.026154120426416388,0.0,0.5580067311242329,96.0
NOAA,6,Target Mean (Y),Nominal n,0.0472146301580707,0.08606451593332413,1.0,0.17212903186664819,96.0
NOAA,6,Target Mean (Y),Input neff,0.0472146301580707,0.28346127344098376,1.0,0.5669225468819676,8.849770863767414
NOAA,6,Target Mean (Y),GP neff [Ours],0.0472146301580707,0.2471639237509613,1.0,0.4943278475019226,11.639902211469586
NOAA,6,Target Mean (Y),Block-Bootstrap,0.0472146301580707,0.11780900324971738,1.0,0.23561800649943476,19.0
NOAA,6,Target Risk (L),Unweighted,0.0012154829186046302,0.001235686336444369,1.0,0.002471372672888739,96.0
NOAA,6,Target Risk (L),Nominal n,0.0012359413701022318,0.004403155791189806,1.0,0.00880631158237961,96.0
NOAA,6,Target Risk (L),Input neff,0.0012359413701022318,0.014502192154274719,1.0,0.029004384308549437,8.849770863767414
NOAA,6,Target Risk (L),GP neff [Ours],0.0012359413701022318,0.0046340891609714385,1.0,0.009268178321942877,86.6703530666524
NOAA,6,Target Risk (L),Block-Bootstrap,0.0012359413701022318,0.004740304145229553,1.0,0.009480608290459106,19.0
NOAA,7,Target Mean (Y),Unweighted,0.11104716731679853,0.009835546818542028,0.0,4.068135913567344,96.0
NOAA,7,Target Mean (Y),Nominal n,0.12352806830490715,0.025325595450235126,0.0,3.9787501050873497,96.0
NOAA,7,Target Mean (Y),Input neff,0.12352806830490715,0.03639576491652231,0.0,3.5580836653684385,46.482433965016426
NOAA,7,Target Mean (Y),GP neff [Ours],0.12352806830490715,0.028068575166993917,0.0,3.8745168758505173,78.1537513549
NOAA,7,Target Mean (Y),Block-Bootstrap,0.12352806830490715,0.048682134268831,0.0,3.3630022949905882,19.0
NOAA,7,Target Risk (L),Unweighted,0.0026604563916919777,0.0005471779544843166,0.0,0.08562549339727506,96.0
NOAA,7,Target Risk (L),Nominal n,0.0021826575482098184,0.001226502458492302,0.0,0.040699208505685265,96.0
NOAA,7,Target Risk (L),Input neff,0.0021826575482098184,0.0017626237154636396,0.0,0.020326600740774425,46.482433965016426
NOAA,7,Target Risk (L),GP neff [Ours],0.0021826575482098184,0.0012634344268765425,0.0,0.03929579370708413,90.46959911176538
NOAA,7,Target Risk (L),Block-Bootstrap,0.0021826575482098184,0.0012820122151563308,0.0,0.03760789529627452,19.0
NOAA,8,Target Mean (Y),Unweighted,0.16662008398346528,0.01163176965696065,0.0,6.222796112374106,96.0
NOAA,8,Target Mean (Y),Nominal n,0.1681285756355373,0.06321182135199913,0.0,4.323093814045526,96.0
NOAA,8,Target Mean (Y),Input neff,0.1681285756355373,0.20922496231208582,1.0,0.41844992462417174,8.762758535002122
NOAA,8,Target Mean (Y),GP neff [Ours],0.1681285756355373,0.15236786636506672,0.0,0.9351641035489564,16.522701956603672
NOAA,8,Target Mean (Y),Block-Bootstrap,0.1681285756355373,0.07467024108898307,0.0,3.6371767154479513,19.0
NOAA,8,Target Risk (L),Unweighted,0.0030902044835356916,0.00041224219554640557,0.0,0.10794297591066425,96.0
NOAA,8,Target Risk (L),Nominal n,0.0005140861355498851,0.004479353557974597,1.0,0.008958707115949194,96.0
NOAA,8,Target Risk (L),Input neff,0.0005140861355498851,0.01482622331242324,1.0,0.02965244662484648,8.762758535002122
NOAA,8,Target Risk (L),GP neff [Ours],0.0005140861355498851,0.009419850126162898,1.0,0.018839700252325797,21.707706087210745
NOAA,8,Target Risk (L),Block-Bootstrap,0.0005140861355498851,0.0012880345768960463,0.0,0.059881840553439356,19.0
NOAA,9,Target Mean (Y),Unweighted,0.1326096673167988,0.008556866391519738,0.0,4.979225769794201,96.0
NOAA,9,Target Mean (Y),Nominal n,0.10367527105694452,0.03671411826727111,0.0,2.7518743481214782,96.0
NOAA,9,Target Mean (Y),Input neff,0.10367527105694452,0.05925092244987108,0.0,1.8954757891826801,36.85931042667417
NOAA,9,Target Mean (Y),GP neff [Ours],0.10367527105694452,0.041543535913641925,0.0,2.568356477559388,74.97742516745689
NOAA,9,Target Mean (Y),Block-Bootstrap,0.10367527105694452,0.05158929558444986,0.0,2.7029268768712478,19.0
NOAA,9,Target Risk (L),Unweighted,0.0009038682849506537,0.0007225518826583298,0.0,0.008697759857009634,96.0
NOAA,9,Target Risk (L),Nominal n,0.0003509139512957492,0.0015893823702791082,1.0,0.003178764740558216,96.0
NOAA,9,Target Risk (L),Input neff,0.0003509139512957492,0.0025650179279547046,1.0,0.005130035855909409,36.85931042667417
NOAA,9,Target Risk (L),GP neff [Ours],0.0003509139512957492,0.0016434703161847485,1.0,0.0032869406323694974,89.78510339138859
NOAA,9,Target Risk (L),Block-Bootstrap,0.0003509139512957492,0.002154755588607135,1.0,0.00430951117721427,19.0
NOAA,10,Target Mean (Y),Unweighted,0.0575966464834653,0.016979060375299636,0.0,1.6586615650772265,96.0
NOAA,10,Target Mean (Y),Nominal n,0.047974394888513405,0.08207806218269233,1.0,0.16415612436538463,96.0
NOAA,10,Target Mean (Y),Input neff,0.047974394888513405,0.1721785957019511,1.0,0.34435719140390214,21.815596844584785
NOAA,10,Target Mean (Y),GP neff [Ours],0.047974394888513405,0.11933284157948738,1.0,0.23866568315897485,45.41564195768357
NOAA,10,Target Mean (Y),Block-Bootstrap,0.047974394888513405,0.09994596443182902,1.0,0.19989192886365803,19.0
NOAA,10,Target Risk (L),Unweighted,0.0019838529040486106,0.0006786502602307596,0.0,0.05356540627317557,96.0
NOAA,10,Target Risk (L),Nominal n,0.001256170538800875,0.0035235585902582706,1.0,0.007047117180516541,96.0
NOAA,10,Target Risk (L),Input neff,0.001256170538800875,0.0073915167318868,1.0,0.0147830334637736,21.815596844584785
NOAA,10,Target Risk (L),GP neff [Ours],0.001256170538800875,0.0040628803485322695,1.0,0.008125760697064539,72.20481551496705
NOAA,10,Target Risk (L),Block-Bootstrap,0.001256170538800875,0.002592359579020292,1.0,0.005184719158040584,19.0
NOAA,11,Target Mean (Y),Unweighted,0.13300029231679866,0.010545777260800896,0.0,4.919272156761513,96.0
NOAA,11,Target Mean (Y),Nominal n,0.12437025291838455,0.013517578502004081,0.0,4.4611421336592265,96.0
NOAA,11,Target Mean (Y),Input neff,0.12437025291838455,0.03320296167546601,0.0,3.7130975730676745,15.911656164943606
NOAA,11,Target Mean (Y),GP neff [Ours],0.12437025291838455,0.022016148767782122,0.0,4.138196463559661,36.18981236638973
NOAA,11,Target Mean (Y),Block-Bootstrap,0.12437025291838455,0.02180952013315185,0.0,3.9224848996050374,19.0
NOAA,11,Target Risk (L),Unweighted,0.002448962582162492,0.0005557192537183346,0.0,0.07684117164520296,96.0
NOAA,11,Target Risk (L),Nominal n,0.003078234016442514,0.0007752216343355421,0.0,0.09367093855294994,96.0
NOAA,11,Target Risk (L),Input neff,0.003078234016442514,0.0019041616226618573,0.0,0.050771218996549974,15.911656164943606
NOAA,11,Target Risk (L),GP neff [Ours],0.003078234016442514,0.0007920271952179777,0.0,0.09303232723941739,91.96928574756417
NOAA,11,Target Risk (L),Block-Bootstrap,0.003078234016442514,0.000807078112431794,0.0,0.11241395852953398,19.0
NOAA,12,Target Mean (Y),Unweighted,0.08047627018320147,0.017047183117950733,0.0,2.5712578488459314,96.0
NOAA,12,Target Mean (Y),Nominal n,0.04776064631697419,0.07894133023707953,1.0,0.157882660474159,96.0
NOAA,12,Target Mean (Y),Input neff,0.04776064631697419,0.1956481815027218,1.0,0.39129636300544357,15.628902527568531
NOAA,12,Target Mean (Y),GP neff [Ours],0.04776064631697419,0.11088531034826417,1.0,0.22177062069652836,48.65551583195558
NOAA,12,Target Mean (Y),Block-Bootstrap,0.04776064631697419,0.08515465730996019,1.0,0.17030931461992038,19.0
NOAA,12,Target Risk (L),Unweighted,0.0016131619940510885,0.0006990434221820441,0.0,0.037962829719125867,96.0
NOAA,12,Target Risk (L),Nominal n,0.002869595857231111,0.001406801210878953,0.0,0.06132538827584424,96.0
NOAA,12,Target Risk (L),Input neff,0.002869595857231111,0.003486615918653625,1.0,0.00697323183730725,15.628902527568531
NOAA,12,Target Risk (L),GP neff [Ours],0.002869595857231111,0.0014427411056612259,0.0,0.059959672274117866,91.27669126370415
NOAA,12,Target Risk (L),Block-Bootstrap,0.002869595857231111,0.0017632495399907667,0.0,0.02938131118543832,19.0
NOAA,13,Target Mean (Y),Unweighted,0.13960185481679865,0.008743620120211118,0.0,5.251816628103923,96.0
NOAA,13,Target Mean (Y),Nominal n,0.12109911492927639,0.032218693614375876,0.0,3.6196542398247713,96.0
NOAA,13,Target Mean (Y),Input neff,0.12109911492927639,0.0607003128741762,0.0,2.5373527079523592,27.046136006565792
NOAA,13,Target Mean (Y),GP neff [Ours],0.12109911492927639,0.042541171936816766,0.0,3.22740006357202,55.06405460879072
NOAA,13,Target Mean (Y),Block-Bootstrap,0.12109911492927639,0.046810343011261746,0.0,3.157013623652471,19.0
NOAA,13,Target Risk (L),Unweighted,0.0033910351905583015,0.0003099473611508504,0.0,0.12386340789859976,96.0
NOAA,13,Target Risk (L),Nominal n,0.0035895681864493594,0.0010138208220906192,0.0,0.10505753621853084,96.0
NOAA,13,Target Risk (L),Input neff,0.0035895681864493594,0.0019100476833671652,0.0,0.0710009154900221,27.046136006565792
NOAA,13,Target Risk (L),GP neff [Ours],0.0035895681864493594,0.0010213333946097285,0.0,0.10477205846280468,94.59290904989416
NOAA,13,Target Risk (L),Block-Bootstrap,0.0035895681864493594,0.0008127628751443937,0.0,0.1103081355171912,19.0
NOAA,14,Target Mean (Y),Unweighted,0.20607320898346526,0.004795554765206963,0.0,8.060697278260745,96.0
NOAA,14,Target Mean (Y),Nominal n,0.20235249362982288,0.010000788317350521,0.0,7.714069789133596,96.0
NOAA,14,Target Mean (Y),Input neff,0.20235249362982288,0.012502137510565019,0.0,7.619018519791443,61.4286767178881
NOAA,14,Target Mean (Y),GP neff [Ours],0.20235249362982288,0.010176447825208861,0.0,7.707394727834978,92.71441920843334
NOAA,14,Target Mean (Y),Block-Bootstrap,0.20235249362982288,0.01817800153516591,0.0,7.410981739593289,19.0
NOAA,14,Target Risk (L),Unweighted,0.0034180934735503817,0.00031291037246502547,0.0,0.1248331447883443,96.0
NOAA,14,Target Risk (L),Nominal n,0.0021842812878950144,0.001620729584547819,0.0,0.025783527302983455,96.0
NOAA,14,Target Risk (L),Input neff,0.0021842812878950144,0.002026098692470461,0.0,0.010379501201923083,61.4286767178881
NOAA,14,Target Risk (L),GP neff [Ours],0.0021842812878950144,0.0016465320065371736,0.0,0.024803035267387995,93.01478744460252
NOAA,14,Target Risk (L),Block-Bootstrap,0.0021842812878950144,0.0016686411525390094,0.0,0.027648058871339254,19.0
NOAA,15,Target Mean (Y),Unweighted,0.18375550065013202,0.008209997156761415,0.0,7.038240134048348,96.0
NOAA,15,Target Mean (Y),Nominal n,0.14686925457230227,0.018519521380046297,0.0,5.171028370450331,96.0
NOAA,15,Target Mean (Y),Input neff,0.14686925457230227,0.041100993412875535,0.0,4.31293243320282,19.490640553608504
NOAA,15,Target Mean (Y),GP neff [Ours],0.14686925457230227,0.02185124918724328,0.0,5.044422713776847,68.9569764574319
NOAA,15,Target Mean (Y),Block-Bootstrap,0.14686925457230227,0.014939280798592358,0.0,5.538265434509097,19.0
NOAA,15,Target Risk (L),Unweighted,0.0029719211639936457,0.0004051260624461415,0.0,0.10348205618679245,96.0
NOAA,15,Target Risk (L),Nominal n,0.0029316222919660226,0.0012300556934047256,0.0,0.07052277532926134,96.0
NOAA,15,Target Risk (L),Input neff,0.0029316222919660226,0.0027299037547789643,0.0,0.013528548997040278,19.490640553608504
NOAA,15,Target Risk (L),GP neff [Ours],0.0029316222919660226,0.0013443170923450752,0.0,0.06618084216952805,80.3743258056438
NOAA,15,Target Risk (L),Block-Bootstrap,0.0029316222919660226,0.0014770840218758475,0.0,0.052615258147000424,19.0
NOAA,16,Target Mean (Y),Unweighted,0.13677835351653472,0.025349229200364882,0.0,4.507863431047523,96.0
NOAA,16,Target Mean (Y),Nominal n,0.062463159711274585,0.06494265926410869,1.0,0.12988531852821739,96.0
NOAA,16,Target Mean (Y),Input neff,0.062463159711274585,0.22994261261494361,1.0,0.4598852252298873,7.657595931347639
NOAA,16,Target Mean (Y),GP neff [Ours],0.062463159711274585,0.19530239428722881,1.0,0.3906047885744577,10.614907993930851
NOAA,16,Target Mean (Y),Block-Bootstrap,0.062463159711274585,0.0923765847831203,1.0,0.1847531695662406,19.0
NOAA,16,Target Risk (L),Unweighted,0.001003607851400014,0.0009854974464251652,0.0,0.002695411091844282,96.0
NOAA,16,Target Risk (L),Nominal n,0.0006928162391722477,0.002291292195917386,1.0,0.004582584391834772,96.0
NOAA,16,Target Risk (L),Input neff,0.0006928162391722477,0.008112783180787505,1.0,0.01622556636157501,7.657595931347639
NOAA,16,Target Risk (L),GP neff [Ours],0.0006928162391722477,0.0024369009732047643,1.0,0.004873801946409528,84.87043381463388
NOAA,16,Target Risk (L),Block-Bootstrap,0.0006928162391722477,0.0031563427931123886,1.0,0.006312685586224777,19.0
NOAA,17,Target Mean (Y),Unweighted,0.16567158268320137,0.025173044591320224,0.0,5.6702876128578845,96.0
NOAA,17,Target Mean (Y),Nominal n,0.05916613452477959,0.10125489689880517,1.0,0.20250979379761036,96.0
NOAA,17,Target Mean (Y),Input neff,0.05916613452477959,0.37734120561736645,1.0,0.7546824112347328,6.91249514381176
NOAA,17,Target Mean (Y),GP neff [Ours],0.05916613452477959,0.3140310679589943,1.0,0.6280621359179888,9.98063267747619
NOAA,17,Target Mean (Y),Block-Bootstrap,0.05916613452477959,0.13698299231109323,1.0,0.27396598462218646,19.0
NOAA,17,Target Risk (L),Unweighted,0.0007793775027965166,0.0010255471032380042,1.0,0.002051094206476008,96.0
NOAA,17,Target Risk (L),Nominal n,0.001880205762852554,0.0025733284481712403,1.0,0.005146656896342481,96.0
NOAA,17,Target Risk (L),Input neff,0.001880205762852554,0.009589885416137943,1.0,0.019179770832275886,6.91249514381176
NOAA,17,Target Risk (L),GP neff [Ours],0.001880205762852554,0.002775548915258349,1.0,0.0055510978305166984,82.5208901781933
NOAA,17,Target Risk (L),Block-Bootstrap,0.001880205762852554,0.001776112011814806,0.0,0.012242369035173686,19.0
NOAA,18,Target Mean (Y),Unweighted,0.057010708983465386,0.00880766773551394,0.0,1.9457369853890876,96.0
NOAA,18,Target Mean (Y),Nominal n,0.06338717412832173,0.023879776292163122,0.0,1.6280554660306719,96.0
NOAA,18,Target Mean (Y),Input neff,0.06338717412832173,0.03785773397982315,0.0,1.0968930738995888,38.19640685069743
NOAA,18,Target Mean (Y),GP neff [Ours],0.06338717412832173,0.02503115068026794,0.0,1.584303239282687,87.3715643962751
NOAA,18,Target Mean (Y),Block-Bootstrap,0.06338717412832173,0.040421147271082536,0.0,0.4427301829521314,19.0
NOAA,18,Target Risk (L),Unweighted,0.0019691489297100177,0.0011112701673570693,0.0,0.03653769082883208,96.0
NOAA,18,Target Risk (L),Nominal n,0.0016023517019534382,0.0012894739783044953,0.0,0.015094056902566723,96.0
NOAA,18,Target Risk (L),Input neff,0.0016023517019534382,0.0020442638258959104,1.0,0.004088527651791822,38.19640685069743
NOAA,18,Target Risk (L),GP neff [Ours],0.0016023517019534382,0.0012942280194309685,0.0,0.014913403339760718,95.296028636989
NOAA,18,Target Risk (L),Block-Bootstrap,0.0016023517019534382,0.0020232861227301854,1.0,0.004046572245460371,19.0
NOAA,19,Target Mean (Y),Unweighted,0.07421324934986806,0.02504587713679481,0.0,2.016786642796518,96.0
NOAA,19,Target Mean (Y),Nominal n,0.04461097105639378,0.09954553443728116,1.0,0.19909106887456235,96.0
NOAA,19,Target Mean (Y),Input neff,0.04461097105639378,0.3953635662497607,1.0,0.7907271324995215,6.085853688910751
NOAA,19,Target Mean (Y),GP neff [Ours],0.04461097105639378,0.3393861756796605,1.0,0.6787723513593211,8.258981665244177
NOAA,19,Target Mean (Y),Block-Bootstrap,0.04461097105639378,0.1693954767905679,1.0,0.3387909535811358,19.0
NOAA,19,Target Risk (L),Unweighted,0.0011268547908216205,0.0009273785560729242,0.0,0.009833806502093681,96.0
NOAA,19,Target Risk (L),Nominal n,0.00022238339734092887,0.00427840023634787,1.0,0.00855680047269574,96.0
NOAA,19,Target Risk (L),Input neff,0.00022238339734092887,0.016992460634706427,1.0,0.033984921269412854,6.085853688910751
NOAA,19,Target Risk (L),GP neff [Ours],0.00022238339734092887,0.004730689662594688,1.0,0.009461379325189376,78.5208757033962
NOAA,19,Target Risk (L),Block-Bootstrap,0.00022238339734092887,0.0035055541422338537,1.0,0.0070111082844677075,19.0
NOAA,20,Target Mean (Y),Unweighted,0.13413310481679852,0.010493941664894549,0.0,4.966554409405946,96.0
NOAA,20,Target Mean (Y),Nominal n,0.11611517676972372,0.05631528482377985,0.0,2.5046262474853123,96.0
NOAA,20,Target Mean (Y),Input neff,0.11611517676972372,0.058865468384399385,0.0,2.40771927218177,87.8623055140301
NOAA,20,Target Mean (Y),GP neff [Ours],0.11611517676972372,0.05686013034695053,0.0,2.4839221176048305,94.16903090337912
NOAA,20,Target Mean (Y),Block-Bootstrap,0.11611517676972372,0.06418313878378357,0.0,2.6036164870359473,19.0
NOAA,20,Target Risk (L),Unweighted,0.0030662340798927436,0.00045137710866042906,0.0,0.10549703306661345,96.0
NOAA,20,Target Risk (L),Nominal n,0.002686795326973423,0.0011726375668893543,0.0,0.06291158553714143,96.0
NOAA,20,Target Risk (L),Input neff,0.002686795326973423,0.0012257393323337397,0.0,0.06089371845025479,87.8623055140301
NOAA,20,Target Risk (L),GP neff [Ours],0.002686795326973423,0.0011757091200628818,0.0,0.06279486651654739,95.49905308171371
NOAA,20,Target Risk (L),Block-Bootstrap,0.002686795326973423,0.0009721878795624687,0.0,0.07176509928603401,19.0
NOAA,21,Target Mean (Y),Unweighted,0.1612294589834652,0.005793394845571231,0.0,6.229029355206903,96.0
NOAA,21,Target Mean (Y),Nominal n,0.1463784312506805,0.03186365129205841,0.0,4.6443185009290024,96.0
NOAA,21,Target Mean (Y),Input neff,0.1463784312506805,0.06017288785038778,0.0,3.568567511712485,26.919104257102685
NOAA,21,Target Mean (Y),GP neff [Ours],0.1463784312506805,0.038448948649524826,0.0,4.394077201345276,65.93156375877038
NOAA,21,Target Mean (Y),Block-Bootstrap,0.1463784312506805,0.04404517815235964,0.0,4.307173612991828,19.0
NOAA,21,Target Risk (L),Unweighted,0.003124238813975674,0.00032314990926378276,0.0,0.11268985600700321,96.0
NOAA,21,Target Risk (L),Nominal n,0.0037641077572828567,0.0005018628559952426,0.0,0.13149352176349505,96.0
NOAA,21,Target Risk (L),Input neff,0.0037641077572828567,0.0009477425255907076,0.0,0.11455009431886737,26.919104257102685
NOAA,21,Target Risk (L),GP neff [Ours],0.0037641077572828567,0.0005316250466162998,0.0,0.13036255851989487,85.55206031572426
NOAA,21,Target Risk (L),Block-Bootstrap,0.0037641077572828567,0.00013411964844911627,0.0,0.13936730498532762,19.0
NOAA,22,Target Mean (Y),Unweighted,0.08682841731679869,0.011628157168192014,0.0,3.031266720280652,96.0
NOAA,22,Target Mean (Y),Nominal n,0.10898410237556577,0.04140455836123811,0.0,2.785990877295582,96.0
NOAA,22,Target Mean (Y),Input neff,0.10898410237556577,0.06537158938469895,0.0,1.875243698404073,38.5114134148807
NOAA,22,Target Mean (Y),GP neff [Ours],0.10898410237556577,0.05066636109342649,0.0,2.4340423734724244,64.11034564861
NOAA,22,Target Mean (Y),Block-Bootstrap,0.10898410237556577,0.05127320512337763,0.0,2.1796986687348303,19.0
NOAA,22,Target Risk (L),Unweighted,0.002826149854853137,0.00045550019778839635,0.0,0.09573698667816644,96.0
NOAA,22,Target Risk (L),Nominal n,0.001244044918674231,0.003070537580416278,1.0,0.006141075160832555,96.0
NOAA,22,Target Risk (L),Input neff,0.001244044918674231,0.004847918438013685,1.0,0.009695836876027368,38.5114134148807
NOAA,22,Target Risk (L),GP neff [Ours],0.001244044918674231,0.003192283868178955,1.0,0.006384567736357909,88.81719651764381
NOAA,22,Target Risk (L),Block-Bootstrap,0.001244044918674231,0.0027823658026834342,1.0,0.0055647316053668685,19.0
NOAA,23,Target Mean (Y),Unweighted,0.01945862565013201,0.013920159084741559,0.0,0.24937898078510212,96.0
NOAA,23,Target Mean (Y),Nominal n,0.029070728313633887,0.03165366401106833,1.0,0.06330732802213657,96.0
NOAA,23,Target Mean (Y),Input neff,0.029070728313633887,0.06977611158945925,1.0,0.13955222317891858,19.756303157160364
NOAA,23,Target Mean (Y),GP neff [Ours],0.029070728313633887,0.042317476040127346,1.0,0.08463495208025473,53.71303537960719
NOAA,23,Target Mean (Y),Block-Bootstrap,0.029070728313633887,0.032186591404613885,1.0,0.06437318280922777,19.0
NOAA,23,Target Risk (L),Unweighted,0.00030922357345232205,0.0008614452999632879,1.0,0.0017228905999265754,96.0
NOAA,23,Target Risk (L),Nominal n,0.0031508802917209764,0.0013954330633320412,0.0,0.07300875526222148,96.0
NOAA,23,Target Risk (L),Input neff,0.0031508802917209764,0.003076038625690562,0.0,0.009145743892597681,19.756303157160364
NOAA,23,Target Risk (L),GP neff [Ours],0.0031508802917209764,0.0014147556434617,0.0,0.07227449721729445,93.3955923391691
NOAA,23,Target Risk (L),Block-Bootstrap,0.0031508802917209764,0.0028052996883366236,1.0,0.005610599376673247,19.0
NOAA,24,Target Mean (Y),Unweighted,0.19492737565013196,0.007333066879371951,0.0,7.518438484589144,96.0
NOAA,24,Target Mean (Y),Nominal n,0.17238541159735354,0.030810118441134904,0.0,5.724631963131015,96.0
NOAA,24,Target Mean (Y),Input neff,0.17238541159735354,0.05907322391931414,0.0,4.650633954960204,26.114193782731117
NOAA,24,Target Mean (Y),GP neff [Ours],0.17238541159735354,0.04131654071403685,0.0,5.325387916760739,53.38387117810798
NOAA,24,Target Mean (Y),Block-Bootstrap,0.17238541159735354,0.04390627533253233,0.0,5.716304548856046,19.0
NOAA,24,Target Risk (L),Unweighted,0.003174834273301872,0.0003419738265736127,0.0,0.11399836552227761,96.0
NOAA,24,Target Risk (L),Nominal n,0.002663794639960118,0.0015674177665766663,0.0,0.04698991046849141,96.0
NOAA,24,Target Risk (L),Input neff,0.002663794639960118,0.0030052601348157615,1.0,0.006010520269631523,26.114193782731117
NOAA,24,Target Risk (L),GP neff [Ours],0.002663794639960118,0.0019440714397555335,0.0,0.03267707088769445,62.40455966874605
NOAA,24,Target Risk (L),Block-Bootstrap,0.002663794639960118,0.0014597601470558424,0.0,0.048722401926353076,19.0
NOAA,25,Target Mean (Y),Unweighted,0.06360127018320128,0.026726318002438545,0.0,1.5284507232353872,96.0
NOAA,25,Target Mean (Y),Nominal n,0.034610694947256104,0.14976091799630173,1.0,0.2995218359926035,96.0
NOAA,25,Target Mean (Y),Input neff,0.034610694947256104,0.4370134628300046,1.0,0.8740269256600091,11.274014461966193
NOAA,25,Target Mean (Y),GP neff [Ours],0.034610694947256104,0.38646624140541386,1.0,0.7729324828108277,14.416010608457208
NOAA,25,Target Mean (Y),Block-Bootstrap,0.034610694947256104,0.1961009996182009,1.0,0.3922019992364018,19.0
NOAA,25,Target Risk (L),Unweighted,0.001447700591963821,0.0007898151635051363,0.0,0.02789504746535766,96.0
NOAA,25,Target Risk (L),Nominal n,0.0006628431163211495,0.0031407159042640648,1.0,0.00628143180852813,96.0
NOAA,25,Target Risk (L),Input neff,0.0006628431163211495,0.009164841878984758,1.0,0.018329683757969516,11.274014461966193
NOAA,25,Target Risk (L),GP neff [Ours],0.0006628431163211495,0.00403419097346511,1.0,0.008068381946930218,58.18561565829847
NOAA,25,Target Risk (L),Block-Bootstrap,0.0006628431163211495,0.003507212727685772,1.0,0.007014425455371544,19.0
NOAA,26,Target Mean (Y),Unweighted,0.15007060481679857,0.010542093413606698,0.0,5.602224642954889,96.0
NOAA,26,Target Mean (Y),Nominal n,0.1512060256586345,0.04130208074248723,0.0,4.478761958130867,96.0
NOAA,26,Target Mean (Y),Input neff,0.1512060256586345,0.13265065343861362,0.0,1.0075161956780634,9.30671272334572
NOAA,26,Target Mean (Y),GP neff [Ours],0.1512060256586345,0.08367874342854491,0.0,2.868448776060675,23.387553603797638
NOAA,26,Target Mean (Y),Block-Bootstrap,0.1512060256586345,0.07312499999999694,0.0,2.8751158593388233,19.0
NOAA,26,Target Risk (L),Unweighted,0.003257697188958918,0.0002652748190269287,0.0,0.12022744443533342,96.0
NOAA,26,Target Risk (L),Nominal n,0.0032227506806492986,0.0009247007723605553,0.0,0.09377139787627084,96.0
NOAA,26,Target Risk (L),Input neff,0.0032227506806492986,0.002969878502092909,0.0,0.016054644146441404,9.30671272334572
NOAA,26,Target Risk (L),GP neff [Ours],0.0032227506806492986,0.0012896731755859103,0.0,0.07990244655370736,49.353088975851506
NOAA,26,Target Risk (L),Block-Bootstrap,0.0032227506806492986,0.00162553812571162,0.0,0.051710455325162434,19.0
NOAA,27,Target Mean (Y),Unweighted,0.20111227148346533,0.004904606695545873,0.0,7.858115804907872,96.0
NOAA,27,Target Mean (Y),Nominal n,0.1959220022423508,0.01512443522506028,0.0,7.262151551141742,96.0
NOAA,27,Target Mean (Y),Input neff,0.1959220022423508,0.01512443522506028,0.0,7.262151551141742,96.0
NOAA,27,Target Mean (Y),GP neff [Ours],0.1959220022423508,0.015151622532285075,0.0,7.261118433467199,95.65579397474407
NOAA,27,Target Mean (Y),Block-Bootstrap,0.1959220022423508,0.020468559161799016,0.0,7.131292646056062,19.0
NOAA,27,Target Risk (L),Unweighted,0.0033147559548124097,0.0003195141868538785,0.0,0.120448699092049,96.0
NOAA,27,Target Risk (L),Nominal n,0.0041956814488110245,0.00024773878903361417,0.0,0.15841318396916362,96.0
NOAA,27,Target Risk (L),Input neff,0.0041956814488110245,0.00024773878903361417,0.0,0.15841318396916362,96.0
NOAA,27,Target Risk (L),GP neff [Ours],0.0041956814488110245,0.00024775811272305636,0.0,0.15841244966896484,95.98502570250012
NOAA,27,Target Risk (L),Block-Bootstrap,0.0041956814488110245,0.0007909741449439767,0.0,0.11363779477075572,19.0
NOAA,28,Target Mean (Y),Unweighted,0.12108622981679862,0.018558617600322895,0.0,4.138221723859677,96.0
NOAA,28,Target Mean (Y),Nominal n,0.09529411663005982,0.08225487072571395,0.0,0.6860795776252642,96.0
NOAA,28,Target Mean (Y),Input neff,0.09529411663005982,0.30813719776583226,1.0,0.6162743955316645,6.8407894537234615
NOAA,28,Target Mean (Y),GP neff [Ours],0.09529411663005982,0.2620338479665504,1.0,0.5240676959331008,9.45975072311101
NOAA,28,Target Mean (Y),Block-Bootstrap,0.09529411663005982,0.12195025373564783,1.0,0.24390050747129566,19.0
NOAA,28,Target Risk (L),Unweighted,0.0005693822815212883,0.001143646678002814,1.0,0.002287293356005627,96.0
NOAA,28,Target Risk (L),Nominal n,0.00010224229842940857,0.002628331494300257,1.0,0.0052566629886005144,96.0
NOAA,28,Target Risk (L),Input neff,0.00010224229842940857,0.00984606375656466,1.0,0.01969212751312932,6.8407894537234615
NOAA,28,Target Risk (L),GP neff [Ours],0.00010224229842940857,0.005284081543307273,1.0,0.010568163086614546,23.75157913710533
NOAA,28,Target Risk (L),Block-Bootstrap,0.00010224229842940857,0.003472681290418755,1.0,0.00694536258083751,19.0
NOAA,29,Target Mean (Y),Unweighted,0.13369039648346537,0.008119511751333568,0.0,5.039074412787941,96.0
NOAA,29,Target Mean (Y),Nominal n,0.11076882034562185,0.04084504809347403,0.0,2.8786409862728624,96.0
NOAA,29,Target Mean (Y),Input neff,0.11076882034562185,0.051016672218428774,0.0,2.492119269524581,61.5355098973715
NOAA,29,Target Mean (Y),GP neff [Ours],0.11076882034562185,0.04260825014898169,0.0,2.8116393081635684,88.21910733420754
NOAA,29,Target Mean (Y),Block-Bootstrap,0.11076882034562185,0.05505950200953108,0.0,2.4889848633600926,19.0
NOAA,29,Target Risk (L),Unweighted,0.0022870583811811958,0.001050436471179482,0.0,0.051565749342427525,96.0
NOAA,29,Target Risk (L),Nominal n,0.000508413706213991,0.0034454262096842254,1.0,0.006890852419368451,96.0
NOAA,29,Target Risk (L),Input neff,0.000508413706213991,0.00430343916329793,1.0,0.00860687832659586,61.5355098973715
NOAA,29,Target Risk (L),GP neff [Ours],0.000508413706213991,0.0034485487967815262,1.0,0.0068970975935630525,95.82622682056629
NOAA,29,Target Risk (L),Block-Bootstrap,0.000508413706213991,0.004073701003994406,1.0,0.008147402007988813,19.0
NOAA,30,Target Mean (Y),Unweighted,0.06533102148346537,0.016368499953920704,0.0,1.991237861089626,96.0
NOAA,30,Target Mean (Y),Nominal n,0.005387857901307802,0.08606656486871725,1.0,0.17213312973743444,96.0
NOAA,30,Target Mean (Y),Input neff,0.005387857901307802,0.3002469608602921,1.0,0.6004939217205842,7.8882911541207354
NOAA,30,Target Mean (Y),GP neff [Ours],0.005387857901307802,0.2508895115623576,1.0,0.5017790231247152,11.297312967053218
NOAA,30,Target Mean (Y),Block-Bootstrap,0.005387857901307802,0.12067441898220266,1.0,0.24134883796440532,19.0
NOAA,30,Target Risk (L),Unweighted,0.003016108071365868,0.0004185454024192542,0.0,0.10473959756270307,96.0
NOAA,30,Target Risk (L),Nominal n,0.0034258339678266726,0.0013783085713164147,0.0,0.08465763300304312,96.0
NOAA,30,Target Risk (L),Input neff,0.0034258339678266726,0.004808289494261682,1.0,0.009616578988523364,7.8882911541207354
NOAA,30,Target Risk (L),GP neff [Ours],0.0034258339678266726,0.0030275107107291853,0.0,0.02198795170535786,19.897236880844375
NOAA,30,Target Risk (L),Block-Bootstrap,0.0034258339678266726,0.004102566193791895,1.0,0.00820513238758379,19.0
NOAA,31,Target Mean (Y),Unweighted,0.051622103516534734,0.006181716030008,0.0,1.8299789315210875,96.0
NOAA,31,Target Mean (Y),Nominal n,0.0630724764033066,0.02388392130315831,0.0,1.6153100466122483,96.0
NOAA,31,Target Mean (Y),Input neff,0.0630724764033066,0.04345218401836091,0.0,0.8717160634345487,29.00409212584635
NOAA,31,Target Mean (Y),GP neff [Ours],0.0630724764033066,0.02402748311562212,0.0,1.6098546977386248,94.85624631671533
NOAA,31,Target Mean (Y),Block-Bootstrap,0.0630724764033066,0.03559589427688323,0.0,1.5002024139450625,19.0
NOAA,31,Target Risk (L),Unweighted,0.002468888607348691,0.0013785683489488916,0.0,0.04636994703388976,96.0
NOAA,31,Target Risk (L),Nominal n,0.0026459618382358033,0.00520231208719304,1.0,0.01040462417438608,96.0
NOAA,31,Target Risk (L),Input neff,0.0026459618382358033,0.009464602535922904,1.0,0.018929205071845808,29.00409212584635
NOAA,31,Target Risk (L),GP neff [Ours],0.0026459618382358033,0.005744291171789524,1.0,0.011488582343579048,78.73922677191595
NOAA,31,Target Risk (L),Block-Bootstrap,0.0026459618382358033,0.006832767596865373,1.0,0.013665535193730746,19.0
NOAA,32,Target Mean (Y),Unweighted,0.17763570898346537,0.009154196515528549,0.0,6.757568891748531,96.0
NOAA,32,Target Mean (Y),Nominal n,0.12636690850182009,0.03292044141862383,0.0,3.803699566165098,96.0
NOAA,32,Target Mean (Y),Input neff,0.12636690850182009,0.03292044141862383,0.0,3.803699566165098,96.0
NOAA,32,Target Mean (Y),GP neff [Ours],0.12636690850182009,0.03311421990712587,0.0,3.796335983602022,94.87973776760793
NOAA,32,Target Mean (Y),Block-Bootstrap,0.12636690850182009,0.04875000000000007,0.0,3.3763658593386134,19.0
NOAA,32,Target Risk (L),Unweighted,0.002821567205547269,0.00040528758150651443,0.0,0.09746176012464319,96.0
NOAA,32,Target Risk (L),Nominal n,0.0023636381969535025,0.0011343040488875783,0.0,0.05144197402041213,96.0
NOAA,32,Target Risk (L),Input neff,0.0023636381969535025,0.0011343040488875783,0.0,0.05144197402041213,96.0
NOAA,32,Target Risk (L),GP neff [Ours],0.0023636381969535025,0.0011422897174269348,0.0,0.05113851861591657,94.6624330767043
NOAA,32,Target Risk (L),Block-Bootstrap,0.0023636381969535025,0.0015296955344535513,0.0,0.03634020875617848,19.0
NOAA,33,Target Mean (Y),Unweighted,0.12074768815013193,0.010583280813323718,0.0,4.427742855098976,96.0
NOAA,33,Target Mean (Y),Nominal n,0.09689630787353387,0.042852675846325954,0.0,2.2474506327809705,96.0
NOAA,33,Target Mean (Y),Input neff,0.09689630787353387,0.08412327540223734,0.0,0.6791678496563376,24.911207351067937
NOAA,33,Target Mean (Y),GP neff [Ours],0.09689630787353387,0.053746349640471223,0.0,1.8334910286034491,61.02800573525305
NOAA,33,Target Mean (Y),Block-Bootstrap,0.09689630787353387,0.06536302942137623,0.0,1.58645452024165,19.0
NOAA,33,Target Risk (L),Unweighted,0.0032992532438697406,0.0003824476287342414,0.0,0.11743711986288845,96.0
NOAA,33,Target Risk (L),Nominal n,0.003937376133231772,0.0006743289963702613,0.0,0.13187054346720095,96.0
NOAA,33,Target Risk (L),Input neff,0.003937376133231772,0.0013237624664746196,0.0,0.10719207160323532,24.911207351067937
NOAA,33,Target Risk (L),GP neff [Ours],0.003937376133231772,0.000680655964646288,0.0,0.1316301186727119,94.22357835740294
NOAA,33,Target Risk (L),Block-Bootstrap,0.003937376133231772,0.0004027222632063044,0.0,0.14282273803232268,19.0
NOAA,34,Target Mean (Y),Unweighted,0.16712789648346527,0.013803582781840792,0.0,6.16057971362866,96.0
NOAA,34,Target Mean (Y),Nominal n,0.09793454083573416,0.07029729141807586,0.0,1.2460845595424848,96.0
NOAA,34,Target Mean (Y),Input neff,0.09793454083573416,0.23119927597685952,1.0,0.46239855195371904,8.875145409521066
NOAA,34,Target Mean (Y),GP neff [Ours],0.09793454083573416,0.16255495672913564,1.0,0.32510991345827134,17.953452748392028
NOAA,34,Target Mean (Y),Block-Bootstrap,0.09793454083573416,0.09822277461729173,1.0,0.19644554923458346,19.0
NOAA,34,Target Risk (L),Unweighted,0.0010321714059903708,0.0010561989658056405,1.0,0.0021123979316112814,96.0
NOAA,34,Target Risk (L),Nominal n,0.0011243343246631673,0.0019501485911310294,1.0,0.0039002971822620584,96.0
NOAA,34,Target Risk (L),Input neff,0.0011243343246631673,0.006413802484015076,1.0,0.012827604968030152,8.875145409521066
NOAA,34,Target Risk (L),GP neff [Ours],0.0011243343246631673,0.002046160729197205,1.0,0.00409232145839441,87.20214136445883
NOAA,34,Target Risk (L),Block-Bootstrap,0.0011243343246631673,0.0021826383233744077,1.0,0.0043652766467488155,19.0
NOAA,35,Target Mean (Y),Unweighted,0.06617737565013193,0.013281018901390673,0.0,2.1424163077524323,96.0
NOAA,35,Target Mean (Y),Nominal n,0.010662027590364831,0.06840177191446521,1.0,0.13680354382893034,96.0
NOAA,35,Target Mean (Y),Input neff,0.010662027590364831,0.17048520678932338,1.0,0.3409704135786468,15.453702086625787
NOAA,35,Target Mean (Y),GP neff [Ours],0.010662027590364831,0.1325672573740253,1.0,0.2651345147480506,25.558384198589867
NOAA,35,Target Mean (Y),Block-Bootstrap,0.010662027590364831,0.09407198307349621,1.0,0.18814396614699241,19.0
NOAA,35,Target Risk (L),Unweighted,0.0027331172727369625,0.0004696353910423857,0.0,0.09147854604986784,96.0
NOAA,35,Target Risk (L),Nominal n,0.0004194579165492313,0.0028389378595581748,1.0,0.005677875719116349,96.0
NOAA,35,Target Risk (L),Input neff,0.0004194579165492313,0.007075794888092097,1.0,0.014151589776184192,15.453702086625787
NOAA,35,Target Risk (L),GP neff [Ours],0.0004194579165492313,0.003413249926290209,1.0,0.006826499852580419,66.41204095370917
NOAA,35,Target Risk (L),Block-Bootstrap,0.0004194579165492313,0.0025806432332397943,1.0,0.005161286466479589,19.0
NOAA,36,Target Mean (Y),Unweighted,0.07652893815013184,0.016702949973508442,0.0,2.426445427011954,96.0
NOAA,36,Target Mean (Y),Nominal n,0.054892102672554954,0.047607999527010496,0.0,0.3865801248758012,96.0
NOAA,36,Target Mean (Y),Input neff,0.054892102672554954,0.13942193198056782,1.0,0.2788438639611357,11.193577382418471
NOAA,36,Target Mean (Y),GP neff [Ours],0.054892102672554954,0.102390031060001,1.0,0.204780062120002,20.754666032000184
NOAA,36,Target Mean (Y),Block-Bootstrap,0.054892102672554954,0.07115090791667922,1.0,0.14230181583335844,19.0
NOAA,36,Target Risk (L),Unweighted,0.0017008469961904376,0.0007467229802651653,0.0,0.03965840659754122,96.0
NOAA,36,Target Risk (L),Nominal n,0.0016189580097032983,0.002367912598113533,1.0,0.004735825196227065,96.0
NOAA,36,Target Risk (L),Input neff,0.0016189580097032983,0.006934526812091938,1.0,0.013869053624183877,11.193577382418471
NOAA,36,Target Risk (L),GP neff [Ours],0.0016189580097032983,0.0032245339600278982,1.0,0.0064490679200557965,51.7688668447846
NOAA,36,Target Risk (L),Block-Bootstrap,0.0016189580097032983,0.002550974852167004,1.0,0.005101949704334008,19.0
NOAA,37,Target Mean (Y),Unweighted,0.1790419589834652,0.010075305933497867,0.0,6.778816733865691,96.0
NOAA,37,Target Mean (Y),Nominal n,0.13757685184046498,0.029267668277406945,0.0,4.390902679077136,96.0
NOAA,37,Target Mean (Y),Input neff,0.13757685184046498,0.06626892910008933,0.0,2.9848547678152055,18.725247909414694
NOAA,37,Target Mean (Y),GP neff [Ours],0.13757685184046498,0.04120185875987093,0.0,3.9374034407435037,48.441085117734104
NOAA,37,Target Mean (Y),Block-Bootstrap,0.13757685184046498,0.043943827069139685,0.0,3.8249718442055207,19.0
NOAA,37,Target Risk (L),Unweighted,0.0022758812574424922,0.0004932088456863139,0.0,0.07229331416161977,96.0
NOAA,37,Target Risk (L),Nominal n,0.003286601812622138,0.0010789931755485018,0.0,0.09046233183404244,96.0
NOAA,37,Target Risk (L),Input neff,0.003286601812622138,0.0024430959641940763,0.0,0.03862642586551063,18.725247909414694
NOAA,37,Target Risk (L),GP neff [Ours],0.003286601812622138,0.0012921382101087596,0.0,0.08236282052075265,66.94076792642197
NOAA,37,Target Risk (L),Block-Bootstrap,0.003286601812622138,0.0018316656435098807,0.0,0.034705989851061825,19.0
NOAA,38,Target Mean (Y),Unweighted,0.15268779231679852,0.011595218082082286,0.0,5.6668934055528135,96.0
NOAA,38,Target Mean (Y),Nominal n,0.09741366715155975,0.027559727143618158,0.0,2.849277054604898,96.0
NOAA,38,Target Mean (Y),Input neff,0.09741366715155975,0.050467162407020164,0.0,1.978794514595622,28.628809384052744
NOAA,38,Target Mean (Y),GP neff [Ours],0.09741366715155975,0.03579439731678208,0.0,2.536359588024673,56.91030998340909
NOAA,38,Target Mean (Y),Block-Bootstrap,0.09741366715155975,0.07084566376707968,0.0,2.9043802545047575,19.0
NOAA,38,Target Risk (L),Unweighted,0.002932348756206811,0.0005284080932110301,0.0,0.09721444270625332,96.0
NOAA,38,Target Risk (L),Nominal n,0.0023477780148392106,0.0012981943269293472,0.0,0.04457973617025323,96.0
NOAA,38,Target Risk (L),Input neff,0.0023477780148392106,0.002377243562376371,1.0,0.004754487124752741,28.628809384052744
NOAA,38,Target Risk (L),GP neff [Ours],0.0023477780148392106,0.0013077366085332868,0.0,0.044217129469303534,94.60412734176892
NOAA,38,Target Risk (L),Block-Bootstrap,0.0023477780148392106,0.001831783150568607,0.0,0.004980064382420992,19.0
NOAA,39,Target Mean (Y),Unweighted,0.12691956315013198,0.010037679613123561,0.0,4.695350700706586,96.0
NOAA,39,Target Mean (Y),Nominal n,0.10841883897290505,0.050083814628415935,0.0,2.4335686030363965,96.0
NOAA,39,Target Mean (Y),Input neff,0.10841883897290505,0.05621592251263605,0.0,2.200548503436031,76.19866246874605
NOAA,39,Target Mean (Y),GP neff [Ours],0.10841883897290505,0.05103312707693249,0.0,2.397494729992766,92.46165664919647
NOAA,39,Target Mean (Y),Block-Bootstrap,0.10841883897290505,0.040799442479361736,0.0,2.436164396556947,19.0
NOAA,39,Target Risk (L),Unweighted,0.003118773768931101,0.0004820874144265558,0.0,0.10643162900903491,96.0
NOAA,39,Target Risk (L),Nominal n,0.0017171390634640993,0.0027506791588611016,1.0,0.005501358317722203,96.0
NOAA,39,Target Risk (L),Input neff,0.0017171390634640993,0.0030874638363493465,1.0,0.006174927672698693,76.19866246874605
NOAA,39,Target Risk (L),GP neff [Ours],0.0017171390634640993,0.0027662872209988686,1.0,0.005532574441997737,94.91974567241498
NOAA,39,Target Risk (L),Block-Bootstrap,0.0017171390634640993,0.001863419048852325,1.0,0.00372683809770465,19.0
NOAA,40,Target Mean (Y),Unweighted,0.17370341731679872,0.015049657385755127,0.0,6.376249712013253,96.0
NOAA,40,Target Mean (Y),Nominal n,0.1435418928088965,0.09417340883193383,0.0,2.1630861767423752,96.0
NOAA,40,Target Mean (Y),Input neff,0.1435418928088965,0.4037798282311996,1.0,0.8075596564623991,5.222020557863822
NOAA,40,Target Mean (Y),GP neff [Ours],0.1435418928088965,0.36144112509269055,1.0,0.7228822501853811,6.517074478112919
NOAA,40,Target Mean (Y),Block-Bootstrap,0.1435418928088965,0.11137269889301937,0.0,2.4016112571265715,19.0
NOAA,40,Target Risk (L),Unweighted,0.0033577448236055667,0.0003250182676948132,0.0,0.12195909877181978,96.0
NOAA,40,Target Risk (L),Nominal n,0.0032778235777142987,0.0008776415606678628,0.0,0.09776256380319318,96.0
NOAA,40,Target Risk (L),Input neff,0.0032778235777142987,0.0037629938536839365,1.0,0.007525987707367873,5.222020557863822
NOAA,40,Target Risk (L),GP neff [Ours],0.0032778235777142987,0.001004605902800162,0.0,0.09293791880216579,73.26796746051187
NOAA,40,Target Risk (L),Block-Bootstrap,0.0032778235777142987,0.0013951234190007994,0.0,0.07104091519823195,19.0
NOAA,41,Target Mean (Y),Unweighted,0.06688050065013196,0.016002150327418852,0.0,2.0671383135633636,96.0
NOAA,41,Target Mean (Y),Nominal n,0.06344284313240833,0.05393729027148336,0.0,0.48809669497996344,96.0
NOAA,41,Target Mean (Y),Input neff,0.06344284313240833,0.12477470597347465,1.0,0.24954941194694924,17.93892323741135
NOAA,41,Target Mean (Y),GP neff [Ours],0.06344284313240833,0.0923603750948868,1.0,0.18472075018977363,32.73995707998651
NOAA,41,Target Mean (Y),Block-Bootstrap,0.06344284313240833,0.09986837912552354,1.0,0.1997367582510471,19.0
NOAA,41,Target Risk (L),Unweighted,0.0020201489732978206,0.0009207409844641655,0.0,0.04581780152227453,96.0
NOAA,41,Target Risk (L),Nominal n,0.0016338956435797162,0.002465319973296278,1.0,0.004930639946592555,96.0
NOAA,41,Target Risk (L),Input neff,0.0016338956435797162,0.005703096563625678,1.0,0.011406193127251354,17.93892323741135
NOAA,41,Target Risk (L),GP neff [Ours],0.0016338956435797162,0.0034034771535905524,1.0,0.006806954307181104,50.370022190559546
NOAA,41,Target Risk (L),Block-Bootstrap,0.0016338956435797162,0.0029591037020331497,1.0,0.0059182074040662995,19.0
NOAA,42,Target Mean (Y),Unweighted,0.18310647851653478,0.020557191708205323,0.0,6.54308585574959,96.0
NOAA,42,Target Mean (Y),Nominal n,0.1205617282141822,0.07589947090443984,0.0,1.938289234198575,96.0
NOAA,42,Target Mean (Y),Input neff,0.1205617282141822,0.2770298234820666,1.0,0.5540596469641332,7.206023586721354
NOAA,42,Target Mean (Y),GP neff [Ours],0.1205617282141822,0.23307430994385456,1.0,0.46614861988770917,10.18028451618357
NOAA,42,Target Mean (Y),Block-Bootstrap,0.1205617282141822,0.10033073681749566,0.0,1.8432992226830263,19.0
NOAA,42,Target Risk (L),Unweighted,0.000244944502367451,0.0011372581219941482,1.0,0.002274516243988296,96.0
NOAA,42,Target Risk (L),Nominal n,0.00010881469931064893,0.0030403764420169764,1.0,0.006080752884033952,96.0
NOAA,42,Target Risk (L),Input neff,0.00010881469931064893,0.011097244012563028,1.0,0.022194488025126056,7.206023586721354
NOAA,42,Target Risk (L),GP neff [Ours],0.00010881469931064893,0.003278626077105861,1.0,0.006557252154211723,82.5547702405281
NOAA,42,Target Risk (L),Block-Bootstrap,0.00010881469931064893,0.0035355088087828334,1.0,0.007071017617565667,19.0
NOAA,43,Target Mean (Y),Unweighted,0.09967997981679855,0.016182900445002604,0.0,3.3722489757618437,96.0
NOAA,43,Target Mean (Y),Nominal n,0.04782617969370506,0.07327681094861091,1.0,0.14655362189722188,96.0
NOAA,43,Target Mean (Y),Input neff,0.04782617969370506,0.24905038918623104,1.0,0.498100778372462,8.31055263011023
NOAA,43,Target Mean (Y),GP neff [Ours],0.04782617969370506,0.20089469352979045,1.0,0.40178938705958095,12.772250359976422
NOAA,43,Target Mean (Y),Block-Bootstrap,0.04782617969370506,0.12828949442141274,1.0,0.2565789888428255,19.0
NOAA,43,Target Risk (L),Unweighted,0.002186450550904657,0.0007078672763649024,0.0,0.060559065534319986,96.0
NOAA,43,Target Risk (L),Nominal n,0.0024291491620505833,0.002923067677768204,1.0,0.005846135355536408,96.0
NOAA,43,Target Risk (L),Input neff,0.0024291491620505833,0.009934809298352307,1.0,0.019869618596704615,8.31055263011023
NOAA,43,Target Risk (L),GP neff [Ours],0.0024291491620505833,0.0073355636506831174,1.0,0.014671127301366235,15.243405220734322
NOAA,43,Target Risk (L),Block-Bootstrap,0.0024291491620505833,0.0003964861203036778,0.0,0.14792188268039252,19.0
NOAA,44,Target Mean (Y),Unweighted,0.0533799160165348,0.02101983896335966,0.0,1.336442760053724,96.0
NOAA,44,Target Mean (Y),Nominal n,0.03882417599418597,0.09888714272263119,1.0,0.19777428544526243,96.0
NOAA,44,Target Mean (Y),Input neff,0.03882417599418597,0.2995262485186834,1.0,0.599052497037367,10.46359967392541
NOAA,44,Target Mean (Y),GP neff [Ours],0.03882417599418597,0.22203450478241005,1.0,0.4440690095648201,19.041885498233064
NOAA,44,Target Mean (Y),Block-Bootstrap,0.03882417599418597,0.14178241334280473,1.0,0.28356482668560945,19.0
NOAA,44,Target Risk (L),Unweighted,1.3385428850556935e-05,0.0011032687453163483,1.0,0.002206537490632697,96.0
NOAA,44,Target Risk (L),Nominal n,0.003215989165252611,0.006555072189299005,1.0,0.01311014437859801,96.0
NOAA,44,Target Risk (L),Input neff,0.003215989165252611,0.0198551209749995,1.0,0.039710241949999,10.46359967392541
NOAA,44,Target Risk (L),GP neff [Ours],0.003215989165252611,0.0068029868915354735,1.0,0.013605973783070947,89.13061895333095
NOAA,44,Target Risk (L),Block-Bootstrap,0.003215989165252611,0.005567217661105691,1.0,0.011134435322211382,19.0
NOAA,45,Target Mean (Y),Unweighted,0.028429979816798623,0.017041535666291848,0.0,0.48962083735285455,96.0
NOAA,45,Target Mean (Y),Nominal n,0.012721491097443804,0.08954561499089579,1.0,0.17909122998179156,96.0
NOAA,45,Target Mean (Y),Input neff,0.012721491097443804,0.35096368995053473,1.0,0.7019273799010695,6.249359449425901
NOAA,45,Target Mean (Y),GP neff [Ours],0.012721491097443804,0.2825223709588554,1.0,0.5650447419177107,9.6439332451765
NOAA,45,Target Mean (Y),Block-Bootstrap,0.012721491097443804,0.10419604607005051,1.0,0.20839209214010102,19.0
NOAA,45,Target Risk (L),Unweighted,0.002251542797788215,0.0006644177628485988,0.0,0.06481383692328184,96.0
NOAA,45,Target Risk (L),Nominal n,0.00366386910579397,0.0005611336156486714,0.0,0.1252316868371093,96.0
NOAA,45,Target Risk (L),Input neff,0.00366386910579397,0.0021992983612136195,0.0,0.06298142650564126,6.249359449425901
NOAA,45,Target Risk (L),GP neff [Ours],0.00366386910579397,0.0010530986324558185,0.0,0.10653701619843771,27.256225189104843
NOAA,45,Target Risk (L),Block-Bootstrap,0.00366386910579397,0.0006666615907098152,0.0,0.12463790805104419,19.0
NOAA,46,Target Mean (Y),Unweighted,0.17568258398346537,0.006556842714127717,0.0,6.778143336201762,96.0
NOAA,46,Target Mean (Y),Nominal n,0.12065323741990208,0.04860701565565346,0.0,2.97906290188125,96.0
NOAA,46,Target Mean (Y),Input neff,0.12065323741990208,0.1299127993002565,1.0,0.2598255986005129,13.43894776867771
NOAA,46,Target Mean (Y),GP neff [Ours],0.12065323741990208,0.10523080647317556,0.0,0.8273588508154139,20.482518234644147
NOAA,46,Target Mean (Y),Block-Bootstrap,0.12065323741990208,0.050029203274857936,0.0,3.3767560739277838,19.0
NOAA,46,Target Risk (L),Unweighted,0.0027887894274503076,0.00031897331489342206,0.0,0.09943059113206228,96.0
NOAA,46,Target Risk (L),Nominal n,0.0024970018182148735,0.0010341093091276801,0.0,0.06058391898174309,96.0
NOAA,46,Target Risk (L),Input neff,0.0024970018182148735,0.002763881577979696,1.0,0.005527763155959392,13.43894776867771
NOAA,46,Target Risk (L),GP neff [Ours],0.0024970018182148735,0.0012951156964750947,0.0,0.05066567626254135,61.20501300293335
NOAA,46,Target Risk (L),Block-Bootstrap,0.0024970018182148735,0.0020830650008119437,1.0,0.004166130001623887,19.0
NOAA,47,Target Mean (Y),Unweighted,0.01342997981679861,0.0212680525443158,1.0,0.042536105088631704,96.0
NOAA,47,Target Mean (Y),Nominal n,0.004165034735365669,0.0880397497278524,1.0,0.1760794994557049,96.0
NOAA,47,Target Mean (Y),Input neff,0.004165034735365669,0.23885694203400112,1.0,0.4777138840680022,13.042267269075998
NOAA,47,Target Mean (Y),GP neff [Ours],0.004165034735365669,0.16122123644447472,1.0,0.32244247288894945,28.62756019798858
NOAA,47,Target Mean (Y),Block-Bootstrap,0.004165034735365669,0.1240360374540253,1.0,0.2480720749080506,19.0
NOAA,47,Target Risk (L),Unweighted,0.0001762211044337332,0.0011466924732072153,1.0,0.00229338494641443,96.0
NOAA,47,Target Risk (L),Nominal n,0.002692937657099461,0.0014664485804234825,0.0,0.05199246022788612,96.0
NOAA,47,Target Risk (L),Input neff,0.002692937657099461,0.003978559964706971,1.0,0.007957119929413942,13.042267269075998
NOAA,47,Target Risk (L),GP neff [Ours],0.002692937657099461,0.0019629995068947566,0.0,0.03312352502197769,53.575290055160124
NOAA,47,Target Risk (L),Block-Bootstrap,0.002692937657099461,0.001744247619976262,0.0,0.04018097235264595,19.0
NOAA,48,Target Mean (Y),Unweighted,0.09595804101653471,0.030377600083000306,0.0,2.683972837507378,96.0
NOAA,48,Target Mean (Y),Nominal n,0.03969162767279144,0.12433020016924477,1.0,0.24866040033848957,96.0
NOAA,48,Target Mean (Y),Input neff,0.03969162767279144,0.45930123655985355,1.0,0.9186024731197072,7.034435784660056
NOAA,48,Target Mean (Y),GP neff [Ours],0.03969162767279144,0.38556097609957973,1.0,0.7711219521991595,9.982477881790446
NOAA,48,Target Mean (Y),Block-Bootstrap,0.03969162767279144,0.20617489368563965,1.0,0.4123497873712793,19.0
NOAA,48,Target Risk (L),Unweighted,0.0009971417901379039,0.0007741822367269439,0.0,0.010466746609892299,96.0
NOAA,48,Target Risk (L),Nominal n,0.0026469691372949023,0.0012256392943037536,0.0,0.05930447230825346,96.0
NOAA,48,Target Risk (L),Input neff,0.0026469691372949023,0.004527762705149354,1.0,0.009055525410298708,7.034435784660056
NOAA,48,Target Risk (L),GP neff [Ours],0.0026469691372949023,0.0013240138592612697,0.0,0.05556623883986783,82.26432204113358
NOAA,48,Target Risk (L),Block-Bootstrap,0.0026469691372949023,0.0014530318401783304,0.0,0.05549717691874613,19.0
NOAA,49,Target Mean (Y),Unweighted,0.1603180006501319,0.006177375288718573,0.0,6.177979765033972,96.0
NOAA,49,Target Mean (Y),Nominal n,0.1449207231885955,0.02118422237793725,0.0,4.991828477182204,96.0
NOAA,49,Target Mean (Y),Input neff,0.1449207231885955,0.02118422237793725,0.0,4.991828477182204,96.0
NOAA,49,Target Mean (Y),GP neff [Ours],0.1449207231885955,0.02118422237793725,0.0,4.991828477182204,96.0
NOAA,49,Target Mean (Y),Block-Bootstrap,0.1449207231885955,0.029143053545284403,0.0,4.852713760922974,19.0
NOAA,49,Target Risk (L),Unweighted,0.0027707063490250766,0.0003915795405843964,0.0,0.09594823141879602,96.0
NOAA,49,Target Risk (L),Nominal n,0.00395979010994866,0.000404423553584873,0.0,0.14302350936172123,96.0
NOAA,49,Target Risk (L),Input neff,0.00395979010994866,0.000404423553584873,0.0,0.14302350936172123,96.0
NOAA,49,Target Risk (L),GP neff [Ours],0.00395979010994866,0.000404423553584873,0.0,0.14302350936172123,96.0
NOAA,49,Target Risk (L),Block-Bootstrap,0.00395979010994866,0.0005107139851236433,0.0,0.13132147390194324,19.0
NOAA,50,Target Mean (Y),Unweighted,0.14806539648346528,0.006194479284166968,0.0,5.687225646540267,96.0
NOAA,50,Target Mean (Y),Nominal n,0.11570425036030851,0.04421453398368598,0.0,2.9480177230322715,96.0
NOAA,50,Target Mean (Y),Input neff,0.11570425036030851,0.07064331661660471,0.0,1.943723982981361,37.60617612405412
NOAA,50,Target Mean (Y),GP neff [Ours],0.11570425036030851,0.052609289041423,0.0,2.6290170308382654,67.80730307114752
NOAA,50,Target Mean (Y),Block-Bootstrap,0.11570425036030851,0.052701314359475226,0.0,2.6166497906733923,19.0
NOAA,50,Target Risk (L),Unweighted,0.0025733796277163335,0.0004934989729024038,0.0,0.084182224138362,96.0
NOAA,50,Target Risk (L),Nominal n,0.003444497958356738,0.0008137185709434782,0.0,0.10685861263841737,96.0
NOAA,50,Target Risk (L),Input neff,0.003444497958356738,0.0013001104719362478,0.0,0.0883757204006921,37.60617612405412
NOAA,50,Target Risk (L),GP neff [Ours],0.003444497958356738,0.0008579398940943009,0.0,0.10517820235868608,86.3586734618768
NOAA,50,Target Risk (L),Block-Bootstrap,0.003444497958356738,0.0008248698464446057,0.0,0.11342329524861229,19.0
NOAA,51,Target Mean (Y),Unweighted,0.14599710351653478,0.020269314920096433,0.0,5.069650173697727,96.0
NOAA,51,Target Mean (Y),Nominal n,0.04227321133715001,0.11978974501765248,1.0,0.239579490035305,96.0
NOAA,51,Target Mean (Y),Input neff,0.04227321133715001,0.4137841136363758,1.0,0.8275682272727516,8.045682462255241
NOAA,51,Target Mean (Y),GP neff [Ours],0.04227321133715001,0.34016878026115677,1.0,0.6803375605223136,11.904786425179838
NOAA,51,Target Mean (Y),Block-Bootstrap,0.04227321133715001,0.17214773989964774,1.0,0.3442954797992955,19.0
NOAA,51,Target Risk (L),Unweighted,0.00010710758879769588,0.0011042984453718348,1.0,0.00220859689074367,96.0
NOAA,51,Target Risk (L),Nominal n,0.0008249734708522197,0.0031065694196219795,1.0,0.006213138839243959,96.0
NOAA,51,Target Risk (L),Input neff,0.0008249734708522197,0.010730877451644333,1.0,0.021461754903288666,8.045682462255241
NOAA,51,Target Risk (L),GP neff [Ours],0.0008249734708522197,0.0033006099057047637,1.0,0.0066012198114095266,85.04425112894964
NOAA,51,Target Risk (L),Block-Bootstrap,0.0008249734708522197,0.0048848642041213865,1.0,0.009769728408242773,19.0
NOAA,52,Target Mean (Y),Unweighted,0.13559143815013208,0.0164658857779136,0.0,4.797953866444566,96.0
NOAA,52,Target Mean (Y),Nominal n,0.09042946875645175,0.07648301117622161,0.0,0.7108243255616498,96.0
NOAA,52,Target Mean (Y),Input neff,0.09042946875645175,0.29936842251705303,1.0,0.598736845034106,6.265982985360438
NOAA,52,Target Mean (Y),GP neff [Ours],0.09042946875645175,0.25919918193131064,1.0,0.5183983638626213,8.358607572110099
NOAA,52,Target Mean (Y),Block-Bootstrap,0.09042946875645175,0.128361652236052,1.0,0.256723304472104,19.0
NOAA,52,Target Risk (L),Unweighted,0.0031802274731143132,0.00042346023317151564,0.0,0.11111761006405495,96.0
NOAA,52,Target Risk (L),Nominal n,0.0037353515970061243,0.0008247979054064219,0.0,0.11807174347480094,96.0
NOAA,52,Target Risk (L),Input neff,0.0037353515970061243,0.0032284090811745708,0.0,0.02673451879561128,6.265982985360438
NOAA,52,Target Risk (L),GP neff [Ours],0.0037353515970061243,0.000904789689755013,0.0,0.11503205566955448,79.77577751511035
NOAA,52,Target Risk (L),Block-Bootstrap,0.0037353515970061243,0.0006833716542936181,0.0,0.1176586850009981,19.0
NOAA,53,Target Mean (Y),Unweighted,0.03759664648346528,0.018859647366635986,0.0,0.7871992594064419,96.0
NOAA,53,Target Mean (Y),Nominal n,0.025074054005101765,0.07870274233532595,1.0,0.15740548467065185,96.0
NOAA,53,Target Mean (Y),Input neff,0.025074054005101765,0.27336765293634113,1.0,0.5467353058726823,7.957134801488013
NOAA,53,Target Mean (Y),GP neff [Ours],0.025074054005101765,0.22568635055273226,1.0,0.45137270110546446,11.674556084546635
NOAA,53,Target Mean (Y),Block-Bootstrap,0.025074054005101765,0.15664008714998212,1.0,0.31328017429996424,19.0
NOAA,53,Target Risk (L),Unweighted,0.0012787987961902585,0.0008470954566460445,0.0,0.01896232449506066,96.0
NOAA,53,Target Risk (L),Nominal n,0.0025156335811763295,0.0015816979813225687,0.0,0.040520819956795566,96.0
NOAA,53,Target Risk (L),Input neff,0.0025156335811763295,0.0054939008728063345,1.0,0.010987801745612669,7.957134801488013
NOAA,53,Target Risk (L),GP neff [Ours],0.0025156335811763295,0.002569836336143097,1.0,0.005139672672286194,36.36699548969729
NOAA,53,Target Risk (L),Block-Bootstrap,0.0025156335811763295,0.0029101387187880634,1.0,0.005820277437576127,19.0
NOAA,54,Target Mean (Y),Unweighted,0.16066956315013203,0.017531332960473357,0.0,5.760591873507293,96.0
NOAA,54,Target Mean (Y),Nominal n,0.1100398457312104,0.07496249574323212,0.0,1.5530189910055958,96.0
NOAA,54,Target Mean (Y),Input neff,0.1100398457312104,0.2862556271227778,1.0,0.5725112542455557,6.5834151430509
NOAA,54,Target Mean (Y),GP neff [Ours],0.1100398457312104,0.24637022778257323,1.0,0.49274045556514645,8.887566377858443
NOAA,54,Target Mean (Y),Block-Bootstrap,0.1100398457312104,0.1451617206135925,1.0,0.290323441227185,19.0
NOAA,54,Target Risk (L),Unweighted,0.003071096633886653,0.00032965375497940664,0.0,0.11031702266624865,96.0
NOAA,54,Target Risk (L),Nominal n,0.0038974663642368937,0.0004992152481385447,0.0,0.13692847514021106,96.0
NOAA,54,Target Risk (L),Input neff,0.0038974663642368937,0.0019063289249951906,0.0,0.0834581554196585,6.5834151430509
NOAA,54,Target Risk (L),GP neff [Ours],0.0038974663642368937,0.0008553814362936494,0.0,0.12339415999031705,32.69845821482929
NOAA,54,Target Risk (L),Block-Bootstrap,0.0038974663642368937,0.000329570833386635,0.0,0.14360995088338577,19.0
NOAA,55,Target Mean (Y),Unweighted,0.05369241601653474,0.02172181495101106,0.0,1.3222676725229674,96.0
NOAA,55,Target Mean (Y),Nominal n,0.011120522211090056,0.103142887637919,1.0,0.20628577527583802,96.0
NOAA,55,Target Mean (Y),Input neff,0.011120522211090056,0.3083924761188302,1.0,0.6167849522376605,10.73846626138372
NOAA,55,Target Mean (Y),GP neff [Ours],0.011120522211090056,0.23804084987591162,1.0,0.4760816997518232,18.023819133221405
NOAA,55,Target Mean (Y),Block-Bootstrap,0.011120522211090056,0.1503968344468179,1.0,0.3007936688936358,19.0
NOAA,55,Target Risk (L),Unweighted,4.289004587277722e-05,0.0009814806829468714,1.0,0.0019629613658937433,96.0
NOAA,55,Target Risk (L),Nominal n,0.00015484700972176382,0.003590693735666666,1.0,0.007181387471333331,96.0
NOAA,55,Target Risk (L),Input neff,0.00015484700972176382,0.010736008633129608,1.0,0.021472017266259216,10.73846626138372
NOAA,55,Target Risk (L),GP neff [Ours],0.00015484700972176382,0.003725256155962768,1.0,0.007450512311925537,89.18990040881505
NOAA,55,Target Risk (L),Block-Bootstrap,0.00015484700972176382,0.002486893923280521,1.0,0.004973787846561042,19.0
NOAA,56,Target Mean (Y),Unweighted,0.1024424160165347,0.023875289672316446,0.0,3.190435633113363,96.0
NOAA,56,Target Mean (Y),Nominal n,0.07207097903865622,0.11300164097118665,1.0,0.22600328194237335,96.0
NOAA,56,Target Mean (Y),Input neff,0.07207097903865622,0.3743922281251325,1.0,0.748784456250265,8.745549129769032
NOAA,56,Target Mean (Y),GP neff [Ours],0.07207097903865622,0.29794743460289097,1.0,0.5958948692057819,13.808974659458414
NOAA,56,Target Mean (Y),Block-Bootstrap,0.07207097903865622,0.16108254362936641,1.0,0.32216508725873283,19.0
NOAA,56,Target Risk (L),Unweighted,0.0004394871503787248,0.001031494885573398,1.0,0.0020629897711467965,96.0
NOAA,56,Target Risk (L),Nominal n,0.0025129498985356734,0.0011815440255889065,0.0,0.055619322969048486,96.0
NOAA,56,Target Risk (L),Input neff,0.0025129498985356734,0.003914641385437609,1.0,0.007829282770875218,8.745549129769032
NOAA,56,Target Risk (L),GP neff [Ours],0.0025129498985356734,0.0012406664971922477,0.0,0.05337266904812151,87.06847555092747
NOAA,56,Target Risk (L),Block-Bootstrap,0.0025129498985356734,0.0009236878500959867,0.0,0.08491900431565164,19.0
NOAA,57,Target Mean (Y),Unweighted,0.1762815423167986,0.01056503676507912,0.0,6.649790295598937,96.0
NOAA,57,Target Mean (Y),Nominal n,0.16152686196077237,0.02453180325007651,0.0,5.528865954927987,96.0
NOAA,57,Target Mean (Y),Input neff,0.16152686196077237,0.06365364835117311,0.0,4.042235841086315,14.258819706659953
NOAA,57,Target Mean (Y),GP neff [Ours],0.16152686196077237,0.03985400778729524,0.0,4.946622182513678,36.37359075648494
NOAA,57,Target Mean (Y),Block-Bootstrap,0.16152686196077237,0.08150211722704542,0.0,1.5418700937935395,19.0
NOAA,57,Target Risk (L),Unweighted,0.0018228668438556874,0.0006505155559242691,0.0,0.04819508262910527,96.0
NOAA,57,Target Risk (L),Nominal n,0.0003791631724981157,0.002983450377844233,1.0,0.005966900755688465,96.0
NOAA,57,Target Risk (L),Input neff,0.0003791631724981157,0.0077412776911896615,1.0,0.015482555382379321,14.258819706659953
NOAA,57,Target Risk (L),GP neff [Ours],0.0003791631724981157,0.00457005986500987,1.0,0.009140119730019738,40.9133548413701
NOAA,57,Target Risk (L),Block-Bootstrap,0.0003791631724981157,0.003782236294165785,1.0,0.00756447258833157,19.0
NOAA,58,Target Mean (Y),Unweighted,0.03780699934986809,0.011289103689548283,0.0,1.083294033791889,96.0
NOAA,58,Target Mean (Y),Nominal n,0.003731474792438072,0.07279356212241754,1.0,0.145587124244835,96.0
NOAA,58,Target Mean (Y),Input neff,0.003731474792438072,0.14499186289021815,1.0,0.2899837257804363,24.197467612822233
NOAA,58,Target Mean (Y),GP neff [Ours],0.003731474792438072,0.08393035797112139,1.0,0.16786071594224272,72.2136049878446
NOAA,58,Target Mean (Y),Block-Bootstrap,0.003731474792438072,0.09141579045563467,1.0,0.18283158091126933,19.0
NOAA,58,Target Risk (L),Unweighted,0.0017519558965089495,0.0006800760698286873,0.0,0.04423534520686785,96.0
NOAA,58,Target Risk (L),Nominal n,0.0007674314000993511,0.002821184038419086,1.0,0.005642368076838173,96.0
NOAA,58,Target Risk (L),Input neff,0.0007674314000993511,0.005619298154397655,1.0,0.011238596308795309,24.197467612822233
NOAA,58,Target Risk (L),GP neff [Ours],0.0007674314000993511,0.0033428954238095385,1.0,0.006685790847619076,68.37360641703225
NOAA,58,Target Risk (L),Block-Bootstrap,0.0007674314000993511,0.003062468652184761,1.0,0.006124937304369522,19.0
NOAA,59,Target Mean (Y),Unweighted,0.1720888339834652,0.010684667716895238,0.0,6.477535986096589,96.0
NOAA,59,Target Mean (Y),Nominal n,0.1406156686932849,0.027828593990161264,0.0,4.567140176105269,96.0
NOAA,59,Target Mean (Y),Input neff,0.1406156686932849,0.06160311602038043,0.0,3.2837083389569375,19.59062997111452
NOAA,59,Target Mean (Y),GP neff [Ours],0.1406156686932849,0.0488167988598121,0.0,3.769588391058538,31.197167708990463
NOAA,59,Target Mean (Y),Block-Bootstrap,0.1406156686932849,0.03406972326663604,0.0,3.3470053058769214,19.0
NOAA,59,Target Risk (L),Unweighted,0.0019944214743665596,0.001300254446206742,0.0,0.03036719001880621,96.0
NOAA,59,Target Risk (L),Nominal n,0.0030467478785843796,0.003839162879622114,1.0,0.007678325759244228,96.0
NOAA,59,Target Risk (L),Input neff,0.0030467478785843796,0.008498611046541356,1.0,0.01699722209308271,19.59062997111452
NOAA,59,Target Risk (L),GP neff [Ours],0.0030467478785843796,0.004915954074094172,1.0,0.009831908148188344,58.5502393431217
NOAA,59,Target Risk (L),Block-Bootstrap,0.0030467478785843796,0.0040357665002213735,1.0,0.008071533000442747,19.0
NOAA,60,Target Mean (Y),Unweighted,0.142153938150132,0.013795604832984905,0.0,5.161924542351853,96.0
NOAA,60,Target Mean (Y),Nominal n,0.08805840257289388,0.08553027696361672,0.0,0.27218557829832046,96.0
NOAA,60,Target Mean (Y),Input neff,0.08805840257289388,0.21905696016917311,1.0,0.4381139203383462,14.635139833956574
NOAA,60,Target Mean (Y),GP neff [Ours],0.08805840257289388,0.15365313036373363,1.0,0.30730626072746725,29.745971993039266
NOAA,60,Target Mean (Y),Block-Bootstrap,0.08805840257289388,0.12560631167951236,1.0,0.2512126233590247,19.0
NOAA,60,Target Risk (L),Unweighted,0.002527883741245866,0.00047010799072597873,0.0,0.08325124600224745,96.0
NOAA,60,Target Risk (L),Nominal n,0.0028117709083017427,0.0015605426388731918,0.0,0.05317021605488841,96.0
NOAA,60,Target Risk (L),Input neff,0.0028117709083017427,0.003996803691298205,1.0,0.00799360738259641,14.635139833956574
NOAA,60,Target Risk (L),GP neff [Ours],0.0028117709083017427,0.0020656828770473767,0.0,0.0339748870042694,54.7892319982472
NOAA,60,Target Risk (L),Block-Bootstrap,0.0028117709083017427,0.004953996739645189,1.0,0.009907993479290379,19.0
NOAA,61,Target Mean (Y),Unweighted,0.20675029231679853,0.004986411166750986,0.0,8.080528068335402,96.0
NOAA,61,Target Mean (Y),Nominal n,0.21329602416616678,0.010471878321131,0.0,8.133909590443691,96.0
NOAA,61,Target Mean (Y),Input neff,0.21329602416616678,0.011804496965883648,0.0,8.083270081943091,75.54842899791994
NOAA,61,Target Mean (Y),GP neff [Ours],0.21329602416616678,0.010594027606310624,0.0,8.129267917606866,93.79899969514513
NOAA,61,Target Mean (Y),Block-Bootstrap,0.21329602416616678,0.01656961246657679,0.0,8.021794167039186,19.0
NOAA,61,Target Risk (L),Unweighted,0.0034829478222877233,0.00029500902896539594,0.0,0.12810756979082388,96.0
NOAA,61,Target Risk (L),Nominal n,0.003233344688071791,0.000607546589986939,0.0,0.10624701710336795,96.0
NOAA,61,Target Risk (L),Input neff,0.003233344688071791,0.0006848610782329259,0.0,0.10330906655002045,75.54842899791994
NOAA,61,Target Risk (L),GP neff [Ours],0.003233344688071791,0.0006128231368157077,0.0,0.10604650832387474,94.35395331447455
NOAA,61,Target Risk (L),Block-Bootstrap,0.003233344688071791,0.0008415284298106533,0.0,0.08548775441504619,19.0
NOAA,62,Target Mean (Y),Unweighted,0.1565289381501319,0.010124971003293074,0.0,5.876408627880138,96.0
NOAA,62,Target Mean (Y),Nominal n,0.10484896845883052,0.04470711622878735,0.0,2.4950883216593027,96.0
NOAA,62,Target Mean (Y),Input neff,0.10484896845883052,0.08797838860839377,0.0,0.8507799712342563,24.78977248269391
NOAA,62,Target Mean (Y),GP neff [Ours],0.10484896845883052,0.06275984727244785,0.0,1.8090845420002013,48.714785133081335
NOAA,62,Target Mean (Y),Block-Bootstrap,0.10484896845883052,0.05518342825550976,0.0,2.988680441454581,19.0
NOAA,62,Target Risk (L),Unweighted,0.003445672358933568,0.000264357236952934,0.0,0.12778131935313122,96.0
NOAA,62,Target Risk (L),Nominal n,0.0029698322140536823,0.0011672034506737571,0.0,0.07443955743654453,96.0
NOAA,62,Target Risk (L),Input neff,0.0029698322140536823,0.0022969202093672896,0.0,0.0315103206061903,24.78977248269391
NOAA,62,Target Risk (L),GP neff [Ours],0.0029698322140536823,0.0012876535417240815,0.0,0.06986245397663221,78.87989162278728
NOAA,62,Target Risk (L),Block-Bootstrap,0.0029698322140536823,0.0013783049290055326,0.0,0.059943636779156186,19.0
NOAA,63,Target Mean (Y),Unweighted,0.16102112565013182,0.005055850693077989,0.0,6.248722699668308,96.0
NOAA,63,Target Mean (Y),Nominal n,0.1504044372954232,0.018398111923592343,0.0,5.31704923872042,96.0
NOAA,63,Target Mean (Y),Input neff,0.1504044372954232,0.028038722874056232,0.0,4.950706022602793,41.333415108297295
NOAA,63,Target Mean (Y),GP neff [Ours],0.1504044372954232,0.01903554898430178,0.0,5.292826630413458,89.67821048074786
NOAA,63,Target Mean (Y),Block-Bootstrap,0.1504044372954232,0.023794254336294063,0.0,5.033506024725761,19.0
NOAA,63,Target Risk (L),Unweighted,0.002551703406400852,0.00035852648776253996,0.0,0.08844412972105756,96.0
NOAA,63,Target Risk (L),Nominal n,0.0037930237821853187,0.0004771446147540282,0.0,0.13358945592675966,96.0
NOAA,63,Target Risk (L),Input neff,0.0037930237821853187,0.0007271684007303442,0.0,0.12408855205965967,41.333415108297295
NOAA,63,Target Risk (L),GP neff [Ours],0.0037930237821853187,0.0004883425109660738,0.0,0.13316393587070194,91.64783758450784
NOAA,63,Target Risk (L),Block-Bootstrap,0.0037930237821853187,0.0006251478366061973,0.0,0.11756628061087405,19.0
NOAA,64,Target Mean (Y),Unweighted,0.10309345768320138,0.028909543986048024,0.0,3.0251756358582313,96.0
NOAA,64,Target Mean (Y),Nominal n,0.04809964941808076,0.10384628512987537,1.0,0.20769257025975074,96.0
NOAA,64,Target Mean (Y),Input neff,0.04809964941808076,0.3338975716883338,1.0,0.6677951433766676,9.285956444439895
NOAA,64,Target Mean (Y),GP neff [Ours],0.04809964941808076,0.27832888618024887,1.0,0.5566577723604977,13.364004100365316
NOAA,64,Target Mean (Y),Block-Bootstrap,0.04809964941808076,0.13842288227329677,1.0,0.27684576454659354,19.0
NOAA,64,Target Risk (L),Unweighted,0.0001081625145328462,0.0013375482655603227,1.0,0.002675096531120646,96.0
NOAA,64,Target Risk (L),Nominal n,0.001688503191453038,0.0034257361447546314,1.0,0.006851472289509263,96.0
NOAA,64,Target Risk (L),Input neff,0.001688503191453038,0.011014789585857365,1.0,0.02202957917171473,9.285956444439895
NOAA,64,Target Risk (L),GP neff [Ours],0.001688503191453038,0.004840819113254941,1.0,0.009681638226509881,48.07744099373544
NOAA,64,Target Risk (L),Block-Bootstrap,0.001688503191453038,0.004164047979740672,1.0,0.008328095959481344,19.0
NOAA,65,Target Mean (Y),Unweighted,0.18813050065013193,0.0040403250222626535,0.0,7.371687675159294,96.0
NOAA,65,Target Mean (Y),Nominal n,0.16851615688461075,0.01564715993859691,0.0,6.146054197717748,96.0
NOAA,65,Target Mean (Y),Input neff,0.16851615688461075,0.026839562322581657,0.0,5.7207429071263265,32.628072427602014
NOAA,65,Target Mean (Y),GP neff [Ours],0.16851615688461075,0.018246395496088294,0.0,6.047283246533074,70.59730270401869
NOAA,65,Target Mean (Y),Block-Bootstrap,0.16851615688461075,0.018401684704664523,0.0,5.8442622871983545,19.0
NOAA,65,Target Risk (L),Unweighted,0.002775754711977358,0.00031568437489711584,0.0,0.09903418223300392,96.0
NOAA,65,Target Risk (L),Nominal n,0.0034680514155349187,0.0016753139464076696,0.0,0.07506012665790532,96.0
NOAA,65,Target Risk (L),Input neff,0.0034680514155349187,0.002873664821664172,0.0,0.029522793398158206,32.628072427602014
NOAA,65,Target Risk (L),GP neff [Ours],0.0034680514155349187,0.001779921605095581,0.0,0.07108503562776468,85.04756649325294
NOAA,65,Target Risk (L),Block-Bootstrap,0.0034680514155349187,0.0020785685510717237,0.0,0.017003006918756083,19.0
NOAA,66,Target Mean (Y),Unweighted,0.13672425065013194,0.011561274333325548,0.0,5.029641601338907,96.0
NOAA,66,Target Mean (Y),Nominal n,0.09201051078956923,0.07082668649197808,0.0,0.9890063448876016,96.0
NOAA,66,Target Mean (Y),Input neff,0.09201051078956923,0.19340589019839777,1.0,0.3868117803967955,12.874361194275979
NOAA,66,Target Mean (Y),GP neff [Ours],0.09201051078956923,0.1515003472802007,1.0,0.30300069456040135,20.981562420208334
NOAA,66,Target Mean (Y),Block-Bootstrap,0.09201051078956923,0.09299580362223542,0.0,0.22519317680189632,19.0
NOAA,66,Target Risk (L),Unweighted,0.001333479707245381,0.0009242212941686693,0.0,0.01821877911140581,96.0
NOAA,66,Target Risk (L),Nominal n,0.0016918842198838154,0.001583351117397208,0.0,0.007508026334258728,96.0
NOAA,66,Target Risk (L),Input neff,0.0016918842198838154,0.0043236447661789,1.0,0.0086472895323578,12.874361194275979
NOAA,66,Target Risk (L),GP neff [Ours],0.0016918842198838154,0.0019344787780972046,1.0,0.0038689575561944092,64.31285055817227
NOAA,66,Target Risk (L),Block-Bootstrap,0.0016918842198838154,0.011119341071883677,1.0,0.022238682143767355,19.0
NOAA,67,Target Mean (Y),Unweighted,0.11533102148346519,0.016770954788366464,0.0,3.975944577380683,96.0
NOAA,67,Target Mean (Y),Nominal n,0.07227581916877424,0.04556558486844486,0.0,1.1595405417500646,96.0
NOAA,67,Target Mean (Y),Input neff,0.07227581916877424,0.11952210974476248,1.0,0.23904421948952503,13.9523907420724
NOAA,67,Target Mean (Y),GP neff [Ours],0.07227581916877424,0.07692866671681366,1.0,0.15385733343362729,33.67973922539461
NOAA,67,Target Mean (Y),Block-Bootstrap,0.07227581916877424,0.09477812939059216,1.0,0.18955625878118432,19.0
NOAA,67,Target Risk (L),Unweighted,0.0004939400954335786,0.0012339370755531797,1.0,0.002467874151106359,96.0
NOAA,67,Target Risk (L),Nominal n,0.003665026716135625,0.0010126540715500135,0.0,0.10812021392652447,96.0
NOAA,67,Target Risk (L),Input neff,0.003665026716135625,0.0026562712060588575,0.0,0.04566276281518841,13.9523907420724
NOAA,67,Target Risk (L),GP neff [Ours],0.003665026716135625,0.0016081465890566667,0.0,0.08549149826127167,38.06643372683915
NOAA,67,Target Risk (L),Block-Bootstrap,0.003665026716135625,0.0023751211948743263,1.0,0.004750242389748653,19.0
NOAA,68,Target Mean (Y),Unweighted,0.17229716731679867,0.008984254829319643,0.0,6.550485009157801,96.0
NOAA,68,Target Mean (Y),Nominal n,0.12235399912317102,0.02597007927246089,0.0,3.907296952573328,96.0
NOAA,68,Target Mean (Y),Input neff,0.12235399912317102,0.04335524258727928,0.0,3.2466607466102273,34.445662532554714
NOAA,68,Target Mean (Y),GP neff [Ours],0.12235399912317102,0.028761039995261216,0.0,3.801240445106913,78.2723929992156
NOAA,68,Target Mean (Y),Block-Bootstrap,0.12235399912317102,0.04187499999996264,0.0,3.1126158593421898,19.0
NOAA,68,Target Risk (L),Unweighted,0.0018831213105203258,0.0004800425158207707,0.0,0.057083236819623746,96.0
NOAA,68,Target Risk (L),Nominal n,0.001656415996441521,0.002390661668114454,1.0,0.004781323336228908,96.0
NOAA,68,Target Risk (L),Input neff,0.001656415996441521,0.003991043518882196,1.0,0.007982087037764393,34.445662532554714
NOAA,68,Target Risk (L),GP neff [Ours],0.001656415996441521,0.002401548437788493,1.0,0.004803096875576986,95.13159279604938
NOAA,68,Target Risk (L),Block-Bootstrap,0.001656415996441521,0.004831632820856949,1.0,0.009663265641713898,19.0
NOAA,69,Target Mean (Y),Unweighted,0.12755758398346528,0.012099276372381361,0.0,4.6425308571881185,96.0
NOAA,69,Target Mean (Y),Nominal n,0.11299580748483207,0.03500479734662152,0.0,3.189650000221664,96.0
NOAA,69,Target Mean (Y),Input neff,0.11299580748483207,0.053529610124869786,0.0,2.485707114648231,41.05236749158284
NOAA,69,Target Mean (Y),GP neff [Ours],0.11299580748483207,0.040660265392858934,0.0,2.974742214464643,71.15180969566862
NOAA,69,Target Mean (Y),Block-Bootstrap,0.11299580748483207,0.027499999999997526,0.0,3.9338658593387423,19.0
NOAA,69,Target Risk (L),Unweighted,0.002098510875424143,0.0006753130121914865,0.0,0.05827854055368924,96.0
NOAA,69,Target Risk (L),Nominal n,0.0018471322536942965,0.002015908385850647,1.0,0.004031816771701294,96.0
NOAA,69,Target Risk (L),Input neff,0.0018471322536942965,0.0030827428844536838,1.0,0.0061654857689073675,41.05236749158284
NOAA,69,Target Risk (L),GP neff [Ours],0.0018471322536942965,0.002128197627017584,1.0,0.004256395254035168,86.13683433816921
NOAA,69,Target Risk (L),Block-Bootstrap,0.0018471322536942965,0.0027484392170070925,1.0,0.005496878434014185,19.0
NOAA,70,Target Mean (Y),Unweighted,0.1488206048167987,0.010644855852895757,0.0,5.548319670261909,96.0
NOAA,70,Target Mean (Y),Nominal n,0.10769439195994712,0.0505079192713023,0.0,2.3884747460883986,96.0
NOAA,70,Target Mean (Y),Input neff,0.10769439195994712,0.12370763693366861,1.0,0.2474152738673372,16.002843798992146
NOAA,70,Target Mean (Y),GP neff [Ours],0.10769439195994712,0.07295126347436387,0.0,1.5356276663720578,46.01766225451172
NOAA,70,Target Mean (Y),Block-Bootstrap,0.10769439195994712,0.06580200719774959,0.0,2.0372980559963576,19.0
NOAA,70,Target Risk (L),Unweighted,0.00307646928797689,0.0004944216335283412,0.0,0.10427074944499862,96.0
NOAA,70,Target Risk (L),Nominal n,0.0025271358626042335,0.0009765646078407396,0.0,0.06397597940622124,96.0
NOAA,70,Target Risk (L),Input neff,0.0025271358626042335,0.0023918724368769224,0.0,0.010194281902846289,16.002843798992146
NOAA,70,Target Risk (L),GP neff [Ours],0.0025271358626042335,0.0009907470310667544,0.0,0.06343704732363267,93.27121526792078
NOAA,70,Target Risk (L),Block-Bootstrap,0.0025271358626042335,0.0010543372286093181,0.0,0.0591004807102999,19.0
NOAA,71,Target Mean (Y),Unweighted,0.10249247981679865,0.00941567345522863,0.0,3.7419036013732576,96.0
NOAA,71,Target Mean (Y),Nominal n,0.06854959171300035,0.05565036111338532,0.0,0.6272699462113731,96.0
NOAA,71,Target Mean (Y),Input neff,0.06854959171300035,0.1249502123518242,1.0,0.24990042470364848,19.042905382491693
NOAA,71,Target Mean (Y),GP neff [Ours],0.06854959171300035,0.0839461547312433,1.0,0.16789230946248668,42.18961785946608
NOAA,71,Target Mean (Y),Block-Bootstrap,0.06854959171300035,0.07687245194918901,1.0,0.15374490389837803,19.0
NOAA,71,Target Risk (L),Unweighted,0.003017015795622733,0.00034726379433914795,0.0,0.1074846076400217,96.0
NOAA,71,Target Risk (L),Nominal n,0.003398428091661292,0.0007392293223188643,0.0,0.10784640941833484,96.0
NOAA,71,Target Risk (L),Input neff,0.003398428091661292,0.0016597710949663655,0.0,0.07286582205772979,19.042905382491693
NOAA,71,Target Risk (L),GP neff [Ours],0.003398428091661292,0.0008131935718116137,0.0,0.10503576793761038,79.33078098232221
NOAA,71,Target Risk (L),Block-Bootstrap,0.003398428091661292,0.0009535715928874904,0.0,0.10151593087165686,19.0
NOAA,72,Target Mean (Y),Unweighted,0.11702372981679854,0.01158534703206752,0.0,4.240706005453378,96.0
NOAA,72,Target Mean (Y),Nominal n,0.07945882441073726,0.05891662917494609,0.0,0.9395210677815382,96.0
NOAA,72,Target Mean (Y),Input neff,0.07945882441073726,0.13666589840748478,1.0,0.27333179681496955,17.841308159139956
NOAA,72,Target Mean (Y),GP neff [Ours],0.07945882441073726,0.0936862691939234,1.0,0.18737253838784684,37.96602474520565
NOAA,72,Target Mean (Y),Block-Bootstrap,0.07945882441073726,0.09086528068436361,0.0,0.4105964207193826,19.0
NOAA,72,Target Risk (L),Unweighted,0.00301220909868232,0.00039691003676708595,0.0,0.10540578255014353,96.0
NOAA,72,Target Risk (L),Nominal n,0.002008882682332373,0.0022962238502631433,1.0,0.0045924477005262875,96.0
NOAA,72,Target Risk (L),Input neff,0.002008882682332373,0.005326433297958503,1.0,0.010652866595917005,17.841308159139956
NOAA,72,Target Risk (L),GP neff [Ours],0.002008882682332373,0.0025665064312651786,1.0,0.005133012862530357,76.84488524020469
NOAA,72,Target Risk (L),Block-Bootstrap,0.002008882682332373,0.002463623659506835,1.0,0.00492724731901367,19.0
NOAA,73,Target Mean (Y),Unweighted,0.0885081048167986,0.01696457519851911,0.0,2.8956703351282176,96.0
NOAA,73,Target Mean (Y),Nominal n,0.04126072095027489,0.10145778167615367,1.0,0.20291556335230743,96.0
NOAA,73,Target Mean (Y),Input neff,0.04126072095027489,0.16328898280690476,1.0,0.3265779656138095,37.06194358497192
NOAA,73,Target Mean (Y),GP neff [Ours],0.04126072095027489,0.12336267970863124,1.0,0.24672535941726248,64.93433072867997
NOAA,73,Target Mean (Y),Block-Bootstrap,0.04126072095027489,0.14312882855450662,1.0,0.28625765710901324,19.0
NOAA,73,Target Risk (L),Unweighted,0.00292120188873034,0.0005039217819856894,0.0,0.09769904783375741,96.0
NOAA,73,Target Risk (L),Nominal n,0.003896622622666662,0.0005359158776659842,0.0,0.13550010155535908,96.0
NOAA,73,Target Risk (L),Input neff,0.003896622622666662,0.0008625179566163928,0.0,0.12308922255524354,37.06194358497192
NOAA,73,Target Risk (L),GP neff [Ours],0.003896622622666662,0.0005541987514760792,0.0,0.13480535235057547,89.77044855738477
NOAA,73,Target Risk (L),Block-Bootstrap,0.003896622622666662,0.0023935974678055555,1.0,0.004787194935611111,19.0
NOAA,74,Target Mean (Y),Unweighted,0.029484667316798663,0.020303162064067164,0.0,0.4078665342373957,96.0
NOAA,74,Target Mean (Y),Nominal n,0.006959464074818844,0.09966730449008376,1.0,0.19933460898016753,96.0
NOAA,74,Target Mean (Y),Input neff,0.006959464074818844,0.32382184190650554,1.0,0.6476436838130111,9.094197494752464
NOAA,74,Target Mean (Y),GP neff [Ours],0.006959464074818844,0.2522376919262499,1.0,0.5044753838524998,14.988448886819876
NOAA,74,Target Mean (Y),Block-Bootstrap,0.006959464074818844,0.14688253773339435,1.0,0.2937650754667887,19.0
NOAA,74,Target Risk (L),Unweighted,0.0025901325797871976,0.0005512731364801024,0.0,0.082656924005244,96.0
NOAA,74,Target Risk (L),Nominal n,0.003274365876570375,0.001048272162909755,0.0,0.09114029287224433,96.0
NOAA,74,Target Risk (L),Input neff,0.003274365876570375,0.003405865387345021,1.0,0.006811730774690042,9.094197494752464
NOAA,74,Target Risk (L),GP neff [Ours],0.003274365876570375,0.001540866636537018,0.0,0.07242170287440833,44.431322055436844
NOAA,74,Target Risk (L),Block-Bootstrap,0.003274365876570375,0.001760551446727073,0.0,0.033025939225364426,19.0
NOAA,75,Target Mean (Y),Unweighted,0.003262728516534752,0.00943959449607207,1.0,0.018879188992144247,96.0
NOAA,75,Target Mean (Y),Nominal n,0.012353568155508698,0.04734520253447867,1.0,0.09469040506895743,96.0
NOAA,75,Target Mean (Y),Input neff,0.012353568155508698,0.1338413057161227,1.0,0.2676826114322455,12.012761669340353
NOAA,75,Target Mean (Y),GP neff [Ours],0.012353568155508698,0.06517491637669023,1.0,0.13034983275338052,50.65965469814195
NOAA,75,Target Mean (Y),Block-Bootstrap,0.012353568155508698,0.07365943095433547,1.0,0.14731886190867094,19.0
NOAA,75,Target Risk (L),Unweighted,0.0013632548733451813,0.001168890132847551,0.0,0.010112369885600304,96.0
NOAA,75,Target Risk (L),Nominal n,3.387880947784607e-05,0.0018855006188436471,1.0,0.0037710012376872947,96.0
NOAA,75,Target Risk (L),Input neff,3.387880947784607e-05,0.005330167604010439,1.0,0.010660335208020878,12.012761669340353
NOAA,75,Target Risk (L),GP neff [Ours],3.387880947784607e-05,0.0025359325998706036,1.0,0.005071865199741208,53.070011076611245
NOAA,75,Target Risk (L),Block-Bootstrap,3.387880947784607e-05,0.002121525740893879,1.0,0.004243051481787758,19.0
NOAA,76,Target Mean (Y),Unweighted,0.16934143815013203,0.006491879478718761,0.0,6.526966105813968,96.0
NOAA,76,Target Mean (Y),Nominal n,0.11629301468862341,0.04607088242863074,0.0,2.901027055256967,96.0
NOAA,76,Target Mean (Y),Input neff,0.11629301468862341,0.13361666086178683,1.0,0.2672333217235736,11.413085367723813
NOAA,76,Target Mean (Y),GP neff [Ours],0.11629301468862341,0.10901136911188158,0.0,0.5092885612934361,17.146706185754592
NOAA,76,Target Mean (Y),Block-Bootstrap,0.11629301468862341,0.061560049061543554,0.0,2.451985957461956,19.0
NOAA,76,Target Risk (L),Unweighted,0.003055821925117057,0.00031167172235759444,0.0,0.11038935155509369,96.0
NOAA,76,Target Risk (L),Nominal n,0.002372455669928898,0.0010033358384334001,0.0,0.05677146493668671,96.0
NOAA,76,Target Risk (L),Input neff,0.002372455669928898,0.0029099157078684287,1.0,0.005819831415736857,11.413085367723813
NOAA,76,Target Risk (L),GP neff [Ours],0.002372455669928898,0.0013805770075005122,0.0,0.04243630051213644,50.70404542763607
NOAA,76,Target Risk (L),Block-Bootstrap,0.002372455669928898,0.0025265995291756426,1.0,0.005053199058351285,19.0
NOAA,77,Target Mean (Y),Unweighted,0.1491200839834652,0.013944544935016548,0.0,5.434910651807981,96.0
NOAA,77,Target Mean (Y),Nominal n,0.08639336638362383,0.08434232675287003,0.0,0.2507262387358926,96.0
NOAA,77,Target Mean (Y),Input neff,0.08639336638362383,0.2772219880833003,1.0,0.5544439761666005,8.886014980552526
NOAA,77,Target Mean (Y),GP neff [Ours],0.08639336638362383,0.19767792438235374,1.0,0.39535584876470753,17.476161274970003
NOAA,77,Target Mean (Y),Block-Bootstrap,0.08639336638362383,0.11436599700458866,1.0,0.22873199400917732,19.0
NOAA,77,Target Risk (L),Unweighted,0.001417305204261466,0.0013083971070686595,0.0,0.0069731181018495726,96.0
NOAA,77,Target Risk (L),Nominal n,0.0017261512022536491,0.0013250292915764372,0.0,0.01869493501024137,96.0
NOAA,77,Target Risk (L),Input neff,0.0017261512022536491,0.004355194700233087,1.0,0.008710389400466175,8.886014980552526
NOAA,77,Target Risk (L),GP neff [Ours],0.0017261512022536491,0.0021377852447877796,1.0,0.00427557048957556,36.88026565898227
NOAA,77,Target Risk (L),Block-Bootstrap,0.0017261512022536491,0.0015950681563814137,1.0,0.0031901363127628275,19.0
NOAA,78,Target Mean (Y),Unweighted,0.10643779231679862,0.013958322209568592,0.0,3.7270954487083374,96.0
NOAA,78,Target Mean (Y),Nominal n,0.039662129326472284,0.03985402868147782,1.0,0.07970805736295561,96.0
NOAA,78,Target Mean (Y),Input neff,0.039662129326472284,0.11209162106824237,1.0,0.22418324213648466,12.13582739949281
NOAA,78,Target Mean (Y),GP neff [Ours],0.039662129326472284,0.08321017298315184,1.0,0.16642034596630362,22.022308458911635
NOAA,78,Target Mean (Y),Block-Bootstrap,0.039662129326472284,0.08860874529349239,1.0,0.17721749058698477,19.0
NOAA,78,Target Risk (L),Unweighted,0.002843038142899534,0.0005058069951770297,0.0,0.09450085989925423,96.0
NOAA,78,Target Risk (L),Nominal n,0.0022511237881056483,0.002277544776573248,1.0,0.004555089553146496,96.0
NOAA,78,Target Risk (L),Input neff,0.0022511237881056483,0.006405718430675268,1.0,0.012811436861350535,12.13582739949281
NOAA,78,Target Risk (L),GP neff [Ours],0.0022511237881056483,0.002982861377989012,1.0,0.005965722755978023,55.96789062720554
NOAA,78,Target Risk (L),Block-Bootstrap,0.0022511237881056483,0.001519590963290874,0.0,0.0589923067301816,19.0
NOAA,79,Target Mean (Y),Unweighted,0.06964091731679856,0.01795776097797248,0.0,2.1032417755089865,96.0
NOAA,79,Target Mean (Y),Nominal n,0.03170261243025996,0.09642338715482389,1.0,0.1928467743096478,96.0
NOAA,79,Target Mean (Y),Input neff,0.03170261243025996,0.3269110070013023,1.0,0.6538220140026048,8.351738982066312
NOAA,79,Target Mean (Y),GP neff [Ours],0.03170261243025996,0.2708696268109632,1.0,0.5417392536219263,12.165091527491333
NOAA,79,Target Mean (Y),Block-Bootstrap,0.03170261243025996,0.1147931219330911,1.0,0.2295862438661822,19.0
NOAA,79,Target Risk (L),Unweighted,0.0028724956776608104,0.0005108872529970832,0.0,0.09548611149254325,96.0
NOAA,79,Target Risk (L),Nominal n,0.003549035250404499,0.0004797004517014176,0.0,0.1237327928515261,96.0
NOAA,79,Target Risk (L),Input neff,0.003549035250404499,0.0016263622587006853,0.0,0.08015964418555391,8.351738982066312
NOAA,79,Target Risk (L),GP neff [Ours],0.003549035250404499,0.0005095493151823635,0.0,0.12259853603925015,85.0822650980346
NOAA,79,Target Risk (L),Block-Bootstrap,0.003549035250404499,0.00041900992955072586,0.0,0.1344232244883888,19.0
NOAA,80,Target Mean (Y),Unweighted,0.17445862565013193,0.006756472976374423,0.0,6.72159905290305,96.0
NOAA,80,Target Mean (Y),Nominal n,0.11579946715445166,0.04637011164291746,0.0,2.869914443747202,96.0
NOAA,80,Target Mean (Y),Input neff,0.11579946715445166,0.1291984628237066,1.0,0.25839692564741323,12.366101960361688
NOAA,80,Target Mean (Y),GP neff [Ours],0.11579946715445166,0.10420434048825548,0.0,0.6722137476243597,19.00972776844613
NOAA,80,Target Mean (Y),Block-Bootstrap,0.11579946715445166,0.06894073362315567,0.0,1.887354969189744,19.0
NOAA,80,Target Risk (L),Unweighted,0.0028053286652818636,0.00032014881843878704,0.0,0.10004749151060065,96.0
NOAA,80,Target Risk (L),Nominal n,0.002560540158543152,0.00103992358674214,0.0,0.06290451004552476,96.0
NOAA,80,Target Risk (L),Input neff,0.002560540158543152,0.0028974812460198494,1.0,0.005794962492039699,12.366101960361688
NOAA,80,Target Risk (L),GP neff [Ours],0.002560540158543152,0.0013260331044597923,0.0,0.052032348372253984,59.04258419571095
NOAA,80,Target Risk (L),Block-Bootstrap,0.002560540158543152,0.002103302039706432,1.0,0.004206604079412864,19.0
NOAA,81,Target Mean (Y),Unweighted,0.17448466731679857,0.00437735801083705,0.0,6.813047088260134,96.0
NOAA,81,Target Mean (Y),Nominal n,0.1646060630888455,0.017189117546223615,0.0,5.931056056797321,96.0
NOAA,81,Target Mean (Y),Input neff,0.1646060630888455,0.021064151622411237,0.0,5.783804761902193,63.927901951279395
NOAA,81,Target Mean (Y),GP neff [Ours],0.1646060630888455,0.01740739428597494,0.0,5.922761540686773,93.607546683643
NOAA,81,Target Mean (Y),Block-Bootstrap,0.1646060630888455,0.01843096135673744,0.0,5.682081937080917,19.0
NOAA,81,Target Risk (L),Unweighted,0.00260981429851102,0.00039307059947440504,0.0,0.0894558891604134,96.0
NOAA,81,Target Risk (L),Nominal n,0.0032841236475897044,0.000675677575226812,0.0,0.10568919804496932,96.0
NOAA,81,Target Risk (L),Input neff,0.0032841236475897044,0.0008279991601760606,0.0,0.09990097781689788,63.927901951279395
NOAA,81,Target Risk (L),GP neff [Ours],0.0032841236475897044,0.0006827389078421669,0.0,0.10542086740558583,94.0244795103707
NOAA,81,Target Risk (L),Block-Bootstrap,0.0032841236475897044,0.0007300888041838693,0.0,0.09792953876912529,19.0
NOAA,82,Target Mean (Y),Unweighted,0.09678935481679862,0.012202572640455609,0.0,3.4078764323346302,96.0
NOAA,82,Target Mean (Y),Nominal n,0.11228794625074923,0.039424398242389476,0.0,2.9933907168191674,96.0
NOAA,82,Target Mean (Y),Input neff,0.11228794625074923,0.15980268854157412,1.0,0.3196053770831482,5.842964074114664
NOAA,82,Target Mean (Y),GP neff [Ours],0.11228794625074923,0.09251195744843232,0.0,0.9760634669895407,17.43434512493986
NOAA,82,Target Mean (Y),Block-Bootstrap,0.11228794625074923,0.0697308871325587,0.0,1.5183276336037845,19.0
NOAA,82,Target Risk (L),Unweighted,0.001501605494220455,0.0010914584225306194,0.0,0.018588799712654643,96.0
NOAA,82,Target Risk (L),Nominal n,0.00010536689189335081,0.0028854954671222654,1.0,0.005770990934244531,96.0
NOAA,82,Target Risk (L),Input neff,0.00010536689189335081,0.011696055082075387,1.0,0.023392110164150777,5.842964074114664
NOAA,82,Target Risk (L),GP neff [Ours],0.00010536689189335081,0.006278076655481955,1.0,0.012556153310963908,20.2795725874206
NOAA,82,Target Risk (L),Block-Bootstrap,0.00010536689189335081,0.003580215353388928,1.0,0.007160430706777856,19.0
NOAA,83,Target Mean (Y),Unweighted,0.031607063150132064,0.021123139917546413,0.0,0.4616032091385178,96.0
NOAA,83,Target Mean (Y),Nominal n,0.04072601929205866,0.0715492744370213,1.0,0.1430985488740426,96.0
NOAA,83,Target Mean (Y),Input neff,0.04072601929205866,0.19797047244466187,1.0,0.3959409448893237,12.539518546818206
NOAA,83,Target Mean (Y),GP neff [Ours],0.04072601929205866,0.1455111342994196,1.0,0.2910222685988391,23.21075400399037
NOAA,83,Target Mean (Y),Block-Bootstrap,0.04072601929205866,0.12195637166109013,1.0,0.24391274332218027,19.0
NOAA,83,Target Risk (L),Unweighted,9.534366463322293e-05,0.0012887953856017271,1.0,0.0025775907712034547,96.0
NOAA,83,Target Risk (L),Nominal n,0.001640001521534107,0.0023528249354079454,1.0,0.004705649870815891,96.0
NOAA,83,Target Risk (L),Input neff,0.001640001521534107,0.0065100571278648945,1.0,0.01302011425572979,12.539518546818206
NOAA,83,Target Risk (L),GP neff [Ours],0.001640001521534107,0.0031662255038867222,1.0,0.0063324510077734444,53.01109508645156
NOAA,83,Target Risk (L),Block-Bootstrap,0.001640001521534107,0.0024226159428815106,1.0,0.004845231885763021,19.0
NOAA,84,Target Mean (Y),Unweighted,0.04383564518320138,0.012163730193711973,0.0,1.291204059967,96.0
NOAA,84,Target Mean (Y),Nominal n,0.029890157058434452,0.06060172548664752,1.0,0.1212034509732951,96.0
NOAA,84,Target Mean (Y),Input neff,0.029890157058434452,0.1158619712448219,1.0,0.23172394248964379,26.263910289339176
NOAA,84,Target Mean (Y),GP neff [Ours],0.029890157058434452,0.07269297320844956,1.0,0.14538594641689917,66.72004770705816
NOAA,84,Target Mean (Y),Block-Bootstrap,0.029890157058434452,0.09159584136104953,1.0,0.18319168272209907,19.0
NOAA,84,Target Risk (L),Unweighted,0.0009162364109118987,0.0008455612164403591,0.0,0.004518130211742304,96.0
NOAA,84,Target Risk (L),Nominal n,0.0003593242995820105,0.0034792056173715857,1.0,0.0069584112347431705,96.0
NOAA,84,Target Risk (L),Input neff,0.0003593242995820105,0.0066517515459777925,1.0,0.013303503091955587,26.263910289339176
NOAA,84,Target Risk (L),GP neff [Ours],0.0003593242995820105,0.0035090441721064543,1.0,0.0070180883442129095,94.37430239272564
NOAA,84,Target Risk (L),Block-Bootstrap,0.0003593242995820105,0.001990677525981995,0.0,0.014102928922772557,19.0
NOAA,85,Target Mean (Y),Unweighted,0.18239033268320132,0.019431035514619135,0.0,6.557233957772527,96.0
NOAA,85,Target Mean (Y),Nominal n,0.10654489899423686,0.08082886657517992,0.0,1.1902990299126381,96.0
NOAA,85,Target Mean (Y),Input neff,0.10654489899423686,0.2766960121220138,1.0,0.5533920242440276,8.192159720908382
NOAA,85,Target Mean (Y),GP neff [Ours],0.10654489899423686,0.21119788479062,1.0,0.42239576958124003,14.06128731591542
NOAA,85,Target Mean (Y),Block-Bootstrap,0.10654489899423686,0.08467484668798278,0.0,1.9800572235316563,19.0
NOAA,85,Target Risk (L),Unweighted,0.0009182983254335249,0.0008784963770613513,0.0,0.003349070689009632,96.0
NOAA,85,Target Risk (L),Nominal n,0.001731828576114247,0.0007167077789161585,0.0,0.04203824744575585,96.0
NOAA,85,Target Risk (L),Input neff,0.001731828576114247,0.002453457442688204,1.0,0.004906914885376408,8.192159720908382
NOAA,85,Target Risk (L),GP neff [Ours],0.001731828576114247,0.0007603518906292176,0.0,0.04037977120065962,85.29551762232099
NOAA,85,Target Risk (L),Block-Bootstrap,0.001731828576114247,0.0009078670101714051,0.0,0.059889083752917474,19.0
NOAA,86,Target Mean (Y),Unweighted,0.012129916016534681,0.017645383295537963,1.0,0.035290766591075995,96.0
NOAA,86,Target Mean (Y),Nominal n,0.012783549116368365,0.08143006103666936,1.0,0.16286012207333878,96.0
NOAA,86,Target Mean (Y),Input neff,0.012783549116368365,0.2754584565611751,1.0,0.5509169131223501,8.389354266551011
NOAA,86,Target Mean (Y),GP neff [Ours],0.012783549116368365,0.2147834424229441,1.0,0.42956688484588823,13.798731250986148
NOAA,86,Target Mean (Y),Block-Bootstrap,0.012783549116368365,0.14352071392026755,1.0,0.2870414278405351,19.0
NOAA,86,Target Risk (L),Unweighted,0.0015812991290997448,0.0006611827551261136,0.0,0.03812702046919747,96.0
NOAA,86,Target Risk (L),Nominal n,0.0026089912531835928,0.0008594739473992179,0.0,0.07169964012617346,96.0
NOAA,86,Target Risk (L),Input neff,0.0026089912531835928,0.0029073951804913525,1.0,0.005814790360982705,8.389354266551011
NOAA,86,Target Risk (L),GP neff [Ours],0.0026089912531835928,0.0009109668601546464,0.0,0.06974290944146715,85.4538256498181
NOAA,86,Target Risk (L),Block-Bootstrap,0.0026089912531835928,0.0007642320296145571,0.0,0.0855247649045402,19.0
NOAA,87,Target Mean (Y),Unweighted,0.05697366601653475,0.02695516052970351,0.0,1.2546505405326578,96.0
NOAA,87,Target Mean (Y),Nominal n,0.004075857730361676,0.12235617421115771,1.0,0.24471234842231548,96.0
NOAA,87,Target Mean (Y),Input neff,0.004075857730361676,0.4774635657194727,1.0,0.9549271314389453,6.304382244994673
NOAA,87,Target Mean (Y),GP neff [Ours],0.004075857730361676,0.41128649752653873,1.0,0.8225729950530773,8.49638351280672
NOAA,87,Target Mean (Y),Block-Bootstrap,0.004075857730361676,0.1550038994639338,1.0,0.3100077989278676,19.0
NOAA,87,Target Risk (L),Unweighted,0.0005907486528756302,0.001029529611780729,1.0,0.0020590592235614586,96.0
NOAA,87,Target Risk (L),Nominal n,0.001226480270662268,0.0047445744808138285,1.0,0.009489148961627655,96.0
NOAA,87,Target Risk (L),Input neff,0.001226480270662268,0.018514484160983245,1.0,0.03702896832196649,6.304382244994673
NOAA,87,Target Risk (L),GP neff [Ours],0.001226480270662268,0.007948134696985552,1.0,0.015896269393971103,34.20860255479831
NOAA,87,Target Risk (L),Block-Bootstrap,0.001226480270662268,0.006679256258041534,1.0,0.013358512516083068,19.0
NOAA,88,Target Mean (Y),Unweighted,0.20330179101653473,0.028695081191660907,0.0,7.041658555378274,96.0
NOAA,88,Target Mean (Y),Nominal n,0.04272219693243773,0.09739344355782253,1.0,0.19478688711564507,96.0
NOAA,88,Target Mean (Y),Input neff,0.04272219693243773,0.39386189050130677,1.0,0.7877237810026136,5.870062885300595
NOAA,88,Target Mean (Y),GP neff [Ours],0.04272219693243773,0.3508037520801065,1.0,0.701607504160213,7.399497308257442
NOAA,88,Target Mean (Y),Block-Bootstrap,0.04272219693243773,0.21961671509408826,1.0,0.4392334301881765,19.0
NOAA,88,Target Risk (L),Unweighted,0.0003956430964242152,0.000945162875746184,1.0,0.0018903257514923683,96.0
NOAA,88,Target Risk (L),Nominal n,0.0024332292382895793,0.0014598098155182019,0.0,0.0418563965418915,96.0
NOAA,88,Target Risk (L),Input neff,0.0024332292382895793,0.005903512933814756,1.0,0.011807025867629512,5.870062885300595
NOAA,88,Target Risk (L),GP neff [Ours],0.0024332292382895793,0.0016141811635407388,0.0,0.035990285317035096,78.51619443259875
NOAA,88,Target Risk (L),Block-Bootstrap,0.0024332292382895793,0.0010401794360855527,0.0,0.09788527212972717,19.0
NOAA,89,Target Mean (Y),Unweighted,0.13892477148346527,0.00907591420448673,0.0,5.212106119568116,96.0
NOAA,89,Target Mean (Y),Nominal n,0.12187761219430615,0.04163667108774595,0.0,3.2929109864379003,96.0
NOAA,89,Target Mean (Y),Input neff,0.12187761219430615,0.1318202489488404,1.0,0.26364049789768074,9.57765033451377
NOAA,89,Target Mean (Y),GP neff [Ours],0.12187761219430615,0.09627006439362477,0.0,1.2168420408145062,17.95728634535058
NOAA,89,Target Mean (Y),Block-Bootstrap,0.12187761219430615,0.06182858634384919,0.0,2.1490024175229845,19.0
NOAA,89,Target Risk (L),Unweighted,0.0035107991612008723,0.0003196327272446484,0.0,0.12828592281273826,96.0
NOAA,89,Target Risk (L),Nominal n,0.0031505233975747528,0.0011880647588011352,0.0,0.08087447506854697,96.0
NOAA,89,Target Risk (L),Input neff,0.0031505233975747528,0.0037613716029906543,1.0,0.0075227432059813085,9.57765033451377
NOAA,89,Target Risk (L),GP neff [Ours],0.0031505233975747528,0.0012415892854333638,0.0,0.0788405430565223,87.90135065601373
NOAA,89,Target Risk (L),Block-Bootstrap,0.0031505233975747528,0.0021048292704246166,1.0,0.004209658540849233,19.0
NOAA,90,Target Mean (Y),Unweighted,0.19566956315013184,0.00628065145820086,0.0,7.58811777059364,96.0
NOAA,90,Target Mean (Y),Nominal n,0.17260870462462563,0.016171140014983477,0.0,6.289844864415655,96.0
NOAA,90,Target Mean (Y),Input neff,0.17260870462462563,0.02086741840511678,0.0,6.111386285590589,57.6520905123602
NOAA,90,Target Mean (Y),GP neff [Ours],0.17260870462462563,0.01709462069040434,0.0,6.2547525987496595,85.90799245409131
NOAA,90,Target Mean (Y),Block-Bootstrap,0.17260870462462563,0.02354711921316882,0.0,5.861899452855746,19.0
NOAA,90,Target Risk (L),Unweighted,0.003591607222889821,0.0002306019389509748,0.0,0.1349014152354558,96.0
NOAA,90,Target Risk (L),Nominal n,0.0036567120602548184,0.0005043714285426797,0.0,0.1271023681255709,96.0
NOAA,90,Target Risk (L),Input neff,0.0036567120602548184,0.0006508464846160884,0.0,0.12153631599478139,57.6520905123602
NOAA,90,Target Risk (L),GP neff [Ours],0.0036567120602548184,0.0005115132111654913,0.0,0.12683098038590407,93.33799697818789
NOAA,90,Target Risk (L),Block-Bootstrap,0.0036567120602548184,0.001135475778806603,0.0,0.07640205506486039,19.0
NOAA,91,Target Mean (Y),Unweighted,0.19186747981679864,0.0033007406022575896,0.0,7.549271049786157,96.0
NOAA,91,Target Mean (Y),Nominal n,0.18411265944795097,0.011687551606300318,0.0,6.920379416878627,96.0
NOAA,91,Target Mean (Y),Input neff,0.18411265944795097,0.011687551606300318,0.0,6.920379416878627,96.0
NOAA,91,Target Mean (Y),GP neff [Ours],0.18411265944795097,0.011700740647569942,0.0,6.91987823331038,95.78370012620137
NOAA,91,Target Mean (Y),Block-Bootstrap,0.18411265944795097,0.012793034708728446,0.0,6.982327933682257,19.0
NOAA,91,Target Risk (L),Unweighted,0.0028144073344844797,0.00040109868459812587,0.0,0.0973345433646504,96.0
NOAA,91,Target Risk (L),Nominal n,0.004132342162762086,0.0003099847495318439,0.0,0.15351426602827334,96.0
NOAA,91,Target Risk (L),Input neff,0.004132342162762086,0.0003099847495318439,0.0,0.15351426602827334,96.0
NOAA,91,Target Risk (L),GP neff [Ours],0.004132342162762086,0.00031030243558410295,0.0,0.15350219395828751,95.8035320014028
NOAA,91,Target Risk (L),Block-Bootstrap,0.004132342162762086,0.0003441814071667641,0.0,0.1508108494634396,19.0
NOAA,92,Target Mean (Y),Unweighted,0.12829977148346516,0.011621642950773963,0.0,4.690368427209196,96.0
NOAA,92,Target Mean (Y),Nominal n,0.07161983624608714,0.05047508584823453,0.0,0.9467401876105721,96.0
NOAA,92,Target Mean (Y),Input neff,0.07161983624608714,0.10869829998179305,1.0,0.21739659996358607,20.700453589156975
NOAA,92,Target Mean (Y),GP neff [Ours],0.07161983624608714,0.0772947020974436,1.0,0.1545894041948872,40.9379329326004
NOAA,92,Target Mean (Y),Block-Bootstrap,0.07161983624608714,0.09679417444640176,0.0,1.3289202525191168,19.0
NOAA,92,Target Risk (L),Unweighted,0.0024968516959039456,0.0005491999092811619,0.0,0.07900447128347368,96.0
NOAA,92,Target Risk (L),Nominal n,0.0029654053108862355,0.0008790145340088272,0.0,0.08521366014311399,96.0
NOAA,92,Target Risk (L),Input neff,0.0029654053108862355,0.0018929613273632403,0.0,0.04668368199564628,20.700453589156975
NOAA,92,Target Risk (L),GP neff [Ours],0.0029654053108862355,0.0008918201792693752,0.0,0.08472704562321318,93.26286551175299
NOAA,92,Target Risk (L),Block-Bootstrap,0.0029654053108862355,0.0006449838181522325,0.0,0.09282953225496395,19.0
NOAA,93,Target Mean (Y),Unweighted,0.037950228516534734,0.021302596091231498,0.0,0.7085104891945913,96.0
NOAA,93,Target Mean (Y),Nominal n,0.01950584628559926,0.10603260404966633,1.0,0.2120652080993326,96.0
NOAA,93,Target Mean (Y),Input neff,0.01950584628559926,0.30742292813631256,1.0,0.6148458562726251,11.420301724671237
NOAA,93,Target Mean (Y),GP neff [Ours],0.01950584628559926,0.22941313354433918,1.0,0.4588262670886784,20.507538418896118
NOAA,93,Target Mean (Y),Block-Bootstrap,0.01950584628559926,0.14880885999496704,1.0,0.2976177199899341,19.0
NOAA,93,Target Risk (L),Unweighted,0.00011246423204063286,0.0009669164378720459,1.0,0.0019338328757440917,96.0
NOAA,93,Target Risk (L),Nominal n,0.002387236667746211,0.0015689294843529353,0.0,0.035870146304436884,96.0
NOAA,93,Target Risk (L),Input neff,0.002387236667746211,0.00454883571371359,1.0,0.00909767142742718,11.420301724671237
NOAA,93,Target Risk (L),GP neff [Ours],0.002387236667746211,0.0016225204868671429,0.0,0.03383368820889701,89.7630713330597
NOAA,93,Target Risk (L),Block-Bootstrap,0.002387236667746211,0.0013693719243988312,0.0,0.03193734940352592,19.0
NOAA,94,Target Mean (Y),Unweighted,0.18486227148346523,0.0035900799385510046,0.0,7.258067821673672,96.0
NOAA,94,Target Mean (Y),Nominal n,0.17458481957513716,0.016411454441071702,0.0,6.359757514244761,96.0
NOAA,94,Target Mean (Y),Input neff,0.17458481957513716,0.017309572596947088,0.0,6.325629024321497,86.29640161952825
NOAA,94,Target Mean (Y),GP neff [Ours],0.17458481957513716,0.01656501606963979,0.0,6.353922172359175,94.2283644338116
NOAA,94,Target Mean (Y),Block-Bootstrap,0.17458481957513716,0.027578414265039097,0.0,5.97916774136428,19.0
NOAA,94,Target Risk (L),Unweighted,0.0029929723247945393,0.00033290504542624787,0.0,0.10706850126558415,96.0
NOAA,94,Target Risk (L),Nominal n,0.003196941925245038,0.0004614915230394452,0.0,0.1103409991343026,96.0
NOAA,94,Target Risk (L),Input neff,0.003196941925245038,0.0004867466835197399,0.0,0.1093813030360514,86.29640161952825
NOAA,94,Target Risk (L),GP neff [Ours],0.003196941925245038,0.000464700998753904,0.0,0.11021903905715318,94.67852368020421
NOAA,94,Target Risk (L),Block-Bootstrap,0.003196941925245038,0.000590339297661308,0.0,0.10939825946711179,19.0
NOAA,95,Target Mean (Y),Unweighted,0.09566956315013198,0.018062544404678416,0.0,3.140405838627501,96.0
NOAA,95,Target Mean (Y),Nominal n,0.10808231056502915,0.06681077372766207,0.0,1.7844830209500067,96.0
NOAA,95,Target Mean (Y),Input neff,0.10808231056502915,0.23776869807798032,1.0,0.4755373961559606,7.579749901959588
NOAA,95,Target Mean (Y),GP neff [Ours],0.10808231056502915,0.1913336775950176,1.0,0.38266735519003525,11.705268965768347
NOAA,95,Target Mean (Y),Block-Bootstrap,0.10808231056502915,0.11856718707117392,1.0,0.23713437414234784,19.0
NOAA,95,Target Risk (L),Unweighted,5.801053524525507e-05,0.0008329406748053737,1.0,0.0016658813496107476,96.0
NOAA,95,Target Risk (L),Nominal n,0.0001406703546394045,0.0022237507973576773,1.0,0.004447501594715355,96.0
NOAA,95,Target Risk (L),Input neff,0.0001406703546394045,0.007913968098811118,1.0,0.015827936197622235,7.579749901959588
NOAA,95,Target Risk (L),GP neff [Ours],0.0001406703546394045,0.003601994505935862,1.0,0.007203989011871723,36.58957580065499
NOAA,95,Target Risk (L),Block-Bootstrap,0.0001406703546394045,0.0016313990309458782,1.0,0.0032627980618917564,19.0
NOAA,96,Target Mean (Y),Unweighted,0.10040914648346544,0.010366825780072992,0.0,3.6224264796958447,96.0
NOAA,96,Target Mean (Y),Nominal n,0.0985404532189107,0.049225205851857745,0.0,2.0710603063858333,96.0
NOAA,96,Target Mean (Y),Input neff,0.0985404532189107,0.10157471383093945,1.0,0.20314942766187882,22.546290585684403
NOAA,96,Target Mean (Y),GP neff [Ours],0.0985404532189107,0.07761020568296656,0.0,0.9924303128036964,38.619677797109
NOAA,96,Target Mean (Y),Block-Bootstrap,0.0985404532189107,0.06531052228382767,0.0,1.5366592417223175,19.0
NOAA,96,Target Risk (L),Unweighted,0.002918995393415367,0.0004450820906908265,0.0,0.09984669629036327,96.0
NOAA,96,Target Risk (L),Nominal n,0.002278958861917994,0.0014569589375893557,0.0,0.03579391484832424,96.0
NOAA,96,Target Risk (L),Input neff,0.002278958861917994,0.0030063904170241937,1.0,0.006012780834048387,22.546290585684403
NOAA,96,Target Risk (L),GP neff [Ours],0.002278958861917994,0.0016491160254552295,0.0,0.028491945509421048,74.9313285671242
NOAA,96,Target Risk (L),Block-Bootstrap,0.002278958861917994,0.0022618710953861898,1.0,0.0045237421907723795,19.0
NOAA,97,Target Mean (Y),Unweighted,0.019406542316798614,0.008932394133184206,0.0,0.436830715610943,96.0
NOAA,97,Target Mean (Y),Nominal n,0.00420116815123428,0.013121187853711535,1.0,0.02624237570742305,96.0
NOAA,97,Target Mean (Y),Input neff,0.00420116815123428,0.028751282448067947,1.0,0.05750256489613581,19.994156968380242
NOAA,97,Target Mean (Y),GP neff [Ours],0.00420116815123428,0.013272212362438264,1.0,0.026544424724876503,93.82766217668879
NOAA,97,Target Mean (Y),Block-Bootstrap,0.00420116815123428,0.02062499999998535,1.0,0.0412499999999707,19.0
NOAA,97,Target Risk (L),Unweighted,0.0015213844317429025,0.0012161383125967509,0.0,0.014642121391039566,96.0
NOAA,97,Target Risk (L),Nominal n,0.0028045494328298396,0.0017921583969296802,0.0,0.044079958229865726,96.0
NOAA,97,Target Risk (L),Input neff,0.0028045494328298396,0.00392699600343171,1.0,0.00785399200686342,19.994156968380242
NOAA,97,Target Risk (L),GP neff [Ours],0.0028045494328298396,0.0019395105934027004,0.0,0.03848057476389097,81.96712526155275
NOAA,97,Target Risk (L),Block-Bootstrap,0.0028045494328298396,0.0017482033168109699,0.0,0.04328898094059266,19.0
NOAA,98,Target Mean (Y),Unweighted,0.01204977148346531,0.018127066954322812,1.0,0.036254133908645514,96.0
NOAA,98,Target Mean (Y),Nominal n,0.01749746256988005,0.08224680996134355,1.0,0.16449361992268718,96.0
NOAA,98,Target Mean (Y),Input neff,0.01749746256988005,0.24185275870619644,1.0,0.4837055174123929,11.102154495223077
NOAA,98,Target Mean (Y),GP neff [Ours],0.01749746256988005,0.1875288540397368,1.0,0.37505770807947364,18.466013905076885
NOAA,98,Target Mean (Y),Block-Bootstrap,0.01749746256988005,0.12115213601079755,1.0,0.2423042720215951,19.0
NOAA,98,Target Risk (L),Unweighted,0.0015402134358078723,0.0008798022379116475,0.0,0.0281760523916723,96.0
NOAA,98,Target Risk (L),Nominal n,0.0022417519967940893,0.002697142261659171,1.0,0.005394284523318343,96.0
NOAA,98,Target Risk (L),Input neff,0.0022417519967940893,0.007931144039652482,1.0,0.015862288079304964,11.102154495223077
NOAA,98,Target Risk (L),GP neff [Ours],0.0022417519967940893,0.0028059395904518627,1.0,0.005611879180903726,88.69973198664532
NOAA,98,Target Risk (L),Block-Bootstrap,0.0022417519967940893,0.0018682129521256131,0.0,0.03284755633599897,19.0
NOAA,99,Target Mean (Y),Unweighted,0.18065654231679862,0.003832688270700896,0.0,7.080619538385309,96.0
NOAA,99,Target Mean (Y),Nominal n,0.16728627506625404,0.011332273433112862,0.0,6.2608246121918745,96.0
NOAA,99,Target Mean (Y),Input neff,0.16728627506625404,0.011332273433112862,0.0,6.2608246121918745,96.0
NOAA,99,Target Mean (Y),GP neff [Ours],0.16728627506625404,0.011332273433112862,0.0,6.2608246121918745,96.0
NOAA,99,Target Mean (Y),Block-Bootstrap,0.16728627506625404,0.013501754920963338,0.0,5.931127428609501,19.0
NOAA,99,Target Risk (L),Unweighted,0.002848399372897251,0.00044607999696901,0.0,0.09698493503106767,96.0
NOAA,99,Target Risk (L),Nominal n,0.003301602148975245,0.0007800819022613786,0.0,0.10242097367307743,96.0
NOAA,99,Target Risk (L),Input neff,0.003301602148975245,0.0007800819022613786,0.0,0.10242097367307743,96.0
NOAA,99,Target Risk (L),GP neff [Ours],0.003301602148975245,0.0007800819022613786,0.0,0.10242097367307743,96.0
NOAA,99,Target Risk (L),Block-Bootstrap,0.003301602148975245,0.0004462227856278195,0.0,0.12289678009432875,19.0
NOAA,100,Target Mean (Y),Unweighted,0.05745341731679865,0.01747245967138249,0.0,1.634183225159413,96.0
NOAA,100,Target Mean (Y),Nominal n,0.0396740763830179,0.0835870455839913,1.0,0.16717409116798265,96.0
NOAA,100,Target Mean (Y),Input neff,0.0396740763830179,0.20180586615803406,1.0,0.4036117323160682,16.469545366047704
NOAA,100,Target Mean (Y),GP neff [Ours],0.0396740763830179,0.13056035610957692,1.0,0.2611207122191539,39.348350521090936
NOAA,100,Target Mean (Y),Block-Bootstrap,0.0396740763830179,0.10387615598255773,1.0,0.20775231196511545,19.0
NOAA,100,Target Risk (L),Unweighted,0.0013320743948820146,0.0009722042965157243,0.0,0.016339212527683045,96.0
NOAA,100,Target Risk (L),Nominal n,0.0033826773878220502,0.0009067475936041501,0.0,0.10085068695592429,96.0
NOAA,100,Target Risk (L),Input neff,0.0033826773878220502,0.002189178744571449,0.0,0.052118303219166925,16.469545366047704
NOAA,100,Target Risk (L),GP neff [Ours],0.0033826773878220502,0.0009208246755990943,0.0,0.1003157578401164,93.087241115926
NOAA,100,Target Risk (L),Block-Bootstrap,0.0033826773878220502,0.0018881565117481148,0.0,0.02861911560149618,19.0
NOAA,101,Target Mean (Y),Unweighted,0.0908408535165347,0.020214193177354456,0.0,2.865494799921921,96.0
NOAA,101,Target Mean (Y),Nominal n,0.026253481323205707,0.09339119771525704,1.0,0.18678239543051411,96.0
NOAA,101,Target Mean (Y),Input neff,0.026253481323205707,0.3446051480962557,1.0,0.6892102961925113,7.050819566660884
NOAA,101,Target Mean (Y),GP neff [Ours],0.026253481323205707,0.27934764471192014,1.0,0.5586952894238404,10.729836278084111
NOAA,101,Target Mean (Y),Block-Bootstrap,0.026253481323205707,0.14769483157806554,1.0,0.2953896631561311,19.0
NOAA,101,Target Risk (L),Unweighted,0.001736794602874734,0.0007595841528158486,0.0,0.0406075863079871,96.0
NOAA,101,Target Risk (L),Nominal n,0.0007446044124595694,0.00325949979194622,1.0,0.006518999583892441,96.0
NOAA,101,Target Risk (L),Input neff,0.0007446044124595694,0.012027262054696203,1.0,0.024054524109392406,7.050819566660884
NOAA,101,Target Risk (L),GP neff [Ours],0.0007446044124595694,0.0035067006591208145,1.0,0.007013401318241628,82.94223967849783
NOAA,101,Target Risk (L),Block-Bootstrap,0.0007446044124595694,0.0028519014698246293,1.0,0.005703802939649259,19.0
NOAA,102,Target Mean (Y),Unweighted,0.18309143815013196,0.004638410765485055,0.0,7.1473979169168445,96.0
NOAA,102,Target Mean (Y),Nominal n,0.1587207420678205,0.016963428460383245,0.0,5.704219401218257,96.0
NOAA,102,Target Mean (Y),Input neff,0.1587207420678205,0.016963428460383245,0.0,5.704219401218257,96.0
NOAA,102,Target Mean (Y),GP neff [Ours],0.1587207420678205,0.016963428460383245,0.0,5.704219401218257,96.0
NOAA,102,Target Mean (Y),Block-Bootstrap,0.1587207420678205,0.021763547405487083,0.0,5.767140650609389,19.0
NOAA,102,Target Risk (L),Unweighted,0.001660078196582,0.0006495000875304324,0.0,0.04172212453712357,96.0
NOAA,102,Target Risk (L),Nominal n,0.0028850392585115497,0.0009444954328483549,0.0,0.07951074389222448,96.0
NOAA,102,Target Risk (L),Input neff,0.0028850392585115497,0.0009444954328483549,0.0,0.07951074389222448,96.0
NOAA,102,Target Risk (L),GP neff [Ours],0.0028850392585115497,0.0009444954328483549,0.0,0.07951074389222448,96.0
NOAA,102,Target Risk (L),Block-Bootstrap,0.0028850392585115497,0.0011030257343797316,0.0,0.0722731009847965,19.0
NOAA,103,Target Mean (Y),Unweighted,0.060747688150131984,0.014871200605355257,0.0,1.8648019030017782,96.0
NOAA,103,Target Mean (Y),Nominal n,0.012968839458201042,0.09659403789884033,1.0,0.19318807579768071,96.0
NOAA,103,Target Mean (Y),Input neff,0.012968839458201042,0.16057908342271926,1.0,0.32115816684543846,34.73712936787344
NOAA,103,Target Mean (Y),GP neff [Ours],0.012968839458201042,0.11271871230085898,1.0,0.2254374246017179,70.49849371510021
NOAA,103,Target Mean (Y),Block-Bootstrap,0.012968839458201042,0.1181973396220879,1.0,0.2363946792441758,19.0
NOAA,103,Target Risk (L),Unweighted,0.0024133148746933153,0.0005340995527030142,0.0,0.07623681198501807,96.0
NOAA,103,Target Risk (L),Nominal n,0.0018950687027743376,0.0015554279724480575,0.0,0.016696485157947312,96.0
NOAA,103,Target Risk (L),Input neff,0.0018950687027743376,0.0025857620571503857,1.0,0.0051715241143007705,34.73712936787344
NOAA,103,Target Risk (L),GP neff [Ours],0.0018950687027743376,0.0016357622796795816,0.0,0.013643781483149412,86.80218639817058
NOAA,103,Target Risk (L),Block-Bootstrap,0.0018950687027743376,0.0018914732811755655,1.0,0.003782946562351131,19.0
NOAA,104,Target Mean (Y),Unweighted,0.037234082683201386,0.01772288676407088,0.0,0.8158936102933629,96.0
NOAA,104,Target Mean (Y),Nominal n,0.03561110702872616,0.09034130938597101,1.0,0.18068261877194208,96.0
NOAA,104,Target Mean (Y),Input neff,0.03561110702872616,0.2342336446592115,1.0,0.46846728931842296,14.280566719365916
NOAA,104,Target Mean (Y),GP neff [Ours],0.03561110702872616,0.1620637981605174,1.0,0.3241275963210348,29.831285525122002
NOAA,104,Target Mean (Y),Block-Bootstrap,0.03561110702872616,0.11973690995830963,1.0,0.23947381991661926,19.0
NOAA,104,Target Risk (L),Unweighted,0.0008906688534506707,0.0008799049554145019,0.0,0.0021903658322757415,96.0
NOAA,104,Target Risk (L),Nominal n,0.0017843507519158608,0.002423264729567408,1.0,0.004846529459134816,96.0
NOAA,104,Target Risk (L),Input neff,0.0017843507519158608,0.006282952211326216,1.0,0.01256590442265243,14.280566719365916
NOAA,104,Target Risk (L),GP neff [Ours],0.0017843507519158608,0.0029653359831116957,1.0,0.005930671966223391,64.10990602972215
NOAA,104,Target Risk (L),Block-Bootstrap,0.0017843507519158608,0.0024430312930928152,1.0,0.0048860625861856305,19.0
NOAA,105,Target Mean (Y),Unweighted,0.23581279231679864,0.012306940029365504,0.0,8.964847971556056,96.0
NOAA,105,Target Mean (Y),Nominal n,0.18518876672948814,0.05972841436532226,0.0,5.137870923297279,96.0
NOAA,105,Target Mean (Y),Input neff,0.18518876672948814,0.23847485518421332,1.0,0.4769497103684267,6.02210074429985
NOAA,105,Target Mean (Y),GP neff [Ours],0.18518876672948814,0.20993684529135864,1.0,0.4198736905827174,7.770623559001902
NOAA,105,Target Mean (Y),Block-Bootstrap,0.18518876672948814,0.08797139016488298,0.0,4.926643314561968,19.0
NOAA,105,Target Risk (L),Unweighted,0.003059868297983168,0.0003177827550547743,0.0,0.11031898722724527,96.0
NOAA,105,Target Risk (L),Nominal n,0.003194692461685241,0.0010251947610550789,0.0,0.08883029754731663,96.0
NOAA,105,Target Risk (L),Input neff,0.003194692461685241,0.004093247322503319,1.0,0.008186494645006637,6.02210074429985
NOAA,105,Target Risk (L),GP neff [Ours],0.003194692461685241,0.001619995601900954,0.0,0.06622786559517337,38.44645651281971
NOAA,105,Target Risk (L),Block-Bootstrap,0.003194692461685241,0.0011367516793626378,0.0,0.0775252649786221,19.0
NOAA,106,Target Mean (Y),Unweighted,0.0885081048167986,0.010315621921896327,0.0,3.1483305596398856,96.0
NOAA,106,Target Mean (Y),Nominal n,0.07397257067336693,0.02117462430115884,0.0,2.154267103490643,96.0
NOAA,106,Target Mean (Y),Input neff,0.07397257067336693,0.025123703901340153,0.0,2.004202078683753,68.19229821216744
NOAA,106,Target Mean (Y),GP neff [Ours],0.07397257067336693,0.023178422496688285,0.0,2.078122772060521,80.11888747002817
NOAA,106,Target Mean (Y),Block-Bootstrap,0.07397257067336693,0.07025999535289262,0.0,1.1485862218063358,19.0
NOAA,106,Target Risk (L),Unweighted,0.0023184392602416714,0.0005513484871917166,0.0,0.07178632789638162,96.0
NOAA,106,Target Risk (L),Nominal n,0.002455759640835714,0.0014869056524230717,0.0,0.041727970841351825,96.0
NOAA,106,Target Risk (L),Input neff,0.002455759640835714,0.0017642144110515247,0.0,0.031190238013470612,68.19229821216744
NOAA,106,Target Risk (L),GP neff [Ours],0.002455759640835714,0.0015095644727007981,0.0,0.040866935670798236,93.1396765447068
NOAA,106,Target Risk (L),Block-Bootstrap,0.002455759640835714,0.001187000243139774,0.0,0.06417416294742391,19.0
NOAA,107,Target Mean (Y),Unweighted,0.04554137434986816,0.023548578697225556,0.0,0.9268089835001536,96.0
NOAA,107,Target Mean (Y),Nominal n,0.005698666828218957,0.07322520389501413,1.0,0.14645040779002838,96.0
NOAA,107,Target Mean (Y),Input neff,0.005698666828218957,0.22918869650998044,1.0,0.45837739301996083,9.799547517551648
NOAA,107,Target Mean (Y),GP neff [Ours],0.005698666828218957,0.17962171479453912,1.0,0.3592434295890783,15.954189126585355
NOAA,107,Target Mean (Y),Block-Bootstrap,0.005698666828218957,0.08645163122102817,1.0,0.17290326244205634,19.0
NOAA,107,Target Risk (L),Unweighted,0.001700379691570731,0.0007003067897007159,0.0,0.04140352965420204,96.0
NOAA,107,Target Risk (L),Nominal n,0.002699635738831872,0.0018623899037991931,0.0,0.03721461320890554,96.0
NOAA,107,Target Risk (L),Input neff,0.002699635738831872,0.005829122921351785,1.0,0.01165824584270357,9.799547517551648
NOAA,107,Target Risk (L),GP neff [Ours],0.002699635738831872,0.0019385470899651578,0.0,0.03432064013459887,88.60530811491923
NOAA,107,Target Risk (L),Block-Bootstrap,0.002699635738831872,0.0017139192104785343,0.0,0.029210151845822985,19.0
NOAA,108,Target Mean (Y),Unweighted,0.11995341731679854,0.016539345348465483,0.0,4.169641569430254,96.0
NOAA,108,Target Mean (Y),Nominal n,0.098336958848813,0.056386511232169825,0.0,1.7907909271300648,96.0
NOAA,108,Target Mean (Y),Input neff,0.098336958848813,0.14223064158192503,1.0,0.28446128316385,15.088127454610547
NOAA,108,Target Mean (Y),GP neff [Ours],0.098336958848813,0.09189954645432889,0.0,0.44129558868802343,36.140565693795445
NOAA,108,Target Mean (Y),Block-Bootstrap,0.098336958848813,0.10532685220402604,1.0,0.2106537044080521,19.0
NOAA,108,Target Risk (L),Unweighted,0.0005678718248733859,0.0012343982429638021,1.0,0.0024687964859276042,96.0
NOAA,108,Target Risk (L),Nominal n,0.0002501798170545643,0.0050622482784602124,1.0,0.010124496556920425,96.0
NOAA,108,Target Risk (L),Input neff,0.0002501798170545643,0.012769132275763333,1.0,0.025538264551526666,15.088127454610547
NOAA,108,Target Risk (L),GP neff [Ours],0.0002501798170545643,0.007778039823981226,1.0,0.015556079647962451,40.664720432939355
NOAA,108,Target Risk (L),Block-Bootstrap,0.0002501798170545643,0.003470460104020624,1.0,0.006940920208041248,19.0
NOAA,109,Target Mean (Y),Unweighted,0.057663770183201346,0.017511762430413025,0.0,1.641103834972361,96.0
NOAA,109,Target Mean (Y),Nominal n,0.040093215318557585,0.0832726474038577,1.0,0.16654529480771535,96.0
NOAA,109,Target Mean (Y),Input neff,0.040093215318557585,0.2234446733422467,1.0,0.4468893466844934,13.333248238152589
NOAA,109,Target Mean (Y),GP neff [Ours],0.040093215318557585,0.14603020161787122,1.0,0.2920604032357424,31.21695995875394
NOAA,109,Target Mean (Y),Block-Bootstrap,0.040093215318557585,0.10434241034856995,1.0,0.2086848206971399,19.0
NOAA,109,Target Risk (L),Unweighted,0.00037542041891907435,0.0009602833225622587,1.0,0.001920566645124517,96.0
NOAA,109,Target Risk (L),Nominal n,0.0013934372852480769,0.002883028875599044,1.0,0.005766057751198088,96.0
NOAA,109,Target Risk (L),Input neff,0.0013934372852480769,0.007736002942481807,1.0,0.015472005884963613,13.333248238152589
NOAA,109,Target Risk (L),GP neff [Ours],0.0013934372852480769,0.003915680745932231,1.0,0.007831361491864464,52.04208242674883
NOAA,109,Target Risk (L),Block-Bootstrap,0.0013934372852480769,0.0029951500850909185,1.0,0.005990300170181837,19.0
NOAA,110,Target Mean (Y),Unweighted,0.005215853516534641,0.024377300206357495,1.0,0.048754600412715066,96.0
NOAA,110,Target Mean (Y),Nominal n,0.0052048781392534105,0.10833213925279746,1.0,0.21666427850559494,96.0
NOAA,110,Target Mean (Y),Input neff,0.0052048781392534105,0.33947522883385073,1.0,0.6789504576677015,9.776191321556633
NOAA,110,Target Mean (Y),GP neff [Ours],0.0052048781392534105,0.25855883677920033,1.0,0.5171176735584007,16.85260730696401
NOAA,110,Target Mean (Y),Block-Bootstrap,0.0052048781392534105,0.15382728854074687,1.0,0.30765457708149374,19.0
NOAA,110,Target Risk (L),Unweighted,0.0019990827631925197,0.0006599471727301987,0.0,0.05488531796395324,96.0
NOAA,110,Target Risk (L),Nominal n,0.0024914300795426322,0.0012398190092546666,0.0,0.05254408083002796,96.0
NOAA,110,Target Risk (L),Input neff,0.0024914300795426322,0.003885161363767838,1.0,0.0077703227275356754,9.776191321556633
NOAA,110,Target Risk (L),GP neff [Ours],0.0024914300795426322,0.0018684726387091547,0.0,0.02865524291075742,42.26825603884502
NOAA,110,Target Risk (L),Block-Bootstrap,0.0024914300795426322,0.0013398156692629494,0.0,0.07202454604529222,19.0
NOAA,111,Target Mean (Y),Unweighted,0.07209085351653477,0.02519570618572475,0.0,1.9261973056038502,96.0
NOAA,111,Target Mean (Y),Nominal n,0.03619255039211755,0.07537993110417568,1.0,0.15075986220835141,96.0
NOAA,111,Target Mean (Y),Input neff,0.03619255039211755,0.24663675839069818,1.0,0.4932735167813964,8.967411472718528
NOAA,111,Target Mean (Y),GP neff [Ours],0.03619255039211755,0.20346255236113137,1.0,0.4069251047222628,13.176914527479875
NOAA,111,Target Mean (Y),Block-Bootstrap,0.03619255039211755,0.11059311869525709,1.0,0.22118623739051418,19.0
NOAA,111,Target Risk (L),Unweighted,0.0007823289904172006,0.0010964136410671998,1.0,0.0021928272821343997,96.0
NOAA,111,Target Risk (L),Nominal n,0.0035946170243563265,0.0012739720663949372,0.0,0.09537374245124544,96.0
NOAA,111,Target Risk (L),Input neff,0.0035946170243563265,0.004168328839432184,1.0,0.008336657678864368,8.967411472718528
NOAA,111,Target Risk (L),GP neff [Ours],0.0035946170243563265,0.0013345220598685135,0.0,0.09307284269924954,87.48619532018452
NOAA,111,Target Risk (L),Block-Bootstrap,0.0035946170243563265,0.0016507720925200032,0.0,0.050468729271064335,19.0
NOAA,112,Target Mean (Y),Unweighted,0.16443258398346516,0.00959842471979095,0.0,6.212563219986548,96.0
NOAA,112,Target Mean (Y),Nominal n,0.14172340672560102,0.052269449463943685,0.0,3.6826971893941787,96.0
NOAA,112,Target Mean (Y),Input neff,0.14172340672560102,0.09044386335903905,0.0,2.232069461380555,32.06334841868353
NOAA,112,Target Mean (Y),GP neff [Ours],0.14172340672560102,0.06117440793044256,0.0,3.344308767667222,70.08539658591828
NOAA,112,Target Mean (Y),Block-Bootstrap,0.14172340672560102,0.07962255203503354,0.0,3.1933808784307893,19.0
NOAA,112,Target Risk (L),Unweighted,0.003384178014750312,0.0003665150924488057,0.0,0.12143954707695787,96.0
NOAA,112,Target Risk (L),Nominal n,0.003186584981820713,0.0009546263051345748,0.0,0.09118759967771468,96.0
NOAA,112,Target Risk (L),Input neff,0.003186584981820713,0.0016518270612376471,0.0,0.06469397094579793,32.06334841868353
NOAA,112,Target Risk (L),GP neff [Ours],0.003186584981820713,0.0009889424252904073,0.0,0.08988358711179305,89.45322674893181
NOAA,112,Target Risk (L),Block-Bootstrap,0.003186584981820713,0.0011216768318473714,0.0,0.08481988355063043,19.0
NOAA,113,Target Mean (Y),Unweighted,0.07977112565013189,0.01833999845816813,0.0,2.4939250845948866,96.0
NOAA,113,Target Mean (Y),Nominal n,0.014327213774850911,0.08294373295945473,1.0,0.16588746591890935,96.0
NOAA,113,Target Mean (Y),Input neff,0.014327213774850911,0.15823579520628006,1.0,0.3164715904125601,26.37721381662223
NOAA,113,Target Mean (Y),GP neff [Ours],0.014327213774850911,0.11066766182981509,1.0,0.22133532365963027,53.925840018556556
NOAA,113,Target Mean (Y),Block-Bootstrap,0.014327213774850911,0.09598973866342658,1.0,0.19197947732685317,19.0
NOAA,113,Target Risk (L),Unweighted,0.0023736667445493445,0.0005782831523813693,0.0,0.07297190999148175,96.0
NOAA,113,Target Risk (L),Nominal n,0.0028469770562462708,0.0013688043729810663,0.0,0.06186451607657032,96.0
NOAA,113,Target Risk (L),Input neff,0.0028469770562462708,0.0026113347050146624,0.0,0.01464836345929366,26.37721381662223
NOAA,113,Target Risk (L),GP neff [Ours],0.0028469770562462708,0.0014454262735913064,0.0,0.05895288385338119,86.09186415435913
NOAA,113,Target Risk (L),Block-Bootstrap,0.0028469770562462708,0.0005854202085907307,0.0,0.10692283027074717,19.0
NOAA,114,Target Mean (Y),Unweighted,0.01578675065013202,0.02142617941683253,1.0,0.042852358833665116,96.0
NOAA,114,Target Mean (Y),Nominal n,0.04407195702787703,0.11462336724889464,1.0,0.22924673449778932,96.0
NOAA,114,Target Mean (Y),Input neff,0.04407195702787703,0.3157091050026556,1.0,0.6314182100053112,12.654452027537177
NOAA,114,Target Mean (Y),GP neff [Ours],0.04407195702787703,0.23288721356728298,1.0,0.4657744271345659,23.2555314367603
NOAA,114,Target Mean (Y),Block-Bootstrap,0.04407195702787703,0.1497543040783165,1.0,0.299508608156633,19.0
NOAA,114,Target Risk (L),Unweighted,0.0003333707072717077,0.0013750732044664309,1.0,0.0027501464089328617,96.0
NOAA,114,Target Risk (L),Nominal n,0.0013264038232682599,0.0022943352660519754,1.0,0.004588670532103951,96.0
NOAA,114,Target Risk (L),Input neff,0.0013264038232682599,0.0063193269470827205,1.0,0.012638653894165441,12.654452027537177
NOAA,114,Target Risk (L),GP neff [Ours],0.0013264038232682599,0.003853213865323469,1.0,0.007706427730646938,34.03601964485115
NOAA,114,Target Risk (L),Block-Bootstrap,0.0013264038232682599,0.0025439983446668875,1.0,0.005087996689333775,19.0
NOAA,115,Target Mean (Y),Unweighted,0.054640917316798654,0.01193820341272379,0.0,1.7319849629884425,96.0
NOAA,115,Target Mean (Y),Nominal n,0.021794139210152497,0.043347923665033615,1.0,0.08669584733006719,96.0
NOAA,115,Target Mean (Y),Input neff,0.021794139210152497,0.08151550132603157,1.0,0.16303100265206316,27.14734893968214
NOAA,115,Target Mean (Y),GP neff [Ours],0.021794139210152497,0.052177917663995495,1.0,0.10435583532799098,66.25739341588557
NOAA,115,Target Mean (Y),Block-Bootstrap,0.021794139210152497,0.059561769306582635,1.0,0.11912353861316527,19.0
NOAA,115,Target Risk (L),Unweighted,5.788853167702952e-05,0.0009538569024755772,1.0,0.0019077138049511545,96.0
NOAA,115,Target Risk (L),Nominal n,0.0046368485004781015,0.004464885455751225,0.0,0.01580829270057751,96.0
NOAA,115,Target Risk (L),Input neff,0.0046368485004781015,0.008396189379249379,1.0,0.01679237875849876,27.14734893968214
NOAA,115,Target Risk (L),GP neff [Ours],0.0046368485004781015,0.00449745072733921,0.0,0.01457081238023409,94.61479407678034
NOAA,115,Target Risk (L),Block-Bootstrap,0.0046368485004781015,0.0048137724252047135,1.0,0.009627544850409427,19.0
NOAA,116,Target Mean (Y),Unweighted,0.06703877018320126,0.03020896042528181,0.0,1.5336103111673434,96.0
NOAA,116,Target Mean (Y),Nominal n,0.017292042182206924,0.13525507849170917,1.0,0.2705101569834183,96.0
NOAA,116,Target Mean (Y),Input neff,0.017292042182206924,0.5036851968528546,1.0,1.0073703937057092,6.922453067595013
NOAA,116,Target Mean (Y),GP neff [Ours],0.017292042182206924,0.4312722650001804,1.0,0.8625445300003607,9.442246526602277
NOAA,116,Target Mean (Y),Block-Bootstrap,0.017292042182206924,0.17339193040689155,1.0,0.3467838608137831,19.0
NOAA,116,Target Risk (L),Unweighted,0.0012380935236938175,0.0007787502188942669,0.0,0.019931232629770545,96.0
NOAA,116,Target Risk (L),Nominal n,0.0016411122218844506,0.0015322535165692608,0.0,0.007418855245746114,96.0
NOAA,116,Target Risk (L),Input neff,0.0016411122218844506,0.0057060586761551796,1.0,0.011412117352310359,6.922453067595013
NOAA,116,Target Risk (L),GP neff [Ours],0.0016411122218844506,0.002323302462411356,1.0,0.004646604924822712,41.75620115609158
NOAA,116,Target Risk (L),Block-Bootstrap,0.0016411122218844506,0.0018538529160445493,1.0,0.0037077058320890985,19.0
NOAA,117,Target Mean (Y),Unweighted,0.2654872714834654,0.008073343392089172,0.0,10.312703810439228,96.0
NOAA,117,Target Mean (Y),Nominal n,0.20185445898346943,0.02073466526609234,0.0,7.286261079227268,96.0
NOAA,117,Target Mean (Y),Input neff,0.20185445898346943,0.047435442073606206,0.0,6.271631560541743,18.34253623407269
NOAA,117,Target Mean (Y),GP neff [Ours],0.20185445898346943,0.03931855788160338,0.0,6.580073159837851,26.697471364223787
NOAA,117,Target Mean (Y),Block-Bootstrap,0.20185445898346943,0.03087683823529075,0.0,7.665619535809369,19.0
NOAA,117,Target Risk (L),Unweighted,0.0029389291002568946,0.00033296321476103006,0.0,0.10490456184935666,96.0
NOAA,117,Target Risk (L),Nominal n,0.003571736364229292,0.0010077241327256538,0.0,0.10457593752559684,96.0
NOAA,117,Target Risk (L),Input neff,0.003571736364229292,0.002305406868672906,0.0,0.05526399355960125,18.34253623407269
NOAA,117,Target Risk (L),GP neff [Ours],0.003571736364229292,0.0010345160028543178,0.0,0.10355784646070762,91.09197639110509
NOAA,117,Target Risk (L),Block-Bootstrap,0.003571736364229292,0.0014463759598275856,0.0,0.06631519865094024,19.0
NOAA,118,Target Mean (Y),Unweighted,0.10738831315013198,0.010171775769024876,0.0,3.909005046782335,96.0
NOAA,118,Target Mean (Y),Nominal n,0.09024592053726677,0.04805556359614521,0.0,1.7837254048371505,96.0
NOAA,118,Target Mean (Y),Input neff,0.09024592053726677,0.05903296594509987,0.0,1.3665841155768752,63.61644198935061
NOAA,118,Target Mean (Y),GP neff [Ours],0.09024592053726677,0.05017453171421961,0.0,1.703204616350326,88.0626859300543
NOAA,118,Target Mean (Y),Block-Bootstrap,0.09024592053726677,0.05734463223192471,0.0,1.0261802786029568,19.0
NOAA,118,Target Risk (L),Unweighted,0.002748015155465331,0.00045888227294403866,0.0,0.09248307984673979,96.0
NOAA,118,Target Risk (L),Nominal n,0.0019288502881081018,0.0017958718515060494,0.0,0.008910881167094212,96.0
NOAA,118,Target Risk (L),Input neff,0.0019288502881081018,0.002206105472878568,1.0,0.0044122109457571355,63.61644198935061
NOAA,118,Target Risk (L),GP neff [Ours],0.0019288502881081018,0.0018390478121324107,0.0,0.007270194663292465,91.54526352166263
NOAA,118,Target Risk (L),Block-Bootstrap,0.0019288502881081018,0.002262818486080833,1.0,0.004525636972161666,19.0
NOAA,119,Target Mean (Y),Unweighted,0.047661750650132007,0.01496428869201606,0.0,1.3378270557086704,96.0
NOAA,119,Target Mean (Y),Nominal n,0.030266713861894612,0.06702592759661709,1.0,0.13405185519323415,96.0
NOAA,119,Target Mean (Y),Input neff,0.030266713861894612,0.22617959567484286,1.0,0.4523591913496858,8.430436322783038
NOAA,119,Target Mean (Y),GP neff [Ours],0.030266713861894612,0.1909708523637041,1.0,0.38194170472740824,11.825587507961691
NOAA,119,Target Mean (Y),Block-Bootstrap,0.030266713861894612,0.09640980124812876,1.0,0.19281960249625751,19.0
NOAA,119,Target Risk (L),Unweighted,0.0027528259773414807,0.0005098853371730144,0.0,0.09073739628108468,96.0
NOAA,119,Target Risk (L),Nominal n,0.0034965014616711557,0.0005940724295509127,0.0,0.11728530614391153,96.0
NOAA,119,Target Risk (L),Input neff,0.0034965014616711557,0.0020047027581036976,0.0,0.06368135365890572,8.430436322783038
NOAA,119,Target Risk (L),GP neff [Ours],0.0034965014616711557,0.0012422511816539826,0.0,0.09265451356399487,21.954886239337526
NOAA,119,Target Risk (L),Block-Bootstrap,0.0034965014616711557,0.0006385204368266401,0.0,0.12114769253994252,19.0
NOAA,120,Target Mean (Y),Unweighted,0.10119039648346528,0.008368677380684099,0.0,3.729606118872614,96.0
NOAA,120,Target Mean (Y),Nominal n,0.07060450390850515,0.04907169045827446,0.0,0.9594559189257779,96.0
NOAA,120,Target Mean (Y),Input neff,0.07060450390850515,0.08214619479695352,1.0,0.16429238959390702,34.257713255670154
NOAA,120,Target Mean (Y),GP neff [Ours],0.07060450390850515,0.06208884245298919,0.0,0.464804143126617,59.96614698339195
NOAA,120,Target Mean (Y),Block-Bootstrap,0.07060450390850515,0.06791494829007572,0.0,0.2167509296914012,19.0
NOAA,120,Target Risk (L),Unweighted,0.002591937625285347,0.0004073940845806005,0.0,0.08819652979735104,96.0
NOAA,120,Target Risk (L),Nominal n,0.0037849378842670636,0.0003797560164427883,0.0,0.13696678674585658,96.0
NOAA,120,Target Risk (L),Input neff,0.0037849378842670636,0.0006357130029696009,0.0,0.12724042125783772,34.257713255670154
NOAA,120,Target Risk (L),GP neff [Ours],0.0037849378842670636,0.0003977590275651934,0.0,0.13628267232320518,87.50653124868613
NOAA,120,Target Risk (L),Block-Bootstrap,0.0037849378842670636,0.00045188093940773703,0.0,0.12707117920140718,19.0
NOAA,121,Target Mean (Y),Unweighted,0.039367479816798556,0.014369284841519604,0.0,1.028666368694199,96.0
NOAA,121,Target Mean (Y),Nominal n,0.030985458184788373,0.04274488716390416,1.0,0.08548977432780824,96.0
NOAA,121,Target Mean (Y),Input neff,0.030985458184788373,0.08386300370870979,1.0,0.1677260074174196,24.94013248652169
NOAA,121,Target Mean (Y),GP neff [Ours],0.030985458184788373,0.05762019141078062,1.0,0.11524038282156113,52.83116525982704
NOAA,121,Target Mean (Y),Block-Bootstrap,0.030985458184788373,0.05662321632410178,1.0,0.11324643264820355,19.0
NOAA,121,Target Risk (L),Unweighted,0.0011782320472681273,0.0008098008796889792,0.0,0.01635684846254389,96.0
NOAA,121,Target Risk (L),Nominal n,0.0014913357694717748,0.003303084064679898,1.0,0.006606168129359796,96.0
NOAA,121,Target Risk (L),Input neff,0.0014913357694717748,0.006480460460785779,1.0,0.012960920921571558,24.94013248652169
NOAA,121,Target Risk (L),GP neff [Ours],0.0014913357694717748,0.0033350240510777937,1.0,0.006670048102155587,94.1699947277599
NOAA,121,Target Risk (L),Block-Bootstrap,0.0014913357694717748,0.0022755779525396227,1.0,0.004551155905079245,19.0
NOAA,122,Target Mean (Y),Unweighted,0.13921122981679868,0.008830315478256759,0.0,5.23289720449819,96.0
NOAA,122,Target Mean (Y),Nominal n,0.11460332989165378,0.03346851666315681,0.0,3.3123295624661946,96.0
NOAA,122,Target Mean (Y),Input neff,0.11460332989165378,0.0918375493790855,0.0,1.0943063192609022,12.74980638374013
NOAA,122,Target Mean (Y),GP neff [Ours],0.11460332989165378,0.0545242540556247,0.0,2.512211541552414,36.17134825292685
NOAA,122,Target Mean (Y),Block-Bootstrap,0.11460332989165378,0.05501129925803544,0.0,2.557670444563811,19.0
NOAA,122,Target Risk (L),Unweighted,0.003250369450784053,0.0003302305628140419,0.0,0.11746601664442852,96.0
NOAA,122,Target Risk (L),Nominal n,0.0038534022910668812,0.0005946472208250677,0.0,0.1315394972513227,96.0
NOAA,122,Target Risk (L),Input neff,0.0038534022910668812,0.0016317109017793888,0.0,0.09213107737505848,12.74980638374013
NOAA,122,Target Risk (L),GP neff [Ours],0.0038534022910668812,0.000608972143244433,0.0,0.1309951501993868,91.53668206235467
NOAA,122,Target Risk (L),Block-Bootstrap,0.0038534022910668812,0.000492797907419988,0.0,0.13119094102031914,19.0
NOAA,123,Target Mean (Y),Unweighted,0.09776591731679851,0.00977283772748186,0.0,3.539268859027631,96.0
NOAA,123,Target Mean (Y),Nominal n,0.05479371865887428,0.041466869816913304,0.0,0.6160076933122667,96.0
NOAA,123,Target Mean (Y),Input neff,0.05479371865887428,0.07640183672027907,1.0,0.15280367344055823,28.279136299091892
NOAA,123,Target Mean (Y),GP neff [Ours],0.05479371865887428,0.05492984805634883,1.0,0.10985969611269764,54.70876917281825
NOAA,123,Target Mean (Y),Block-Bootstrap,0.05479371865887428,0.08375916126117244,1.0,0.1675183225223449,19.0
NOAA,123,Target Risk (L),Unweighted,0.0022396635820593207,0.0005846759890773627,0.0,0.06736885569743305,96.0
NOAA,123,Target Risk (L),Nominal n,0.0021357899121468476,0.0018932102611442917,0.0,0.013489606562390833,96.0
NOAA,123,Target Risk (L),Input neff,0.0021357899121468476,0.003488200143578382,1.0,0.006976400287156764,28.279136299091892
NOAA,123,Target Risk (L),GP neff [Ours],0.0021357899121468476,0.0019099989980252787,0.0,0.012851634560913327,94.31975272921554
NOAA,123,Target Risk (L),Block-Bootstrap,0.0021357899121468476,0.0022765615595469035,1.0,0.004553123119093807,19.0
NOAA,124,Target Mean (Y),Unweighted,0.08283304101653466,0.028547497152215818,0.0,2.228516748877185,96.0
NOAA,124,Target Mean (Y),Nominal n,0.04325521511803232,0.1232646171677922,1.0,0.24652923433558444,96.0
NOAA,124,Target Mean (Y),Input neff,0.04325521511803232,0.4061850945029389,1.0,0.8123701890058777,8.84097435442889
NOAA,124,Target Mean (Y),GP neff [Ours],0.04325521511803232,0.34419756841495663,1.0,0.6883951368299133,12.312110359549932
NOAA,124,Target Mean (Y),Block-Bootstrap,0.04325521511803232,0.18051178588841463,1.0,0.36102357177682926,19.0
NOAA,124,Target Risk (L),Unweighted,0.0010373080506422753,0.0009855422423656495,0.0,0.004041716815796331,96.0
NOAA,124,Target Risk (L),Nominal n,0.0016240788720634754,0.005044931615914652,1.0,0.010089863231829303,96.0
NOAA,124,Target Risk (L),Input neff,0.0016240788720634754,0.01662420305400167,1.0,0.03324840610800334,8.84097435442889
NOAA,124,Target Risk (L),GP neff [Ours],0.0016240788720634754,0.0052874358802171674,1.0,0.010574871760434337,87.39600340601194
NOAA,124,Target Risk (L),Block-Bootstrap,0.0016240788720634754,0.002448991722891271,1.0,0.004897983445782542,19.0
NOAA,125,Target Mean (Y),Unweighted,0.19697164648346532,0.008090989275492852,0.0,7.5714082668698826,96.0
NOAA,125,Target Mean (Y),Nominal n,0.17143965292557106,0.017790423172245128,0.0,6.181550036477528,96.0
NOAA,125,Target Mean (Y),Input neff,0.17143965292557106,0.03312657781669453,0.0,5.598776159988452,27.687939954389297
NOAA,125,Target Mean (Y),GP neff [Ours],0.17143965292557106,0.020709248872970525,0.0,6.070634659849961,70.8459609856207
NOAA,125,Target Mean (Y),Block-Bootstrap,0.17143965292557106,0.023118357329926342,0.0,5.7213398687441215,19.0
NOAA,125,Target Risk (L),Unweighted,0.0033164428807751145,0.0003692675789108571,0.0,0.118625547232392,96.0
NOAA,125,Target Risk (L),Nominal n,0.00342020793160913,0.0010272037084599012,0.0,0.09777457634288894,96.0
NOAA,125,Target Risk (L),Input neff,0.00342020793160913,0.001912700066346981,0.0,0.0641257147431799,27.687939954389297
NOAA,125,Target Risk (L),GP neff [Ours],0.00342020793160913,0.001141670560796883,0.0,0.09342483595408364,77.71463031328184
NOAA,125,Target Risk (L),Block-Bootstrap,0.00342020793160913,0.0008641642833768006,0.0,0.10303033835393406,19.0
NOAA,126,Target Mean (Y),Unweighted,0.019185188150131927,0.018399608141433748,0.0,0.06822241663079609,96.0
NOAA,126,Target Mean (Y),Nominal n,0.06057234758761143,0.10632984357163414,1.0,0.21265968714326822,96.0
NOAA,126,Target Mean (Y),Input neff,0.06057234758761143,0.2841842607143905,1.0,0.568368521428781,13.439451379072358
NOAA,126,Target Mean (Y),GP neff [Ours],0.06057234758761143,0.17738464484738403,1.0,0.35476928969476806,34.494474836571776
NOAA,126,Target Mean (Y),Block-Bootstrap,0.06057234758761143,0.14244923622575706,1.0,0.2848984724515141,19.0
NOAA,126,Target Risk (L),Unweighted,2.8813822118190294e-05,0.001076022524902132,1.0,0.0021520450498042644,96.0
NOAA,126,Target Risk (L),Nominal n,0.0013324371676429253,0.002113901435669697,1.0,0.004227802871339394,96.0
NOAA,126,Target Risk (L),Input neff,0.0013324371676429253,0.005649754542469219,1.0,0.011299509084938437,13.439451379072358
NOAA,126,Target Risk (L),GP neff [Ours],0.0013324371676429253,0.0021680383916489825,1.0,0.004336076783297966,91.26552651421311
NOAA,126,Target Risk (L),Block-Bootstrap,0.0013324371676429253,0.002970135477185586,1.0,0.005940270954371172,19.0
NOAA,127,Target Mean (Y),Unweighted,0.04320862565013195,0.01842355955286659,0.0,1.0282497629963485,96.0
NOAA,127,Target Mean (Y),Nominal n,0.040971118066611245,0.09048520382445234,1.0,0.1809704076489047,96.0
NOAA,127,Target Mean (Y),Input neff,0.040971118066611245,0.2652088769084914,1.0,0.5304177538169828,11.175070154944502
NOAA,127,Target Mean (Y),GP neff [Ours],0.040971118066611245,0.19700118047039678,1.0,0.3940023609407936,20.2529697461447
NOAA,127,Target Mean (Y),Block-Bootstrap,0.040971118066611245,0.10224273909216613,1.0,0.20448547818433227,19.0
NOAA,127,Target Risk (L),Unweighted,0.002180919108602874,0.0005353588653594886,0.0,0.0668931274604544,96.0
NOAA,127,Target Risk (L),Nominal n,0.0018350093122903822,0.003220061671425305,1.0,0.00644012334285061,96.0
NOAA,127,Target Risk (L),Input neff,0.0018350093122903822,0.009437884906703458,1.0,0.018875769813406915,11.175070154944502
NOAA,127,Target Risk (L),GP neff [Ours],0.0018350093122903822,0.0033321205953197198,1.0,0.0066642411906394396,89.65163002663982
NOAA,127,Target Risk (L),Block-Bootstrap,0.0018350093122903822,0.0017402522589244857,0.0,0.01984970755272254,19.0
NOAA,128,Target Mean (Y),Unweighted,0.07464091731679867,0.01748741725147195,0.0,2.3211148371160126,96.0
NOAA,128,Target Mean (Y),Nominal n,0.09938383064383882,0.07674238029612702,0.0,1.0591427745007265,96.0
NOAA,128,Target Mean (Y),Input neff,0.09938383064383882,0.28509209782479167,1.0,0.5701841956495834,6.956189500271823
NOAA,128,Target Mean (Y),GP neff [Ours],0.09938383064383882,0.2250765059540123,1.0,0.4501530119080246,11.160443024992293
NOAA,128,Target Mean (Y),Block-Bootstrap,0.09938383064383882,0.10434766259715,1.0,0.2086953251943,19.0
NOAA,128,Target Risk (L),Unweighted,0.002513857401865166,0.0005285639940600548,0.0,0.08046886430032456,96.0
NOAA,128,Target Risk (L),Nominal n,0.0017346779610179332,0.0021562005378524592,1.0,0.0043124010757049185,96.0
NOAA,128,Target Risk (L),Input neff,0.0017346779610179332,0.008010120774144461,1.0,0.016020241548288922,6.956189500271823
NOAA,128,Target Risk (L),GP neff [Ours],0.0017346779610179332,0.003398630996227242,1.0,0.006797261992454484,38.640390363352154
NOAA,128,Target Risk (L),Block-Bootstrap,0.0017346779610179332,0.0047000829815882555,1.0,0.009400165963176511,19.0
NOAA,129,Target Mean (Y),Unweighted,0.2119606451832014,0.030294442776629394,0.0,7.327236981816139,96.0
NOAA,129,Target Mean (Y),Nominal n,0.1088542085109454,0.0727803006495759,0.0,1.5885169157539336,96.0
NOAA,129,Target Mean (Y),Input neff,0.1088542085109454,0.259251779869924,1.0,0.518503559739848,7.565809992841261
NOAA,129,Target Mean (Y),GP neff [Ours],0.1088542085109454,0.22944856839359404,1.0,0.45889713678718813,9.658912214034874
NOAA,129,Target Mean (Y),Block-Bootstrap,0.1088542085109454,0.12356980361936468,0.0,1.7530158081349017,19.0
NOAA,129,Target Risk (L),Unweighted,0.0011669840562024618,0.0009093081399568731,0.0,0.012125652929737295,96.0
NOAA,129,Target Risk (L),Nominal n,0.002748421130482381,0.0013853182033469083,0.0,0.05729475349211274,96.0
NOAA,129,Target Risk (L),Input neff,0.002748421130482381,0.004934662356413116,1.0,0.009869324712826233,7.565809992841261
NOAA,129,Target Risk (L),GP neff [Ours],0.002748421130482381,0.0015043547556113043,0.0,0.0527713645060657,81.40850670122144
NOAA,129,Target Risk (L),Block-Bootstrap,0.002748421130482381,0.0022190041652121856,1.0,0.004438008330424371,19.0
NOAA,130,Target Mean (Y),Unweighted,0.21101012434986804,0.02086296598543255,0.0,7.647612266548286,96.0
NOAA,130,Target Mean (Y),Nominal n,0.13264582533139213,0.04840259327321065,0.0,3.466534468873682,96.0
NOAA,130,Target Mean (Y),Input neff,0.13264582533139213,0.142026268822958,1.0,0.284052537645916,11.14990426405175
NOAA,130,Target Mean (Y),GP neff [Ours],0.13264582533139213,0.12211776775495316,0.0,0.6653578385674637,15.08171674965132
NOAA,130,Target Mean (Y),Block-Bootstrap,0.13264582533139213,0.08222559686233813,0.0,3.495842824599308,19.0
NOAA,130,Target Risk (L),Unweighted,0.0026013742751379324,0.0017318462036082026,0.0,0.03824481526840559,96.0
NOAA,130,Target Risk (L),Nominal n,0.0010319228806455819,0.0036640495301986766,1.0,0.007328099060397353,96.0
NOAA,130,Target Risk (L),Input neff,0.0010319228806455819,0.010751309968440282,1.0,0.021502619936880563,11.14990426405175
NOAA,130,Target Risk (L),GP neff [Ours],0.0010319228806455819,0.005114038322518852,1.0,0.010228076645037705,49.27946092110683
NOAA,130,Target Risk (L),Block-Bootstrap,0.0010319228806455819,0.00411408144437009,1.0,0.00822816288874018,19.0
NOAA,131,Target Mean (Y),Unweighted,0.20931741601653475,0.02105640282087619,0.0,7.572553333468095,96.0
NOAA,131,Target Mean (Y),Nominal n,0.1364778987937325,0.05149359133037555,0.0,3.502359481195029,96.0
NOAA,131,Target Mean (Y),Input neff,0.1364778987937325,0.15191816261786026,1.0,0.3038363252357206,11.029560282718824
NOAA,131,Target Mean (Y),GP neff [Ours],0.1364778987937325,0.13035321085431245,0.0,0.5056939392854294,14.980769805782568
NOAA,131,Target Mean (Y),Block-Bootstrap,0.1364778987937325,0.07181958480656625,0.0,3.5443304303585403,19.0
NOAA,131,Target Risk (L),Unweighted,0.002604084678315825,0.0017317698229200053,0.0,0.03835613386167281,96.0
NOAA,131,Target Risk (L),Nominal n,0.0013940580606622167,0.0035570948388783724,1.0,0.007114189677756745,96.0
NOAA,131,Target Risk (L),Input neff,0.0013940580606622167,0.01049426342615779,1.0,0.02098852685231558,11.029560282718824
NOAA,131,Target Risk (L),GP neff [Ours],0.0013940580606622167,0.004970869844366664,1.0,0.009941739688733329,49.15835462434134
NOAA,131,Target Risk (L),Block-Bootstrap,0.0013940580606622167,0.004058667372100078,1.0,0.008117334744200157,19.0
NOAA,132,Target Mean (Y),Unweighted,0.08964293684986813,0.023160416193233373,0.0,2.7056216586518564,96.0
NOAA,132,Target Mean (Y),Nominal n,0.03894596516112658,0.07323237711384571,1.0,0.1464647542276914,96.0
NOAA,132,Target Mean (Y),Input neff,0.03894596516112658,0.21859104102683008,1.0,0.4371820820536602,10.774888365556901
NOAA,132,Target Mean (Y),GP neff [Ours],0.03894596516112658,0.16936664952246333,1.0,0.3387332990449266,17.948233197947264
NOAA,132,Target Mean (Y),Block-Bootstrap,0.03894596516112658,0.12592347222391398,1.0,0.25184694444782796,19.0
NOAA,132,Target Risk (L),Unweighted,0.0011707407632161279,0.0008206214434566628,0.0,0.01564601567729192,96.0
NOAA,132,Target Risk (L),Nominal n,0.000711760908408542,0.002911603052564223,1.0,0.005823206105128446,96.0
NOAA,132,Target Risk (L),Input neff,0.000711760908408542,0.008690832762775073,1.0,0.017381665525550146,10.774888365556901
NOAA,132,Target Risk (L),GP neff [Ours],0.000711760908408542,0.003544669287179288,1.0,0.007089338574358576,64.77152471872371
NOAA,132,Target Risk (L),Block-Bootstrap,0.000711760908408542,0.0014078717881410338,1.0,0.0028157435762820675,19.0
NOAA,133,Target Mean (Y),Unweighted,0.12413310481679873,0.008113610792197419,0.0,4.657006982568448,96.0
NOAA,133,Target Mean (Y),Nominal n,0.13635374785710774,0.016486476009768464,0.0,4.827663825913107,96.0
NOAA,133,Target Mean (Y),Input neff,0.13635374785710774,0.04142816994334082,0.0,3.879879456437357,15.203213862986939
NOAA,133,Target Mean (Y),GP neff [Ours],0.13635374785710774,0.02646825468193997,0.0,4.448356236370593,37.2457130703641
NOAA,133,Target Mean (Y),Block-Bootstrap,0.13635374785710774,0.016716715458444997,0.0,4.850600299849593,19.0
NOAA,133,Target Risk (L),Unweighted,0.003266896128887986,0.0003398362401566841,0.0,0.11776206802956543,96.0
NOAA,133,Target Risk (L),Nominal n,0.0015763807761332064,0.002194574231202802,1.0,0.004389148462405604,96.0
NOAA,133,Target Risk (L),Input neff,0.0015763807761332064,0.005514652988890804,1.0,0.011029305977781609,15.203213862986939
NOAA,133,Target Risk (L),GP neff [Ours],0.0015763807761332064,0.0028084197956253893,1.0,0.005616839591250779,58.62025896395549
NOAA,133,Target Risk (L),Block-Bootstrap,0.0015763807761332064,0.002557957472229563,1.0,0.005115914944459126,19.0
NOAA,134,Target Mean (Y),Unweighted,0.03092997981679857,0.011372728630625455,0.0,0.8050355047081761,96.0
NOAA,134,Target Mean (Y),Nominal n,0.015804779641238942,0.07415078050075115,1.0,0.14830156100150238,96.0
NOAA,134,Target Mean (Y),Input neff,0.015804779641238942,0.24499545373700896,1.0,0.48999090747401786,8.794003529157557
NOAA,134,Target Mean (Y),GP neff [Ours],0.015804779641238942,0.19670146995562413,1.0,0.3934029399112482,13.642296230136655
NOAA,134,Target Mean (Y),Block-Bootstrap,0.015804779641238942,0.08173210415291299,1.0,0.16346420830582598,19.0
NOAA,134,Target Risk (L),Unweighted,0.0031454719891943336,0.0010156374737165462,0.0,0.08722465556654456,96.0
NOAA,134,Target Risk (L),Nominal n,0.002944614409326355,0.0038509962447169253,1.0,0.0077019924894338515,96.0
NOAA,134,Target Risk (L),Input neff,0.002944614409326355,0.012723757807301615,1.0,0.025447515614603233,8.794003529157557
NOAA,134,Target Risk (L),GP neff [Ours],0.002944614409326355,0.00406701511322528,1.0,0.00813403022645056,86.0727840842076
NOAA,134,Target Risk (L),Block-Bootstrap,0.002944614409326355,0.0056652170411762995,1.0,0.011330434082352599,19.0
NOAA,135,Target Mean (Y),Unweighted,0.03092997981679868,0.018464139536691366,0.0,0.535561890277676,96.0
NOAA,135,Target Mean (Y),Nominal n,0.03845315278943073,0.09819012794183321,1.0,0.19638025588366648,96.0
NOAA,135,Target Mean (Y),Input neff,0.03845315278943073,0.3550167870788338,1.0,0.7100335741576675,7.343601574638178
NOAA,135,Target Mean (Y),GP neff [Ours],0.03845315278943073,0.27410535350046444,1.0,0.548210707000929,12.318897718584513
NOAA,135,Target Mean (Y),Block-Bootstrap,0.03845315278943073,0.12569067398326408,1.0,0.25138134796652817,19.0
NOAA,135,Target Risk (L),Unweighted,0.0017939782610806834,0.0007522553678891809,0.0,0.04317342646343847,96.0
NOAA,135,Target Risk (L),Nominal n,0.002184255158029363,0.002130145929151933,0.0,0.006424661013401071,96.0
NOAA,135,Target Risk (L),Input neff,0.002184255158029363,0.007701767780815638,1.0,0.015403535561631276,7.343601574638178
NOAA,135,Target Risk (L),GP neff [Ours],0.002184255158029363,0.003423058822865062,1.0,0.006846117645730124,37.17587691505661
NOAA,135,Target Risk (L),Block-Bootstrap,0.002184255158029363,0.0007633631650683334,0.0,0.12026643422637111,19.0
NOAA,136,Target Mean (Y),Unweighted,0.13207581315013195,0.013270337372648749,0.0,4.778759705844627,96.0
NOAA,136,Target Mean (Y),Nominal n,0.11011839858660555,0.0848816055099922,0.0,1.1792349340845167,96.0
NOAA,136,Target Mean (Y),Input neff,0.11011839858660555,0.28674771495239104,1.0,0.5734954299047821,8.41198466996945
NOAA,136,Target Mean (Y),GP neff [Ours],0.11011839858660555,0.21991226939430125,1.0,0.43982453878860256,14.302089238016105
NOAA,136,Target Mean (Y),Block-Bootstrap,0.11011839858660555,0.10417215213222814,1.0,0.20834430426445627,19.0
NOAA,136,Target Risk (L),Unweighted,0.0026154316147190826,0.0007032227208222984,0.0,0.07789480119751598,96.0
NOAA,136,Target Risk (L),Nominal n,0.0034107875689702227,0.007960586844945855,1.0,0.01592117368989171,96.0
NOAA,136,Target Risk (L),Input neff,0.0034107875689702227,0.026892517804691766,1.0,0.053785035609383525,8.41198466996945
NOAA,136,Target Risk (L),GP neff [Ours],0.0034107875689702227,0.024580777078475367,1.0,0.049161554156950726,10.068625455243103
NOAA,136,Target Risk (L),Block-Bootstrap,0.0034107875689702227,0.008210222173551775,1.0,0.01642044434710355,19.0
NOAA,137,Target Mean (Y),Unweighted,0.020723666016534747,0.02295932281866639,1.0,0.04591864563733283,96.0
NOAA,137,Target Mean (Y),Nominal n,0.0030788666351587723,0.11879175654151738,1.0,0.23758351308303483,96.0
NOAA,137,Target Mean (Y),Input neff,0.0030788666351587723,0.24760922588468423,1.0,0.4952184517693685,22.095823726650803
NOAA,137,Target Mean (Y),GP neff [Ours],0.0030788666351587723,0.18712234367476813,1.0,0.3742446873495362,38.68944900704492
NOAA,137,Target Mean (Y),Block-Bootstrap,0.0030788666351587723,0.14690725422994158,1.0,0.29381450845988316,19.0
NOAA,137,Target Risk (L),Unweighted,0.0015579644854342616,0.0008094019318257221,0.0,0.03156130600799303,96.0
NOAA,137,Target Risk (L),Nominal n,0.0031641926015558057,0.000574131943538526,0.0,0.10475069020776823,96.0
NOAA,137,Target Risk (L),Input neff,0.0031641926015558057,0.0011967191178418094,0.0,0.08109237758424348,22.095823726650803
NOAA,137,Target Risk (L),GP neff [Ours],0.0031641926015558057,0.0006725022324809627,0.0,0.10101261922795565,69.96924599423559
NOAA,137,Target Risk (L),Block-Bootstrap,0.0031641926015558057,0.0008471218984293418,0.0,0.08485186645680684,19.0
NOAA,138,Target Mean (Y),Unweighted,0.09688050065013198,0.01255897514799587,0.0,3.3979789703814367,96.0
NOAA,138,Target Mean (Y),Nominal n,0.06235771146797864,0.05980479801284942,0.0,0.22172613423086696,96.0
NOAA,138,Target Mean (Y),Input neff,0.06235771146797864,0.08886925000631565,1.0,0.17773850001263125,43.47506688093285
NOAA,138,Target Mean (Y),GP neff [Ours],0.06235771146797864,0.06583632657359449,1.0,0.131672653147189,79.21585375326718
NOAA,138,Target Mean (Y),Block-Bootstrap,0.06235771146797864,0.07056932667687954,1.0,0.14113865335375908,19.0
NOAA,138,Target Risk (L),Unweighted,0.002528590472856778,0.000492222136076679,0.0,0.08243917774335731,96.0
NOAA,138,Target Risk (L),Nominal n,0.0025916930095503006,0.0010072671640665154,0.0,0.06539156814748445,96.0
NOAA,138,Target Risk (L),Input neff,0.0025916930095503006,0.0014967875555293552,0.0,0.046789793271896536,43.47506688093285
NOAA,138,Target Risk (L),GP neff [Ours],0.0025916930095503006,0.0010101584476264254,0.0,0.06528169937220786,95.45124252423996
NOAA,138,Target Risk (L),Block-Bootstrap,0.0025916930095503006,0.0026269891201272473,1.0,0.0052539782402544945,19.0
NOAA,139,Target Mean (Y),Unweighted,0.08098206315013201,0.017086942278990144,0.0,2.5899787194036565,96.0
NOAA,139,Target Mean (Y),Nominal n,0.05740221460879513,0.0786902963697287,1.0,0.15738059273945737,96.0
NOAA,139,Target Mean (Y),Input neff,0.05740221460879513,0.2356632890000391,1.0,0.47132657800007816,10.70359642698773
NOAA,139,Target Mean (Y),GP neff [Ours],0.05740221460879513,0.18219987220267558,1.0,0.3643997444053512,17.90677839249759
NOAA,139,Target Mean (Y),Block-Bootstrap,0.05740221460879513,0.10894687852789625,1.0,0.2178937570557925,19.0
NOAA,139,Target Risk (L),Unweighted,0.002255000237323324,0.0005968949372720141,0.0,0.06751800187659643,96.0
NOAA,139,Target Risk (L),Nominal n,0.002704481106984505,0.0015032168389161934,0.0,0.05105700440056485,96.0
NOAA,139,Target Risk (L),Input neff,0.002704481106984505,0.00450186415202662,1.0,0.00900372830405324,10.70359642698773
NOAA,139,Target Risk (L),GP neff [Ours],0.002704481106984505,0.0015658931146020278,0.0,0.04867530592450315,88.46882682730197
NOAA,139,Target Risk (L),Block-Bootstrap,0.002704481106984505,0.001534949075753726,0.0,0.055557970616645524,19.0
NOAA,140,Target Mean (Y),Unweighted,0.021125292316798605,0.01575428337387447,0.0,0.24634892446471235,96.0
NOAA,140,Target Mean (Y),Nominal n,0.0031791453672015413,0.07420953526232005,1.0,0.1484190705246402,96.0
NOAA,140,Target Mean (Y),Input neff,0.0031791453672015413,0.17825335228926228,1.0,0.3565067045785246,16.63854112677333
NOAA,140,Target Mean (Y),GP neff [Ours],0.0031791453672015413,0.12965873030708294,1.0,0.25931746061416594,31.447572558563596
NOAA,140,Target Mean (Y),Block-Bootstrap,0.0031791453672015413,0.10469412741981649,1.0,0.20938825483963297,19.0
NOAA,140,Target Risk (L),Unweighted,0.0011784482754971085,0.0008042853412952439,0.0,0.016575088050665092,96.0
NOAA,140,Target Risk (L),Nominal n,0.0009021418983255506,0.0015452504438678144,1.0,0.0030905008877356293,96.0
NOAA,140,Target Risk (L),Input neff,0.0009021418983255506,0.0037117342235367203,1.0,0.00742346844707344,16.63854112677333
NOAA,140,Target Risk (L),GP neff [Ours],0.0009021418983255506,0.0015740340423719059,1.0,0.0031480680847438113,92.52109103157737
NOAA,140,Target Risk (L),Block-Bootstrap,0.0009021418983255506,0.0026120444570892592,1.0,0.0052240889141785185,19.0
NOAA,141,Target Mean (Y),Unweighted,0.10561747981679859,0.01282594708693672,0.0,3.7373132033683474,96.0
NOAA,141,Target Mean (Y),Nominal n,0.07652561574190164,0.06567163746502887,0.0,0.5655024060049672,96.0
NOAA,141,Target Mean (Y),Input neff,0.07652561574190164,0.11432953717547309,1.0,0.22865907435094623,31.674519295773447
NOAA,141,Target Mean (Y),GP neff [Ours],0.07652561574190164,0.08112312623880996,1.0,0.1622462524776198,62.912590188591636
NOAA,141,Target Mean (Y),Block-Bootstrap,0.07652561574190164,0.08787538302343784,0.0,0.29899876843951756,19.0
NOAA,141,Target Risk (L),Unweighted,0.002639373554833421,0.0005989341358025441,0.0,0.08281544503284016,96.0
NOAA,141,Target Risk (L),Nominal n,0.0019013966926717338,0.0019228278074655588,1.0,0.003845655614931118,96.0
NOAA,141,Target Risk (L),Input neff,0.0019013966926717338,0.0033475031502409698,1.0,0.0066950063004819396,31.674519295773447
NOAA,141,Target Risk (L),GP neff [Ours],0.0019013966926717338,0.002136464496938221,1.0,0.004272928993876442,77.76078942126087
NOAA,141,Target Risk (L),Block-Bootstrap,0.0019013966926717338,0.002329561277259102,1.0,0.004659122554518204,19.0
NOAA,142,Target Mean (Y),Unweighted,0.18309143815013196,0.005785880683580576,0.0,7.103794060029218,96.0
NOAA,142,Target Mean (Y),Nominal n,0.16668248034458455,0.01781183876507996,0.0,5.990449340710343,96.0
NOAA,142,Target Mean (Y),Input neff,0.16668248034458455,0.05021568959482952,0.0,4.759103009179862,12.078413161002679
NOAA,142,Target Mean (Y),GP neff [Ours],0.16668248034458455,0.02632202880134838,0.0,5.667062119332144,43.9592246175936
NOAA,142,Target Mean (Y),Block-Bootstrap,0.16668248034458455,0.021337605295061568,0.0,5.854874403262088,19.0
NOAA,142,Target Risk (L),Unweighted,0.003633626869938553,0.00034803763178440934,0.0,0.13211964478973456,96.0
NOAA,142,Target Risk (L),Nominal n,0.004360706036022715,0.00014402875326369527,0.0,0.16895514881688817,96.0
NOAA,142,Target Risk (L),Input neff,0.004360706036022715,0.00040605033887906644,0.0,0.15899832856350407,12.078413161002679
NOAA,142,Target Risk (L),GP neff [Ours],0.004360706036022715,0.00019256021547630448,0.0,0.167110953252809,53.70769442723693
NOAA,142,Target Risk (L),Block-Bootstrap,0.004360706036022715,0.0006734183923385702,0.0,0.1256287929164306,19.0
NOAA,143,Target Mean (Y),Unweighted,0.03677835351653469,0.024262878837303794,0.0,0.5491447448438422,96.0
NOAA,143,Target Mean (Y),Nominal n,0.045219086980621936,0.1044978109660524,1.0,0.20899562193210475,96.0
NOAA,143,Target Mean (Y),Input neff,0.045219086980621936,0.424163896024021,1.0,0.8483277920480421,5.826640454628559
NOAA,143,Target Mean (Y),GP neff [Ours],0.045219086980621936,0.3787070385566112,1.0,0.7574140771132223,7.309351799999246
NOAA,143,Target Mean (Y),Block-Bootstrap,0.045219086980621936,0.1431502640188249,1.0,0.2863005280376498,19.0
NOAA,143,Target Risk (L),Unweighted,0.0014643004928777373,0.0007879186673627542,0.0,0.028631110355324826,96.0
NOAA,143,Target Risk (L),Nominal n,0.0036056904076237923,0.0005773983324891882,0.0,0.12228647967036253,96.0
NOAA,143,Target Risk (L),Input neff,0.0036056904076237923,0.002343700064166417,0.0,0.05516701386662782,5.826640454628559
NOAA,143,Target Risk (L),GP neff [Ours],0.0036056904076237923,0.0006436629865768915,0.0,0.1197684228150298,77.25119595441113
NOAA,143,Target Risk (L),Block-Bootstrap,0.0036056904076237923,0.0008578718616973207,0.0,0.09874248962027377,19.0
NOAA,144,Target Mean (Y),Unweighted,0.06404397851653465,0.02813596901413401,0.0,1.4925923181242957,96.0
NOAA,144,Target Mean (Y),Nominal n,0.0727130569671044,0.13028863903161467,1.0,0.2605772780632294,96.0
NOAA,144,Target Mean (Y),Input neff,0.0727130569671044,0.5452666304533386,1.0,1.0905332609066773,5.481084374700418
NOAA,144,Target Mean (Y),GP neff [Ours],0.0727130569671044,0.4907316919373687,1.0,0.9814633838747375,6.766999058229597
NOAA,144,Target Mean (Y),Block-Bootstrap,0.0727130569671044,0.16530751098090044,1.0,0.33061502196180087,19.0
NOAA,144,Target Risk (L),Unweighted,0.001572484044730141,0.0007644778735324837,0.0,0.03384920259497125,96.0
NOAA,144,Target Risk (L),Nominal n,0.0025133348924972314,0.0011995703869317165,0.0,0.054949720996484035,96.0
NOAA,144,Target Risk (L),Input neff,0.0025133348924972314,0.005020281950409737,1.0,0.010040563900819473,5.481084374700418
NOAA,144,Target Risk (L),GP neff [Ours],0.0025133348924972314,0.0013572819050370174,0.0,0.04895668330848259,74.98641424898206
NOAA,144,Target Risk (L),Block-Bootstrap,0.0025133348924972314,0.0013952297286194068,0.0,0.06733913570125533,19.0
NOAA,145,Target Mean (Y),Unweighted,0.13988831315013195,0.010873440064230331,0.0,5.182341803564526,96.0
NOAA,145,Target Mean (Y),Nominal n,0.12631899963065107,0.055547461053774165,0.0,2.941956465182624,96.0
NOAA,145,Target Mean (Y),Input neff,0.12631899963065107,0.1192860518862609,0.0,0.5198900135481308,20.817104872308214
NOAA,145,Target Mean (Y),GP neff [Ours],0.12631899963065107,0.08614711481408241,0.0,1.7791696222909104,39.913350464533956
NOAA,145,Target Mean (Y),Block-Bootstrap,0.12631899963065107,0.07847540388990137,0.0,2.4902995641313237,19.0
NOAA,145,Target Risk (L),Unweighted,0.0032627153863763335,0.0003867666468715337,0.0,0.11581148287393507,96.0
NOAA,145,Target Risk (L),Nominal n,0.003485426084661506,0.0009838417762660298,0.0,0.10203105588835111,96.0
NOAA,145,Target Risk (L),Input neff,0.003485426084661506,0.002112762652786752,0.0,0.05913206258056368,20.817104872308214
NOAA,145,Target Risk (L),GP neff [Ours],0.003485426084661506,0.000996109607610029,0.0,0.10156487829727914,93.64993811672868
NOAA,145,Target Risk (L),Block-Bootstrap,0.003485426084661506,0.00252014036982635,1.0,0.0050402807396527,19.0
NOAA,146,Target Mean (Y),Unweighted,0.14746643815013205,0.007341800029623643,0.0,5.619669124879586,96.0
NOAA,146,Target Mean (Y),Nominal n,0.11616937942382433,0.03508690686495925,0.0,3.3134727160845197,96.0
NOAA,146,Target Mean (Y),Input neff,0.11616937942382433,0.06470297985652243,0.0,2.1880619424051218,28.230127302382805
NOAA,146,Target Mean (Y),GP neff [Ours],0.11616937942382433,0.04082708024228668,0.0,3.0953461277460805,70.90302372107224
NOAA,146,Target Mean (Y),Block-Bootstrap,0.11616937942382433,0.03961936601702476,0.0,3.299558506210655,19.0
NOAA,146,Target Risk (L),Unweighted,0.0022204181278277103,0.0005374538552928284,0.0,0.06839347861198093,96.0
NOAA,146,Target Risk (L),Nominal n,0.0025711143053321023,0.0019650126687445154,0.0,0.028174090800992504,96.0
NOAA,146,Target Risk (L),Input neff,0.0025711143053321023,0.0036236358939511614,1.0,0.007247271787902323,28.230127302382805
NOAA,146,Target Risk (L),GP neff [Ours],0.0025711143053321023,0.0021631168742189716,0.0,0.02064613099296317,79.22130131583053
NOAA,146,Target Risk (L),Block-Bootstrap,0.0025711143053321023,0.0029016057783710376,1.0,0.005803211556742075,19.0
NOAA,147,Target Mean (Y),Unweighted,0.1279742506501319,0.00984433416171988,0.0,4.744885327859919,96.0
NOAA,147,Target Mean (Y),Nominal n,0.08994528578607175,0.057020043092300465,0.0,1.4310497939354523,96.0
NOAA,147,Target Mean (Y),Input neff,0.08994528578607175,0.14703577410285773,1.0,0.29407154820571546,14.437110839606449
NOAA,147,Target Mean (Y),GP neff [Ours],0.08994528578607175,0.09642599803454488,1.0,0.19285199606908976,33.56897109864772
NOAA,147,Target Mean (Y),Block-Bootstrap,0.08994528578607175,0.06740456850121868,0.0,0.6636330987853822,19.0
NOAA,147,Target Risk (L),Unweighted,0.0029892061219444453,0.0004354205364668392,0.0,0.10302226449203793,96.0
NOAA,147,Target Risk (L),Nominal n,0.0014483028516855106,0.00263222351766426,1.0,0.00526444703532852,96.0
NOAA,147,Target Risk (L),Input neff,0.0014483028516855106,0.006787631182687994,1.0,0.013575262365375988,14.437110839606449
NOAA,147,Target Risk (L),GP neff [Ours],0.0014483028516855106,0.0041913868973239765,1.0,0.008382773794647953,37.86180027916321
NOAA,147,Target Risk (L),Block-Bootstrap,0.0014483028516855106,0.003913578252400464,1.0,0.007827156504800929,19.0
NOAA,148,Target Mean (Y),Unweighted,0.06542418684986795,0.023807149312126453,0.0,1.7122958001339124,96.0
NOAA,148,Target Mean (Y),Nominal n,0.07627739647344933,0.09266530564946056,1.0,0.1853306112989211,96.0
NOAA,148,Target Mean (Y),Input neff,0.07627739647344933,0.23816459695716555,1.0,0.47632919391433104,14.53286199817444
NOAA,148,Target Mean (Y),GP neff [Ours],0.07627739647344933,0.2053293937325036,1.0,0.41065878746500717,19.552545649355704
NOAA,148,Target Mean (Y),Block-Bootstrap,0.07627739647344933,0.16925748446948233,1.0,0.33851496893896466,19.0
NOAA,148,Target Risk (L),Unweighted,0.0005365987281184441,0.0010372285065056994,1.0,0.0020744570130113993,96.0
NOAA,148,Target Risk (L),Nominal n,0.00031612893018046796,0.0035505397276929403,1.0,0.00710107945538588,96.0
NOAA,148,Target Risk (L),Input neff,0.00031612893018046796,0.009125452695588409,1.0,0.018250905391176818,14.53286199817444
NOAA,148,Target Risk (L),GP neff [Ours],0.00031612893018046796,0.0036435756127527618,1.0,0.007287151225505524,91.16002019258093
NOAA,148,Target Risk (L),Block-Bootstrap,0.00031612893018046796,0.005417268972291082,1.0,0.010834537944582164,19.0
NOAA,149,Target Mean (Y),Unweighted,0.004265332683201395,0.017529852904971895,1.0,0.035059705809943775,96.0
NOAA,149,Target Mean (Y),Nominal n,0.0019358867644364564,0.1011751124643666,1.0,0.20235022492873322,96.0
NOAA,149,Target Mean (Y),Input neff,0.0019358867644364564,0.2272996370294821,1.0,0.45459927405896416,19.020465445659728
NOAA,149,Target Mean (Y),GP neff [Ours],0.0019358867644364564,0.1657535517515968,1.0,0.33150710350319357,35.767858459864485
NOAA,149,Target Mean (Y),Block-Bootstrap,0.0019358867644364564,0.1339932007023126,1.0,0.2679864014046252,19.0
NOAA,149,Target Risk (L),Unweighted,0.0015343879407816448,0.00083662358010867,0.0,0.02958382158713634,96.0
NOAA,149,Target Risk (L),Nominal n,0.0002452581649725902,0.0035479383328304607,1.0,0.007095876665660921,96.0
NOAA,149,Target Risk (L),Input neff,0.0002452581649725902,0.007970785261438436,1.0,0.015941570522876872,19.020465445659728
NOAA,149,Target Risk (L),GP neff [Ours],0.0002452581649725902,0.0036068056555163745,1.0,0.00721361131103275,92.89190609401558
NOAA,149,Target Risk (L),Block-Bootstrap,0.0002452581649725902,0.010298250501718268,1.0,0.020596501003436535,19.0
NOAA,150,Target Mean (Y),Unweighted,0.11560445898346539,0.00837243805990552,0.0,4.306025713062207,96.0
NOAA,150,Target Mean (Y),Nominal n,0.08882573940688909,0.05220660703063078,0.0,1.5691785091115957,96.0
NOAA,150,Target Mean (Y),Input neff,0.08882573940688909,0.09151497683849855,1.0,0.18302995367699704,31.24192765575944
NOAA,150,Target Mean (Y),GP neff [Ours],0.08882573940688909,0.06866936287688158,0.0,0.9435937869540616,55.487624786317134
NOAA,150,Target Mean (Y),Block-Bootstrap,0.08882573940688909,0.07032919818634792,0.0,1.443188400796461,19.0
NOAA,150,Target Risk (L),Unweighted,0.002436976843490537,0.0004185283643818213,0.0,0.08157499589311226,96.0
NOAA,150,Target Risk (L),Nominal n,0.0036502981590810428,0.0010418666743422784,0.0,0.10642099273823513,96.0
NOAA,150,Target Risk (L),Input neff,0.0036502981590810428,0.0018263283134890428,0.0,0.07661145045065809,31.24192765575944
NOAA,150,Target Risk (L),GP neff [Ours],0.0036502981590810428,0.001107930807095637,0.0,0.1039105556936075,84.89268102325664
NOAA,150,Target Risk (L),Block-Bootstrap,0.0036502981590810428,0.0016013172745246284,0.0,0.05487597604463637,19.0
NOAA,151,Target Mean (Y),Unweighted,0.1385341464834654,0.011087743005505689,0.0,5.120031625129402,96.0
NOAA,151,Target Mean (Y),Nominal n,0.08642819094018994,0.044306853314811864,0.0,1.7734672116447463,96.0
NOAA,151,Target Mean (Y),Input neff,0.08642819094018994,0.049764648287653736,0.0,1.566071002676757,76.09763675772793
NOAA,151,Target Mean (Y),GP neff [Ours],0.08642819094018994,0.04554328853753947,0.0,1.7264826731810998,90.85823059587793
NOAA,151,Target Mean (Y),Block-Bootstrap,0.08642819094018994,0.0644828698310444,0.0,2.0509943125392924,19.0
NOAA,151,Target Risk (L),Unweighted,0.0026884731031337683,0.0005085803773879051,0.0,0.08821286978461035,96.0
NOAA,151,Target Risk (L),Nominal n,0.000654554829070651,0.002665902025670636,1.0,0.005331804051341272,96.0
NOAA,151,Target Risk (L),Input neff,0.000654554829070651,0.0029942924570653677,1.0,0.0059885849141307354,76.09763675772793
NOAA,151,Target Risk (L),GP neff [Ours],0.000654554829070651,0.0026845206042899654,1.0,0.005369041208579931,94.6729956054774
NOAA,151,Target Risk (L),Block-Bootstrap,0.000654554829070651,0.003638119258965532,1.0,0.007276238517931064,19.0
NOAA,152,Target Mean (Y),Unweighted,0.11457581315013188,0.008773542159935388,0.0,4.249637923927729,96.0
NOAA,152,Target Mean (Y),Nominal n,0.06105993246811536,0.06099016629103223,0.0,0.12477097966538842,96.0
NOAA,152,Target Mean (Y),Input neff,0.06105993246811536,0.11212656266813165,1.0,0.22425312533626318,28.40363025542384
NOAA,152,Target Mean (Y),GP neff [Ours],0.06105993246811536,0.07767683544864103,1.0,0.15535367089728203,59.18447775559593
NOAA,152,Target Mean (Y),Block-Bootstrap,0.06105993246811536,0.08288021929875272,1.0,0.16576043859750544,19.0
NOAA,152,Target Risk (L),Unweighted,0.0030289797661085197,0.00034405939581010005,0.0,0.10808493360355698,96.0
NOAA,152,Target Risk (L),Nominal n,0.003180452681940761,0.0007586788041221373,0.0,0.09838831272098923,96.0
NOAA,152,Target Risk (L),Input neff,0.003180452681940761,0.0013947829895963424,0.0,0.07421635367296943,28.40363025542384
NOAA,152,Target Risk (L),GP neff [Ours],0.003180452681940761,0.0008188538919536165,0.0,0.09610165938339302,82.40893467052042
NOAA,152,Target Risk (L),Block-Bootstrap,0.003180452681940761,0.0007531448902016312,0.0,0.08760728922048552,19.0
NOAA,153,Target Mean (Y),Unweighted,0.06688050065013196,0.016002150327418852,0.0,2.0671383135633636,96.0
NOAA,153,Target Mean (Y),Nominal n,0.06344284313240833,0.05393729027148336,0.0,0.48809669497996344,96.0
NOAA,153,Target Mean (Y),Input neff,0.06344284313240833,0.12477470597347465,1.0,0.24954941194694924,17.93892323741135
NOAA,153,Target Mean (Y),GP neff [Ours],0.06344284313240833,0.0923603750948868,1.0,0.18472075018977363,32.73995707998651
NOAA,153,Target Mean (Y),Block-Bootstrap,0.06344284313240833,0.09986837912552354,1.0,0.1997367582510471,19.0
NOAA,153,Target Risk (L),Unweighted,0.0020201489732978206,0.0009207409844641655,0.0,0.04581780152227453,96.0
NOAA,153,Target Risk (L),Nominal n,0.0016338956435797162,0.002465319973296278,1.0,0.004930639946592555,96.0
NOAA,153,Target Risk (L),Input neff,0.0016338956435797162,0.005703096563625678,1.0,0.011406193127251354,17.93892323741135
NOAA,153,Target Risk (L),GP neff [Ours],0.0016338956435797162,0.0034034771535905524,1.0,0.006806954307181104,50.370022190559546
NOAA,153,Target Risk (L),Block-Bootstrap,0.0016338956435797162,0.0029591037020331497,1.0,0.0059182074040662995,19.0
NOAA,154,Target Mean (Y),Unweighted,0.07853414648346535,0.017391874410321216,0.0,2.4804746317464086,96.0
NOAA,154,Target Mean (Y),Nominal n,0.04690040946414231,0.07671978703212799,1.0,0.153439574064256,96.0
NOAA,154,Target Mean (Y),Input neff,0.04690040946414231,0.2192403710467266,1.0,0.43848074209345317,11.755604147279042
NOAA,154,Target Mean (Y),GP neff [Ours],0.04690040946414231,0.14235709187267945,1.0,0.28471418374535884,27.882248612430093
NOAA,154,Target Mean (Y),Block-Bootstrap,0.04690040946414231,0.11086466268757633,1.0,0.22172932537515266,19.0
NOAA,154,Target Risk (L),Unweighted,0.001446327366317709,0.001069980418560332,0.0,0.01719383874741576,96.0
NOAA,154,Target Risk (L),Nominal n,0.0015261073627179204,0.003360781089088185,1.0,0.00672156217817637,96.0
NOAA,154,Target Risk (L),Input neff,0.0015261073627179204,0.009604026829088532,1.0,0.019208053658177064,11.755604147279042
NOAA,154,Target Risk (L),GP neff [Ours],0.0015261073627179204,0.0066591506074772785,1.0,0.013318301214954557,24.451978658110253
NOAA,154,Target Risk (L),Block-Bootstrap,0.0015261073627179204,0.008259634830447473,1.0,0.016519269660894946,19.0
NOAA,155,Target Mean (Y),Unweighted,0.1415810214834653,0.01089802652222968,0.0,5.249115851493883,96.0
NOAA,155,Target Mean (Y),Nominal n,0.12306071284240105,0.044607530315116974,0.0,3.2273423617215964,96.0
NOAA,155,Target Mean (Y),Input neff,0.12306071284240105,0.06855512990052723,0.0,2.317333577476006,40.64505124616232
NOAA,155,Target Mean (Y),GP neff [Ours],0.12306071284240105,0.05174280715609323,0.0,2.9562018417644986,71.34895535234602
NOAA,155,Target Mean (Y),Block-Bootstrap,0.12306071284240105,0.05073454199310046,0.0,2.9510099617118835,19.0
NOAA,155,Target Risk (L),Unweighted,0.0032244473167401663,0.0003251666544524667,0.0,0.1166215598004129,96.0
NOAA,155,Target Risk (L),Nominal n,0.0013694246900235723,0.0024797880775624705,1.0,0.004959576155124941,96.0
NOAA,155,Target Risk (L),Input neff,0.0013694246900235723,0.003811064916218016,1.0,0.007622129832436032,40.64505124616232
NOAA,155,Target Risk (L),GP neff [Ours],0.0013694246900235723,0.002628303043703235,1.0,0.00525660608740647,85.45736396679673
NOAA,155,Target Risk (L),Block-Bootstrap,0.0013694246900235723,0.002098719367978265,1.0,0.00419743873595653,19.0
NOAA,156,Target Mean (Y),Unweighted,0.07939352148346523,0.01531627393186658,0.0,2.5937224499276774,96.0
NOAA,156,Target Mean (Y),Nominal n,0.05014152711557873,0.0886296434418399,1.0,0.17725928688367976,96.0
NOAA,156,Target Mean (Y),Input neff,0.05014152711557873,0.2198536859656671,1.0,0.43970737193133425,15.601334014445197
NOAA,156,Target Mean (Y),GP neff [Ours],0.05014152711557873,0.16822095008849083,1.0,0.3364419001769816,26.648273336505895
NOAA,156,Target Mean (Y),Block-Bootstrap,0.05014152711557873,0.1181932052216138,1.0,0.2363864104432276,19.0
NOAA,156,Target Risk (L),Unweighted,0.0020275018845305154,0.0005959968165723947,0.0,0.05845219635146961,96.0
NOAA,156,Target Risk (L),Nominal n,0.0008693243156130547,0.0024420668940772603,1.0,0.0048841337881545205,96.0
NOAA,156,Target Risk (L),Input neff,0.0008693243156130547,0.006057763375635536,1.0,0.012115526751271073,15.601334014445197
NOAA,156,Target Risk (L),GP neff [Ours],0.0008693243156130547,0.0028986040505437813,1.0,0.005797208101087563,68.1410083246076
NOAA,156,Target Risk (L),Block-Bootstrap,0.0008693243156130547,0.0026217385563135224,1.0,0.005243477112627045,19.0
NOAA,157,Target Mean (Y),Unweighted,0.008366895183201328,0.018226594031184578,1.0,0.03645318806236908,96.0
NOAA,157,Target Mean (Y),Nominal n,0.023016433207132536,0.09427844675178057,1.0,0.18855689350356108,96.0
NOAA,157,Target Mean (Y),Input neff,0.023016433207132536,0.20154700112051754,1.0,0.40309400224103514,21.006001380289405
NOAA,157,Target Mean (Y),GP neff [Ours],0.023016433207132536,0.139586411298772,1.0,0.27917282259754406,43.79351324556919
NOAA,157,Target Mean (Y),Block-Bootstrap,0.023016433207132536,0.12346659109733968,1.0,0.24693318219467936,19.0
NOAA,157,Target Risk (L),Unweighted,0.0010531811936974112,0.0007791469716185534,0.0,0.012519662826391434,96.0
NOAA,157,Target Risk (L),Nominal n,0.0006851835599666995,0.001989905475428429,1.0,0.003979810950856859,96.0
NOAA,157,Target Risk (L),Input neff,0.0006851835599666995,0.004253989060106391,1.0,0.00850797812021278,21.006001380289405
NOAA,157,Target Risk (L),GP neff [Ours],0.0006851835599666995,0.0020177655655429067,1.0,0.004035531131085814,93.36728162990654
NOAA,157,Target Risk (L),Block-Bootstrap,0.0006851835599666995,0.00214249136343227,1.0,0.00428498272686454,19.0
NOAA,158,Target Mean (Y),Unweighted,0.054135124349868,0.017697532139908306,0.0,1.4928987526782038,96.0
NOAA,158,Target Mean (Y),Nominal n,0.03131288252113207,0.07903884917145744,1.0,0.15807769834291485,96.0
NOAA,158,Target Mean (Y),Input neff,0.03131288252113207,0.19242147535380005,1.0,0.3848429507076001,16.197402298694318
NOAA,158,Target Mean (Y),GP neff [Ours],0.03131288252113207,0.1208436211320395,1.0,0.241687242264079,41.068135677889146
NOAA,158,Target Mean (Y),Block-Bootstrap,0.03131288252113207,0.12008824256735495,1.0,0.2401764851347099,19.0
NOAA,158,Target Risk (L),Unweighted,0.0013968974080614894,0.0008156507411279379,0.0,0.024881168159597934,96.0
NOAA,158,Target Risk (L),Nominal n,0.0020523737102635157,0.001876476965671055,0.0,0.010788823715040537,96.0
NOAA,158,Target Risk (L),Input neff,0.0020523737102635157,0.004568316340469161,1.0,0.009136632680938322,16.197402298694318
NOAA,158,Target Risk (L),GP neff [Ours],0.0020523737102635157,0.001921392850035058,0.0,0.009082020109208439,91.56412886203162
NOAA,158,Target Risk (L),Block-Bootstrap,0.0020523737102635157,0.002401212102856889,1.0,0.004802424205713778,19.0
NOAA,159,Target Mean (Y),Unweighted,0.1340549798167986,0.01567979292169547,0.0,4.766367061647514,96.0
NOAA,159,Target Mean (Y),Nominal n,0.07808510051802786,0.1016989357541385,1.0,0.20339787150827693,96.0
NOAA,159,Target Mean (Y),Input neff,0.07808510051802786,0.2777392727492255,1.0,0.555478545498451,12.871508904432648
NOAA,159,Target Mean (Y),GP neff [Ours],0.07808510051802786,0.2035173837933149,1.0,0.40703476758662976,23.971821054225085
NOAA,159,Target Mean (Y),Block-Bootstrap,0.07808510051802786,0.1330566938146907,1.0,0.2661133876293814,19.0
NOAA,159,Target Risk (L),Unweighted,0.002881878401225361,0.00042428300569320135,0.0,0.09915238183267279,96.0
NOAA,159,Target Risk (L),Nominal n,0.0026943631971882128,0.001710017291819532,0.0,0.04279387079838631,96.0
NOAA,159,Target Risk (L),Input neff,0.0026943631971882128,0.004670048467043372,1.0,0.009340096934086745,12.871508904432648
NOAA,159,Target Risk (L),GP neff [Ours],0.0026943631971882128,0.0017527232540226788,0.0,0.04117104423466673,91.37881878460276
NOAA,159,Target Risk (L),Block-Bootstrap,0.0026943631971882128,0.001346557724149255,0.0,0.04713953393105071,19.0
NOAA,160,Target Mean (Y),Unweighted,0.20720804101653467,0.027865764168238646,0.0,7.2294226022683175,96.0
NOAA,160,Target Mean (Y),Nominal n,0.07676734446811806,0.09286232161271331,1.0,0.18572464322542664,96.0
NOAA,160,Target Mean (Y),Input neff,0.07676734446811806,0.3738463704666509,1.0,0.7476927409333018,5.923303285611443
NOAA,160,Target Mean (Y),GP neff [Ours],0.07676734446811806,0.3334358685522885,1.0,0.6668717371045769,7.446045313988031
NOAA,160,Target Mean (Y),Block-Bootstrap,0.07676734446811806,0.2008029402580399,0.0,0.45850480012734995,19.0
NOAA,160,Target Risk (L),Unweighted,0.0003190476755612565,0.0009560956966210158,1.0,0.0019121913932420315,96.0
NOAA,160,Target Risk (L),Nominal n,0.0007951662702954335,0.0029589908041249427,1.0,0.0059179816082498855,96.0
NOAA,160,Target Risk (L),Input neff,0.0007951662702954335,0.011912344567259469,1.0,0.023824689134518937,5.923303285611443
NOAA,160,Target Risk (L),GP neff [Ours],0.0007951662702954335,0.003271274227818704,1.0,0.006542548455637407,78.54608797897997
NOAA,160,Target Risk (L),Block-Bootstrap,0.0007951662702954335,0.0030945239375902507,1.0,0.0061890478751805015,19.0
NOAA,161,Target Mean (Y),Unweighted,0.06707581315013189,0.01891873063359563,0.0,1.9641207619286423,96.0
NOAA,161,Target Mean (Y),Nominal n,0.044772506888149044,0.07981376907653999,1.0,0.15962753815308006,96.0
NOAA,161,Target Mean (Y),Input neff,0.044772506888149044,0.18358920834689044,1.0,0.3671784166937808,18.143980693336065
NOAA,161,Target Mean (Y),GP neff [Ours],0.044772506888149044,0.12891633521103593,1.0,0.2578326704220719,36.796877861439214
NOAA,161,Target Mean (Y),Block-Bootstrap,0.044772506888149044,0.08583092433786876,1.0,0.17166184867573753,19.0
NOAA,161,Target Risk (L),Unweighted,0.0012679706256747804,0.0008786608922542823,0.0,0.017329711121328483,96.0
NOAA,161,Target Risk (L),Nominal n,0.0006147823503772874,0.0034119472933114934,1.0,0.006823894586622988,96.0
NOAA,161,Target Risk (L),Input neff,0.0006147823503772874,0.007848228566923953,1.0,0.015696457133847905,18.143980693336065
NOAA,161,Target Risk (L),GP neff [Ours],0.0006147823503772874,0.003466143653913301,1.0,0.0069322873078266015,93.02137277424671
NOAA,161,Target Risk (L),Block-Bootstrap,0.0006147823503772874,0.0036741610520754303,1.0,0.007348322104150861,19.0
NOAA,162,Target Mean (Y),Unweighted,0.09628154231679864,0.016695417734776858,0.0,3.2168358187504236,96.0
NOAA,162,Target Mean (Y),Nominal n,0.06697629340749667,0.06663853318323155,0.0,0.14678747533706815,96.0
NOAA,162,Target Mean (Y),Input neff,0.06697629340749667,0.23591634123091845,1.0,0.47183268246183685,7.6595991557520975
NOAA,162,Target Mean (Y),GP neff [Ours],0.06697629340749667,0.19609210741942323,1.0,0.3921842148388465,11.086688952825366
NOAA,162,Target Mean (Y),Block-Bootstrap,0.06697629340749667,0.12931196507495374,1.0,0.2586239301499075,19.0
NOAA,162,Target Risk (L),Unweighted,0.0021916682037392454,0.0007079401272481288,0.0,0.06076500331414092,96.0
NOAA,162,Target Risk (L),Nominal n,0.0031848503909202765,0.0010929372471806683,0.0,0.08586240024394566,96.0
NOAA,162,Target Risk (L),Input neff,0.0031848503909202765,0.003869259184335357,1.0,0.0077385183686707135,7.6595991557520975
NOAA,162,Target Risk (L),GP neff [Ours],0.0031848503909202765,0.002598785664126406,0.0,0.028640160400007636,16.979338329378955
NOAA,162,Target Risk (L),Block-Bootstrap,0.0031848503909202765,0.001058711292666132,0.0,0.0962683192360961,19.0
NOAA,163,Target Mean (Y),Unweighted,0.02635966731679862,0.01727271318830086,0.0,0.3980235915165138,96.0
NOAA,163,Target Mean (Y),Nominal n,0.00475459755705987,0.07609400642062662,1.0,0.15218801284125316,96.0
NOAA,163,Target Mean (Y),Input neff,0.00475459755705987,0.2446962822272118,1.0,0.48939256445442353,9.2836207914642
NOAA,163,Target Mean (Y),GP neff [Ours],0.00475459755705987,0.18835077587305238,1.0,0.37670155174610476,15.668856652430298
NOAA,163,Target Mean (Y),Block-Bootstrap,0.00475459755705987,0.13099756062512338,1.0,0.26199512125024677,19.0
NOAA,163,Target Risk (L),Unweighted,0.0013888055054685753,0.0008180509618960869,0.0,0.024466283666691693,96.0
NOAA,163,Target Risk (L),Nominal n,0.0030962184786727386,0.0007160866603585967,0.0,0.09663744605328288,96.0
NOAA,163,Target Risk (L),Input neff,0.0030962184786727386,0.002302727268343059,0.0,0.03634510294987331,9.2836207914642
NOAA,163,Target Risk (L),GP neff [Ours],0.0030962184786727386,0.0007515284950996465,0.0,0.09529065633312298,87.15885093329726
NOAA,163,Target Risk (L),Block-Bootstrap,0.0030962184786727386,0.0006410368253720626,0.0,0.11420559573602147,19.0
NOAA,164,Target Mean (Y),Unweighted,0.18934345768320138,0.025863816210368134,0.0,6.590913291334065,96.0
NOAA,164,Target Mean (Y),Nominal n,0.11698872899688983,0.07578248857284467,0.0,1.799814594107497,96.0
NOAA,164,Target Mean (Y),Input neff,0.11698872899688983,0.24060222703592402,1.0,0.4812044540718481,9.523786974127418
NOAA,164,Target Mean (Y),GP neff [Ours],0.11698872899688983,0.20054854106208858,1.0,0.4010970821241772,13.707868971738755
NOAA,164,Target Mean (Y),Block-Bootstrap,0.11698872899688983,0.09215838937703186,0.0,1.5812927877857046,19.0
NOAA,164,Target Risk (L),Unweighted,0.0008815973234372883,0.0010035955388047833,1.0,0.002007191077609567,96.0
NOAA,164,Target Risk (L),Nominal n,0.003468393582421114,0.0031888273433989577,0.0,0.01756030424768417,96.0
NOAA,164,Target Risk (L),Input neff,0.003468393582421114,0.01012422493512261,1.0,0.020248449870245218,9.523786974127418
NOAA,164,Target Risk (L),GP neff [Ours],0.003468393582421114,0.004080603610471121,1.0,0.00816120722094224,58.62521180054676
NOAA,164,Target Risk (L),Block-Bootstrap,0.003468393582421114,0.00457160284149499,1.0,0.00914320568298998,19.0
NOAA,165,Target Mean (Y),Unweighted,0.04947366601653469,0.024545849684781244,0.0,1.0462043526397005,96.0
NOAA,165,Target Mean (Y),Nominal n,0.02189813096401594,0.06636121673107491,1.0,0.13272243346214974,96.0
NOAA,165,Target Mean (Y),Input neff,0.02189813096401594,0.218405922292938,1.0,0.43681184458587596,8.86280292610918
NOAA,165,Target Mean (Y),GP neff [Ours],0.02189813096401594,0.1805743926761788,1.0,0.3611487853523576,12.96544979081301
NOAA,165,Target Mean (Y),Block-Bootstrap,0.02189813096401594,0.10407753161800912,1.0,0.20815506323601823,19.0
NOAA,165,Target Risk (L),Unweighted,0.0004904766113069817,0.0011283673750501788,1.0,0.002256734750100357,96.0
NOAA,165,Target Risk (L),Nominal n,0.0018812671684687288,0.003636857541506215,1.0,0.00727371508301243,96.0
NOAA,165,Target Risk (L),Input neff,0.0018812671684687288,0.011969509673392414,1.0,0.02393901934678483,8.86280292610918
NOAA,165,Target Risk (L),GP neff [Ours],0.0018812671684687288,0.0038175811259551096,1.0,0.007635162251910219,87.1258970865668
NOAA,165,Target Risk (L),Block-Bootstrap,0.0018812671684687288,0.0028060940728483544,1.0,0.005612188145696709,19.0
NOAA,166,Target Mean (Y),Unweighted,0.14356018815013194,0.008922375636295365,0.0,5.403357251826053,96.0
NOAA,166,Target Mean (Y),Nominal n,0.09914875770202591,0.05468726061316686,0.0,1.8878344047806956,96.0
NOAA,166,Target Mean (Y),Input neff,0.09914875770202591,0.11190678378570526,1.0,0.22381356757141058,22.926129601626997
NOAA,166,Target Mean (Y),GP neff [Ours],0.09914875770202591,0.07717827731579117,0.0,1.0331757700809714,48.20070723791319
NOAA,166,Target Mean (Y),Block-Bootstrap,0.09914875770202591,0.06323972688992002,0.0,2.149561796381561,19.0
NOAA,166,Target Risk (L),Unweighted,0.002822915643126491,0.00044382262928618286,0.0,0.09605136581218468,96.0
NOAA,166,Target Risk (L),Nominal n,0.0006646223178586952,0.0023405110845161775,1.0,0.004681022169032354,96.0
NOAA,166,Target Risk (L),Input neff,0.0006646223178586952,0.00478939820620558,1.0,0.009578796412411161,22.926129601626997
NOAA,166,Target Risk (L),GP neff [Ours],0.0006646223178586952,0.002662534756604157,1.0,0.005325069513208314,74.18260262673924
NOAA,166,Target Risk (L),Block-Bootstrap,0.0006646223178586952,0.0032262498036537603,1.0,0.006452499607307521,19.0
NOAA,167,Target Mean (Y),Unweighted,0.09977112565013191,0.009055436062571962,0.0,3.646738455627541,96.0
NOAA,167,Target Mean (Y),Nominal n,0.06080999533651765,0.024091169656361638,0.0,1.5169353665189653,96.0
NOAA,167,Target Mean (Y),Input neff,0.06080999533651765,0.03962913504982017,0.0,0.9264926815675412,35.477892887245446
NOAA,167,Target Mean (Y),GP neff [Ours],0.06080999533651765,0.029413207899714383,0.0,1.3146979132715606,64.40242489629253
NOAA,167,Target Mean (Y),Block-Bootstrap,0.06080999533651765,0.06324456515923643,0.0,1.3546951103418285,19.0
NOAA,167,Target Risk (L),Unweighted,0.002259038985617298,0.0005637972802631491,0.0,0.06893726277469225,96.0
NOAA,167,Target Risk (L),Nominal n,0.0024261358881624605,0.0017627963968455751,0.0,0.030059172446366564,96.0
NOAA,167,Target Risk (L),Input neff,0.0024261358881624605,0.0028997386790426184,1.0,0.005799477358085236,35.477892887245446
NOAA,167,Target Risk (L),GP neff [Ours],0.0024261358881624605,0.0017740085306185275,0.0,0.029633111362994374,94.7903514673379
NOAA,167,Target Risk (L),Block-Bootstrap,0.0024261358881624605,0.0022577346051111664,1.0,0.004515469210222333,19.0
NOAA,168,Target Mean (Y),Unweighted,0.18297425065013184,0.008719132305326059,0.0,6.987642998402883,96.0
NOAA,168,Target Mean (Y),Nominal n,0.1423162682916599,0.04072515802740993,0.0,4.1450947266248175,96.0
NOAA,168,Target Mean (Y),Input neff,0.1423162682916599,0.04072515802740993,0.0,4.1450947266248175,96.0
NOAA,168,Target Mean (Y),GP neff [Ours],0.1423162682916599,0.04077932024903896,0.0,4.143036562202915,95.74515905299042
NOAA,168,Target Mean (Y),Block-Bootstrap,0.1423162682916599,0.05004078501575615,0.0,4.010969713718391,19.0
NOAA,168,Target Risk (L),Unweighted,0.0036594429977343996,0.00022997913710826387,0.0,0.13763851269926197,96.0
NOAA,168,Target Risk (L),Nominal n,0.004085312216819838,0.00023419930112546542,0.0,0.1545129152300258,96.0
NOAA,168,Target Risk (L),Input neff,0.004085312216819838,0.00023419930112546542,0.0,0.1545129152300258,96.0
NOAA,168,Target Risk (L),GP neff [Ours],0.004085312216819838,0.0002343526273361761,0.0,0.1545070888340188,95.87442426989087
NOAA,168,Target Risk (L),Block-Bootstrap,0.004085312216819838,0.00021256499204929763,0.0,0.15411579462123676,19.0
NOAA,169,Target Mean (Y),Unweighted,0.15746845768320145,0.028398159247874658,0.0,5.219608255908821,96.0
NOAA,169,Target Mean (Y),Nominal n,0.04865642961463901,0.08791625917936029,1.0,0.1758325183587206,96.0
NOAA,169,Target Mean (Y),Input neff,0.04865642961463901,0.30133557117138393,1.0,0.6026711423427678,8.171632599891117
NOAA,169,Target Mean (Y),GP neff [Ours],0.04865642961463901,0.2629361855045717,1.0,0.5258723710091435,10.732698215899976
NOAA,169,Target Mean (Y),Block-Bootstrap,0.04865642961463901,0.2268525915543216,1.0,0.4537051831086432,19.0
NOAA,169,Target Risk (L),Unweighted,6.366654200071556e-05,0.0010100617474111243,1.0,0.002020123494822249,96.0
NOAA,169,Target Risk (L),Nominal n,0.001090554911449406,0.0032838572152059852,1.0,0.0065677144304119705,96.0
NOAA,169,Target Risk (L),Input neff,0.001090554911449406,0.011255517452927254,1.0,0.02251103490585451,8.171632599891117
NOAA,169,Target Risk (L),GP neff [Ours],0.001090554911449406,0.0034991181191831706,1.0,0.00699823623836634,84.55174157567514
NOAA,169,Target Risk (L),Block-Bootstrap,0.001090554911449406,0.004288952356663733,1.0,0.008577904713327466,19.0
NOAA,170,Target Mean (Y),Unweighted,0.10629456315013208,0.012389804119379512,0.0,3.780969969468862,96.0
NOAA,170,Target Mean (Y),Nominal n,0.09973463125326942,0.045982501469646976,0.0,2.2420501942841913,96.0
NOAA,170,Target Mean (Y),Input neff,0.09973463125326942,0.11343610562571024,1.0,0.22687221125142054,15.77443464754716
NOAA,170,Target Mean (Y),GP neff [Ours],0.09973463125326942,0.08185772478023928,0.0,0.8787917084816863,30.292637032290123
NOAA,170,Target Mean (Y),Block-Bootstrap,0.09973463125326942,0.07191311795251826,0.0,0.9357136265766915,19.0
NOAA,170,Target Risk (L),Unweighted,0.003030098142203198,0.000567161761303895,0.0,0.09965177875857993,96.0
NOAA,170,Target Risk (L),Nominal n,0.0025645196057172623,0.002104088428411491,0.0,0.02262542394905384,96.0
NOAA,170,Target Risk (L),Input neff,0.0025645196057172623,0.005190661438214117,1.0,0.010381322876428234,15.77443464754716
NOAA,170,Target Risk (L),GP neff [Ours],0.0025645196057172623,0.003636542245200215,1.0,0.0072730844904004294,32.138228539896254
NOAA,170,Target Risk (L),Block-Bootstrap,0.0025645196057172623,0.001609590121725601,0.0,0.049168631364371496,19.0
NOAA,171,Target Mean (Y),Unweighted,0.14689352148346535,0.013875610738346485,0.0,5.348467651281446,96.0
NOAA,171,Target Mean (Y),Nominal n,0.07828885804291097,0.03304430468148691,0.0,1.875870743819937,96.0
NOAA,171,Target Mean (Y),Input neff,0.07828885804291097,0.05582833621620689,0.0,1.010077545500578,33.632186156084565
NOAA,171,Target Mean (Y),GP neff [Ours],0.07828885804291097,0.03705169745370233,0.0,1.7235898184757517,76.35689336179051
NOAA,171,Target Mean (Y),Block-Bootstrap,0.07828885804291097,0.06929110780594572,0.0,1.7741594504746976,19.0
NOAA,171,Target Risk (L),Unweighted,0.00029618669878583165,0.0011315881382444742,1.0,0.0022631762764889485,96.0
NOAA,171,Target Risk (L),Nominal n,0.001233051166628485,0.0017582952086486667,1.0,0.003516590417297334,96.0
NOAA,171,Target Risk (L),Input neff,0.001233051166628485,0.0029706388747462163,1.0,0.005941277749492432,33.632186156084565
NOAA,171,Target Risk (L),GP neff [Ours],0.001233051166628485,0.002017091889599731,1.0,0.004034183779199462,72.94633084272988
NOAA,171,Target Risk (L),Block-Bootstrap,0.001233051166628485,0.010892752073927396,1.0,0.02178550414785479,19.0
NOAA,172,Target Mean (Y),Unweighted,0.15448466731679866,0.005814251480821264,0.0,5.958445136400739,96.0
NOAA,172,Target Mean (Y),Nominal n,0.11604939687901383,0.013558107391156007,0.0,4.126767794296624,96.0
NOAA,172,Target Mean (Y),Input neff,0.11604939687901383,0.020323532448950382,0.0,3.86968164210044,42.7239090299599
NOAA,172,Target Mean (Y),GP neff [Ours],0.11604939687901383,0.014294379097960832,0.0,4.098789469438042,86.3651995185525
NOAA,172,Target Mean (Y),Block-Bootstrap,0.11604939687901383,0.017290579643295223,0.0,3.9967803519589635,19.0
NOAA,172,Target Risk (L),Unweighted,0.001656961848478299,0.0009803203673318557,0.0,0.029026299980521447,96.0
NOAA,172,Target Risk (L),Nominal n,0.0009381964971023572,0.0015741773339092093,1.0,0.003148354667818418,96.0
NOAA,172,Target Risk (L),Input neff,0.0009381964971023572,0.0023596836345296276,1.0,0.004719367269059256,42.7239090299599
NOAA,172,Target Risk (L),GP neff [Ours],0.0009381964971023572,0.0015769927285063496,1.0,0.0031539854570126996,95.65752965908467
NOAA,172,Target Risk (L),Block-Bootstrap,0.0009381964971023572,0.0011777278403093156,1.0,0.002355455680618631,19.0
NOAA,173,Target Mean (Y),Unweighted,0.16371643815013193,0.00484617498602322,0.0,6.364502876536394,96.0
NOAA,173,Target Mean (Y),Nominal n,0.14391723397536904,0.019523695206667233,0.0,5.014788941161409,96.0
NOAA,173,Target Mean (Y),Input neff,0.14391723397536904,0.03125467624018576,0.0,4.5690116618877035,37.45978342503804
NOAA,173,Target Mean (Y),GP neff [Ours],0.14391723397536904,0.020229101598755087,0.0,4.987983498262067,89.42152662376012
NOAA,173,Target Mean (Y),Block-Bootstrap,0.14391723397536904,0.029104983438138388,0.0,4.737075826215411,19.0
NOAA,173,Target Risk (L),Unweighted,0.0025128717264665213,0.00037059466211576935,0.0,0.08643227189826161,96.0
NOAA,173,Target Risk (L),Nominal n,0.002549053756744809,0.0011040142256869712,0.0,0.06000960969368746,96.0
NOAA,173,Target Risk (L),Input neff,0.002549053756744809,0.0017673707166162983,0.0,0.03480206303837303,37.45978342503804
NOAA,173,Target Risk (L),GP neff [Ours],0.002549053756744809,0.0011070945806958554,0.0,0.05989255620334986,95.46652672336182
NOAA,173,Target Risk (L),Block-Bootstrap,0.002549053756744809,0.0009487938365707239,0.0,0.0655272219192926,19.0
NOAA,174,Target Mean (Y),Unweighted,0.05602112565013195,0.01253166800490195,0.0,1.7646416418190056,96.0
NOAA,174,Target Mean (Y),Nominal n,0.01949378630615084,0.039410917421508214,1.0,0.07882183484301652,96.0
NOAA,174,Target Mean (Y),Input neff,0.01949378630615084,0.08106219940500847,1.0,0.16212439881001695,22.691727332635466
NOAA,174,Target Mean (Y),GP neff [Ours],0.01949378630615084,0.053566373841912276,1.0,0.10713274768382464,51.966064310093735
NOAA,174,Target Mean (Y),Block-Bootstrap,0.01949378630615084,0.027151292373586933,1.0,0.054302584747173865,19.0
NOAA,174,Target Risk (L),Unweighted,0.0021765745095605844,0.0006226493809068726,0.0,0.06340230390796221,96.0
NOAA,174,Target Risk (L),Nominal n,0.0021593137260455734,0.001671296450856955,0.0,0.02286328390925866,96.0
NOAA,174,Target Risk (L),Input neff,0.0021593137260455734,0.003437599909570052,1.0,0.006875199819140104,22.691727332635466
NOAA,174,Target Risk (L),GP neff [Ours],0.0021593137260455734,0.0016897194297451129,0.0,0.022163210711508664,93.91803964183487
NOAA,174,Target Risk (L),Block-Bootstrap,0.0021593137260455734,0.001544758887132064,0.0,0.050906824779529014,19.0
NOAA,175,Target Mean (Y),Unweighted,0.1404872714834654,0.009729991596357441,0.0,5.249751178677033,96.0
NOAA,175,Target Mean (Y),Nominal n,0.07444742486519129,0.023010720289612287,0.0,2.1034896236023854,96.0
NOAA,175,Target Mean (Y),Input neff,0.07444742486519129,0.0351088976482256,0.0,1.6437588839750805,41.237969429291454
NOAA,175,Target Mean (Y),GP neff [Ours],0.07444742486519129,0.028067432307729942,0.0,1.9113345669139155,64.52474425406129
NOAA,175,Target Mean (Y),Block-Bootstrap,0.07444742486519129,0.058925995017949595,0.0,2.201671037668202,19.0
NOAA,175,Target Risk (L),Unweighted,0.003407530637098862,0.00032385751396105567,0.0,0.12399463995343439,96.0
NOAA,175,Target Risk (L),Nominal n,0.0030074045597644375,0.001456206697814215,0.0,0.06496032787363733,96.0
NOAA,175,Target Risk (L),Input neff,0.0030074045597644375,0.002221825795314176,0.0,0.03586680216863882,41.237969429291454
NOAA,175,Target Risk (L),GP neff [Ours],0.0030074045597644375,0.0016111644443391724,0.0,0.059071933505688935,78.42193305482085
NOAA,175,Target Risk (L),Block-Bootstrap,0.0030074045597644375,0.0012769312450783407,0.0,0.0746825239552438,19.0
NOAA,176,Target Mean (Y),Unweighted,0.1279742506501319,0.00984433416171988,0.0,4.744885327859919,96.0
NOAA,176,Target Mean (Y),Nominal n,0.08994528578607175,0.057020043092300465,0.0,1.4310497939354523,96.0
NOAA,176,Target Mean (Y),Input neff,0.08994528578607175,0.14703577410285773,1.0,0.29407154820571546,14.437110839606449
NOAA,176,Target Mean (Y),GP neff [Ours],0.08994528578607175,0.09642599803454488,1.0,0.19285199606908976,33.56897109864772
NOAA,176,Target Mean (Y),Block-Bootstrap,0.08994528578607175,0.06740456850121868,0.0,0.6636330987853822,19.0
NOAA,176,Target Risk (L),Unweighted,0.0029892061219444453,0.0004354205364668392,0.0,0.10302226449203793,96.0
NOAA,176,Target Risk (L),Nominal n,0.0014483028516855106,0.00263222351766426,1.0,0.00526444703532852,96.0
NOAA,176,Target Risk (L),Input neff,0.0014483028516855106,0.006787631182687994,1.0,0.013575262365375988,14.437110839606449
NOAA,176,Target Risk (L),GP neff [Ours],0.0014483028516855106,0.0041913868973239765,1.0,0.008382773794647953,37.86180027916321
NOAA,176,Target Risk (L),Block-Bootstrap,0.0014483028516855106,0.003913578252400464,1.0,0.007827156504800929,19.0
NOAA,177,Target Mean (Y),Unweighted,0.06272685481679863,0.01668566222023008,0.0,1.8750190283032033,96.0
NOAA,177,Target Mean (Y),Nominal n,0.04602625903628399,0.08096658906914825,1.0,0.16193317813829644,96.0
NOAA,177,Target Mean (Y),Input neff,0.04602625903628399,0.1736291218548934,1.0,0.34725824370978686,20.875543113562372
NOAA,177,Target Mean (Y),GP neff [Ours],0.04602625903628399,0.11962002732519535,1.0,0.23924005465039078,43.982015392029325
NOAA,177,Target Mean (Y),Block-Bootstrap,0.04602625903628399,0.10229995659994368,1.0,0.20459991319988735,19.0
NOAA,177,Target Risk (L),Unweighted,0.0020169047448420365,0.0006795409948713043,0.0,0.05485363198857189,96.0
NOAA,177,Target Risk (L),Nominal n,0.0017952884047239036,0.0036846474510429566,1.0,0.007369294902085913,96.0
NOAA,177,Target Risk (L),Input neff,0.0017952884047239036,0.007901556785640076,1.0,0.015803113571280152,20.875543113562372
NOAA,177,Target Risk (L),GP neff [Ours],0.0017952884047239036,0.0043407039389831365,1.0,0.008681407877966273,69.17398309639275
NOAA,177,Target Risk (L),Block-Bootstrap,0.0017952884047239036,0.0028549039319708796,1.0,0.005709807863941759,19.0
NOAA,178,Target Mean (Y),Unweighted,0.09703675065013184,0.019473207018754785,0.0,3.1414881592925923,96.0
NOAA,178,Target Mean (Y),Nominal n,0.07128023855555321,0.08977652124969711,1.0,0.1795530424993943,96.0
NOAA,178,Target Mean (Y),Input neff,0.07128023855555321,0.31651127732296597,1.0,0.633022554645932,7.723575597247066
NOAA,178,Target Mean (Y),GP neff [Ours],0.07128023855555321,0.24350752134544473,1.0,0.48701504269088947,13.04884338871496
NOAA,178,Target Mean (Y),Block-Bootstrap,0.07128023855555321,0.11962138022731705,1.0,0.2392427604546341,19.0
NOAA,178,Target Risk (L),Unweighted,0.0004889439135815875,0.0009166123646527222,1.0,0.0018332247293054442,96.0
NOAA,178,Target Risk (L),Nominal n,0.0001262498994688034,0.0031686395381715724,1.0,0.006337279076343145,96.0
NOAA,178,Target Risk (L),Input neff,0.0001262498994688034,0.011171185223509888,1.0,0.022342370447019776,7.723575597247066
NOAA,178,Target Risk (L),GP neff [Ours],0.0001262498994688034,0.005287471305053116,1.0,0.010574942610106232,34.476316589397456
NOAA,178,Target Risk (L),Block-Bootstrap,0.0001262498994688034,0.00466742543997033,1.0,0.00933485087994066,19.0
NOAA,179,Target Mean (Y),Unweighted,0.01563050065013194,0.009652497397069528,0.0,0.2584251249166356,96.0
NOAA,179,Target Mean (Y),Nominal n,0.018549294231734903,0.017052042395984575,0.0,0.09399415822198254,96.0
NOAA,179,Target Mean (Y),Input neff,0.018549294231734903,0.035797569622082116,1.0,0.07159513924416427,21.782963096414107
NOAA,179,Target Mean (Y),GP neff [Ours],0.018549294231734903,0.0188655510418024,1.0,0.03773110208360486,78.43051208136174
NOAA,179,Target Mean (Y),Block-Bootstrap,0.018549294231734903,0.026109161005614556,1.0,0.05221832201122911,19.0
NOAA,179,Target Risk (L),Unweighted,0.001394933525754899,0.0012271491425564329,0.0,0.0091656736130515,96.0
NOAA,179,Target Risk (L),Nominal n,0.0026024489788421612,0.001209107179501346,0.0,0.05815188633263531,96.0
NOAA,179,Target Risk (L),Input neff,0.0026024489788421612,0.002538294090152573,0.0,0.00764278372788868,21.782963096414107
NOAA,179,Target Risk (L),GP neff [Ours],0.0026024489788421612,0.00130585073193666,0.0,0.05447563134009339,82.30263869807618
NOAA,179,Target Risk (L),Block-Bootstrap,0.0026024489788421612,0.005302569549078536,1.0,0.010605139098157072,19.0
NOAA,180,Target Mean (Y),Unweighted,0.018456021483465257,0.009098837262824401,0.0,0.392485043351281,96.0
NOAA,180,Target Mean (Y),Nominal n,0.0033997524391378153,0.021914720799683266,1.0,0.043829441599366525,96.0
NOAA,180,Target Mean (Y),Input neff,0.0033997524391378153,0.05012658979162758,1.0,0.10025317958325508,18.348763268614405
NOAA,180,Target Mean (Y),GP neff [Ours],0.0033997524391378153,0.024090542774482585,1.0,0.048181085548965275,79.44195933606623
NOAA,180,Target Mean (Y),Block-Bootstrap,0.0033997524391378153,0.028666616987602145,1.0,0.05733323397520429,19.0
NOAA,180,Target Risk (L),Unweighted,0.0015889176278521596,0.0012086475296025855,0.0,0.01762809898918815,96.0
NOAA,180,Target Risk (L),Nominal n,0.0013926033072958694,0.002252867963681019,1.0,0.004505735927362038,96.0
NOAA,180,Target Risk (L),Input neff,0.0013926033072958694,0.00515309272257623,1.0,0.010306185445152459,18.348763268614405
NOAA,180,Target Risk (L),GP neff [Ours],0.0013926033072958694,0.0022814652958092125,1.0,0.004562930591618424,93.6084335368813
NOAA,180,Target Risk (L),Block-Bootstrap,0.0013926033072958694,0.0032140040935469396,1.0,0.006428008187093879,19.0
NOAA,181,Target Mean (Y),Unweighted,0.006971646483465266,0.019358787798359943,1.0,0.038717575596719955,96.0
NOAA,181,Target Mean (Y),Nominal n,0.030350030046253362,0.09999099945785525,1.0,0.19998199891571056,96.0
NOAA,181,Target Mean (Y),Input neff,0.030350030046253362,0.3698447987128149,1.0,0.7396895974256297,7.017041111516657
NOAA,181,Target Mean (Y),GP neff [Ours],0.030350030046253362,0.3061292343709183,1.0,0.6122584687418366,10.241968626547141
NOAA,181,Target Mean (Y),Block-Bootstrap,0.030350030046253362,0.1262686237233911,1.0,0.2525372474467822,19.0
NOAA,181,Target Risk (L),Unweighted,0.0019013226939520876,0.0006008317996052986,0.0,0.053221299373082155,96.0
NOAA,181,Target Risk (L),Nominal n,0.0018351461491097057,0.0018988959053932739,1.0,0.0037977918107865473,96.0
NOAA,181,Target Risk (L),Input neff,0.0018351461491097057,0.007023599901136818,1.0,0.014047199802273636,7.017041111516657
NOAA,181,Target Risk (L),GP neff [Ours],0.0018351461491097057,0.0020597274080127706,1.0,0.00411945481602554,81.59321634408249
NOAA,181,Target Risk (L),Block-Bootstrap,0.0018351461491097057,0.0011203611744375046,0.0,0.0764979905857372,19.0
NOAA,182,Target Mean (Y),Unweighted,0.12012268815013194,0.012702416496753648,0.0,4.322215699128639,96.0
NOAA,182,Target Mean (Y),Nominal n,0.06804804524231911,0.050833129338680824,0.0,0.7902628948228947,96.0
NOAA,182,Target Mean (Y),Input neff,0.06804804524231911,0.12725122450144455,1.0,0.2545024490028891,15.319372804500674
NOAA,182,Target Mean (Y),GP neff [Ours],0.06804804524231911,0.08885038304123885,1.0,0.17770076608247765,31.422903844302805
NOAA,182,Target Mean (Y),Block-Bootstrap,0.06804804524231911,0.0819424125781999,1.0,0.1638848251563998,19.0
NOAA,182,Target Risk (L),Unweighted,0.003012569414268182,0.0004223591256498894,0.0,0.1044531297960315,96.0
NOAA,182,Target Risk (L),Nominal n,0.0034770039536663752,0.0009838759647246775,0.0,0.10169287148711727,96.0
NOAA,182,Target Risk (L),Input neff,0.0034770039536663752,0.0024629493186343414,0.0,0.045488084038550036,15.319372804500674
NOAA,182,Target Risk (L),GP neff [Ours],0.0034770039536663752,0.0010042011893482685,0.0,0.10092051295142081,92.1532110595829
NOAA,182,Target Risk (L),Block-Bootstrap,0.0034770039536663752,0.0015689992974853625,0.0,0.05616047825266576,19.0
NOAA,183,Target Mean (Y),Unweighted,0.06991435481679864,0.016244574330034532,0.0,2.179280368130632,96.0
NOAA,183,Target Mean (Y),Nominal n,0.0520572021900263,0.07707030499157155,1.0,0.15414060998314305,96.0
NOAA,183,Target Mean (Y),Input neff,0.0520572021900263,0.18341026664894378,1.0,0.36682053329788755,16.951108502919958
NOAA,183,Target Mean (Y),GP neff [Ours],0.0520572021900263,0.13888277431668714,1.0,0.2777655486333743,29.563008044837517
NOAA,183,Target Mean (Y),Block-Bootstrap,0.0520572021900263,0.09397885041367421,1.0,0.18795770082734842,19.0
NOAA,183,Target Risk (L),Unweighted,0.002117312473211377,0.0009137996345330458,0.0,0.04996811281619934,96.0
NOAA,183,Target Risk (L),Nominal n,0.0031170819805025423,0.0018178729348107448,0.0,0.05560410769729339,96.0
NOAA,183,Target Risk (L),Input neff,0.0031170819805025423,0.0043261352053037706,1.0,0.008652270410607541,16.951108502919958
NOAA,183,Target Risk (L),GP neff [Ours],0.0031170819805025423,0.0027635759988394186,0.0,0.019667391264203783,41.53894440966495
NOAA,183,Target Risk (L),Block-Bootstrap,0.0031170819805025423,0.0012960592276690583,0.0,0.07200838020470168,19.0
NOAA,184,Target Mean (Y),Unweighted,0.0753330410165346,0.02711845630936869,0.0,1.9828203009053729,96.0
NOAA,184,Target Mean (Y),Nominal n,0.03082646066477157,0.12261847101058378,1.0,0.24523694202116753,96.0
NOAA,184,Target Mean (Y),Input neff,0.03082646066477157,0.3923232052859885,1.0,0.784646410571977,9.377671868970886
NOAA,184,Target Mean (Y),GP neff [Ours],0.03082646066477157,0.3236424201258806,1.0,0.6472848402517613,13.780092908431527
NOAA,184,Target Mean (Y),Block-Bootstrap,0.03082646066477157,0.16659763300100144,1.0,0.3331952660020029,19.0
NOAA,184,Target Risk (L),Unweighted,0.0009736956594788926,0.0009883594400414994,1.0,0.0019767188800829984,96.0
NOAA,184,Target Risk (L),Nominal n,0.0009105650958967154,0.001912804814989996,1.0,0.0038256096299799924,96.0
NOAA,184,Target Risk (L),Input neff,0.0009105650958967154,0.006120103357336544,1.0,0.012240206714673088,9.377671868970886
NOAA,184,Target Risk (L),GP neff [Ours],0.0009105650958967154,0.001996825092639409,1.0,0.003993650185278818,88.09119363442983
NOAA,184,Target Risk (L),Block-Bootstrap,0.0009105650958967154,0.00267495389436531,1.0,0.00534990778873062,19.0
NOAA,185,Target Mean (Y),Unweighted,0.17571064518320134,0.026735158901338256,0.0,6.0124897690772,96.0
NOAA,185,Target Mean (Y),Nominal n,0.07800303511272033,0.08574717522679316,1.0,0.17149435045358635,96.0
NOAA,185,Target Mean (Y),Input neff,0.07800303511272033,0.2798515843088167,1.0,0.5597031686176335,9.012708756617235
NOAA,185,Target Mean (Y),GP neff [Ours],0.07800303511272033,0.23848825845278074,1.0,0.47697651690556153,12.410145479732108
NOAA,185,Target Mean (Y),Block-Bootstrap,0.07800303511272033,0.12266793482892138,1.0,0.24533586965784276,19.0
NOAA,185,Target Risk (L),Unweighted,0.0007968968048002985,0.0010220959048045078,1.0,0.002044191809609016,96.0
NOAA,185,Target Risk (L),Nominal n,0.0016331737836977915,0.00413128312360681,1.0,0.00826256624721362,96.0
NOAA,185,Target Risk (L),Input neff,0.0016331737836977915,0.01348319783493445,1.0,0.0269663956698689,9.012708756617235
NOAA,185,Target Risk (L),GP neff [Ours],0.0016331737836977915,0.004355406555609286,1.0,0.008710813111218574,86.37414271321872
NOAA,185,Target Risk (L),Block-Bootstrap,0.0016331737836977915,0.0044273279464088254,1.0,0.008854655892817651,19.0
NOAA,186,Target Mean (Y),Unweighted,0.1590830410165347,0.02265228437257755,0.0,5.50253483450344,96.0
NOAA,186,Target Mean (Y),Nominal n,0.07939345892366678,0.07452951911605414,0.0,0.34361663053661556,96.0
NOAA,186,Target Mean (Y),Input neff,0.07939345892366678,0.22770184492554074,1.0,0.45540368985108143,10.284774459781422
NOAA,186,Target Mean (Y),GP neff [Ours],0.07939345892366678,0.18876655683352173,1.0,0.37753311366704345,14.965035889977514
NOAA,186,Target Mean (Y),Block-Bootstrap,0.07939345892366678,0.08147301903087908,0.0,1.309080178723326,19.0
NOAA,186,Target Risk (L),Unweighted,0.001236172670887862,0.0007645272796915501,0.0,0.020394870207235582,96.0
NOAA,186,Target Risk (L),Nominal n,0.00026053194379013506,0.0030058201877361263,1.0,0.006011640375472253,96.0
NOAA,186,Target Risk (L),Input neff,0.00026053194379013506,0.009183351917193846,1.0,0.018366703834387692,10.284774459781422
NOAA,186,Target Risk (L),GP neff [Ours],0.00026053194379013506,0.0031386320712335244,1.0,0.00627726414246705,88.04737458605435
NOAA,186,Target Risk (L),Block-Bootstrap,0.00026053194379013506,0.002138429542222528,1.0,0.004276859084445056,19.0
NOAA,187,Target Mean (Y),Unweighted,0.13645081315013197,0.014090380775882413,0.0,4.922598056521746,96.0
NOAA,187,Target Mean (Y),Nominal n,0.12864891555253277,0.06980438880114165,0.0,2.493389847657926,96.0
NOAA,187,Target Mean (Y),Input neff,0.12864891555253277,0.14865657362229767,1.0,0.29731314724459534,21.167445661035586
NOAA,187,Target Mean (Y),GP neff [Ours],0.12864891555253277,0.0918482375509808,0.0,1.6557235951640399,55.4491682892234
NOAA,187,Target Mean (Y),Block-Bootstrap,0.12864891555253277,0.08833428556733353,0.0,1.6369126239635632,19.0
NOAA,187,Target Risk (L),Unweighted,0.00021414934139761099,0.001237510034673841,1.0,0.0024750200693476818,96.0
NOAA,187,Target Risk (L),Nominal n,0.0030309279382625,0.004854687563893533,1.0,0.009709375127787067,96.0
NOAA,187,Target Risk (L),Input neff,0.0030309279382625,0.010338622422597431,1.0,0.020677244845194863,21.167445661035586
NOAA,187,Target Risk (L),GP neff [Ours],0.0030309279382625,0.006255093859200613,1.0,0.012510187718401226,57.82639806368523
NOAA,187,Target Risk (L),Block-Bootstrap,0.0030309279382625,0.00338084953815127,0.0,0.06578946048398104,19.0
NOAA,188,Target Mean (Y),Unweighted,0.0223642910165347,0.02036070050976694,0.0,0.12086502129024557,96.0
NOAA,188,Target Mean (Y),Nominal n,0.035176968297913724,0.07359844073737125,1.0,0.14719688147474247,96.0
NOAA,188,Target Mean (Y),Input neff,0.035176968297913724,0.17113246755348147,1.0,0.3422649351069629,17.755938616339765
NOAA,188,Target Mean (Y),GP neff [Ours],0.035176968297913724,0.09102196905965612,1.0,0.1820439381193122,62.76477948906255
NOAA,188,Target Mean (Y),Block-Bootstrap,0.035176968297913724,0.09240176553039928,1.0,0.18480353106079855,19.0
NOAA,188,Target Risk (L),Unweighted,0.001050101355446277,0.001317696308911745,1.0,0.0026353926178234906,96.0
NOAA,188,Target Risk (L),Nominal n,0.0014614761263812056,0.0024988545103365547,1.0,0.00499770902067311,96.0
NOAA,188,Target Risk (L),Input neff,0.0014614761263812056,0.005810383129406437,1.0,0.011620766258812873,17.755938616339765
NOAA,188,Target Risk (L),GP neff [Ours],0.0014614761263812056,0.0025417569974503715,1.0,0.005083513994900743,92.78656978079395
NOAA,188,Target Risk (L),Block-Bootstrap,0.0014614761263812056,0.001245316884387769,0.0,0.07517518465020998,19.0
NOAA,189,Target Mean (Y),Unweighted,0.06861227148346527,0.014557300165550041,0.0,2.1913134530477105,96.0
NOAA,189,Target Mean (Y),Nominal n,0.05707432940284729,0.08226134674024159,1.0,0.1645226934804831,96.0
NOAA,189,Target Mean (Y),Input neff,0.05707432940284729,0.32349237939070874,1.0,0.6469847587814175,6.207757666775417
NOAA,189,Target Mean (Y),GP neff [Ours],0.05707432940284729,0.26826335612837865,1.0,0.5365267122567574,9.026931699624482
NOAA,189,Target Mean (Y),Block-Bootstrap,0.05707432940284729,0.11094906314905406,1.0,0.22189812629810812,19.0
NOAA,189,Target Risk (L),Unweighted,0.0032026018766767306,0.000424314453708004,0.0,0.11198012582616507,96.0
NOAA,189,Target Risk (L),Nominal n,0.0028998811455820776,0.0010259209591809869,0.0,0.07701024937440559,96.0
NOAA,189,Target Risk (L),Input neff,0.0028998811455820776,0.0040344295991194086,1.0,0.008068859198238817,6.207757666775417
NOAA,189,Target Risk (L),GP neff [Ours],0.0028998811455820776,0.0011276047739294146,0.0,0.07314626441396536,79.46670869834452
NOAA,189,Target Risk (L),Block-Bootstrap,0.0028998811455820776,0.0009725399309266762,0.0,0.0778611660718896,19.0
NOAA,190,Target Mean (Y),Unweighted,0.05313252018320136,0.023323916548268323,0.0,1.2389919784938561,96.0
NOAA,190,Target Mean (Y),Nominal n,0.07940133250073766,0.1305016675682958,1.0,0.2610033351365915,96.0
NOAA,190,Target Mean (Y),Input neff,0.07940133250073766,0.38112688869465083,1.0,0.7622537773893017,11.255484035345164
NOAA,190,Target Mean (Y),GP neff [Ours],0.07940133250073766,0.3233042563672395,1.0,0.646608512734479,15.641576063811845
NOAA,190,Target Mean (Y),Block-Bootstrap,0.07940133250073766,0.2375844188362925,1.0,0.475168837672585,19.0
NOAA,190,Target Risk (L),Unweighted,0.00159371901243019,0.0007563685180329345,0.0,0.035006756811956086,96.0
NOAA,190,Target Risk (L),Nominal n,0.0009692473043600462,0.0030840445096854325,1.0,0.006168089019370864,96.0
NOAA,190,Target Risk (L),Input neff,0.0009692473043600462,0.009006875624459718,1.0,0.018013751248919435,11.255484035345164
NOAA,190,Target Risk (L),GP neff [Ours],0.0009692473043600462,0.0031812665082626185,1.0,0.006362533016525236,90.22198977944826
NOAA,190,Target Risk (L),Block-Bootstrap,0.0009692473043600462,0.004202287074633208,1.0,0.008404574149266417,19.0
NOAA,191,Target Mean (Y),Unweighted,0.10557841731679862,0.018358941535492012,0.0,3.5254969143232486,96.0
NOAA,191,Target Mean (Y),Nominal n,0.036381694225334216,0.08993333953293353,1.0,0.17986667906586695,96.0
NOAA,191,Target Mean (Y),Input neff,0.036381694225334216,0.18230903286392622,1.0,0.3646180657278524,23.36126198297574
NOAA,191,Target Mean (Y),GP neff [Ours],0.036381694225334216,0.1366887619327405,1.0,0.273377523865481,41.557274253625536
NOAA,191,Target Mean (Y),Block-Bootstrap,0.036381694225334216,0.13026660719922803,1.0,0.26053321439845606,19.0
NOAA,191,Target Risk (L),Unweighted,0.003298639742935196,0.00031648821521238667,0.0,0.11991903753933715,96.0
NOAA,191,Target Risk (L),Nominal n,0.0034776462129380474,0.0006387417816703688,0.0,0.11483366081404789,96.0
NOAA,191,Target Risk (L),Input neff,0.0034776462129380474,0.0012948301160712787,0.0,0.08990230410681331,23.36126198297574
NOAA,191,Target Risk (L),GP neff [Ours],0.0034776462129380474,0.0007935126190544758,0.0,0.10895236899345183,62.20341215629244
NOAA,191,Target Risk (L),Block-Bootstrap,0.0034776462129380474,0.0010061907318736295,0.0,0.08908546184844866,19.0
NOAA,192,Target Mean (Y),Unweighted,0.013041374349868073,0.01982990047499033,1.0,0.03965980094998067,96.0
NOAA,192,Target Mean (Y),Nominal n,0.01018120576559245,0.08953676600404928,1.0,0.1790735320080985,96.0
NOAA,192,Target Mean (Y),Input neff,0.01018120576559245,0.2527720830495612,1.0,0.5055441660991224,12.045250219894102
NOAA,192,Target Mean (Y),GP neff [Ours],0.01018120576559245,0.18269536169346184,1.0,0.36539072338692363,23.0578599965293
NOAA,192,Target Mean (Y),Block-Bootstrap,0.01018120576559245,0.11472455399508374,1.0,0.2294491079901675,19.0
NOAA,192,Target Risk (L),Unweighted,0.001004908671095978,0.001259586733241131,1.0,0.002519173466482262,96.0
NOAA,192,Target Risk (L),Nominal n,0.0034585474455549403,0.0007715250381563611,0.0,0.10902394637225589,96.0
NOAA,192,Target Risk (L),Input neff,0.0034585474455549403,0.002178099564271239,0.0,0.05557411437989052,12.045250219894102
NOAA,192,Target Risk (L),GP neff [Ours],0.0034585474455549403,0.0007920503950503031,0.0,0.10824398281028609,91.08894091955916
NOAA,192,Target Risk (L),Block-Bootstrap,0.0034585474455549403,0.001103574690449666,0.0,0.0838736981313375,19.0
NOAA,193,Target Mean (Y),Unweighted,0.10365133398346527,0.009369014794957829,0.0,3.790030797130215,96.0
NOAA,193,Target Mean (Y),Nominal n,0.06695923910984503,0.05219297012596446,0.0,0.6950366996071513,96.0
NOAA,193,Target Mean (Y),Input neff,0.06695923910984503,0.1165364198813603,1.0,0.23307283976272064,19.25625873452142
NOAA,193,Target Mean (Y),GP neff [Ours],0.06695923910984503,0.07979312694633063,1.0,0.15958625389266134,41.073743569550565
NOAA,193,Target Mean (Y),Block-Bootstrap,0.06695923910984503,0.06589908229898872,1.0,0.13179816459797744,19.0
NOAA,193,Target Risk (L),Unweighted,0.0030557018984778642,0.0003392861395717693,0.0,0.10933520263538733,96.0
NOAA,193,Target Risk (L),Nominal n,0.0036146925139848955,0.0006270003134475632,0.0,0.12076168864838843,96.0
NOAA,193,Target Risk (L),Input neff,0.0036146925139848955,0.0013999657735002209,0.0,0.09138900116638742,19.25625873452142
NOAA,193,Target Risk (L),GP neff [Ours],0.0036146925139848955,0.0006993149086503885,0.0,0.11801373403068106,77.17225218905888
NOAA,193,Target Risk (L),Block-Bootstrap,0.0036146925139848955,0.0008101794815163288,0.0,0.10985143602809111,19.0
NOAA,194,Target Mean (Y),Unweighted,0.06374449934986803,0.017563958065915083,0.0,1.8823495674899497,96.0
NOAA,194,Target Mean (Y),Nominal n,0.036802910507592435,0.053530929546932816,1.0,0.10706185909386567,96.0
NOAA,194,Target Mean (Y),Input neff,0.036802910507592435,0.16559703709898152,1.0,0.3311940741979631,10.031726393733571
NOAA,194,Target Mean (Y),GP neff [Ours],0.036802910507592435,0.11880803446733697,1.0,0.23761606893467396,19.488983169384337
NOAA,194,Target Mean (Y),Block-Bootstrap,0.036802910507592435,0.06489301678695708,1.0,0.12978603357391416,19.0
NOAA,194,Target Risk (L),Unweighted,0.0012576061488213815,0.0008658647897719526,0.0,0.017401383941521072,96.0
NOAA,194,Target Risk (L),Nominal n,0.0010110522159794593,0.005114336010401103,1.0,0.010228672020802205,96.0
NOAA,194,Target Risk (L),Input neff,0.0010110522159794593,0.01582111308768736,1.0,0.03164222617537472,10.031726393733571
NOAA,194,Target Risk (L),GP neff [Ours],0.0010110522159794593,0.006518117663696032,1.0,0.013036235327392062,59.1024325939831
NOAA,194,Target Risk (L),Block-Bootstrap,0.0010110522159794593,0.005804486867700637,1.0,0.011608973735401274,19.0
NOAA,195,Target Mean (Y),Unweighted,0.18034404231679857,0.0047320586037444354,0.0,7.033943465729653,96.0
NOAA,195,Target Mean (Y),Nominal n,0.16624291578689054,0.018293081721540923,0.0,5.954579526057069,96.0
NOAA,195,Target Mean (Y),Input neff,0.16624291578689054,0.018293081721540923,0.0,5.954579526057069,96.0
NOAA,195,Target Mean (Y),GP neff [Ours],0.16624291578689054,0.018293081721540923,0.0,5.954579526057069,96.0
NOAA,195,Target Mean (Y),Block-Bootstrap,0.16624291578689054,0.028429000964667384,0.0,5.621156295145645,19.0
NOAA,195,Target Risk (L),Unweighted,0.0033145205994661456,0.0003887566984878493,0.0,0.11780806943610754,96.0
NOAA,195,Target Risk (L),Nominal n,0.0035373567402853185,0.0006258857028780785,0.0,0.11771061290204576,96.0
NOAA,195,Target Risk (L),Input neff,0.0035373567402853185,0.0006258857028780785,0.0,0.11771061290204576,96.0
NOAA,195,Target Risk (L),GP neff [Ours],0.0035373567402853185,0.0006258857028780785,0.0,0.11771061290204576,96.0
NOAA,195,Target Risk (L),Block-Bootstrap,0.0035373567402853185,0.0009565456241251478,0.0,0.09105045253700725,19.0
NOAA,196,Target Mean (Y),Unweighted,0.15767477148346531,0.007368674763484335,0.0,6.026981218326207,96.0
NOAA,196,Target Mean (Y),Nominal n,0.14059251532364314,0.02430450578978235,0.0,4.700129392933995,96.0
NOAA,196,Target Mean (Y),Input neff,0.14059251532364314,0.05914747239778611,0.0,3.3760966618298553,16.2096053570818
NOAA,196,Target Mean (Y),GP neff [Ours],0.14059251532364314,0.034891776003801514,0.0,4.297813124801267,46.57991273354507
NOAA,196,Target Mean (Y),Block-Bootstrap,0.14059251532364314,0.028647845308710784,0.0,4.210295792631266,19.0
NOAA,196,Target Risk (L),Unweighted,0.0035825222538367197,0.00032607241131847164,0.0,0.1309101385233669,96.0
NOAA,196,Target Risk (L),Nominal n,0.002958111702073834,0.0013812409408432771,0.0,0.06583731233090884,96.0
NOAA,196,Target Risk (L),Input neff,0.002958111702073834,0.003361389494188577,1.0,0.006722778988377154,16.2096053570818
NOAA,196,Target Risk (L),GP neff [Ours],0.002958111702073834,0.0014047172543414817,0.0,0.06494521241797707,92.81801670880594
NOAA,196,Target Risk (L),Block-Bootstrap,0.002958111702073834,0.0006124945653868334,0.0,0.12408090160320909,19.0
NOAA,197,Target Mean (Y),Unweighted,0.1495627923167986,0.014008285098297038,0.0,5.450196858936658,96.0
NOAA,197,Target Mean (Y),Nominal n,0.11729474395664807,0.06819109858240856,0.0,2.100528012134397,96.0
NOAA,197,Target Mean (Y),Input neff,0.11729474395664807,0.21357698022945074,1.0,0.4271539604589014,9.786281948408652
NOAA,197,Target Mean (Y),GP neff [Ours],0.11729474395664807,0.17806503730331036,1.0,0.3561300746066207,14.078918576844584
NOAA,197,Target Mean (Y),Block-Bootstrap,0.11729474395664807,0.08683816631564589,0.0,0.8744160882670204,19.0
NOAA,197,Target Risk (L),Unweighted,8.339867885397839e-05,0.0007147765915002735,1.0,0.001429553183000547,96.0
NOAA,197,Target Risk (L),Nominal n,0.0020546016235848037,0.001344260324020723,0.0,0.031102172630604677,96.0
NOAA,197,Target Risk (L),Input neff,0.0020546016235848037,0.004210271818683879,1.0,0.008420543637367758,9.786281948408652
NOAA,197,Target Risk (L),GP neff [Ours],0.0020546016235848037,0.00176382801941456,0.0,0.015158600205638865,55.76035364795297
NOAA,197,Target Risk (L),Block-Bootstrap,0.0020546016235848037,0.0019306621099148026,1.0,0.0038613242198296052,19.0
NOAA,198,Target Mean (Y),Unweighted,0.07425231184986802,0.030697982764701526,0.0,1.8035691289360647,96.0
NOAA,198,Target Mean (Y),Nominal n,0.00017401869636335388,0.08993432190499093,1.0,0.1798686438099819,96.0
NOAA,198,Target Mean (Y),Input neff,0.00017401869636335388,0.36339466502806705,1.0,0.7267893300561341,5.8798340329531795
NOAA,198,Target Mean (Y),GP neff [Ours],0.00017401869636335388,0.315667040515692,1.0,0.6313340810313839,7.792264481297468
NOAA,198,Target Mean (Y),Block-Bootstrap,0.00017401869636335388,0.13758029020464707,1.0,0.27516058040929414,19.0
NOAA,198,Target Risk (L),Unweighted,0.001219264236253033,0.0008070021882796612,0.0,0.018104486295494195,96.0
NOAA,198,Target Risk (L),Nominal n,0.0026917072870231385,0.0020852285687461697,0.0,0.028429605868571094,96.0
NOAA,198,Target Risk (L),Input neff,0.0026917072870231385,0.00842571469040473,1.0,0.01685142938080946,5.8798340329531795
NOAA,198,Target Risk (L),GP neff [Ours],0.0026917072870231385,0.0023104838754087137,0.0,0.01986990421539442,78.19386529841961
NOAA,198,Target Risk (L),Block-Bootstrap,0.0026917072870231385,0.002932918721447615,1.0,0.00586583744289523,19.0
NOAA,199,Target Mean (Y),Unweighted,0.0726247076832014,0.020431645762681624,0.0,2.1285857683461535,96.0
NOAA,199,Target Mean (Y),Nominal n,0.03199255571088777,0.07529142630696473,1.0,0.15058285261392945,96.0
NOAA,199,Target Mean (Y),Input neff,0.03199255571088777,0.23058321386905767,1.0,0.46116642773811534,10.235449165304988
NOAA,199,Target Mean (Y),GP neff [Ours],0.03199255571088777,0.17637725065556956,1.0,0.35275450131113906,17.49351753523959
NOAA,199,Target Mean (Y),Block-Bootstrap,0.03199255571088777,0.0821350323883294,1.0,0.1642700647766588,19.0
NOAA,199,Target Risk (L),Unweighted,5.635121408840288e-05,0.001000074367194816,1.0,0.0020001487343896326,96.0
NOAA,199,Target Risk (L),Nominal n,0.00019930621532835736,0.0036989324242190356,1.0,0.007397864848438072,96.0
NOAA,199,Target Risk (L),Input neff,0.00019930621532835736,0.011328138781480257,1.0,0.022656277562960514,10.235449165304988
NOAA,199,Target Risk (L),GP neff [Ours],0.00019930621532835736,0.0038562615397280103,1.0,0.00771252307945602,88.32650895570094
NOAA,199,Target Risk (L),Block-Bootstrap,0.00019930621532835736,0.0034029844684928135,1.0,0.006805968936985627,19.0
NOAA,200,Target Mean (Y),Unweighted,0.01617939518320133,0.014143917331017188,0.0,0.1097069487494009,96.0
NOAA,200,Target Mean (Y),Nominal n,0.01907940556306864,0.06802090541419153,1.0,0.13604181082838296,96.0
NOAA,200,Target Mean (Y),Input neff,0.01907940556306864,0.20969886186205208,1.0,0.4193977237241042,10.100989118507949
NOAA,200,Target Mean (Y),GP neff [Ours],0.01907940556306864,0.16793911339013087,1.0,0.3358782267802618,15.748976603662861
NOAA,200,Target Mean (Y),Block-Bootstrap,0.01907940556306864,0.10367814190657543,1.0,0.20735628381315085,19.0
NOAA,200,Target Risk (L),Unweighted,0.001829687964191514,0.000948023173407853,0.0,0.03716263797816213,96.0
NOAA,200,Target Risk (L),Nominal n,0.00029662889698188477,0.0016250876606188883,1.0,0.003250175321237777,96.0
NOAA,200,Target Risk (L),Input neff,0.00029662889698188477,0.005009916154199665,1.0,0.01001983230839933,10.100989118507949
NOAA,200,Target Risk (L),GP neff [Ours],0.00029662889698188477,0.001702099758153825,1.0,0.0034041995163076495,87.50941859217113
NOAA,200,Target Risk (L),Block-Bootstrap,0.00029662889698188477,0.0014572339513192198,1.0,0.0029144679026384397,19.0
NOAA,201,Target Mean (Y),Unweighted,0.0016851881501319665,0.005447340232955731,1.0,0.010894680465911355,96.0
NOAA,201,Target Mean (Y),Nominal n,0.0004252356094107679,0.019806008893559882,1.0,0.03961201778711976,96.0
NOAA,201,Target Mean (Y),Input neff,0.0004252356094107679,0.04032553633783916,1.0,0.08065107267567839,23.158203604562633
NOAA,201,Target Mean (Y),GP neff [Ours],0.0004252356094107679,0.023343935703514965,1.0,0.04668787140703001,69.1062004840293
NOAA,201,Target Mean (Y),Block-Bootstrap,0.0004252356094107679,0.026232116936051042,1.0,0.052464233872102084,19.0
NOAA,201,Target Risk (L),Unweighted,0.007010281560583038,0.0016575130972508565,0.0,0.217425764727789,96.0
NOAA,201,Target Risk (L),Nominal n,0.004212502739623074,0.006334859031880261,1.0,0.012669718063760521,96.0
NOAA,201,Target Risk (L),Input neff,0.004212502739623074,0.012897933624993998,1.0,0.025795867249987996,23.158203604562633
NOAA,201,Target Risk (L),GP neff [Ours],0.004212502739623074,0.007363814848258844,1.0,0.01472762969651769,71.04596582261041
NOAA,201,Target Risk (L),Block-Bootstrap,0.004212502739623074,0.008882821106976723,1.0,0.017765642213953447,19.0
NOAA,202,Target Mean (Y),Unweighted,0.1048883131501318,0.01845508328482176,0.0,3.4942393611820473,96.0
NOAA,202,Target Mean (Y),Nominal n,0.12455430992789895,0.0778294819861374,0.0,2.024652081642738,96.0
NOAA,202,Target Mean (Y),Input neff,0.12455430992789895,0.2514720756011006,1.0,0.5029441512022013,9.195598061831797
NOAA,202,Target Mean (Y),GP neff [Ours],0.12455430992789895,0.18914890128213002,1.0,0.37829780256426004,16.253686055655496
NOAA,202,Target Mean (Y),Block-Bootstrap,0.12455430992789895,0.16038974701955916,1.0,0.3207794940391183,19.0
NOAA,202,Target Risk (L),Unweighted,0.0007357585052005476,0.0010994409456934243,1.0,0.0021988818913868478,96.0
NOAA,202,Target Risk (L),Nominal n,0.006204980783156357,0.006811988623658488,1.0,0.013623977247316975,96.0
NOAA,202,Target Risk (L),Input neff,0.006204980783156357,0.022009974555241157,1.0,0.044019949110482307,9.195598061831797
NOAA,202,Target Risk (L),GP neff [Ours],0.006204980783156357,0.007132355412417062,1.0,0.014264710824834125,87.5695480483862
NOAA,202,Target Risk (L),Block-Bootstrap,0.006204980783156357,0.007407663680853786,1.0,0.014815327361707572,19.0
NOAA,203,Target Mean (Y),Unweighted,0.04234925065013184,0.016004695045445032,0.0,1.085791614278364,96.0
NOAA,203,Target Mean (Y),Nominal n,0.011511427534226293,0.08387047676037493,1.0,0.1677409535207499,96.0
NOAA,203,Target Mean (Y),Input neff,0.011511427534226293,0.2655004789378737,1.0,0.5310009578757473,9.579852864772722
NOAA,203,Target Mean (Y),GP neff [Ours],0.011511427534226293,0.19822616037841911,1.0,0.39645232075683823,17.18571158004162
NOAA,203,Target Mean (Y),Block-Bootstrap,0.011511427534226293,0.12109043192854707,1.0,0.24218086385709414,19.0
NOAA,203,Target Risk (L),Unweighted,0.0013804593952346936,0.0008194563791122958,0.0,0.024079033403120502,96.0
NOAA,203,Target Risk (L),Nominal n,0.0011361765990764287,0.002695212358274491,1.0,0.005390424716548982,96.0
NOAA,203,Target Risk (L),Input neff,0.0011361765990764287,0.008531967381151615,1.0,0.01706393476230323,9.579852864772722
NOAA,203,Target Risk (L),GP neff [Ours],0.0011361765990764287,0.0028230691750785806,1.0,0.005646138350157161,87.50123277334782
NOAA,203,Target Risk (L),Block-Bootstrap,0.0011361765990764287,0.00233688063888239,1.0,0.00467376127776478,19.0
NOAA,204,Target Mean (Y),Unweighted,0.15029195898346537,0.012956504418971981,0.0,5.519331191417678,96.0
NOAA,204,Target Mean (Y),Nominal n,0.09020619742059721,0.0717784464012084,0.0,0.8806669335779715,96.0
NOAA,204,Target Mean (Y),Input neff,0.09020619742059721,0.15976234556211416,1.0,0.31952469112422843,19.37806842604582
NOAA,204,Target Mean (Y),GP neff [Ours],0.09020619742059721,0.11392499823357578,1.0,0.22784999646715165,38.10844958231287
NOAA,204,Target Mean (Y),Block-Bootstrap,0.09020619742059721,0.09305109582038368,0.0,0.6526232963333528,19.0
NOAA,204,Target Risk (L),Unweighted,0.002722972469358675,0.0005221771001135644,0.0,0.08907616897003154,96.0
NOAA,204,Target Risk (L),Nominal n,0.003213199814252795,0.0011567850517599934,0.0,0.08457016060323204,96.0
NOAA,204,Target Risk (L),Input neff,0.003213199814252795,0.0025747379951268617,0.0,0.03068794875529105,19.37806842604582
NOAA,204,Target Risk (L),GP neff [Ours],0.003213199814252795,0.0016102916743561428,0.0,0.06733690894457836,49.54130858634544
NOAA,204,Target Risk (L),Block-Bootstrap,0.003213199814252795,0.0007612425263702707,0.0,0.10456636819148575,19.0
NOAA,205,Target Mean (Y),Unweighted,0.12544820898346531,0.012084212521776093,0.0,4.5587282835111225,96.0
NOAA,205,Target Mean (Y),Nominal n,0.10659457219834512,0.03132334218558196,0.0,3.07349588488169,96.0
NOAA,205,Target Mean (Y),Input neff,0.10659457219834512,0.05097426156795276,0.0,2.3267609483515974,36.24979346435613
NOAA,205,Target Mean (Y),GP neff [Ours],0.10659457219834512,0.03783531466159073,0.0,2.826040930793357,65.79800446258558
NOAA,205,Target Mean (Y),Block-Bootstrap,0.10659457219834512,0.027657357525832427,0.0,3.9215919723235757,19.0
NOAA,205,Target Risk (L),Unweighted,0.0022462387898397338,0.000637947488440608,0.0,0.06560754703284624,96.0
NOAA,205,Target Risk (L),Nominal n,0.0032245598973769914,0.0006992517786953537,0.0,0.10241082830465623,96.0
NOAA,205,Target Risk (L),Input neff,0.0032245598973769914,0.0011379323080498078,0.0,0.08574096818918699,36.24979346435613
NOAA,205,Target Risk (L),GP neff [Ours],0.0032245598973769914,0.000703912420298496,0.0,0.10223372392373682,94.73296626129111
NOAA,205,Target Risk (L),Block-Bootstrap,0.0032245598973769914,0.003052113265769607,1.0,0.006104226531539214,19.0
NOAA,206,Target Mean (Y),Unweighted,0.02774189518320136,0.025739156755883223,0.0,0.13158785060449163,96.0
NOAA,206,Target Mean (Y),Nominal n,0.03476452098659688,0.12491639819492596,1.0,0.2498327963898519,96.0
NOAA,206,Target Mean (Y),Input neff,0.03476452098659688,0.4999430424284399,1.0,0.9998860848568799,5.993342297707087
NOAA,206,Target Mean (Y),GP neff [Ours],0.03476452098659688,0.43211433565047674,1.0,0.8642286713009535,8.022556619068515
NOAA,206,Target Mean (Y),Block-Bootstrap,0.03476452098659688,0.16923880111922418,1.0,0.33847760223844836,19.0
NOAA,206,Target Risk (L),Unweighted,0.0017594058550376326,0.0008673669104126737,0.0,0.03741629160582371,96.0
NOAA,206,Target Risk (L),Nominal n,0.0005882392939176402,0.005120882887187708,1.0,0.010241765774375418,96.0
NOAA,206,Target Risk (L),Input neff,0.0005882392939176402,0.020494905453048422,1.0,0.040989810906096845,5.993342297707087
NOAA,206,Target Risk (L),GP neff [Ours],0.0005882392939176402,0.010154682941060873,1.0,0.020309365882121747,24.413395375646207
NOAA,206,Target Risk (L),Block-Bootstrap,0.0005882392939176402,0.005270054965031851,1.0,0.010540109930063702,19.0
NOAA,207,Target Mean (Y),Unweighted,0.11949768815013184,0.011433236190650913,0.0,4.345444550760537,96.0
NOAA,207,Target Mean (Y),Nominal n,0.07788327238620729,0.05797001347430829,0.0,0.9124703834245762,96.0
NOAA,207,Target Mean (Y),Input neff,0.07788327238620729,0.13024267546299395,1.0,0.2604853509259879,19.01828791034539
NOAA,207,Target Mean (Y),GP neff [Ours],0.07788327238620729,0.09001530720459107,1.0,0.1800306144091821,39.81486978504914
NOAA,207,Target Mean (Y),Block-Bootstrap,0.07788327238620729,0.0816017279373511,0.0,0.6111473465598851,19.0
NOAA,207,Target Risk (L),Unweighted,0.003035230171852109,0.00039752151876279977,0.0,0.10630338916109797,96.0
NOAA,207,Target Risk (L),Nominal n,0.001836431612045652,0.0022471381199436103,1.0,0.0044942762398872205,96.0
NOAA,207,Target Risk (L),Input neff,0.001836431612045652,0.005048701273910308,1.0,0.010097402547820615,19.01828791034539
NOAA,207,Target Risk (L),GP neff [Ours],0.001836431612045652,0.002572190957495196,1.0,0.005144381914990392,73.26968980377761
NOAA,207,Target Risk (L),Block-Bootstrap,0.001836431612045652,0.002239974560365731,1.0,0.004479949120731462,19.0
NOAA,208,Target Mean (Y),Unweighted,0.13835185481679857,0.009054617215333282,0.0,5.189998738489278,96.0
NOAA,208,Target Mean (Y),Nominal n,0.11031728295891818,0.03502364018614787,0.0,3.0817929912831072,96.0
NOAA,208,Target Mean (Y),Input neff,0.11031728295891818,0.11253931532758873,1.0,0.22507863065517753,9.297908346411523
NOAA,208,Target Mean (Y),GP neff [Ours],0.11031728295891818,0.08471292924937861,0.0,1.1936000068803418,16.409464155904885
NOAA,208,Target Mean (Y),Block-Bootstrap,0.11031728295891818,0.06190026094293727,0.0,2.100645505789464,19.0
NOAA,208,Target Risk (L),Unweighted,0.003513670404836633,0.0003196468646188148,0.0,0.12840023533795036,96.0
NOAA,208,Target Risk (L),Nominal n,0.0032588553905369784,0.0012196916243042545,0.0,0.08400593389791747,96.0
NOAA,208,Target Risk (L),Input neff,0.0032588553905369784,0.00391916030373919,1.0,0.00783832060747838,9.297908346411523
NOAA,208,Target Risk (L),GP neff [Ours],0.0032588553905369784,0.0012765850243108485,0.0,0.08184398469766689,87.63383655638778
NOAA,208,Target Risk (L),Block-Bootstrap,0.0032588553905369784,0.0021937005411242338,1.0,0.0043874010822484676,19.0
NOAA,209,Target Mean (Y),Unweighted,0.04702574934986814,0.018942892118104127,0.0,1.1612000735067667,96.0
NOAA,209,Target Mean (Y),Nominal n,0.026119481722429838,0.11448992661638017,1.0,0.22897985323276032,96.0
NOAA,209,Target Mean (Y),Input neff,0.026119481722429838,0.34371323814951055,1.0,0.6874264762990212,10.651561232615265
NOAA,209,Target Mean (Y),GP neff [Ours],0.026119481722429838,0.28351706406588223,1.0,0.5670341281317646,15.654794866185973
NOAA,209,Target Mean (Y),Block-Bootstrap,0.026119481722429838,0.16184222032795953,1.0,0.32368444065591906,19.0
NOAA,209,Target Risk (L),Unweighted,0.0029754163874513946,0.0005068860978583408,0.0,0.09975498377943882,96.0
NOAA,209,Target Risk (L),Nominal n,0.0025514590634706786,0.001470435315138553,0.0,0.04618182056356214,96.0
NOAA,209,Target Risk (L),Input neff,0.0025514590634706786,0.004414432767951122,1.0,0.008828865535902244,10.651561232615265
NOAA,209,Target Risk (L),GP neff [Ours],0.0025514590634706786,0.00216614191221263,0.0,0.01974496987474719,44.23736711615989
NOAA,209,Target Risk (L),Block-Bootstrap,0.0025514590634706786,0.0011665649945367996,0.0,0.05309476308503623,19.0
NOAA,210,Target Mean (Y),Unweighted,0.09215393815013206,0.01026781832671053,0.0,3.2959804295902826,96.0
NOAA,210,Target Mean (Y),Nominal n,0.09549085849916428,0.033449378320943954,0.0,2.5485579637707003,96.0
NOAA,210,Target Mean (Y),Input neff,0.09549085849916428,0.05902585261139716,0.0,1.5766519407334796,30.82923838978683
NOAA,210,Target Mean (Y),GP neff [Ours],0.09549085849916428,0.045630240228338406,0.0,2.085685211289712,51.58718424893167
NOAA,210,Target Mean (Y),Block-Bootstrap,0.09549085849916428,0.0468459774083968,0.0,2.463836855360447,19.0
NOAA,210,Target Risk (L),Unweighted,0.0030343220897892983,0.00042700733820532353,0.0,0.10514660473976964,96.0
NOAA,210,Target Risk (L),Nominal n,0.0024615637953358345,0.0013361296537780728,0.0,0.04768962496986662,96.0
NOAA,210,Target Risk (L),Input neff,0.0024615637953358345,0.002357777512541704,0.0,0.00886700633684864,30.82923838978683
NOAA,210,Target Risk (L),GP neff [Ours],0.0024615637953358345,0.0014478056497033618,0.0,0.04344593712470563,81.761321908974
NOAA,210,Target Risk (L),Block-Bootstrap,0.0024615637953358345,0.0003515056306590247,0.0,0.08619348452252915,19.0
NOAA,211,Target Mean (Y),Unweighted,0.014224250650131998,0.018257915988084624,1.0,0.036515831976169144,96.0
NOAA,211,Target Mean (Y),Nominal n,0.055049549615626026,0.05233355408615202,0.0,0.21330692935126372,96.0
NOAA,211,Target Mean (Y),Input neff,0.055049549615626026,0.12287733920582022,1.0,0.24575467841164045,17.413581192843278
NOAA,211,Target Mean (Y),GP neff [Ours],0.055049549615626026,0.08899862045099559,1.0,0.1779972409019912,33.19442443456067
NOAA,211,Target Mean (Y),Block-Bootstrap,0.055049549615626026,0.16389467463269294,1.0,0.3277893492653859,19.0
NOAA,211,Target Risk (L),Unweighted,0.001451302760646493,0.000695935802498468,0.0,0.03160654993091793,96.0
NOAA,211,Target Risk (L),Nominal n,0.0026670289962569104,0.0012736512199143135,0.0,0.058282413493532484,96.0
NOAA,211,Target Risk (L),Input neff,0.0026670289962569104,0.002990488143069382,1.0,0.005980976286138764,17.413581192843278
NOAA,211,Target Risk (L),GP neff [Ours],0.0026670289962569104,0.0012973947472944653,0.0,0.057380159453086735,92.51837459409852
NOAA,211,Target Risk (L),Block-Bootstrap,0.0026670289962569104,0.0016881335262488226,1.0,0.003376267052497645,19.0
NOAA,212,Target Mean (Y),Unweighted,0.03026591731679862,0.01709203382882176,0.0,0.5611394071767186,96.0
NOAA,212,Target Mean (Y),Nominal n,0.0026644585894054496,0.07481372621293775,1.0,0.14962745242587538,96.0
NOAA,212,Target Mean (Y),Input neff,0.0026644585894054496,0.24157180631262007,1.0,0.4831436126252402,9.207491183012968
NOAA,212,Target Mean (Y),GP neff [Ours],0.0026644585894054496,0.18540086791191573,1.0,0.3708017358238315,15.631846411188917
NOAA,212,Target Mean (Y),Block-Bootstrap,0.0026644585894054496,0.11528420647914805,1.0,0.2305684129582961,19.0
NOAA,212,Target Risk (L),Unweighted,0.0013855427368279676,0.0008196649100100792,0.0,0.024274442892735705,96.0
NOAA,212,Target Risk (L),Nominal n,0.0030035154214030357,0.0011174176238499434,0.0,0.07767874714982359,96.0
NOAA,212,Target Risk (L),Input neff,0.0030035154214030357,0.0036081158827817586,1.0,0.007216231765563517,9.207491183012968
NOAA,212,Target Risk (L),GP neff [Ours],0.0030035154214030357,0.0011728026341312288,0.0,0.07557411675913472,87.14699192968625
NOAA,212,Target Risk (L),Block-Bootstrap,0.0030035154214030357,0.00070234611932191,0.0,0.09820230279475983,19.0
NOAA,213,Target Mean (Y),Unweighted,0.04987731184986799,0.0058936824068776894,0.0,1.7711325425333666,96.0
NOAA,213,Target Mean (Y),Nominal n,0.04597893396281738,0.009535867727969546,0.0,1.4767943848498524,96.0
NOAA,213,Target Mean (Y),Input neff,0.04597893396281738,0.017915989941321465,0.0,1.1583497407424788,27.196314192343113
NOAA,213,Target Mean (Y),GP neff [Ours],0.04597893396281738,0.00959567497739703,0.0,1.4745217093716094,94.80704518190315
NOAA,213,Target Mean (Y),Block-Bootstrap,0.04597893396281738,0.014474117246384977,0.0,1.292590321775136,19.0
NOAA,213,Target Risk (L),Unweighted,0.002567270326995429,0.001372238809190104,0.0,0.0505457383305932,96.0
NOAA,213,Target Risk (L),Nominal n,0.0034479796632946825,0.00417522855776475,1.0,0.008350457115529501,96.0
NOAA,213,Target Risk (L),Input neff,0.0034479796632946825,0.007844420138528823,1.0,0.015688840277057643,27.196314192343113
NOAA,213,Target Risk (L),GP neff [Ours],0.0034479796632946825,0.004585330653498349,1.0,0.009170661306996696,79.59584992696215
NOAA,213,Target Risk (L),Block-Bootstrap,0.0034479796632946825,0.004213869472499208,1.0,0.008427738944998415,19.0
NOAA,214,Target Mean (Y),Unweighted,0.11077372981679867,0.015661281244440724,0.0,3.8358205053831975,96.0
NOAA,214,Target Mean (Y),Nominal n,0.10831771240893673,0.05686354966922965,0.0,2.171893608926741,96.0
NOAA,214,Target Mean (Y),Input neff,0.10831771240893673,0.16165460961463016,1.0,0.32330921922926037,11.878537697344422
NOAA,214,Target Mean (Y),GP neff [Ours],0.10831771240893673,0.1107288204092338,1.0,0.22145764081846764,25.317325174670355
NOAA,214,Target Mean (Y),Block-Bootstrap,0.10831771240893673,0.07561124626165266,0.0,0.9505048184176513,19.0
NOAA,214,Target Risk (L),Unweighted,8.781552140608734e-05,0.0012291846149601012,1.0,0.002458369229920203,96.0
NOAA,214,Target Risk (L),Nominal n,0.00016950584153151236,0.0030056140264962546,1.0,0.00601122805299251,96.0
NOAA,214,Target Risk (L),Input neff,0.00016950584153151236,0.00854451339973991,1.0,0.01708902679947982,11.878537697344422
NOAA,214,Target Risk (L),GP neff [Ours],0.00016950584153151236,0.004416404451382956,1.0,0.008832808902765912,44.463123959738766
NOAA,214,Target Risk (L),Block-Bootstrap,0.00016950584153151236,0.0020159270630855514,1.0,0.004031854126171103,19.0
NOAA,215,Target Mean (Y),Unweighted,0.13732522851653467,0.01811137483659828,0.0,4.804776896870651,96.0
NOAA,215,Target Mean (Y),Nominal n,0.09123644867756564,0.08438076616750957,0.0,0.4429888327372624,96.0
NOAA,215,Target Mean (Y),Input neff,0.09123644867756564,0.17896371592762336,1.0,0.3579274318552468,21.341659396304262
NOAA,215,Target Mean (Y),GP neff [Ours],0.09123644867756564,0.1415508631878238,1.0,0.2831017263756477,34.11403712243025
NOAA,215,Target Mean (Y),Block-Bootstrap,0.09123644867756564,0.11672416105348424,1.0,0.23344832210696848,19.0
NOAA,215,Target Risk (L),Unweighted,0.0018625222502749593,0.0007166848746242677,0.0,0.04726686477527619,96.0
NOAA,215,Target Risk (L),Nominal n,0.0012834116755608554,0.0016855170934362658,1.0,0.0033710341868725315,96.0
NOAA,215,Target Risk (L),Input neff,0.0012834116755608554,0.003574824169077394,1.0,0.007149648338154789,21.341659396304262
NOAA,215,Target Risk (L),GP neff [Ours],0.0012834116755608554,0.0017123510311756387,1.0,0.003424702062351277,93.01477849932216
NOAA,215,Target Risk (L),Block-Bootstrap,0.0012834116755608554,0.0023304105778057553,1.0,0.0046608211556115105,19.0
NOAA,216,Target Mean (Y),Unweighted,0.09012268815013191,0.01933575643625722,0.0,2.8701487814275035,96.0
NOAA,216,Target Mean (Y),Nominal n,0.006297241019430522,0.11505339451086154,1.0,0.23010678902172305,96.0
NOAA,216,Target Mean (Y),Input neff,0.006297241019430522,0.3297871501450813,1.0,0.6595743002901626,11.684298585548497
NOAA,216,Target Mean (Y),GP neff [Ours],0.006297241019430522,0.27256532939330497,1.0,0.5451306587866098,17.105228557168243
NOAA,216,Target Mean (Y),Block-Bootstrap,0.006297241019430522,0.1599008427319415,1.0,0.319801685463883,19.0
NOAA,216,Target Risk (L),Unweighted,0.0022053391207117377,0.000616366993448945,0.0,0.06479161907740959,96.0
NOAA,216,Target Risk (L),Nominal n,0.002757679863602982,0.001071365155217342,0.0,0.06959531864586029,96.0
NOAA,216,Target Risk (L),Input neff,0.002757679863602982,0.0030709433894235494,1.0,0.006141886778847099,11.684298585548497
NOAA,216,Target Risk (L),GP neff [Ours],0.002757679863602982,0.0015701777505094995,0.0,0.0506404400247583,44.693938765467585
NOAA,216,Target Risk (L),Block-Bootstrap,0.002757679863602982,0.000805949339815629,0.0,0.07901211336443087,19.0
NOAA,217,Target Mean (Y),Unweighted,0.17889872981679866,0.011572273250230358,0.0,6.7162028091631925,96.0
NOAA,217,Target Mean (Y),Nominal n,0.15719359924665044,0.053637447211141456,0.0,4.249520975842641,96.0
NOAA,217,Target Mean (Y),Input neff,0.15719359924665044,0.16758661508113695,1.0,0.33517323016227385,9.83396764232969
NOAA,217,Target Mean (Y),GP neff [Ours],0.15719359924665044,0.12504722108583097,0.0,1.5359495686044398,17.662791547233976
NOAA,217,Target Mean (Y),Block-Bootstrap,0.15719359924665044,0.07279472089413952,0.0,3.5546415007955083,19.0
NOAA,217,Target Risk (L),Unweighted,0.003163583861203771,0.0004153790227419747,0.0,0.11075895158395581,96.0
NOAA,217,Target Risk (L),Nominal n,0.003224514512470176,0.0008139887094896531,0.0,0.09804900953820023,96.0
NOAA,217,Target Risk (L),Input neff,0.003224514512470176,0.002543253261115275,0.0,0.032336956576426594,9.83396764232969
NOAA,217,Target Risk (L),GP neff [Ours],0.003224514512470176,0.0016080540773976452,0.0,0.06787452555769652,24.598390738814807
NOAA,217,Target Risk (L),Block-Bootstrap,0.003224514512470176,0.000956984881660732,0.0,0.0902279871653943,19.0
NOAA,218,Target Mean (Y),Unweighted,0.004616895183201408,0.004678394810608558,1.0,0.00935678962121722,96.0
NOAA,218,Target Mean (Y),Nominal n,0.009699643564711868,0.030986197417609215,1.0,0.061972394835218436,96.0
NOAA,218,Target Mean (Y),Input neff,0.009699643564711868,0.05977755249119182,1.0,0.11955510498238375,25.794762947254874
NOAA,218,Target Mean (Y),GP neff [Ours],0.009699643564711868,0.03860766057830916,1.0,0.07721532115661822,61.838767785638574
NOAA,218,Target Mean (Y),Block-Bootstrap,0.009699643564711868,0.03604035845907222,1.0,0.07208071691814444,19.0
NOAA,218,Target Risk (L),Unweighted,0.011556382898579663,0.0016246655003492635,0.0,0.4005180269299145,96.0
NOAA,218,Target Risk (L),Nominal n,0.00462965885839117,0.0062910580772138945,1.0,0.01258211615442779,96.0
NOAA,218,Target Risk (L),Input neff,0.00462965885839117,0.012136502242191085,1.0,0.02427300448438217,25.794762947254874
NOAA,218,Target Risk (L),GP neff [Ours],0.00462965885839117,0.007838426627511117,1.0,0.015676853255022234,61.838767785638574
NOAA,218,Target Risk (L),Block-Bootstrap,0.00462965885839117,0.00986453905910904,1.0,0.01972907811821808,19.0
NOAA,219,Target Mean (Y),Unweighted,0.04061949934986797,0.019302071614468824,0.0,0.8913012526449029,96.0
NOAA,219,Target Mean (Y),Nominal n,0.03834108072111564,0.10967491325202008,1.0,0.2193498265040401,96.0
NOAA,219,Target Mean (Y),Input neff,0.03834108072111564,0.31690961344463026,1.0,0.6338192268892604,11.497806745545065
NOAA,219,Target Mean (Y),GP neff [Ours],0.03834108072111564,0.233081329897717,1.0,0.46616265979543403,21.255477091281115
NOAA,219,Target Mean (Y),Block-Bootstrap,0.03834108072111564,0.1452553605960106,1.0,0.2905107211920212,19.0
NOAA,219,Target Risk (L),Unweighted,0.000246976589138111,0.0010021282129521753,1.0,0.002004256425904351,96.0
NOAA,219,Target Risk (L),Nominal n,0.0008661591508231604,0.003107471016167316,1.0,0.006214942032334633,96.0
NOAA,219,Target Risk (L),Input neff,0.0008661591508231604,0.008979149463843664,1.0,0.017958298927687327,11.497806745545065
NOAA,219,Target Risk (L),GP neff [Ours],0.0008661591508231604,0.003940400652690747,1.0,0.007880801305381494,59.704166751178356
NOAA,219,Target Risk (L),Block-Bootstrap,0.0008661591508231604,0.00480522541826203,1.0,0.00961045083652406,19.0
NOAA,220,Target Mean (Y),Unweighted,0.04104716731679858,0.018726467597383993,0.0,0.9302809239713534,96.0
NOAA,220,Target Mean (Y),Nominal n,0.04694298682403564,0.0993535530360551,1.0,0.19870710607211017,96.0
NOAA,220,Target Mean (Y),Input neff,0.04694298682403564,0.3134421714647703,1.0,0.6268843429295408,9.64546531904418
NOAA,220,Target Mean (Y),GP neff [Ours],0.04694298682403564,0.23685758015842504,1.0,0.4737151603168501,16.89131505920272
NOAA,220,Target Mean (Y),Block-Bootstrap,0.04694298682403564,0.15485317202452026,1.0,0.3097063440490405,19.0
NOAA,220,Target Risk (L),Unweighted,0.0007917364268326013,0.0009254531583908329,1.0,0.0018509063167816654,96.0
NOAA,220,Target Risk (L),Nominal n,0.0012689590770763454,0.0043815922207574,1.0,0.0087631844415148,96.0
NOAA,220,Target Risk (L),Input neff,0.0012689590770763454,0.013823116921132663,1.0,0.027646233842265326,9.64546531904418
NOAA,220,Target Risk (L),GP neff [Ours],0.0012689590770763454,0.007027521945147714,1.0,0.014055043890295427,37.31906255196719
NOAA,220,Target Risk (L),Block-Bootstrap,0.0012689590770763454,0.0026809523665231563,1.0,0.005361904733046313,19.0
NOAA,221,Target Mean (Y),Unweighted,0.11231220768320144,0.017883945455866735,0.0,3.8128983800051213,96.0
NOAA,221,Target Mean (Y),Nominal n,0.06648318939115505,0.06787065966315706,1.0,0.13574131932631417,96.0
NOAA,221,Target Mean (Y),Input neff,0.06648318939115505,0.25729919341840635,1.0,0.5145983868368127,6.679724090248485
NOAA,221,Target Mean (Y),GP neff [Ours],0.06648318939115505,0.20778939914150002,1.0,0.4155787982830001,10.242090268203652
NOAA,221,Target Mean (Y),Block-Bootstrap,0.06648318939115505,0.10027604961979592,1.0,0.20055209923959183,19.0
NOAA,221,Target Risk (L),Unweighted,0.0023037124749689174,0.0005336912671705788,0.0,0.0718682308462747,96.0
NOAA,221,Target Risk (L),Nominal n,0.00269501670254986,0.0010826128413067397,0.0,0.0666613801323383,96.0
NOAA,221,Target Risk (L),Input neff,0.00269501670254986,0.004104209569129096,1.0,0.008208419138258191,6.679724090248485
NOAA,221,Target Risk (L),GP neff [Ours],0.00269501670254986,0.0011771278630482358,0.0,0.06306980930616145,81.20266858774879
NOAA,221,Target Risk (L),Block-Bootstrap,0.00269501670254986,0.000866736990123111,0.0,0.09397193786287522,19.0
NOAA,222,Target Mean (Y),Unweighted,0.012804979816798623,0.010082609133773084,0.0,0.1290600455885662,96.0
NOAA,222,Target Mean (Y),Nominal n,0.017573551800698084,0.017848381854913005,1.0,0.035696763709825996,96.0
NOAA,222,Target Mean (Y),Input neff,0.017573551800698084,0.039905215215135875,1.0,0.0798104304302718,19.204792359158564
NOAA,222,Target Mean (Y),GP neff [Ours],0.017573551800698084,0.021049152322081675,1.0,0.04209830464416342,69.02393412055585
NOAA,222,Target Mean (Y),Block-Bootstrap,0.017573551800698084,0.03551917083161582,1.0,0.07103834166323164,19.0
NOAA,222,Target Risk (L),Unweighted,0.0015102744931055683,0.0012333395442456314,0.0,0.01354407704288875,96.0
NOAA,222,Target Risk (L),Nominal n,0.0005795883557697884,0.003820776292804292,1.0,0.007641552585608583,96.0
NOAA,222,Target Risk (L),Input neff,0.0005795883557697884,0.00854244947764131,1.0,0.01708489895528262,19.204792359158564
NOAA,222,Target Risk (L),GP neff [Ours],0.0005795883557697884,0.004336885063348568,1.0,0.008673770126697136,74.51069746924435
NOAA,222,Target Risk (L),Block-Bootstrap,0.0005795883557697884,0.0032789023537136025,1.0,0.006557804707427205,19.0
NOAA,223,Target Mean (Y),Unweighted,0.15231018815013198,0.007618178552075128,0.0,5.802916741026424,96.0
NOAA,223,Target Mean (Y),Nominal n,0.11841522171485619,0.04705864552603647,0.0,2.9483803386048626,96.0
NOAA,223,Target Mean (Y),Input neff,0.11841522171485619,0.10002903359787872,0.0,0.9355055918748556,21.24701540291008
NOAA,223,Target Mean (Y),GP neff [Ours],0.11841522171485619,0.06331818878551067,0.0,2.3305176947448425,53.02651824234934
NOAA,223,Target Mean (Y),Block-Bootstrap,0.11841522171485619,0.04702253702710413,0.0,3.7299469470811495,19.0
NOAA,223,Target Risk (L),Unweighted,0.0028380341424610643,0.0004909454652074711,0.0,0.09486543802055868,96.0
NOAA,223,Target Risk (L),Nominal n,0.002322994366688095,0.002548486259835412,1.0,0.005096972519670824,96.0
NOAA,223,Target Risk (L),Input neff,0.002322994366688095,0.005417126116980267,1.0,0.010834252233960534,21.24701540291008
NOAA,223,Target Risk (L),GP neff [Ours],0.002322994366688095,0.0030109553680731853,1.0,0.00602191073614637,68.7744601471289
NOAA,223,Target Risk (L),Block-Bootstrap,0.002322994366688095,0.0006756514518805541,0.0,0.12490881595201322,19.0
NOAA,224,Target Mean (Y),Unweighted,0.08014872981679866,0.018630753702063275,0.0,2.4979805519935434,96.0
NOAA,224,Target Mean (Y),Nominal n,0.029468477357133316,0.08483307081350744,1.0,0.16966614162701488,96.0
NOAA,224,Target Mean (Y),Input neff,0.029468477357133316,0.33390159916462614,1.0,0.6678031983292523,6.196759068239181
NOAA,224,Target Mean (Y),GP neff [Ours],0.029468477357133316,0.2879475040618905,1.0,0.575895008123781,8.332493283290592
NOAA,224,Target Mean (Y),Block-Bootstrap,0.029468477357133316,0.13389237234049148,1.0,0.26778474468098296,19.0
NOAA,224,Target Risk (L),Unweighted,0.0021361171902142895,0.0007123973145656105,0.0,0.05837358965507838,96.0
NOAA,224,Target Risk (L),Nominal n,0.0017364961338158505,0.0016771124325020443,0.0,0.005729572917556335,96.0
NOAA,224,Target Risk (L),Input neff,0.0017364961338158505,0.006601087498321999,1.0,0.013202174996643997,6.196759068239181
NOAA,224,Target Risk (L),GP neff [Ours],0.0017364961338158505,0.00304664572196911,1.0,0.00609329144393822,29.090533035874923
NOAA,224,Target Risk (L),Block-Bootstrap,0.0017364961338158505,0.0020852437826453735,0.0,0.01619878501772732,19.0
NOAA,225,Target Mean (Y),Unweighted,0.025916958983465244,0.020635914069097445,0.0,0.2525136247129054,96.0
NOAA,225,Target Mean (Y),Nominal n,0.004330904606211883,0.10032096700817263,1.0,0.20064193401634522,96.0
NOAA,225,Target Mean (Y),Input neff,0.004330904606211883,0.3518333203396673,1.0,0.7036666406793346,7.805140384109046
NOAA,225,Target Mean (Y),GP neff [Ours],0.004330904606211883,0.290270929706832,1.0,0.580541859413664,11.466940648387466
NOAA,225,Target Mean (Y),Block-Bootstrap,0.004330904606211883,0.13679219879837168,1.0,0.27358439759674336,19.0
NOAA,225,Target Risk (L),Unweighted,0.0016632272060812668,0.000735599519478037,0.0,0.038576306503085266,96.0
NOAA,225,Target Risk (L),Nominal n,0.0031086521326473384,0.0008139193775055795,0.0,0.09341714896068151,96.0
NOAA,225,Target Risk (L),Input neff,0.0031086521326473384,0.002854477639288052,0.0,0.015875935012947543,7.805140384109046
NOAA,225,Target Risk (L),GP neff [Ours],0.0031086521326473384,0.0008673549512256697,0.0,0.09138659715931809,84.53572572938884
NOAA,225,Target Risk (L),Block-Bootstrap,0.0031086521326473384,0.0017135140175425475,0.0,0.04290179605204009,19.0
NOAA,226,Target Mean (Y),Unweighted,0.06361227148346538,0.008538102497058353,0.0,2.2200429644503985,96.0
NOAA,226,Target Mean (Y),Nominal n,0.049030048114599545,0.04856584608339431,0.0,0.11569977341499782,96.0
NOAA,226,Target Mean (Y),Input neff,0.049030048114599545,0.055730985851931904,1.0,0.11146197170386385,72.90204318018517
NOAA,226,Target Mean (Y),GP neff [Ours],0.049030048114599545,0.05128688171038773,1.0,0.10257376342077551,86.0836281023448
NOAA,226,Target Mean (Y),Block-Bootstrap,0.049030048114599545,0.06805333178119932,1.0,0.13610666356239864,19.0
NOAA,226,Target Risk (L),Unweighted,0.0023301658398918396,0.0004121952067051392,0.0,0.07754321574087829,96.0
NOAA,226,Target Risk (L),Nominal n,0.003494013267804916,0.0006426526324639043,0.0,0.11533973067856827,96.0
NOAA,226,Target Risk (L),Input neff,0.003494013267804916,0.0007374660930657352,0.0,0.1117368191756987,72.90204318018517
NOAA,226,Target Risk (L),GP neff [Ours],0.003494013267804916,0.0006526837924714816,0.0,0.11495854659828034,93.07180960119136
NOAA,226,Target Risk (L),Block-Bootstrap,0.003494013267804916,0.0005321753553457109,0.0,0.10421082548836495,19.0
NOAA,227,Target Mean (Y),Unweighted,0.06922425065013205,0.017907993338021504,0.0,2.0884662791604645,96.0
NOAA,227,Target Mean (Y),Nominal n,0.03581738912484611,0.08881369476847585,1.0,0.17762738953695179,96.0
NOAA,227,Target Mean (Y),Input neff,0.03581738912484611,0.3042355063862646,1.0,0.6084710127725292,8.181092681338752
NOAA,227,Target Mean (Y),GP neff [Ours],0.03581738912484611,0.2577233577547808,1.0,0.5154467155095617,11.400490749284415
NOAA,227,Target Mean (Y),Block-Bootstrap,0.03581738912484611,0.13832151566906886,1.0,0.2766430313381377,19.0
NOAA,227,Target Risk (L),Unweighted,0.0026985088654311092,0.0005130303451814618,0.0,0.08844520150034882,96.0
NOAA,227,Target Risk (L),Nominal n,0.0021686848381496596,0.0028969488601125653,1.0,0.0057938977202251305,96.0
NOAA,227,Target Risk (L),Input neff,0.0021686848381496596,0.009923635152540604,1.0,0.019847270305081207,8.181092681338752
NOAA,227,Target Risk (L),GP neff [Ours],0.0021686848381496596,0.0030827468827146374,1.0,0.006165493765429275,84.77682659689987
NOAA,227,Target Risk (L),Block-Bootstrap,0.0021686848381496596,0.0025938894777605245,1.0,0.005187778955521049,19.0
NOAA,228,Target Mean (Y),Unweighted,0.062062792316798676,0.01863189572312158,0.0,1.7744996551933252,96.0
NOAA,228,Target Mean (Y),Nominal n,0.04631959849583023,0.0862957911469121,1.0,0.1725915822938242,96.0
NOAA,228,Target Mean (Y),Input neff,0.04631959849583023,0.30154592868073354,1.0,0.6030918573614672,7.862189800587647
NOAA,228,Target Mean (Y),GP neff [Ours],0.04631959849583023,0.25053831775008056,1.0,0.5010766355001612,11.389434158471266
NOAA,228,Target Mean (Y),Block-Bootstrap,0.04631959849583023,0.15578061623745593,1.0,0.31156123247491185,19.0
NOAA,228,Target Risk (L),Unweighted,0.0026517131230627622,0.0005138165369520975,0.0,0.08654349651833076,96.0
NOAA,228,Target Risk (L),Nominal n,0.0032372437409282206,0.0012974193323044448,0.0,0.08018781500955993,96.0
NOAA,228,Target Risk (L),Input neff,0.0032372437409282206,0.004533610645993601,1.0,0.009067221291987202,7.862189800587647
NOAA,228,Target Risk (L),GP neff [Ours],0.0032372437409282206,0.0013859620178205841,0.0,0.07682319295994662,84.12581904834299
NOAA,228,Target Risk (L),Block-Bootstrap,0.0032372437409282206,0.0031019072471426094,1.0,0.006203814494285219,19.0
NOAA,229,Target Mean (Y),Unweighted,0.09905497981679867,0.015367276295372063,0.0,3.378242693447809,96.0
NOAA,229,Target Mean (Y),Nominal n,0.11733673349929641,0.033975114141910165,0.0,3.4024150025792714,96.0
NOAA,229,Target Mean (Y),Input neff,0.11733673349929641,0.06687201976379582,0.0,2.1523325889476137,24.78016539747734
NOAA,229,Target Mean (Y),GP neff [Ours],0.11733673349929641,0.04627927171871646,0.0,2.93485701466063,51.739240585008815
NOAA,229,Target Mean (Y),Block-Bootstrap,0.11733673349929641,0.09785194645066925,1.0,0.1957038929013385,19.0
NOAA,229,Target Risk (L),Unweighted,0.0011838161158602037,0.0008639992930495298,0.0,0.014520671498525997,96.0
NOAA,229,Target Risk (L),Nominal n,0.0006646825778035157,0.002176320707581399,1.0,0.004352641415162797,96.0
NOAA,229,Target Risk (L),Input neff,0.0006646825778035157,0.004283575347587017,1.0,0.008567150695174035,24.78016539747734
NOAA,229,Target Risk (L),GP neff [Ours],0.0006646825778035157,0.002307628551129738,1.0,0.004615257102259476,85.38571403021191
NOAA,229,Target Risk (L),Block-Bootstrap,0.0006646825778035157,0.0015640530076406988,1.0,0.0031281060152813975,19.0
NOAA,230,Target Mean (Y),Unweighted,0.05833883398346529,0.01922673202989553,0.0,1.6029375422025804,96.0
NOAA,230,Target Mean (Y),Nominal n,0.029712823144722678,0.1006436104254747,1.0,0.20128722085094952,96.0
NOAA,230,Target Mean (Y),Input neff,0.029712823144722678,0.3171377805209909,1.0,0.6342755610419817,9.668245820963069
NOAA,230,Target Mean (Y),GP neff [Ours],0.029712823144722678,0.24820105664842346,1.0,0.49640211329684697,15.784702350972017
NOAA,230,Target Mean (Y),Block-Bootstrap,0.029712823144722678,0.1482327646423956,1.0,0.2964655292847912,19.0
NOAA,230,Target Risk (L),Unweighted,0.0019054058470570753,0.000658757519965349,0.0,0.051183448123599755,96.0
NOAA,230,Target Risk (L),Nominal n,0.0032208463443726258,0.001137551543658367,0.0,0.0856068951158871,96.0
NOAA,230,Target Risk (L),Input neff,0.0032208463443726258,0.0035845352751050215,1.0,0.007169070550210043,9.668245820963069
NOAA,230,Target Risk (L),GP neff [Ours],0.0032208463443726258,0.0011943935242510813,0.0,0.08344689985336394,87.08002020329212
NOAA,230,Target Risk (L),Block-Bootstrap,0.0032208463443726258,0.0013072371760352872,0.0,0.07331949879465122,19.0
NOAA,231,Target Mean (Y),Unweighted,0.006439811849867971,0.00905061845078271,1.0,0.0181012369015654,96.0
NOAA,231,Target Mean (Y),Nominal n,0.006269810363238482,0.02464343298593572,1.0,0.049286865971871485,96.0
NOAA,231,Target Mean (Y),Input neff,0.006269810363238482,0.0713745563480983,1.0,0.1427491126961966,11.44423599281696
NOAA,231,Target Mean (Y),GP neff [Ours],0.006269810363238482,0.03558308080514171,1.0,0.07116616161028344,46.04543229377301
NOAA,231,Target Mean (Y),Block-Bootstrap,0.006269810363238482,0.04912979376326493,1.0,0.09825958752652986,19.0
NOAA,231,Target Risk (L),Unweighted,0.001520740913291999,0.0013330695313155461,0.0,0.010172994341689195,96.0
NOAA,231,Target Risk (L),Nominal n,0.00035158702250216636,0.004519521431847591,1.0,0.009039042863695182,96.0
NOAA,231,Target Risk (L),Input neff,0.00035158702250216636,0.013089849830903959,1.0,0.026179699661807915,11.44423599281696
NOAA,231,Target Risk (L),GP neff [Ours],0.00035158702250216636,0.0046623049170161955,1.0,0.00932460983403239,90.21002164830105
NOAA,231,Target Risk (L),Block-Bootstrap,0.00035158702250216636,0.005121717117570968,1.0,0.010243434235141936,19.0
NOAA,232,Target Mean (Y),Unweighted,0.14844300065013194,0.015125414785069203,0.0,5.362954264172647,96.0
NOAA,232,Target Mean (Y),Nominal n,0.08043956375078598,0.07191163011391251,0.0,0.4849406057027623,96.0
NOAA,232,Target Mean (Y),Input neff,0.08043956375078598,0.22576073161308494,1.0,0.45152146322616993,9.740308057782654
NOAA,232,Target Mean (Y),GP neff [Ours],0.08043956375078598,0.187026259541141,1.0,0.37405251908228193,14.192677152386388
NOAA,232,Target Mean (Y),Block-Bootstrap,0.08043956375078598,0.14057833324447921,1.0,0.28115666648895843,19.0
NOAA,232,Target Risk (L),Unweighted,0.0010713059808817958,0.0009280421054447922,0.0,0.007586639228369725,96.0
NOAA,232,Target Risk (L),Nominal n,0.0018838651535254087,0.0015115416405316305,0.0,0.017916023800814397,96.0
NOAA,232,Target Risk (L),Input neff,0.0018838651535254087,0.004745362413416403,1.0,0.009490724826832806,9.740308057782654
NOAA,232,Target Risk (L),GP neff [Ours],0.0018838651535254087,0.0021804527970180603,1.0,0.004360905594036121,46.13367861411152
NOAA,232,Target Risk (L),Block-Bootstrap,0.0018838651535254087,0.0015324780773817613,0.0,0.021471964366575905,19.0
NOAA,233,Target Mean (Y),Unweighted,0.07906800065013198,0.015411319941641459,0.0,2.5770898682229033,96.0
NOAA,233,Target Mean (Y),Nominal n,0.07619412104292977,0.07433627861901433,0.0,0.2229862541946448,96.0
NOAA,233,Target Mean (Y),Input neff,0.07619412104292977,0.1423756165452333,1.0,0.2847512330904667,26.169873858677178
NOAA,233,Target Mean (Y),GP neff [Ours],0.07619412104292977,0.0993596768837729,1.0,0.1987193537675458,53.734414836211265
NOAA,233,Target Mean (Y),Block-Bootstrap,0.07619412104292977,0.09875874575539201,1.0,0.19751749151078402,19.0
NOAA,233,Target Risk (L),Unweighted,0.0014385940340058004,0.001008463100957746,0.0,0.019222163523837675,96.0
NOAA,233,Target Risk (L),Nominal n,0.0018146971428822083,0.003633198504898551,1.0,0.007266397009797103,96.0
NOAA,233,Target Risk (L),Input neff,0.0018146971428822083,0.0069586329417603825,1.0,0.013917265883520765,26.169873858677178
NOAA,233,Target Risk (L),GP neff [Ours],0.0018146971428822083,0.004754507356024487,1.0,0.009509014712048973,56.058108436709695
NOAA,233,Target Risk (L),Block-Bootstrap,0.0018146971428822083,0.0023525376768155104,1.0,0.004705075353631021,19.0
NOAA,234,Target Mean (Y),Unweighted,0.2518564785165347,0.017858646930332983,0.0,9.395630557308733,96.0
NOAA,234,Target Mean (Y),Nominal n,0.16986017651951663,0.05626065259682662,0.0,4.656502262101254,96.0
NOAA,234,Target Mean (Y),Input neff,0.16986017651951663,0.1915868808580259,1.0,0.3831737617160517,8.278453813147907
NOAA,234,Target Mean (Y),GP neff [Ours],0.16986017651951663,0.15879540179607465,0.0,0.7601817925298304,12.050495891069097
NOAA,234,Target Mean (Y),Block-Bootstrap,0.16986017651951663,0.09552665621569481,0.0,2.712187453096974,19.0
NOAA,234,Target Risk (L),Unweighted,0.0005002041911734388,0.0011527498814026778,1.0,0.002305499762805356,96.0
NOAA,234,Target Risk (L),Nominal n,0.0002573785328144262,0.0018621223574799266,1.0,0.0037242447149598533,96.0
NOAA,234,Target Risk (L),Input neff,0.0002573785328144262,0.006341167366154867,1.0,0.012682334732309734,8.278453813147907
NOAA,234,Target Risk (L),GP neff [Ours],0.0002573785328144262,0.00197814518706555,1.0,0.003956290374131099,85.06900135522027
NOAA,234,Target Risk (L),Block-Bootstrap,0.0002573785328144262,0.0020128985031903765,1.0,0.004025797006380753,19.0
NOAA,235,Target Mean (Y),Unweighted,0.019421582683201377,0.012520535289307995,0.0,0.3010829663343524,96.0
NOAA,235,Target Mean (Y),Nominal n,0.0470489878312077,0.04091240966514493,0.0,0.32728794597279887,96.0
NOAA,235,Target Mean (Y),Input neff,0.0470489878312077,0.09306793885784331,1.0,0.18613587771568657,18.551590961782665
NOAA,235,Target Mean (Y),GP neff [Ours],0.0470489878312077,0.05486827721558313,1.0,0.1097365544311662,53.375100213848214
NOAA,235,Target Mean (Y),Block-Bootstrap,0.0470489878312077,0.05995788379587086,1.0,0.11991576759174172,19.0
NOAA,235,Target Risk (L),Unweighted,0.0013890402900797422,0.0007937655400413694,0.0,0.02539852108161765,96.0
NOAA,235,Target Risk (L),Nominal n,3.701996047511449e-05,0.0034530790076340457,1.0,0.006906158015268091,96.0
NOAA,235,Target Risk (L),Input neff,3.701996047511449e-05,0.007855096988520271,1.0,0.015710193977040543,18.551590961782665
NOAA,235,Target Risk (L),GP neff [Ours],3.701996047511449e-05,0.004133493583496402,1.0,0.008266987166992805,66.99613175404842
NOAA,235,Target Risk (L),Block-Bootstrap,3.701996047511449e-05,0.004396672120494699,1.0,0.008793344240989398,19.0
NOAA,236,Target Mean (Y),Unweighted,0.10441956315013201,0.012363959963741981,0.0,3.706952047383086,96.0
NOAA,236,Target Mean (Y),Nominal n,0.10975137198515972,0.04737200414950379,0.0,2.5899187217252435,96.0
NOAA,236,Target Mean (Y),Input neff,0.10975137198515972,0.11703000731958903,1.0,0.23406001463917803,15.729694429498334
NOAA,236,Target Mean (Y),GP neff [Ours],0.10975137198515972,0.08445344755878827,0.0,1.1808238721724351,30.205079578377745
NOAA,236,Target Mean (Y),Block-Bootstrap,0.10975137198515972,0.05947808907036317,0.0,1.4664134256909809,19.0
NOAA,236,Target Risk (L),Unweighted,0.0029816250339666592,0.0005745582099588176,0.0,0.09743178938023131,96.0
NOAA,236,Target Risk (L),Nominal n,0.0018658561243980799,0.002491221063910558,1.0,0.004982442127821116,96.0
NOAA,236,Target Risk (L),Input neff,0.0018658561243980799,0.006154428645747318,1.0,0.012308857291494635,15.729694429498334
NOAA,236,Target Risk (L),GP neff [Ours],0.0018658561243980799,0.00406297796729158,1.0,0.00812595593458316,36.09165798186264
NOAA,236,Target Risk (L),Block-Bootstrap,0.0018658561243980799,0.0024329251642360196,1.0,0.004865850328472039,19.0
NOAA,237,Target Mean (Y),Unweighted,0.08098408268320134,0.010696121628125665,0.0,2.8329106854592805,96.0
NOAA,237,Target Mean (Y),Nominal n,0.08469226515849371,0.015536032067326854,0.0,2.797321387781326,96.0
NOAA,237,Target Mean (Y),Input neff,0.08469226515849371,0.027285355248522963,0.0,2.350847106895877,31.123772048385163
NOAA,237,Target Mean (Y),GP neff [Ours],0.08469226515849371,0.016625510115261328,0.0,2.755921221959816,83.83039103865312
NOAA,237,Target Mean (Y),Block-Bootstrap,0.08469226515849371,0.02125498527850253,0.0,2.7175318614651762,19.0
NOAA,237,Target Risk (L),Unweighted,0.0011515048193076927,0.0009512357911109443,0.0,0.009913232710091816,96.0
NOAA,237,Target Risk (L),Nominal n,0.004442851220516633,0.0065973842832561065,1.0,0.013194768566512215,96.0
NOAA,237,Target Risk (L),Input neff,0.004442851220516633,0.011586740623317854,1.0,0.023173481246635708,31.123772048385163
NOAA,237,Target Risk (L),GP neff [Ours],0.004442851220516633,0.006636692703698221,1.0,0.013273385407396442,94.86617229658415
NOAA,237,Target Risk (L),Block-Bootstrap,0.004442851220516633,0.008447392308224423,1.0,0.016894784616448846,19.0
NOAA,238,Target Mean (Y),Unweighted,0.1988596673167986,0.008011037530229219,0.0,7.649967266523233,96.0
NOAA,238,Target Mean (Y),Nominal n,0.1743177230626325,0.026580266457814892,0.0,5.962658797108335,96.0
NOAA,238,Target Mean (Y),Input neff,0.1743177230626325,0.0455934122538436,0.0,5.2401592568592426,32.62764292319327
NOAA,238,Target Mean (Y),GP neff [Ours],0.1743177230626325,0.0313376031597687,0.0,5.781880002434088,69.06505155939193
NOAA,238,Target Mean (Y),Block-Bootstrap,0.1743177230626325,0.04177283277021854,0.0,4.943351384428636,19.0
NOAA,238,Target Risk (L),Unweighted,0.003390635428793576,0.00035457325465254916,0.0,0.12215163347494618,96.0
NOAA,238,Target Risk (L),Nominal n,0.0035346157616171175,0.0008400529995672949,0.0,0.10946261648112751,96.0
NOAA,238,Target Risk (L),Input neff,0.0035346157616171175,0.0014409517972717198,0.0,0.08662846216835934,32.62764292319327
NOAA,238,Target Risk (L),GP neff [Ours],0.0035346157616171175,0.0009164585428316533,0.0,0.10655920583708188,80.66013769493652
NOAA,238,Target Risk (L),Block-Bootstrap,0.0035346157616171175,0.0009983356337564954,0.0,0.09620955033510988,19.0
NOAA,239,Target Mean (Y),Unweighted,0.1472991868498681,0.0254996771959559,0.0,4.922979740548399,96.0
NOAA,239,Target Mean (Y),Nominal n,0.08688617028869672,0.0724922693980543,0.0,0.720740574421805,96.0
NOAA,239,Target Mean (Y),Input neff,0.08688617028869672,0.2510704679415334,1.0,0.5021409358830669,8.003194294777884
NOAA,239,Target Mean (Y),GP neff [Ours],0.08688617028869672,0.21438829113497132,1.0,0.4287765822699426,10.976212320994389
NOAA,239,Target Mean (Y),Block-Bootstrap,0.08688617028869672,0.10090328913451999,0.0,0.2478307433509393,19.0
NOAA,239,Target Risk (L),Unweighted,0.0010775278715047967,0.0009853401440213067,0.0,0.0056581893873822045,96.0
NOAA,239,Target Risk (L),Nominal n,0.0011112207193190744,0.0026900819442768524,1.0,0.005380163888553705,96.0
NOAA,239,Target Risk (L),Input neff,0.0011112207193190744,0.009316857344361013,1.0,0.018633714688722026,8.003194294777884
NOAA,239,Target Risk (L),GP neff [Ours],0.0011112207193190744,0.0028568545370122786,1.0,0.005713709074024556,85.11889877265006
NOAA,239,Target Risk (L),Block-Bootstrap,0.0011112207193190744,0.0019649260312620334,1.0,0.003929852062524067,19.0
NOAA,240,Target Mean (Y),Unweighted,0.25065654231679857,0.009925747681352626,0.0,9.649083280780545,96.0
NOAA,240,Target Mean (Y),Nominal n,0.18658459335755462,0.03340728740443824,0.0,6.193906812933532,96.0
NOAA,240,Target Mean (Y),Input neff,0.18658459335755462,0.11665789465000241,0.0,3.030383737602093,7.872730611077115
NOAA,240,Target Mean (Y),GP neff [Ours],0.18658459335755462,0.09929328345264501,0.0,3.690238963101675,10.867106297633292
NOAA,240,Target Mean (Y),Block-Bootstrap,0.18658459335755462,0.047272029144457994,0.0,5.873409917632752,19.0
NOAA,240,Target Risk (L),Unweighted,0.0030091208739467254,0.00032366325546335855,0.0,0.1080656312502614,96.0
NOAA,240,Target Risk (L),Nominal n,0.0037210203695783994,0.0006627335253178348,0.0,0.12365694082105826,96.0
NOAA,240,Target Risk (L),Input neff,0.0037210203695783994,0.0023142584682670597,0.0,0.06089899298898769,7.872730611077115
NOAA,240,Target Risk (L),GP neff [Ours],0.0037210203695783994,0.000709189683174556,0.0,0.12189160682250284,83.83479290630682
NOAA,240,Target Risk (L),Block-Bootstrap,0.0037210203695783994,0.00044199149964023216,0.0,0.13171655899705342,19.0
NOAA,241,Target Mean (Y),Unweighted,0.11362529231679852,0.011108114156183024,0.0,4.122903354736984,96.0
NOAA,241,Target Mean (Y),Nominal n,0.07651641612804572,0.07385631680315098,0.0,0.2541166066020919,96.0
NOAA,241,Target Mean (Y),Input neff,0.07651641612804572,0.16670626091243243,1.0,0.3334125218248649,18.84268131316122
NOAA,241,Target Mean (Y),GP neff [Ours],0.07651641612804572,0.12023730711525357,1.0,0.2404746142305072,36.22163436541033
NOAA,241,Target Mean (Y),Block-Bootstrap,0.07651641612804572,0.09369269233211919,1.0,0.18738538466423837,19.0
NOAA,241,Target Risk (L),Unweighted,0.002914936104120606,0.000402170974521124,0.0,0.10131494713302154,96.0
NOAA,241,Target Risk (L),Nominal n,0.0020040900047129614,0.0018291722764988694,0.0,0.010655053681561437,96.0
NOAA,241,Target Risk (L),Input neff,0.0020040900047129614,0.004128752745585045,1.0,0.00825750549117009,18.84268131316122
NOAA,241,Target Risk (L),GP neff [Ours],0.0020040900047129614,0.0020432819124783087,1.0,0.004086563824956617,76.93498489072452
NOAA,241,Target Risk (L),Block-Bootstrap,0.0020040900047129614,0.0019466069158766263,0.0,0.0264916819596422,19.0
NOAA,242,Target Mean (Y),Unweighted,0.1641591464834653,0.005662683713761986,0.0,6.351183878215656,96.0
NOAA,242,Target Mean (Y),Nominal n,0.1343973127285547,0.032692610750303955,0.0,4.133573300630639,96.0
NOAA,242,Target Mean (Y),Input neff,0.1343973127285547,0.040799493391941506,0.0,3.825511760248409,61.639754361184494
NOAA,242,Target Mean (Y),GP neff [Ours],0.1343973127285547,0.03406148204261068,0.0,4.0815561915229805,88.43890550502684
NOAA,242,Target Mean (Y),Block-Bootstrap,0.1343973127285547,0.036315139430297905,0.0,4.283934999125635,19.0
NOAA,242,Target Risk (L),Unweighted,0.0012019886351106327,0.0006645050141768221,0.0,0.022828354865706064,96.0
NOAA,242,Target Risk (L),Nominal n,0.0012916102024427226,0.0022604991316678945,1.0,0.004520998263335789,96.0
NOAA,242,Target Risk (L),Input neff,0.0012916102024427226,0.0028210417359866647,1.0,0.005642083471973329,61.639754361184494
NOAA,242,Target Risk (L),GP neff [Ours],0.0012916102024427226,0.0022990112645574568,1.0,0.0045980225291149136,92.8106306492307
NOAA,242,Target Risk (L),Block-Bootstrap,0.0012916102024427226,0.0032616402273796604,1.0,0.006523280454759321,19.0
NOAA,243,Target Mean (Y),Unweighted,0.008197624349868038,0.018703938350637474,1.0,0.03740787670127488,96.0
NOAA,243,Target Mean (Y),Nominal n,0.007640638392883536,0.08979334056531281,1.0,0.1795866811306257,96.0
NOAA,243,Target Mean (Y),Input neff,0.007640638392883536,0.34152108265832554,1.0,0.683042165316651,6.6362762100178445
NOAA,243,Target Mean (Y),GP neff [Ours],0.007640638392883536,0.23630060096025374,1.0,0.4726012019205075,13.862125885007718
NOAA,243,Target Mean (Y),Block-Bootstrap,0.007640638392883536,0.0867809022215203,1.0,0.1735618044430406,19.0
NOAA,243,Target Risk (L),Unweighted,0.00043438502401709714,0.001168741832728468,1.0,0.0023374836654569357,96.0
NOAA,243,Target Risk (L),Nominal n,0.001614842446012088,0.002348793829740218,1.0,0.004697587659480436,96.0
NOAA,243,Target Risk (L),Input neff,0.001614842446012088,0.008933430994146013,1.0,0.017866861988292026,6.6362762100178445
NOAA,243,Target Risk (L),GP neff [Ours],0.001614842446012088,0.0025597453257263274,1.0,0.005119490651452655,80.8290567043876
NOAA,243,Target Risk (L),Block-Bootstrap,0.001614842446012088,0.004321047764042393,1.0,0.008642095528084787,19.0
NOAA,244,Target Mean (Y),Unweighted,0.1278440423167987,0.012377378174370249,0.0,4.643421322045879,96.0
NOAA,244,Target Mean (Y),Nominal n,0.04072193032464,0.03522916631132486,0.0,0.2901688931552542,96.0
NOAA,244,Target Mean (Y),Input neff,0.04072193032464,0.07388568922060407,1.0,0.14777137844120825,21.82505299878101
NOAA,244,Target Mean (Y),GP neff [Ours],0.04072193032464,0.054737071653081115,1.0,0.10947414330616212,39.76608582290197
NOAA,244,Target Mean (Y),Block-Bootstrap,0.04072193032464,0.09666661092116718,1.0,0.19333322184233437,19.0
NOAA,244,Target Risk (L),Unweighted,0.003068713596108966,0.00043548369512778505,0.0,0.10620016342950281,96.0
NOAA,244,Target Risk (L),Nominal n,0.0030586619111415943,0.0007888504756844568,0.0,0.09237015836965441,96.0
NOAA,244,Target Risk (L),Input neff,0.0030586619111415943,0.001654446221431334,0.0,0.05947752003127309,21.82505299878101
NOAA,244,Target Risk (L),GP neff [Ours],0.0030586619111415943,0.0007988692727710304,0.0,0.09198944408036462,93.60718442736488
NOAA,244,Target Risk (L),Block-Bootstrap,0.0030586619111415943,0.0010143819174602397,0.0,0.09616220896353901,19.0
NOAA,245,Target Mean (Y),Unweighted,0.11484925065013196,0.011743014128504408,0.0,4.147735489122111,96.0
NOAA,245,Target Mean (Y),Nominal n,0.0880354680247275,0.06861449020608333,0.0,0.914068093157933,96.0
NOAA,245,Target Mean (Y),Input neff,0.0880354680247275,0.1493128515638943,1.0,0.2986257031277886,20.272557253746967
NOAA,245,Target Mean (Y),GP neff [Ours],0.0880354680247275,0.09828755712668912,1.0,0.19657511425337826,46.78491370539088
NOAA,245,Target Mean (Y),Block-Bootstrap,0.0880354680247275,0.08663408851108118,0.0,0.6060518486684864,19.0
NOAA,245,Target Risk (L),Unweighted,0.0028451790533310485,0.0005490058766863622,0.0,0.09294493881916017,96.0
NOAA,245,Target Risk (L),Nominal n,0.0019305108954763388,0.0019907054777984407,1.0,0.003981410955596882,96.0
NOAA,245,Target Risk (L),Input neff,0.0019305108954763388,0.004331999124692131,1.0,0.008663998249384262,20.272557253746967
NOAA,245,Target Risk (L),GP neff [Ours],0.0019305108954763388,0.0025460364098569077,1.0,0.0050920728197138155,58.68890896028338
NOAA,245,Target Risk (L),Block-Bootstrap,0.0019305108954763388,0.002446352391745733,1.0,0.004892704783491466,19.0
NOAA,246,Target Mean (Y),Unweighted,0.053249707683201364,0.01852305103591636,0.0,1.4261123679632337,96.0
NOAA,246,Target Mean (Y),Nominal n,0.022989624849217405,0.08424574466454135,1.0,0.16849148932908276,96.0
NOAA,246,Target Mean (Y),Input neff,0.022989624849217405,0.23415482567953158,1.0,0.4683096513590632,12.426847101070333
NOAA,246,Target Mean (Y),GP neff [Ours],0.022989624849217405,0.18353353746719206,1.0,0.36706707493438406,20.227225175852645
NOAA,246,Target Mean (Y),Block-Bootstrap,0.022989624849217405,0.1310291744197346,1.0,0.2620583488394692,19.0
NOAA,246,Target Risk (L),Unweighted,0.0015337637123599606,0.0008133735024236289,0.0,0.03044235540230053,96.0
NOAA,246,Target Risk (L),Nominal n,0.0011663306590033954,0.0020097612290306956,1.0,0.00401952245806139,96.0
NOAA,246,Target Risk (L),Input neff,0.0011663306590033954,0.005585982913618128,1.0,0.011171965827236256,12.426847101070333
NOAA,246,Target Risk (L),GP neff [Ours],0.0011663306590033954,0.0032031206769556815,1.0,0.006406241353911364,37.793190698774225
NOAA,246,Target Risk (L),Block-Bootstrap,0.0011663306590033954,0.004153119615042157,1.0,0.008306239230084314,19.0
NOAA,247,Target Mean (Y),Unweighted,0.13684143815013194,0.011533394554756353,0.0,5.035388532924538,96.0
NOAA,247,Target Mean (Y),Nominal n,0.08613398325079569,0.06647988278329064,0.0,0.919123784266783,96.0
NOAA,247,Target Mean (Y),Input neff,0.08613398325079569,0.14546414694457313,1.0,0.2909282938891462,20.05117346944424
NOAA,247,Target Mean (Y),GP neff [Ours],0.08613398325079569,0.10307261349507439,1.0,0.2061452269901487,39.93605363290746
NOAA,247,Target Mean (Y),Block-Bootstrap,0.08613398325079569,0.06804670034705834,0.0,0.9944461083874517,19.0
NOAA,247,Target Risk (L),Unweighted,0.00325167377229501,0.00036316139662144063,0.0,0.11626681782018565,96.0
NOAA,247,Target Risk (L),Nominal n,0.0020336354537188253,0.0022303691749424137,1.0,0.0044607383498848265,96.0
NOAA,247,Target Risk (L),Input neff,0.0020336354537188253,0.004880254534474234,1.0,0.009760509068948467,20.05117346944424
NOAA,247,Target Risk (L),GP neff [Ours],0.0020336354537188253,0.002497130256437996,1.0,0.004994260512875992,76.58475862543808
NOAA,247,Target Risk (L),Block-Bootstrap,0.0020336354537188253,0.00181682026883327,0.0,0.021164646566763593,19.0
NOAA,248,Target Mean (Y),Unweighted,0.0027659173167985385,0.010636761772160396,1.0,0.021273523544320883,96.0
NOAA,248,Target Mean (Y),Nominal n,0.029971232409828685,0.029033584482818908,0.0,0.09557308604602932,96.0
NOAA,248,Target Mean (Y),Input neff,0.029971232409828685,0.07181099100997566,1.0,0.14362198201995136,15.69244831507606
NOAA,248,Target Mean (Y),GP neff [Ours],0.029971232409828685,0.03618507971485024,1.0,0.07237015942970038,61.80355826746328
NOAA,248,Target Mean (Y),Block-Bootstrap,0.029971232409828685,0.045814523701683985,1.0,0.09162904740336797,19.0
NOAA,248,Target Risk (L),Unweighted,0.0001555316508031982,0.0010411231201913262,1.0,0.0020822462403826524,96.0
NOAA,248,Target Risk (L),Nominal n,0.0016316112579011612,0.0036382197161311425,1.0,0.007276439432262284,96.0
NOAA,248,Target Risk (L),Input neff,0.0016316112579011612,0.008998687829331475,1.0,0.01799737565866295,15.69244831507606
NOAA,248,Target Risk (L),GP neff [Ours],0.0016316112579011612,0.003698552937836918,1.0,0.007397105875673837,92.89351591501304
NOAA,248,Target Risk (L),Block-Bootstrap,0.0016316112579011612,0.005572634374567237,1.0,0.011145268749134475,19.0
NOAA,249,Target Mean (Y),Unweighted,0.034797167316798605,0.011665757469541072,0.0,0.9485879088293814,96.0
NOAA,249,Target Mean (Y),Nominal n,0.014308072318060638,0.054979825630552155,1.0,0.1099596512611043,96.0
NOAA,249,Target Mean (Y),Input neff,0.014308072318060638,0.09512213421811677,1.0,0.19024426843623354,32.071168066057595
NOAA,249,Target Mean (Y),GP neff [Ours],0.014308072318060638,0.07367166407296405,1.0,0.147343328145928,53.465913319549514
NOAA,249,Target Mean (Y),Block-Bootstrap,0.014308072318060638,0.06978075694843627,1.0,0.13956151389687255,19.0
NOAA,249,Target Risk (L),Unweighted,0.002202086403603766,0.00043106880457221045,0.0,0.07170284157040666,96.0
NOAA,249,Target Risk (L),Nominal n,0.0028603004972851424,0.0010824450189414094,0.0,0.07327910917163213,96.0
NOAA,249,Target Risk (L),Input neff,0.0028603004972851424,0.0018727684054032283,0.0,0.043246820486083026,32.071168066057595
NOAA,249,Target Risk (L),GP neff [Ours],0.0028603004972851424,0.0011940463740615435,0.0,0.06903825767706703,78.89337538165722
NOAA,249,Target Risk (L),Block-Bootstrap,0.0028603004972851424,0.0012985767223113265,0.0,0.06553079603202722,19.0
EPA Ozone,0,Target Mean (Y),Unweighted,0.03036126936101896,0.010968615462929272,0.0,0.7976433868494464,96.0
EPA Ozone,0,Target Mean (Y),Nominal n,0.007930586612289126,0.056567229514109404,1.0,0.11313445902821878,96.0
EPA Ozone,0,Target Mean (Y),Input neff,0.007930586612289126,0.16908861448427528,1.0,0.33817722896855057,10.744156353080399
EPA Ozone,0,Target Mean (Y),GP neff [Ours],0.007930586612289126,0.12433859241025541,1.0,0.24867718482051085,19.869601525002626
EPA Ozone,0,Target Mean (Y),Block-Bootstrap,0.007930586612289126,0.06867050657404557,1.0,0.13734101314809113,19.0
EPA Ozone,0,Target Risk (L),Unweighted,0.0002883867587928019,0.0003384759494664181,1.0,0.0006769518989328361,96.0
EPA Ozone,0,Target Risk (L),Nominal n,0.0006878872892199541,0.0008436373854346684,1.0,0.001687274770869337,96.0
EPA Ozone,0,Target Risk (L),Input neff,0.0006878872892199541,0.0025217688378163187,1.0,0.005043537675632637,10.744156353080399
EPA Ozone,0,Target Risk (L),GP neff [Ours],0.0006878872892199541,0.0015706811279192383,1.0,0.0031413622558384762,27.695347322714813
EPA Ozone,0,Target Risk (L),Block-Bootstrap,0.0006878872892199541,0.0008220236663972625,1.0,0.001644047332794525,19.0
EPA Ozone,1,Target Mean (Y),Unweighted,0.015576230638981003,0.01508720124481944,0.0,0.04973557825610153,96.0
EPA Ozone,1,Target Mean (Y),Nominal n,0.03318596806609628,0.041080608043896565,1.0,0.08216121608779314,96.0
EPA Ozone,1,Target Mean (Y),Input neff,0.03318596806609628,0.13301419460909658,1.0,0.26602838921819316,9.156910741092288
EPA Ozone,1,Target Mean (Y),GP neff [Ours],0.03318596806609628,0.07075726865065961,1.0,0.14151453730131924,32.359577231631825
EPA Ozone,1,Target Mean (Y),Block-Bootstrap,0.03318596806609628,0.05256570218611101,1.0,0.10513140437222201,19.0
EPA Ozone,1,Target Risk (L),Unweighted,0.0011153903532406097,0.0009129899213080094,0.0,0.00992199711992003,96.0
EPA Ozone,1,Target Risk (L),Nominal n,5.678002761491186e-06,0.001550243107860065,1.0,0.0031004862157201296,96.0
EPA Ozone,1,Target Risk (L),Input neff,5.678002761491186e-06,0.0050195055102390486,1.0,0.010039011020478097,9.156910741092288
EPA Ozone,1,Target Risk (L),GP neff [Ours],5.678002761491186e-06,0.0023605878553861707,1.0,0.004721175710772341,41.40287644330541
EPA Ozone,1,Target Risk (L),Block-Bootstrap,5.678002761491186e-06,0.0022951471078325155,1.0,0.004590294215665031,19.0
EPA Ozone,2,Target Mean (Y),Unweighted,0.038538352694352296,0.010810610033246766,0.0,1.1307309265107148,96.0
EPA Ozone,2,Target Mean (Y),Nominal n,0.07364376618042792,0.018028335626165414,0.0,2.260673893422832,96.0
EPA Ozone,2,Target Mean (Y),Input neff,0.07364376618042792,0.05606887486792576,0.0,0.8151334022359384,9.925189781064956
EPA Ozone,2,Target Mean (Y),GP neff [Ours],0.07364376618042792,0.031033914104813595,0.0,1.7664619112342002,32.39734305283507
EPA Ozone,2,Target Mean (Y),Block-Bootstrap,0.07364376618042792,0.015128919795218174,0.0,2.521293824972093,19.0
EPA Ozone,2,Target Risk (L),Unweighted,6.615323492926506e-05,0.00041123805476735793,1.0,0.0008224761095347159,96.0
EPA Ozone,2,Target Risk (L),Nominal n,0.0007301055878853349,0.0007396274017810572,1.0,0.0014792548035621144,96.0
EPA Ozone,2,Target Risk (L),Input neff,0.0007301055878853349,0.002300272032830561,1.0,0.004600544065661122,9.925189781064956
EPA Ozone,2,Target Risk (L),GP neff [Ours],0.0007301055878853349,0.001232921194376691,1.0,0.002465842388753382,34.54829199510424
EPA Ozone,2,Target Risk (L),Block-Bootstrap,0.0007301055878853349,0.000552727058157638,0.0,0.007318221282468619,19.0
EPA Ozone,3,Target Mean (Y),Unweighted,0.013336647305647709,0.008020042863760127,0.0,0.22870426340302363,96.0
EPA Ozone,3,Target Mean (Y),Nominal n,0.0023237418996310544,0.009594559304133625,1.0,0.019189118608267275,96.0
EPA Ozone,3,Target Mean (Y),Input neff,0.0023237418996310544,0.029996467944917563,1.0,0.05999293588983512,9.821573165342613
EPA Ozone,3,Target Mean (Y),GP neff [Ours],0.0023237418996310544,0.017245562016109942,1.0,0.03449112403221988,29.714374448787442
EPA Ozone,3,Target Mean (Y),Block-Bootstrap,0.0023237418996310544,0.015312494733356968,1.0,0.030624989466713937,19.0
EPA Ozone,3,Target Risk (L),Unweighted,0.00011745596067128713,0.0004446466872503322,1.0,0.0008892933745006645,96.0
EPA Ozone,3,Target Risk (L),Nominal n,0.0003743272707848011,0.0007172868504273985,1.0,0.0014345737008547971,96.0
EPA Ozone,3,Target Risk (L),Input neff,0.0003743272707848011,0.0022425284303455775,1.0,0.004485056860691155,9.821573165342613
EPA Ozone,3,Target Risk (L),GP neff [Ours],0.0003743272707848011,0.0007848990833644082,1.0,0.0015697981667288164,80.17322022672602
EPA Ozone,3,Target Risk (L),Block-Bootstrap,0.0003743272707848011,0.0012058700956541536,1.0,0.002411740191308307,19.0
EPA Ozone,4,Target Mean (Y),Unweighted,0.04129876936101895,0.008081215084070873,0.0,1.3448646012460652,96.0
EPA Ozone,4,Target Mean (Y),Nominal n,0.01534963287341276,0.02289791261504053,1.0,0.04579582523008108,96.0
EPA Ozone,4,Target Mean (Y),Input neff,0.01534963287341276,0.06677290117647833,1.0,0.13354580235295666,11.289183393396792
EPA Ozone,4,Target Mean (Y),GP neff [Ours],0.01534963287341276,0.05414047619739603,1.0,0.10828095239479207,17.171920835975136
EPA Ozone,4,Target Mean (Y),Block-Bootstrap,0.01534963287341276,0.025687879654989504,1.0,0.05137575930997901,19.0
EPA Ozone,4,Target Risk (L),Unweighted,3.3974004736128573e-06,0.0005482450935126418,1.0,0.0010964901870252836,96.0
EPA Ozone,4,Target Risk (L),Nominal n,0.0010587897214696443,0.0035560816684421324,1.0,0.007112163336884265,96.0
EPA Ozone,4,Target Risk (L),Input neff,0.0010587897214696443,0.010369936064233353,1.0,0.020739872128466705,11.289183393396792
EPA Ozone,4,Target Risk (L),GP neff [Ours],0.0010587897214696443,0.007253416063567847,1.0,0.014506832127135693,23.074351612159095
EPA Ozone,4,Target Risk (L),Block-Bootstrap,0.0010587897214696443,0.005308696200201813,1.0,0.010617392400403627,19.0
EPA Ozone,5,Target Mean (Y),Unweighted,0.05968418602768563,0.007283795400654557,0.0,2.1105832158825524,96.0
EPA Ozone,5,Target Mean (Y),Nominal n,0.051768260250845605,0.03763609694324889,0.0,0.6405587261903669,96.0
EPA Ozone,5,Target Mean (Y),Input neff,0.051768260250845605,0.15378653842491988,1.0,0.3075730768498398,5.7496809590300675
EPA Ozone,5,Target Mean (Y),GP neff [Ours],0.051768260250845605,0.1259517511280106,1.0,0.2519035022560212,8.571798831589263
EPA Ozone,5,Target Mean (Y),Block-Bootstrap,0.051768260250845605,0.04255276749384103,0.0,0.4182515765877307,19.0
EPA Ozone,5,Target Risk (L),Unweighted,0.00032889631523446675,0.0002934755936501601,0.0,0.0020037800506725848,96.0
EPA Ozone,5,Target Risk (L),Nominal n,0.0010486982363037273,0.0002207268763519813,0.0,0.0335603081507738,96.0
EPA Ozone,5,Target Risk (L),Input neff,0.0010486982363037273,0.0009019219581324169,0.0,0.007674895043117249,5.7496809590300675
EPA Ozone,5,Target Risk (L),GP neff [Ours],0.0010486982363037273,0.0002679548505766682,0.0,0.0317656451302357,65.14160000120332
EPA Ozone,5,Target Risk (L),Block-Bootstrap,0.0010486982363037273,0.0002523469837090198,0.0,0.030723759932487618,19.0
EPA Ozone,6,Target Mean (Y),Unweighted,0.033232480638981016,0.00694583724044555,0.0,1.0653574104223091,96.0
EPA Ozone,6,Target Mean (Y),Nominal n,0.019651626419241758,0.016807569667784107,0.0,0.1473774093938745,96.0
EPA Ozone,6,Target Mean (Y),Input neff,0.019651626419241758,0.03952696780026739,1.0,0.07905393560053475,17.35777575145159
EPA Ozone,6,Target Mean (Y),GP neff [Ours],0.019651626419241758,0.017326378170950268,0.0,0.12766268627356056,90.33696480687672
EPA Ozone,6,Target Mean (Y),Block-Bootstrap,0.019651626419241758,0.0263145457157596,1.0,0.0526290914315192,19.0
EPA Ozone,6,Target Risk (L),Unweighted,0.0006932809723975742,0.00046326739614813264,0.0,0.010127077842273931,96.0
EPA Ozone,6,Target Risk (L),Nominal n,0.0011034160888937921,0.0016054935730965652,1.0,0.00321098714619313,96.0
EPA Ozone,6,Target Risk (L),Input neff,0.0011034160888937921,0.003775697142517971,1.0,0.007551394285035942,17.35777575145159
EPA Ozone,6,Target Risk (L),GP neff [Ours],0.0011034160888937921,0.0016550512268183677,1.0,0.0033101024536367355,90.33696480687672
EPA Ozone,6,Target Risk (L),Block-Bootstrap,0.0011034160888937921,0.0020243183426926865,1.0,0.004048636685385373,19.0
EPA Ozone,7,Target Mean (Y),Unweighted,0.018538352694352306,0.007222787392135274,0.0,0.4670681868729517,96.0
EPA Ozone,7,Target Mean (Y),Nominal n,0.05856709506467761,0.013837213080407687,0.0,1.8168697055316119,96.0
EPA Ozone,7,Target Mean (Y),Input neff,0.05856709506467761,0.05575928265794386,0.0,0.22383106158523774,5.9119960418681545
EPA Ozone,7,Target Mean (Y),GP neff [Ours],0.05856709506467761,0.033120222312036623,0.0,1.0841153547297127,16.756449578456962
EPA Ozone,7,Target Mean (Y),Block-Bootstrap,0.05856709506467761,0.02063202897590389,0.0,2.1280691809869072,19.0
EPA Ozone,7,Target Risk (L),Unweighted,0.0003140292271150856,0.0003282050053258546,1.0,0.0006564100106517092,96.0
EPA Ozone,7,Target Risk (L),Nominal n,0.0001578783044792972,0.0006490557097932131,1.0,0.0012981114195864262,96.0
EPA Ozone,7,Target Risk (L),Input neff,0.0001578783044792972,0.0026154747038155644,1.0,0.005230949407631129,5.9119960418681545
EPA Ozone,7,Target Risk (L),GP neff [Ours],0.0001578783044792972,0.0007863759353565488,1.0,0.0015727518707130978,65.39954895269639
EPA Ozone,7,Target Risk (L),Block-Bootstrap,0.0001578783044792972,0.0009621986867348683,1.0,0.0019243973734697367,19.0
EPA Ozone,8,Target Mean (Y),Unweighted,0.020992897305647712,0.012029553654999981,0.0,0.38259285333590964,96.0
EPA Ozone,8,Target Mean (Y),Nominal n,0.011391047376185792,0.0476874441105474,1.0,0.0953748882210948,96.0
EPA Ozone,8,Target Mean (Y),Input neff,0.011391047376185792,0.10448766769670019,1.0,0.20897533539340035,19.996282107133837
EPA Ozone,8,Target Mean (Y),GP neff [Ours],0.011391047376185792,0.08002793679944954,1.0,0.1600558735988991,34.08757328758391
EPA Ozone,8,Target Mean (Y),Block-Bootstrap,0.011391047376185792,0.06492411417385302,1.0,0.12984822834770604,19.0
EPA Ozone,8,Target Risk (L),Unweighted,0.0005640030365892288,0.0005068962477075485,0.0,0.0032980640506823037,96.0
EPA Ozone,8,Target Risk (L),Nominal n,0.0015990059687012554,0.002759649476255461,1.0,0.005519298952510922,96.0
EPA Ozone,8,Target Risk (L),Input neff,0.0015990059687012554,0.006046651121958051,1.0,0.012093302243916103,19.996282107133837
EPA Ozone,8,Target Risk (L),GP neff [Ours],0.0015990059687012554,0.0040627880418087,1.0,0.0081255760836174,44.29255643339605
EPA Ozone,8,Target Risk (L),Block-Bootstrap,0.0015990059687012554,0.003847514737825643,1.0,0.007695029475651286,19.0
EPA Ozone,9,Target Mean (Y),Unweighted,0.021097063972314367,0.004324831989561978,0.0,0.6795389432892192,96.0
EPA Ozone,9,Target Mean (Y),Nominal n,0.02658503808323981,0.019286427671692714,0.0,0.33051727180526885,96.0
EPA Ozone,9,Target Mean (Y),Input neff,0.02658503808323981,0.06721453748514716,1.0,0.1344290749702943,7.904026539102765
EPA Ozone,9,Target Mean (Y),GP neff [Ours],0.02658503808323981,0.05229289305044825,1.0,0.10458578610089647,13.05838534032523
EPA Ozone,9,Target Mean (Y),Block-Bootstrap,0.02658503808323981,0.008775137133598426,0.0,0.28018283315977505,19.0
EPA Ozone,9,Target Risk (L),Unweighted,0.0011646244961438623,7.047856826930619e-05,0.0,0.04390679425152085,96.0
EPA Ozone,9,Target Risk (L),Nominal n,0.0009163227473073,0.0003529434402918666,0.0,0.023241059161201068,96.0
EPA Ozone,9,Target Risk (L),Input neff,0.0009163227473073,0.0012300323575450596,1.0,0.002460064715090119,7.904026539102765
EPA Ozone,9,Target Risk (L),GP neff [Ours],0.0009163227473073,0.0012279768419179427,1.0,0.0024559536838358854,7.930509852710508
EPA Ozone,9,Target Risk (L),Block-Bootstrap,0.0009163227473073,0.0003878191749837519,0.0,0.02567951285293812,19.0
EPA Ozone,10,Target Mean (Y),Unweighted,0.04786789730564775,0.011603001632514645,0.0,1.4738018301903533,96.0
EPA Ozone,10,Target Mean (Y),Nominal n,0.05564099189854513,0.04981948004133931,0.0,0.3324994343709109,96.0
EPA Ozone,10,Target Mean (Y),Input neff,0.05564099189854513,0.19120276480812984,1.0,0.3824055296162596,6.517503578746074
EPA Ozone,10,Target Mean (Y),GP neff [Ours],0.05564099189854513,0.16841800993482242,1.0,0.33683601986964484,8.400256580190938
EPA Ozone,10,Target Mean (Y),Block-Bootstrap,0.05564099189854513,0.06235979959776072,0.0,0.181504478536459,19.0
EPA Ozone,10,Target Risk (L),Unweighted,0.0007809086750773461,0.0006344695125764992,0.0,0.007126505525186876,96.0
EPA Ozone,10,Target Risk (L),Nominal n,0.0007012986646613548,0.0021942641053856126,1.0,0.004388528210771226,96.0
EPA Ozone,10,Target Risk (L),Input neff,0.0007012986646613548,0.008421391859586494,1.0,0.01684278371917299,6.517503578746074
EPA Ozone,10,Target Risk (L),GP neff [Ours],0.0007012986646613548,0.005193313321161144,1.0,0.010386626642322289,17.137993764786327
EPA Ozone,10,Target Risk (L),Block-Bootstrap,0.0007012986646613548,0.001941160555148223,1.0,0.003882321110296446,19.0
EPA Ozone,11,Target Mean (Y),Unweighted,0.028486269361018945,0.0065362793179861815,0.0,0.8910721603572833,96.0
EPA Ozone,11,Target Mean (Y),Nominal n,0.024421347532895377,0.03752219156442945,1.0,0.07504438312885892,96.0
EPA Ozone,11,Target Mean (Y),Input neff,0.024421347532895377,0.13517860371122012,1.0,0.27035720742244024,7.396592849523261
EPA Ozone,11,Target Mean (Y),GP neff [Ours],0.024421347532895377,0.04112098627121515,1.0,0.08224197254243032,79.93198178641144
EPA Ozone,11,Target Mean (Y),Block-Bootstrap,0.024421347532895377,0.04793513722077568,1.0,0.09587027444155136,19.0
EPA Ozone,11,Target Risk (L),Unweighted,0.0003046964709911308,0.0004955587427805229,1.0,0.0009911174855610455,96.0
EPA Ozone,11,Target Risk (L),Nominal n,0.00023656844716289454,0.0011039083465436835,1.0,0.0022078166930873675,96.0
EPA Ozone,11,Target Risk (L),Input neff,0.00023656844716289454,0.003976974230161972,1.0,0.007953948460323945,7.396592849523261
EPA Ozone,11,Target Risk (L),GP neff [Ours],0.00023656844716289454,0.0012097854115199222,1.0,0.002419570823039845,79.93198178641144
EPA Ozone,11,Target Risk (L),Block-Bootstrap,0.00023656844716289454,0.0009716395853697888,1.0,0.0019432791707395777,19.0
EPA Ozone,12,Target Mean (Y),Unweighted,0.03344081397231438,0.01158484046108413,0.0,0.8974086213713784,96.0
EPA Ozone,12,Target Mean (Y),Nominal n,0.06805436324109163,0.05024300192749096,0.0,0.8129404563990088,96.0
EPA Ozone,12,Target Mean (Y),Input neff,0.06805436324109163,0.16635899266391335,1.0,0.3327179853278267,8.756485416702342
EPA Ozone,12,Target Mean (Y),GP neff [Ours],0.06805436324109163,0.12712845217304228,1.0,0.2542569043460845,14.994668674528711
EPA Ozone,12,Target Mean (Y),Block-Bootstrap,0.06805436324109163,0.06709139301161147,0.0,0.2621594301312662,19.0
EPA Ozone,12,Target Risk (L),Unweighted,0.0002667497152444823,0.0005476722162060083,1.0,0.0010953444324120164,96.0
EPA Ozone,12,Target Risk (L),Nominal n,0.003298304943660915,0.004813344633153675,1.0,0.009626689266307352,96.0
EPA Ozone,12,Target Risk (L),Input neff,0.003298304943660915,0.015937406878500312,1.0,0.031874813757000624,8.756485416702342
EPA Ozone,12,Target Risk (L),GP neff [Ours],0.003298304943660915,0.0053060177979059415,1.0,0.010612035595811885,79.00011879938273
EPA Ozone,12,Target Risk (L),Block-Bootstrap,0.003298304943660915,0.004657360462304212,1.0,0.009314720924608425,19.0
EPA Ozone,13,Target Mean (Y),Unweighted,0.025003313972314367,0.009945397556950123,0.0,0.6222074517284701,96.0
EPA Ozone,13,Target Mean (Y),Nominal n,0.018795270458630192,0.02206182407117323,1.0,0.04412364814234648,96.0
EPA Ozone,13,Target Mean (Y),Input neff,0.018795270458630192,0.0873581509808675,1.0,0.17471630196173502,6.122759498781838
EPA Ozone,13,Target Mean (Y),GP neff [Ours],0.018795270458630192,0.05475435633125798,1.0,0.10950871266251594,15.585355439376295
EPA Ozone,13,Target Mean (Y),Block-Bootstrap,0.018795270458630192,0.029329142114030593,1.0,0.058658284228061186,19.0
EPA Ozone,13,Target Risk (L),Unweighted,0.0003716803069208829,0.0004953208028085738,1.0,0.0009906416056171476,96.0
EPA Ozone,13,Target Risk (L),Nominal n,0.000681926824008189,0.0005809157013727375,0.0,0.005202276308163527,96.0
EPA Ozone,13,Target Risk (L),Input neff,0.000681926824008189,0.0023002504862680378,1.0,0.0046005009725360755,6.122759498781838
EPA Ozone,13,Target Risk (L),GP neff [Ours],0.000681926824008189,0.0006928761797024039,1.0,0.0013857523594048076,67.48172893539119
EPA Ozone,13,Target Risk (L),Block-Bootstrap,0.000681926824008189,0.000641981719721378,0.0,0.0020338026403824085,19.0
EPA Ozone,14,Target Mean (Y),Unweighted,0.015211647305647724,0.011304407415262152,0.0,0.1788984104459474,96.0
EPA Ozone,14,Target Mean (Y),Nominal n,0.028390759140556082,0.03517450874671882,1.0,0.07034901749343767,96.0
EPA Ozone,14,Target Mean (Y),Input neff,0.028390759140556082,0.11558528599752829,1.0,0.2311705719950566,8.890418613591192
EPA Ozone,14,Target Mean (Y),GP neff [Ours],0.028390759140556082,0.057153858370942126,1.0,0.11430771674188422,36.36103241975484
EPA Ozone,14,Target Mean (Y),Block-Bootstrap,0.028390759140556082,0.04687385093575022,1.0,0.09374770187150044,19.0
EPA Ozone,14,Target Risk (L),Unweighted,0.0005571096374821212,0.0006276840303092848,1.0,0.0012553680606185698,96.0
EPA Ozone,14,Target Risk (L),Nominal n,0.0009574108186847835,0.0023307983236386227,1.0,0.004661596647277246,96.0
EPA Ozone,14,Target Risk (L),Input neff,0.0009574108186847835,0.007659125896547474,1.0,0.015318251793094949,8.890418613591192
EPA Ozone,14,Target Risk (L),GP neff [Ours],0.0009574108186847835,0.004476642567915226,1.0,0.008953285135830453,26.024104072882782
EPA Ozone,14,Target Risk (L),Block-Bootstrap,0.0009574108186847835,0.002900086589192694,1.0,0.005800173178385388,19.0
EPA Ozone,15,Target Mean (Y),Unweighted,0.09849289730564773,0.012141521794626924,0.0,3.478338064030086,96.0
EPA Ozone,15,Target Mean (Y),Nominal n,0.08091877886222812,0.044214489252129945,0.0,1.5566005629081867,96.0
EPA Ozone,15,Target Mean (Y),Input neff,0.08091877886222812,0.09268783146044698,1.0,0.185375662920894,21.845149203285054
EPA Ozone,15,Target Mean (Y),GP neff [Ours],0.08091877886222812,0.07962066230085423,0.0,0.21116598705666367,29.60389714142086
EPA Ozone,15,Target Mean (Y),Block-Bootstrap,0.08091877886222812,0.07173321299976658,0.0,1.217406074033088,19.0
EPA Ozone,15,Target Risk (L),Unweighted,0.0002992087520518828,0.0005293700581108008,1.0,0.0010587401162216016,96.0
EPA Ozone,15,Target Risk (L),Nominal n,0.00013348478383937916,0.0013535335459861164,1.0,0.0027070670919722333,96.0
EPA Ozone,15,Target Risk (L),Input neff,0.00013348478383937916,0.002837442913136868,1.0,0.005674885826273736,21.845149203285054
EPA Ozone,15,Target Risk (L),GP neff [Ours],0.00013348478383937916,0.0024374190271268764,1.0,0.004874838054253753,29.60389714142086
EPA Ozone,15,Target Risk (L),Block-Bootstrap,0.00013348478383937916,0.002107901652629908,1.0,0.004215803305259816,19.0
EPA Ozone,16,Target Mean (Y),Unweighted,0.0037466860276856584,0.010115997757807431,1.0,0.020231995515614887,96.0
EPA Ozone,16,Target Mean (Y),Nominal n,0.012961728902940922,0.052506065606170715,1.0,0.10501213121234143,96.0
EPA Ozone,16,Target Mean (Y),Input neff,0.012961728902940922,0.1966476943933047,1.0,0.3932953887866094,6.844038896024983
EPA Ozone,16,Target Mean (Y),GP neff [Ours],0.012961728902940922,0.12339723196392156,1.0,0.2467944639278431,17.381183767286135
EPA Ozone,16,Target Mean (Y),Block-Bootstrap,0.012961728902940922,0.06654312346890043,1.0,0.13308624693780086,19.0
EPA Ozone,16,Target Risk (L),Unweighted,0.0002619789613601117,0.0005112304971165284,1.0,0.0010224609942330568,96.0
EPA Ozone,16,Target Risk (L),Nominal n,0.00044437779324236603,0.000711228429016964,1.0,0.001422456858033928,96.0
EPA Ozone,16,Target Risk (L),Input neff,0.00044437779324236603,0.002663719498661524,1.0,0.005327438997323048,6.844038896024983
EPA Ozone,16,Target Risk (L),GP neff [Ours],0.00044437779324236603,0.001348074323065703,1.0,0.002696148646131406,26.72155794706411
EPA Ozone,16,Target Risk (L),Block-Bootstrap,0.00044437779324236603,0.0007847383345584721,1.0,0.0015694766691169441,19.0
EPA Ozone,17,Target Mean (Y),Unweighted,0.038694602694352265,0.008915914152436142,0.0,1.2089793699815172,96.0
EPA Ozone,17,Target Mean (Y),Nominal n,0.03746943172528941,0.03157918791713744,0.0,0.29876812816035403,96.0
EPA Ozone,17,Target Mean (Y),Input neff,0.03746943172528941,0.032718703606727816,0.0,0.2554665319559191,89.42953511245342
EPA Ozone,17,Target Mean (Y),GP neff [Ours],0.03746943172528941,0.035357643335341304,0.0,0.1551868222686068,76.578442120397
EPA Ozone,17,Target Mean (Y),Block-Bootstrap,0.03746943172528941,0.04514462643586374,1.0,0.09028925287172748,19.0
EPA Ozone,17,Target Risk (L),Unweighted,0.0009787960686926899,0.00046747760157834676,0.0,0.021387693887730416,96.0
EPA Ozone,17,Target Risk (L),Nominal n,0.0016830246819091686,0.0018320392390543203,1.0,0.0036640784781086407,96.0
EPA Ozone,17,Target Risk (L),Input neff,0.0016830246819091686,0.0018981472549515464,1.0,0.0037962945099030924,89.42953511245342
EPA Ozone,17,Target Risk (L),GP neff [Ours],0.0016830246819091686,0.0019767138243480813,1.0,0.0039534276486961634,82.4618694856258
EPA Ozone,17,Target Risk (L),Block-Bootstrap,0.0016830246819091686,0.00279661138042204,1.0,0.00559322276084408,19.0
EPA Ozone,18,Target Mean (Y),Unweighted,0.0007779360276856662,0.005029290045398616,1.0,0.010058580090797242,96.0
EPA Ozone,18,Target Mean (Y),Nominal n,0.001257001859216983,0.030877799948755974,1.0,0.06175559989751195,96.0
EPA Ozone,18,Target Mean (Y),Input neff,0.001257001859216983,0.047103522003097385,1.0,0.09420704400619476,41.25315503753674
EPA Ozone,18,Target Mean (Y),GP neff [Ours],0.001257001859216983,0.0383137984756014,1.0,0.0766275969512028,62.35244819444697
EPA Ozone,18,Target Mean (Y),Block-Bootstrap,0.001257001859216983,0.0313186521074868,1.0,0.0626373042149736,19.0
EPA Ozone,18,Target Risk (L),Unweighted,0.00034879405585740283,0.000280418871092456,0.0,0.003295845132782788,96.0
EPA Ozone,18,Target Risk (L),Nominal n,0.0007813994786410176,0.0014217809509051212,1.0,0.0028435619018102425,96.0
EPA Ozone,18,Target Risk (L),Input neff,0.0007813994786410176,0.0021689009714321397,1.0,0.0043378019428642785,41.25315503753674
EPA Ozone,18,Target Risk (L),GP neff [Ours],0.0007813994786410176,0.0014426079756489814,1.0,0.0028852159512979623,93.24809273774484
EPA Ozone,18,Target Risk (L),Block-Bootstrap,0.0007813994786410176,0.0017268669937806553,1.0,0.0034537339875613106,19.0
EPA Ozone,19,Target Mean (Y),Unweighted,0.020725852694352315,0.00969294413146349,0.0,0.46070223077848005,96.0
EPA Ozone,19,Target Mean (Y),Nominal n,0.023619422842214244,0.021470564553067235,0.0,0.12889546067201507,96.0
EPA Ozone,19,Target Mean (Y),Input neff,0.023619422842214244,0.08467574624392596,1.0,0.16935149248785192,6.172201498093032
EPA Ozone,19,Target Mean (Y),GP neff [Ours],0.023619422842214244,0.061510276744966126,1.0,0.12302055348993227,11.696685133180244
EPA Ozone,19,Target Mean (Y),Block-Bootstrap,0.023619422842214244,0.03536781165883196,1.0,0.07073562331766392,19.0
EPA Ozone,19,Target Risk (L),Unweighted,0.0006525080085615017,0.00024185834636521097,0.0,0.01690970318058205,96.0
EPA Ozone,19,Target Risk (L),Nominal n,0.0002005235271246681,0.0008532847814256651,1.0,0.0017065695628513304,96.0
EPA Ozone,19,Target Risk (L),Input neff,0.0002005235271246681,0.0033651898368681514,1.0,0.006730379673736303,6.172201498093032
EPA Ozone,19,Target Risk (L),GP neff [Ours],0.0002005235271246681,0.0018267636456187476,1.0,0.0036535272912374952,20.94568233313456
EPA Ozone,19,Target Risk (L),Block-Bootstrap,0.0002005235271246681,0.0008414632895374834,1.0,0.0016829265790749668,19.0
EPA Ozone,20,Target Mean (Y),Unweighted,0.015992897305647708,0.009581435984469566,0.0,0.275621324816065,96.0
EPA Ozone,20,Target Mean (Y),Nominal n,0.0034457025018816423,0.03732992350760576,1.0,0.0746598470152115,96.0
EPA Ozone,20,Target Mean (Y),Input neff,0.0034457025018816423,0.1396547411948309,1.0,0.2793094823896618,6.85920944886352
EPA Ozone,20,Target Mean (Y),GP neff [Ours],0.0034457025018816423,0.08576550388367855,1.0,0.17153100776735714,18.186961443171427
EPA Ozone,20,Target Mean (Y),Block-Bootstrap,0.0034457025018816423,0.05924974131754908,1.0,0.11849948263509816,19.0
EPA Ozone,20,Target Risk (L),Unweighted,0.00033603853898104673,0.00047865809509005754,1.0,0.0009573161901801149,96.0
EPA Ozone,20,Target Risk (L),Nominal n,0.0007266792424909544,0.00037672838516981103,0.0,0.01475149106318536,96.0
EPA Ozone,20,Target Risk (L),Input neff,0.0007266792424909544,0.0014093761837180609,1.0,0.0028187523674361218,6.85920944886352
EPA Ozone,20,Target Risk (L),GP neff [Ours],0.0007266792424909544,0.0008040033425710847,1.0,0.0016080066851421695,21.077165830616448
EPA Ozone,20,Target Risk (L),Block-Bootstrap,0.0007266792424909544,0.00023683222912448547,0.0,0.022299501603158578,19.0
EPA Ozone,21,Target Mean (Y),Unweighted,0.012392519361018983,0.005826596548516231,0.0,0.2742901055971429,96.0
EPA Ozone,21,Target Mean (Y),Nominal n,0.010139779962746787,0.016209781630872614,1.0,0.03241956326174522,96.0
EPA Ozone,21,Target Mean (Y),Input neff,0.010139779962746787,0.03713095635089977,1.0,0.07426191270179955,18.295879506175563
EPA Ozone,21,Target Mean (Y),GP neff [Ours],0.010139779962746787,0.02230885168157319,1.0,0.044617703363146355,50.684028845406075
EPA Ozone,21,Target Mean (Y),Block-Bootstrap,0.010139779962746787,0.02535874616551395,1.0,0.0507174923310279,19.0
EPA Ozone,21,Target Risk (L),Unweighted,0.0005640625686162525,0.00021803358763867098,0.0,0.0142772264143806,96.0
EPA Ozone,21,Target Risk (L),Nominal n,0.000488282742844277,0.0007709687919658889,1.0,0.0015419375839317777,96.0
EPA Ozone,21,Target Risk (L),Input neff,0.000488282742844277,0.0017660206173209436,1.0,0.003532041234641887,18.295879506175563
EPA Ozone,21,Target Risk (L),GP neff [Ours],0.000488282742844277,0.0008024023388853481,1.0,0.0016048046777706964,88.62585917033763
EPA Ozone,21,Target Risk (L),Block-Bootstrap,0.000488282742844277,0.0007937308517866733,1.0,0.0015874617035733466,19.0
EPA Ozone,22,Target Mean (Y),Unweighted,0.01651373063898101,0.00899835852223414,0.0,0.31861160171434355,96.0
EPA Ozone,22,Target Mean (Y),Nominal n,0.010316593534295287,0.028448671865038806,1.0,0.0568973437300776,96.0
EPA Ozone,22,Target Mean (Y),Input neff,0.010316593534295287,0.06223886825341866,1.0,0.12447773650683733,20.057271412033163
EPA Ozone,22,Target Mean (Y),GP neff [Ours],0.010316593534295287,0.029745748606141178,1.0,0.059491497212282335,87.81029146278097
EPA Ozone,22,Target Mean (Y),Block-Bootstrap,0.010316593534295287,0.038766796787961244,1.0,0.07753359357592249,19.0
EPA Ozone,22,Target Risk (L),Unweighted,0.000236041674489108,0.0005400083330254702,1.0,0.0010800166660509401,96.0
EPA Ozone,22,Target Risk (L),Nominal n,0.000413277148549453,0.0013080736947211466,1.0,0.0026161473894422927,96.0
EPA Ozone,22,Target Risk (L),Input neff,0.000413277148549453,0.0028617513934477293,1.0,0.005723502786895459,20.057271412033163
EPA Ozone,22,Target Risk (L),GP neff [Ours],0.000413277148549453,0.0013677134548167919,1.0,0.0027354269096335837,87.81029146278097
EPA Ozone,22,Target Risk (L),Block-Bootstrap,0.000413277148549453,0.0014191812552663307,1.0,0.0028383625105326614,19.0
EPA Ozone,23,Target Mean (Y),Unweighted,0.038388730638981045,0.005868382887769918,0.0,1.3125506758239849,96.0
EPA Ozone,23,Target Mean (Y),Nominal n,0.06411829220059759,0.03362936429288765,0.0,1.2868158448941727,96.0
EPA Ozone,23,Target Mean (Y),Input neff,0.06411829220059759,0.12091346224022577,1.0,0.2418269244804515,7.426073351756859
EPA Ozone,23,Target Mean (Y),GP neff [Ours],0.06411829220059759,0.0912077064759446,1.0,0.18241541295188923,13.051050752692896
EPA Ozone,23,Target Mean (Y),Block-Bootstrap,0.06411829220059759,0.04509547049557759,0.0,0.5517492659746106,19.0
EPA Ozone,23,Target Risk (L),Unweighted,0.0006213819485689218,0.00025227438381980475,0.0,0.015268851357604293,96.0
EPA Ozone,23,Target Risk (L),Nominal n,0.0007784794474484139,0.0016576352822615277,1.0,0.0033152705645230554,96.0
EPA Ozone,23,Target Risk (L),Input neff,0.0007784794474484139,0.005959982453554279,1.0,0.011919964907108558,7.426073351756859
EPA Ozone,23,Target Risk (L),GP neff [Ours],0.0007784794474484139,0.004075050689316784,1.0,0.008150101378633569,15.884851767151726
EPA Ozone,23,Target Risk (L),Block-Bootstrap,0.0007784794474484139,0.0018130441770336564,1.0,0.0036260883540673128,19.0
EPA Ozone,24,Target Mean (Y),Unweighted,0.0495345639723144,0.005287783900656669,0.0,1.7804467706676232,96.0
EPA Ozone,24,Target Mean (Y),Nominal n,0.04848296347859929,0.017914402668858895,0.0,1.258571237727333,96.0
EPA Ozone,24,Target Mean (Y),Input neff,0.04848296347859929,0.06289142472882406,1.0,0.1257828494576481,7.789203137505843
EPA Ozone,24,Target Mean (Y),GP neff [Ours],0.04848296347859929,0.020411244529553063,0.0,1.1636912470209553,73.94978664263964
EPA Ozone,24,Target Mean (Y),Block-Bootstrap,0.04848296347859929,0.012813906577913536,0.0,1.2574510522107358,19.0
EPA Ozone,24,Target Risk (L),Unweighted,0.0006947311624178343,0.000264896111801388,0.0,0.01772319424826063,96.0
EPA Ozone,24,Target Risk (L),Nominal n,0.0010110971663619172,0.00013429737173014655,0.0,0.035340586528731115,96.0
EPA Ozone,24,Target Risk (L),Input neff,0.0010110971663619172,0.0004714727697914036,0.0,0.02252792140240335,7.789203137505843
EPA Ozone,24,Target Risk (L),GP neff [Ours],0.0010110971663619172,0.00015301523275600877,0.0,0.03462930780974835,73.94978664263964
EPA Ozone,24,Target Risk (L),Block-Bootstrap,0.0010110971663619172,0.00014380162276834507,0.0,0.03594501500161647,19.0
EPA Ozone,25,Target Mean (Y),Unweighted,0.01781581397231438,0.0058735490929563575,0.0,0.4894376933602332,96.0
EPA Ozone,25,Target Mean (Y),Nominal n,0.020090685021671634,0.029628965887005684,1.0,0.059257931774011396,96.0
EPA Ozone,25,Target Mean (Y),Input neff,0.020090685021671634,0.1221424655941753,1.0,0.2442849311883506,5.648990650312773
EPA Ozone,25,Target Mean (Y),GP neff [Ours],0.020090685021671634,0.1137323862922832,1.0,0.22746477258456643,6.515322506808885
EPA Ozone,25,Target Mean (Y),Block-Bootstrap,0.020090685021671634,0.03062032320553601,1.0,0.06124064641107202,19.0
EPA Ozone,25,Target Risk (L),Unweighted,0.0006530090313609908,0.00025645890089024515,0.0,0.016374923020610315,96.0
EPA Ozone,25,Target Risk (L),Nominal n,0.000299087279937201,0.0010978012877261095,1.0,0.002195602575452219,96.0
EPA Ozone,25,Target Risk (L),Input neff,0.000299087279937201,0.004525576644378751,1.0,0.009051153288757502,5.648990650312773
EPA Ozone,25,Target Risk (L),GP neff [Ours],0.000299087279937201,0.002275743378360044,1.0,0.004551486756720088,22.339432138052917
EPA Ozone,25,Target Risk (L),Block-Bootstrap,0.000299087279937201,0.0009868346805057887,1.0,0.0019736693610115773,19.0
EPA Ozone,26,Target Mean (Y),Unweighted,0.004892519361018949,0.01152529899017225,1.0,0.02305059798034448,96.0
EPA Ozone,26,Target Mean (Y),Nominal n,0.02411665601047977,0.04421232837543841,1.0,0.08842465675087685,96.0
EPA Ozone,26,Target Mean (Y),Input neff,0.02411665601047977,0.17137888668105053,1.0,0.3427577733621011,6.389154240222409
EPA Ozone,26,Target Mean (Y),GP neff [Ours],0.02411665601047977,0.13761064257319275,1.0,0.27522128514638544,9.909550640959626
EPA Ozone,26,Target Mean (Y),Block-Bootstrap,0.02411665601047977,0.05627435278185815,1.0,0.1125487055637163,19.0
EPA Ozone,26,Target Risk (L),Unweighted,0.00017163412961817247,0.00038369607611969485,1.0,0.0007673921522393896,96.0
EPA Ozone,26,Target Risk (L),Nominal n,0.0006990588829166836,0.0009804916833542727,1.0,0.0019609833667085454,96.0
EPA Ozone,26,Target Risk (L),Input neff,0.0006990588829166836,0.0038006497116906957,1.0,0.007601299423381391,6.389154240222409
EPA Ozone,26,Target Risk (L),GP neff [Ours],0.0006990588829166836,0.0011524445505784445,1.0,0.002304889101156889,69.48946759865102
EPA Ozone,26,Target Risk (L),Block-Bootstrap,0.0006990588829166836,0.0005649125087257319,0.0,0.006428284921745335,19.0
EPA Ozone,27,Target Mean (Y),Unweighted,0.030263730638981023,0.006484112665552323,0.0,0.9641529442682527,96.0
EPA Ozone,27,Target Mean (Y),Nominal n,0.035505583434935595,0.02657374072043693,0.0,0.41042119002082095,96.0
EPA Ozone,27,Target Mean (Y),Input neff,0.035505583434935595,0.09840611030313726,1.0,0.1968122206062745,7.00055525827025
EPA Ozone,27,Target Mean (Y),GP neff [Ours],0.035505583434935595,0.08617410303420518,1.0,0.17234820606841034,9.128997251821287
EPA Ozone,27,Target Mean (Y),Block-Bootstrap,0.035505583434935595,0.04499999999998497,1.0,0.08999999999996994,19.0
EPA Ozone,27,Target Risk (L),Unweighted,0.0009776955371971331,0.00011362136387628399,0.0,0.03479020966058653,96.0
EPA Ozone,27,Target Risk (L),Nominal n,0.0007823622699618588,0.00035013429718796314,0.0,0.017989387505331755,96.0
EPA Ozone,27,Target Risk (L),Input neff,0.0007823622699618588,0.0012965940562328034,1.0,0.002593188112465607,7.00055525827025
EPA Ozone,27,Target Risk (L),GP neff [Ours],0.0007823622699618588,0.0012886941573026468,1.0,0.0025773883146052935,7.086647352083058
EPA Ozone,27,Target Risk (L),Block-Bootstrap,0.0007823622699618588,0.0002138873098664725,0.0,0.025719355102824217,19.0
EPA Ozone,28,Target Mean (Y),Unweighted,0.017288352694352332,0.010441451837935092,0.0,0.2947589379325595,96.0
EPA Ozone,28,Target Mean (Y),Nominal n,0.007195764252628939,0.035546229330002475,1.0,0.07109245866000496,96.0
EPA Ozone,28,Target Mean (Y),Input neff,0.007195764252628939,0.11578308862763287,1.0,0.23156617725526574,9.048322029391416
EPA Ozone,28,Target Mean (Y),GP neff [Ours],0.007195764252628939,0.08024344472985928,1.0,0.16048688945971856,18.83819039385321
EPA Ozone,28,Target Mean (Y),Block-Bootstrap,0.007195764252628939,0.05428581914742088,1.0,0.10857163829484176,19.0
EPA Ozone,28,Target Risk (L),Unweighted,0.00021610681281661933,0.00038805799820627624,1.0,0.0007761159964125526,96.0
EPA Ozone,28,Target Risk (L),Nominal n,0.0005962269063227771,0.0022486175288615276,1.0,0.004497235057723054,96.0
EPA Ozone,28,Target Risk (L),Input neff,0.0005962269063227771,0.007324317868339284,1.0,0.014648635736678569,9.048322029391416
EPA Ozone,28,Target Risk (L),GP neff [Ours],0.0005962269063227771,0.006472551829505053,1.0,0.012945103659010106,11.586475380909759
EPA Ozone,28,Target Risk (L),Block-Bootstrap,0.0005962269063227771,0.002249657023590685,1.0,0.00449931404718137,19.0
EPA Ozone,29,Target Mean (Y),Unweighted,0.04593418602768562,0.008264510365348171,0.0,1.5233160472241942,96.0
EPA Ozone,29,Target Mean (Y),Nominal n,0.04013921686468172,0.02676602872248286,0.0,0.5884595831329206,96.0
EPA Ozone,29,Target Mean (Y),Input neff,0.04013921686468172,0.07212985189134268,1.0,0.14425970378268538,13.219317438227707
EPA Ozone,29,Target Mean (Y),GP neff [Ours],0.04013921686468172,0.060431731484002583,1.0,0.12086346296800515,18.832545995021487
EPA Ozone,29,Target Mean (Y),Block-Bootstrap,0.04013921686468172,0.03298926343155621,0.0,0.16234025251130765,19.0
EPA Ozone,29,Target Risk (L),Unweighted,8.753632501307725e-05,0.00040858687646489383,1.0,0.0008171737529297876,96.0
EPA Ozone,29,Target Risk (L),Nominal n,0.0008565633530673277,0.0005723093427853536,0.0,0.012514779096849673,96.0
EPA Ozone,29,Target Risk (L),Input neff,0.0008565633530673277,0.0015422754178121489,1.0,0.0030845508356242978,13.219317438227707
EPA Ozone,29,Target Risk (L),GP neff [Ours],0.0008565633530673277,0.0005986622757503828,0.0,0.011513367644178558,87.73424031267822
EPA Ozone,29,Target Risk (L),Block-Bootstrap,0.0008565633530673277,0.0006164752116216337,0.0,0.006421857347092567,19.0
EPA Ozone,30,Target Mean (Y),Unweighted,0.011871686027685624,0.009521284702725303,0.0,0.11305862240386305,96.0
EPA Ozone,30,Target Mean (Y),Nominal n,0.028801573159755095,0.03382250441457021,1.0,0.06764500882914043,96.0
EPA Ozone,30,Target Mean (Y),Input neff,0.028801573159755095,0.07624318698771083,1.0,0.15248637397542164,18.892119066049393
EPA Ozone,30,Target Mean (Y),GP neff [Ours],0.028801573159755095,0.060374565952177404,1.0,0.12074913190435482,30.128306044464942
EPA Ozone,30,Target Mean (Y),Block-Bootstrap,0.028801573159755095,0.03536447260710243,1.0,0.07072894521420486,19.0
EPA Ozone,30,Target Risk (L),Unweighted,0.0005560879658612156,0.0002790962870045542,0.0,0.011637859728275569,96.0
EPA Ozone,30,Target Risk (L),Nominal n,0.0011254851760918673,0.00021810930665496381,0.0,0.03673125339078607,96.0
EPA Ozone,30,Target Risk (L),Input neff,0.0011254851760918673,0.0004916652074968968,0.0,0.026336129158792614,18.892119066049393
EPA Ozone,30,Target Risk (L),GP neff [Ours],0.0011254851760918673,0.0003155796016183536,0.0,0.03302738218217725,45.85659250778069
EPA Ozone,30,Target Risk (L),Block-Bootstrap,0.0011254851760918673,0.000298879993282835,0.0,0.03197829777046284,19.0
EPA Ozone,31,Target Mean (Y),Unweighted,0.012138730638981021,0.010031382935301779,0.0,0.10435667401777299,96.0
EPA Ozone,31,Target Mean (Y),Nominal n,0.0826580646311472,0.05513834947402483,0.0,1.2110653052329445,96.0
EPA Ozone,31,Target Mean (Y),Input neff,0.0826580646311472,0.20531329719328184,1.0,0.41062659438656374,6.923801385904296
EPA Ozone,31,Target Mean (Y),GP neff [Ours],0.0826580646311472,0.18771565089216713,1.0,0.37543130178433426,8.28281171471396
EPA Ozone,31,Target Mean (Y),Block-Bootstrap,0.0826580646311472,0.07912935137197026,1.0,0.15825870274394052,19.0
EPA Ozone,31,Target Risk (L),Unweighted,0.00017413195212981217,0.0005936157697769525,1.0,0.001187231539553905,96.0
EPA Ozone,31,Target Risk (L),Nominal n,0.002680567131142858,0.0029394516454121673,1.0,0.005878903290824335,96.0
EPA Ozone,31,Target Risk (L),Input neff,0.002680567131142858,0.010945349561906943,1.0,0.021890699123813886,6.923801385904296
EPA Ozone,31,Target Risk (L),GP neff [Ours],0.002680567131142858,0.0033679093726018466,1.0,0.006735818745203693,73.12789640709968
EPA Ozone,31,Target Risk (L),Block-Bootstrap,0.002680567131142858,0.0036360916695629994,1.0,0.007272183339125999,19.0
EPA Ozone,32,Target Mean (Y),Unweighted,0.05437831397231438,0.006982349182735647,0.0,1.9098032899486201,96.0
EPA Ozone,32,Target Mean (Y),Nominal n,0.055610758584396486,0.010775570863521381,0.0,1.8149586505620472,96.0
EPA Ozone,32,Target Mean (Y),Input neff,0.055610758584396486,0.03364392149540831,0.0,0.9459613265503433,9.847785622118334
EPA Ozone,32,Target Mean (Y),GP neff [Ours],0.055610758584396486,0.022657432073987255,0.0,1.3634479245643434,21.71353006177977
EPA Ozone,32,Target Mean (Y),Block-Bootstrap,0.055610758584396486,0.01227647695591097,0.0,1.6946154207156707,19.0
EPA Ozone,32,Target Risk (L),Unweighted,0.00043089795186216566,0.0003639639969643195,0.0,0.0034052861898424894,96.0
EPA Ozone,32,Target Risk (L),Nominal n,0.0011422123217524859,0.00015710281356976006,0.0,0.03971858595444855,96.0
EPA Ozone,32,Target Risk (L),Input neff,0.0011422123217524859,0.0004905127341644611,0.0,0.027049008971849905,9.847785622118334
EPA Ozone,32,Target Risk (L),GP neff [Ours],0.0011422123217524859,0.00017076577334199783,0.0,0.039199393483103515,81.25264369783775
EPA Ozone,32,Target Risk (L),Block-Bootstrap,0.0011422123217524859,0.00021167722175687834,0.0,0.03499938330497787,19.0
EPA Ozone,33,Target Mean (Y),Unweighted,0.0003158139723143938,0.010124517315763401,1.0,0.020249034631526774,96.0
EPA Ozone,33,Target Mean (Y),Nominal n,0.0073418330585686975,0.051069278386817046,1.0,0.10213855677363412,96.0
EPA Ozone,33,Target Mean (Y),Input neff,0.0073418330585686975,0.16870392217548935,1.0,0.3374078443509787,8.79711595547173
EPA Ozone,33,Target Mean (Y),GP neff [Ours],0.0073418330585686975,0.13927394458907175,1.0,0.27854788917814344,12.907761238507968
EPA Ozone,33,Target Mean (Y),Block-Bootstrap,0.0073418330585686975,0.055257676213388854,1.0,0.11051535242677771,19.0
EPA Ozone,33,Target Risk (L),Unweighted,0.00011229786568096823,0.0003389018518241373,1.0,0.0006778037036482745,96.0
EPA Ozone,33,Target Risk (L),Nominal n,0.0005235065360389866,0.0005746320570605699,1.0,0.0011492641141211397,96.0
EPA Ozone,33,Target Risk (L),Input neff,0.0005235065360389866,0.0018982583051126952,1.0,0.0037965166102253904,8.79711595547173
EPA Ozone,33,Target Risk (L),GP neff [Ours],0.0005235065360389866,0.0006349122767921182,1.0,0.0012698245535842363,78.63637485162906
EPA Ozone,33,Target Risk (L),Block-Bootstrap,0.0005235065360389866,0.0005981374737736639,1.0,0.0011962749475473277,19.0
EPA Ozone,34,Target Mean (Y),Unweighted,0.027809186027685617,0.009022615469600854,0.0,0.7695080532625926,96.0
EPA Ozone,34,Target Mean (Y),Nominal n,0.020641132765405773,0.03208830022130699,1.0,0.06417660044261397,96.0
EPA Ozone,34,Target Mean (Y),Input neff,0.020641132765405773,0.1376247924861332,1.0,0.2752495849722665,5.218807806483197
EPA Ozone,34,Target Mean (Y),GP neff [Ours],0.020641132765405773,0.1239544535662244,1.0,0.24790890713244884,6.433397519566465
EPA Ozone,34,Target Mean (Y),Block-Bootstrap,0.020641132765405773,0.049227039293903846,1.0,0.09845407858780769,19.0
EPA Ozone,34,Target Risk (L),Unweighted,0.0004990691963607163,0.00047676541984010445,0.0,0.0018456819005046852,96.0
EPA Ozone,34,Target Risk (L),Nominal n,0.0004833426501524334,0.000564930488517422,1.0,0.001129860977034844,96.0
EPA Ozone,34,Target Risk (L),Input neff,0.0004833426501524334,0.0024229529365869694,1.0,0.004845905873173939,5.218807806483197
EPA Ozone,34,Target Risk (L),GP neff [Ours],0.0004833426501524334,0.0007203667266391982,1.0,0.0014407334532783964,59.04103617280403
EPA Ozone,34,Target Risk (L),Block-Bootstrap,0.0004833426501524334,0.0007345747759265669,1.0,0.0014691495518531338,19.0
EPA Ozone,35,Target Mean (Y),Unweighted,0.13229498063898107,0.011142555133584517,0.0,4.86838213048303,96.0
EPA Ozone,35,Target Mean (Y),Nominal n,0.1053732750663485,0.05454825697665258,0.0,2.1420972375411407,96.0
EPA Ozone,35,Target Mean (Y),Input neff,0.1053732750663485,0.19638848520393812,1.0,0.3927769704078762,7.406294003265115
EPA Ozone,35,Target Mean (Y),GP neff [Ours],0.1053732750663485,0.1489548281644653,1.0,0.2979096563289306,12.87430575140488
EPA Ozone,35,Target Mean (Y),Block-Bootstrap,0.1053732750663485,0.09733853487840625,1.0,0.1946770697568125,19.0
EPA Ozone,35,Target Risk (L),Unweighted,0.0011890914139064351,0.0007586540674258086,0.0,0.018734801994076684,96.0
EPA Ozone,35,Target Risk (L),Nominal n,0.0011720383985818308,0.0016801697565430956,1.0,0.0033603395130861915,96.0
EPA Ozone,35,Target Risk (L),Input neff,0.0011720383985818308,0.006049065756843489,1.0,0.01209813151368698,7.406294003265115
EPA Ozone,35,Target Risk (L),GP neff [Ours],0.0011720383985818308,0.001991104495715832,1.0,0.003982208991431663,68.35801659633698
EPA Ozone,35,Target Risk (L),Block-Bootstrap,0.0011720383985818308,0.0019294617843879965,0.0,0.01961514376452274,19.0
EPA Ozone,36,Target Mean (Y),Unweighted,0.003694602694352289,0.008924178113315112,1.0,0.017848356226630224,96.0
EPA Ozone,36,Target Mean (Y),Nominal n,0.03116865019752907,0.045642641738952605,1.0,0.09128528347790521,96.0
EPA Ozone,36,Target Mean (Y),Input neff,0.03116865019752907,0.08704426913662254,1.0,0.17408853827324505,26.395653132452924
EPA Ozone,36,Target Mean (Y),GP neff [Ours],0.03116865019752907,0.07271367703004708,1.0,0.14542735406009416,37.8251418255867
EPA Ozone,36,Target Mean (Y),Block-Bootstrap,0.03116865019752907,0.04838952965279521,1.0,0.09677905930559041,19.0
EPA Ozone,36,Target Risk (L),Unweighted,0.0005890731423369023,0.0005014732146358269,0.0,0.004506943537314666,96.0
EPA Ozone,36,Target Risk (L),Nominal n,0.0024148647159149706,0.003312477607777898,1.0,0.006624955215555797,96.0
EPA Ozone,36,Target Risk (L),Input neff,0.0024148647159149706,0.006317167048514303,1.0,0.012634334097028608,26.395653132452924
EPA Ozone,36,Target Risk (L),GP neff [Ours],0.0024148647159149706,0.00462305267179613,1.0,0.00924610534359226,49.28553239758964
EPA Ozone,36,Target Risk (L),Block-Bootstrap,0.0024148647159149706,0.002977238515219228,1.0,0.005954477030438456,19.0
EPA Ozone,37,Target Mean (Y),Unweighted,0.05307623063898101,0.006022479541080563,0.0,1.8941950029981798,96.0
EPA Ozone,37,Target Mean (Y),Nominal n,0.03780139172517619,0.024294185294460983,0.0,0.5888766278175303,96.0
EPA Ozone,37,Target Mean (Y),Input neff,0.03780139172517619,0.051367131143365975,1.0,0.10273426228673196,21.47362131595679
EPA Ozone,37,Target Mean (Y),GP neff [Ours],0.03780139172517619,0.041257259893192184,1.0,0.08251451978638435,33.28703789793811
EPA Ozone,37,Target Mean (Y),Block-Bootstrap,0.03780139172517619,0.026691923091595265,0.0,0.7650520222082915,19.0
EPA Ozone,37,Target Risk (L),Unweighted,0.0005203605975970593,0.0002553958205279685,0.0,0.011109382723819571,96.0
EPA Ozone,37,Target Risk (L),Nominal n,0.00011683262653971473,0.0011031653191261536,1.0,0.002206330638252307,96.0
EPA Ozone,37,Target Risk (L),Input neff,0.00011683262653971473,0.0023325103078589804,1.0,0.004665020615717961,21.47362131595679
EPA Ozone,37,Target Risk (L),GP neff [Ours],0.00011683262653971473,0.0017870772074510856,1.0,0.003574154414902171,36.58186155464136
EPA Ozone,37,Target Risk (L),Block-Bootstrap,0.00011683262653971473,0.0015922523679216469,1.0,0.0031845047358432937,19.0
EPA Ozone,38,Target Mean (Y),Unweighted,0.011142519361018954,0.0065755080629978455,0.0,0.19583146804684037,96.0
EPA Ozone,38,Target Mean (Y),Nominal n,0.011910633044028285,0.03292843208946095,1.0,0.06585686417892192,96.0
EPA Ozone,38,Target Mean (Y),Input neff,0.011910633044028285,0.139726950663198,1.0,0.279453901326396,5.331543713383054
EPA Ozone,38,Target Mean (Y),GP neff [Ours],0.011910633044028285,0.12774939312707384,1.0,0.2554987862541477,6.378163465851719
EPA Ozone,38,Target Mean (Y),Block-Bootstrap,0.011910633044028285,0.04171421931246916,1.0,0.08342843862493832,19.0
EPA Ozone,38,Target Risk (L),Unweighted,0.0007650202936674576,0.00020118856030278668,0.0,0.02295564645519241,96.0
EPA Ozone,38,Target Risk (L),Nominal n,0.0010345456872448756,0.00039274583424503683,0.0,0.02645748578848363,96.0
EPA Ozone,38,Target Risk (L),Input neff,0.0010345456872448756,0.0016665590895928737,1.0,0.0033331181791857473,5.331543713383054
EPA Ozone,38,Target Risk (L),GP neff [Ours],0.0010345456872448756,0.0004978787174611073,0.0,0.02246243622627295,59.737532986961256
EPA Ozone,38,Target Risk (L),Block-Bootstrap,0.0010345456872448756,0.0004442995527727205,0.0,0.017795154146647188,19.0
EPA Ozone,39,Target Mean (Y),Unweighted,0.012965436027685628,0.004094694447102442,0.0,0.3630190521175321,96.0
EPA Ozone,39,Target Mean (Y),Nominal n,0.01292269719449976,0.014081318996458191,1.0,0.028162637992916406,96.0
EPA Ozone,39,Target Mean (Y),Input neff,0.01292269719449976,0.06122262324240385,1.0,0.1224452464848077,5.078483419426489
EPA Ozone,39,Target Mean (Y),GP neff [Ours],0.01292269719449976,0.04484751348090023,1.0,0.08969502696180043,9.464140281721253
EPA Ozone,39,Target Mean (Y),Block-Bootstrap,0.01292269719449976,0.014303099955276385,0.0,0.04637894542430829,19.0
EPA Ozone,39,Target Risk (L),Unweighted,0.0005268151770884366,0.0004220218032403052,0.0,0.005035778560405868,96.0
EPA Ozone,39,Target Risk (L),Nominal n,0.0009895537765597093,0.0025085934825712,1.0,0.0050171869651424,96.0
EPA Ozone,39,Target Risk (L),Input neff,0.0009895537765597093,0.010906838605846248,1.0,0.021813677211692497,5.078483419426489
EPA Ozone,39,Target Risk (L),GP neff [Ours],0.0009895537765597093,0.008247948846387595,1.0,0.01649589769277519,8.880550631214213
EPA Ozone,39,Target Risk (L),Block-Bootstrap,0.0009895537765597093,0.0032427940852013475,1.0,0.006485588170402695,19.0
EPA Ozone,40,Target Mean (Y),Unweighted,0.013850852694352267,0.007714434901400956,0.0,0.2608855815208547,96.0
EPA Ozone,40,Target Mean (Y),Nominal n,0.0001676756004040103,0.032792866808315196,1.0,0.06558573361663039,96.0
EPA Ozone,40,Target Mean (Y),Input neff,0.0001676756004040103,0.11922420009311231,1.0,0.2384484001862246,7.262751230007475
EPA Ozone,40,Target Mean (Y),GP neff [Ours],0.0001676756004040103,0.07192956294513773,1.0,0.1438591258902755,19.953319664957654
EPA Ozone,40,Target Mean (Y),Block-Bootstrap,0.0001676756004040103,0.027401119092311466,1.0,0.05480223818462293,19.0
EPA Ozone,40,Target Risk (L),Unweighted,0.0003150686899533587,0.00032841742622647914,1.0,0.0006568348524529583,96.0
EPA Ozone,40,Target Risk (L),Nominal n,0.001013341854787629,0.002391519525981552,1.0,0.004783039051963104,96.0
EPA Ozone,40,Target Risk (L),Input neff,0.001013341854787629,0.008694787319415176,1.0,0.01738957463883035,7.262751230007475
EPA Ozone,40,Target Risk (L),GP neff [Ours],0.001013341854787629,0.007854254254915347,1.0,0.015708508509830695,8.900392995559857
EPA Ozone,40,Target Risk (L),Block-Bootstrap,0.001013341854787629,0.0007586382222352264,1.0,0.0015172764444704528,19.0
EPA Ozone,41,Target Mean (Y),Unweighted,0.02473626936101897,0.00692545821195543,0.0,0.7262833623864529,96.0
EPA Ozone,41,Target Mean (Y),Nominal n,0.010498812606517999,0.040197586773663314,1.0,0.08039517354732661,96.0
EPA Ozone,41,Target Mean (Y),Input neff,0.010498812606517999,0.13658817863478692,1.0,0.2731763572695739,8.314669058704164
EPA Ozone,41,Target Mean (Y),GP neff [Ours],0.010498812606517999,0.04326211405670307,1.0,0.08652422811340615,82.88114074164372
EPA Ozone,41,Target Mean (Y),Block-Bootstrap,0.010498812606517999,0.058865126500489626,1.0,0.11773025300097925,19.0
EPA Ozone,41,Target Risk (L),Unweighted,0.0002474659145785339,0.0004943764664335998,1.0,0.0009887529328671994,96.0
EPA Ozone,41,Target Risk (L),Nominal n,0.0009228858377216878,0.000265737986872662,0.0,0.02681739000770636,96.0
EPA Ozone,41,Target Risk (L),Input neff,0.0009228858377216878,0.0009029563845557191,0.0,0.002603090895750184,8.314669058704164
EPA Ozone,41,Target Risk (L),GP neff [Ours],0.0009228858377216878,0.00028599694708081276,0.0,0.026047549519796626,82.88114074164372
EPA Ozone,41,Target Risk (L),Block-Bootstrap,0.0009228858377216878,0.0010103673863114243,1.0,0.0020207347726228487,19.0
EPA Ozone,42,Target Mean (Y),Unweighted,0.03432623063898102,0.005683788403187402,0.0,1.1570652662381198,96.0
EPA Ozone,42,Target Mean (Y),Nominal n,0.01754806683204363,0.014814274536335435,0.0,0.1389802409009986,96.0
EPA Ozone,42,Target Mean (Y),Input neff,0.01754806683204363,0.039402444581667966,1.0,0.07880488916333592,13.57018213376344
EPA Ozone,42,Target Mean (Y),GP neff [Ours],0.01754806683204363,0.0335983944120232,1.0,0.0671967888240464,18.6635804210007
EPA Ozone,42,Target Mean (Y),Block-Bootstrap,0.01754806683204363,0.018355347616333895,1.0,0.03671069523266779,19.0
EPA Ozone,42,Target Risk (L),Unweighted,0.0007900905209889759,0.0004501018823556594,0.0,0.014499749310043976,96.0
EPA Ozone,42,Target Risk (L),Nominal n,0.00022509335826075157,0.0006908528584315002,1.0,0.0013817057168630004,96.0
EPA Ozone,42,Target Risk (L),Input neff,0.00022509335826075157,0.0018375041856870935,1.0,0.003675008371374187,13.57018213376344
EPA Ozone,42,Target Risk (L),GP neff [Ours],0.00022509335826075157,0.001378765407809281,1.0,0.0027575308156185625,24.102472344820402
EPA Ozone,42,Target Risk (L),Block-Bootstrap,0.00022509335826075157,0.00039980071662429855,1.0,0.0007996014332485971,19.0
EPA Ozone,43,Target Mean (Y),Unweighted,0.03828456397231436,0.012724639493781761,0.0,1.047846258128867,96.0
EPA Ozone,43,Target Mean (Y),Nominal n,0.044276644772328705,0.04631841301723275,1.0,0.09263682603446552,96.0
EPA Ozone,43,Target Mean (Y),Input neff,0.044276644772328705,0.12755426298397401,1.0,0.2551085259679481,12.658685774792355
EPA Ozone,43,Target Mean (Y),GP neff [Ours],0.044276644772328705,0.08898346661180255,1.0,0.17796693322360513,26.01117273031348
EPA Ozone,43,Target Mean (Y),Block-Bootstrap,0.044276644772328705,0.07046747262911011,1.0,0.14093494525822023,19.0
EPA Ozone,43,Target Risk (L),Unweighted,0.0011120938237377343,0.0007916653522587393,0.0,0.014400469563677276,96.0
EPA Ozone,43,Target Risk (L),Nominal n,0.0013195173234022241,0.001849721843047533,1.0,0.0036994436860950664,96.0
EPA Ozone,43,Target Risk (L),Input neff,0.0013195173234022241,0.005093868529724987,1.0,0.010187737059449975,12.658685774792355
EPA Ozone,43,Target Risk (L),GP neff [Ours],0.0013195173234022241,0.00322538566937273,1.0,0.00645077133874546,31.573358382130944
EPA Ozone,43,Target Risk (L),Block-Bootstrap,0.0013195173234022241,0.0012202192201409947,1.0,0.0024404384402819893,19.0
EPA Ozone,44,Target Mean (Y),Unweighted,0.017659563972314385,0.006311211621604479,0.0,0.4665565172716054,96.0
EPA Ozone,44,Target Mean (Y),Nominal n,0.036520442763356475,0.023609859397151618,0.0,0.5636430534424972,96.0
EPA Ozone,44,Target Mean (Y),Input neff,0.036520442763356475,0.10061794571508016,1.0,0.20123589143016035,5.285756372941186
EPA Ozone,44,Target Mean (Y),GP neff [Ours],0.036520442763356475,0.08668744178398079,1.0,0.17337488356796155,7.121076659063451
EPA Ozone,44,Target Mean (Y),Block-Bootstrap,0.036520442763356475,0.02843313015192106,0.0,0.14037127171825858,19.0
EPA Ozone,44,Target Risk (L),Unweighted,0.0008451166553052491,0.0001606441508070861,0.0,0.027700188481540693,96.0
EPA Ozone,44,Target Risk (L),Nominal n,0.00034303620253687823,0.0008735788725013678,1.0,0.0017471577450027358,96.0
EPA Ozone,44,Target Risk (L),Input neff,0.00034303620253687823,0.0037229239739474205,1.0,0.007445847947894841,5.285756372941186
EPA Ozone,44,Target Risk (L),GP neff [Ours],0.00034303620253687823,0.0036432470811964004,1.0,0.007286494162392801,5.519480786946709
EPA Ozone,44,Target Risk (L),Block-Bootstrap,0.00034303620253687823,0.0011700287652806794,1.0,0.0023400575305613587,19.0
EPA Ozone,45,Target Mean (Y),Unweighted,0.010680397305647682,0.005212398759832739,0.0,0.22914473935226348,96.0
EPA Ozone,45,Target Mean (Y),Nominal n,0.023231945810693405,0.028392141776177996,1.0,0.056784283552355985,96.0
EPA Ozone,45,Target Mean (Y),Input neff,0.023231945810693405,0.07336839690946512,1.0,0.14673679381893023,14.37637800073263
EPA Ozone,45,Target Mean (Y),GP neff [Ours],0.023231945810693405,0.054754230334416905,1.0,0.1095084606688338,25.81262581749546
EPA Ozone,45,Target Mean (Y),Block-Bootstrap,0.023231945810693405,0.033588110493616555,1.0,0.06717622098723311,19.0
EPA Ozone,45,Target Risk (L),Unweighted,0.0005668094580335263,0.00020405368798134772,0.0,0.014918338178049842,96.0
EPA Ozone,45,Target Risk (L),Nominal n,0.0001557171564002481,0.0011187741024272385,1.0,0.002237548204854477,96.0
EPA Ozone,45,Target Risk (L),Input neff,0.0001557171564002481,0.0028910345350480907,1.0,0.005782069070096181,14.37637800073263
EPA Ozone,45,Target Risk (L),GP neff [Ours],0.0001557171564002481,0.002632777318469043,1.0,0.005265554636938086,17.335157297943724
EPA Ozone,45,Target Risk (L),Block-Bootstrap,0.0001557171564002481,0.001123113389509078,1.0,0.002246226779018156,19.0
EPA Ozone,46,Target Mean (Y),Unweighted,0.04504876936101898,0.011091892485129906,0.0,1.380458860005823,96.0
EPA Ozone,46,Target Mean (Y),Nominal n,0.03851049299540801,0.037651800550196894,0.0,0.10965129890883829,96.0
EPA Ozone,46,Target Mean (Y),Input neff,0.03851049299540801,0.13532793006711455,1.0,0.27065586013422915,7.431352358179524
EPA Ozone,46,Target Mean (Y),GP neff [Ours],0.03851049299540801,0.08912786688096339,1.0,0.17825573376192674,17.13230142832661
EPA Ozone,46,Target Mean (Y),Block-Bootstrap,0.03851049299540801,0.04738182814955034,0.0,0.3675501473544852,19.0
EPA Ozone,46,Target Risk (L),Unweighted,0.0003465854347355474,0.00045906076542249656,1.0,0.0009181215308449932,96.0
EPA Ozone,46,Target Risk (L),Nominal n,8.914739318978881e-05,0.0012233712219836548,1.0,0.0024467424439673095,96.0
EPA Ozone,46,Target Risk (L),Input neff,8.914739318978881e-05,0.004397035274687778,1.0,0.008794070549375557,7.431352358179524
EPA Ozone,46,Target Risk (L),GP neff [Ours],8.914739318978881e-05,0.0014017081701879837,1.0,0.0028034163403759674,73.12612219725904
EPA Ozone,46,Target Risk (L),Block-Bootstrap,8.914739318978881e-05,0.0011495422185930568,1.0,0.0022990844371861135,19.0
EPA Ozone,47,Target Mean (Y),Unweighted,0.006871686027685675,0.006731245102948259,0.0,0.019080127195393204,96.0
EPA Ozone,47,Target Mean (Y),Nominal n,0.002661472482665711,0.04470739475698948,1.0,0.08941478951397897,96.0
EPA Ozone,47,Target Mean (Y),Input neff,0.002661472482665711,0.09003927857647312,1.0,0.1800785571529462,23.66823896842104
EPA Ozone,47,Target Mean (Y),GP neff [Ours],0.002661472482665711,0.06819909318922725,1.0,0.13639818637845447,41.25463590831686
EPA Ozone,47,Target Mean (Y),Block-Bootstrap,0.002661472482665711,0.047156708031551794,1.0,0.09431341606310359,19.0
EPA Ozone,47,Target Risk (L),Unweighted,0.00019822260608010457,0.00032837764858501987,1.0,0.0006567552971700396,96.0
EPA Ozone,47,Target Risk (L),Nominal n,0.0017621551263430795,0.002533334424982409,1.0,0.005066668849964817,96.0
EPA Ozone,47,Target Risk (L),Input neff,0.0017621551263430795,0.005102055381625647,1.0,0.010204110763251294,23.66823896842104
EPA Ozone,47,Target Risk (L),GP neff [Ours],0.0017621551263430795,0.00405266003080992,1.0,0.00810532006161984,37.512493745676956
EPA Ozone,47,Target Risk (L),Block-Bootstrap,0.0017621551263430795,0.001129530689027851,1.0,0.002259061378055702,19.0
EPA Ozone,48,Target Mean (Y),Unweighted,0.0019758526943523536,0.005256501335161031,1.0,0.01051300267032207,96.0
EPA Ozone,48,Target Mean (Y),Nominal n,0.0045469479991593065,0.03707737123652977,1.0,0.07415474247305953,96.0
EPA Ozone,48,Target Mean (Y),Input neff,0.0045469479991593065,0.057083378216821766,1.0,0.11416675643364352,40.501375219638014
EPA Ozone,48,Target Mean (Y),GP neff [Ours],0.0045469479991593065,0.04714564671869222,1.0,0.09429129343738443,59.375312537701966
EPA Ozone,48,Target Mean (Y),Block-Bootstrap,0.0045469479991593065,0.04634412935668508,1.0,0.09268825871337016,19.0
EPA Ozone,48,Target Risk (L),Unweighted,0.00027479145827792855,0.0002941468703981193,1.0,0.0005882937407962387,96.0
EPA Ozone,48,Target Risk (L),Nominal n,6.542692204393225e-05,0.0008985713648306827,1.0,0.0017971427296613652,96.0
EPA Ozone,48,Target Risk (L),Input neff,6.542692204393225e-05,0.0013834176308297626,1.0,0.0027668352616595253,40.501375219638014
EPA Ozone,48,Target Risk (L),GP neff [Ours],6.542692204393225e-05,0.0009123892199043457,1.0,0.0018247784398086912,93.11423757815963
EPA Ozone,48,Target Risk (L),Block-Bootstrap,6.542692204393225e-05,0.0012633679430853863,1.0,0.0025267358861707726,19.0
EPA Ozone,49,Target Mean (Y),Unweighted,0.026715436027685613,0.0098309287848619,0.0,0.6950421472826729,96.0
EPA Ozone,49,Target Mean (Y),Nominal n,0.006906987405534554,0.03958526551804177,1.0,0.07917053103608351,96.0
EPA Ozone,49,Target Mean (Y),Input neff,0.006906987405534554,0.1421837576089921,1.0,0.2843675152179842,7.441121274149419
EPA Ozone,49,Target Mean (Y),GP neff [Ours],0.006906987405534554,0.1304839713809149,1.0,0.2609679427618298,8.835355429284895
EPA Ozone,49,Target Mean (Y),Block-Bootstrap,0.006906987405534554,0.06012283435775949,1.0,0.12024566871551898,19.0
EPA Ozone,49,Target Risk (L),Unweighted,0.000707710382834382,0.0001834210251425585,0.0,0.021338416357958054,96.0
EPA Ozone,49,Target Risk (L),Nominal n,0.00020819730450789115,0.0004861956982626361,1.0,0.0009723913965252722,96.0
EPA Ozone,49,Target Risk (L),Input neff,0.00020819730450789115,0.0017463349154700591,1.0,0.0034926698309401183,7.441121274149419
EPA Ozone,49,Target Risk (L),GP neff [Ours],0.00020819730450789115,0.0012655391034201353,1.0,0.0025310782068402706,14.169101762866656
EPA Ozone,49,Target Risk (L),Block-Bootstrap,0.00020819730450789115,0.0006052584749805883,1.0,0.0012105169499611766,19.0
EPA Ozone,50,Target Mean (Y),Unweighted,0.003336647305647672,0.011034289052991622,1.0,0.022068578105983228,96.0
EPA Ozone,50,Target Mean (Y),Nominal n,0.041748166004602794,0.0408454403526871,0.0,0.11779990678200253,96.0
EPA Ozone,50,Target Mean (Y),Input neff,0.041748166004602794,0.14652328263119926,1.0,0.29304656526239853,7.460108063193781
EPA Ozone,50,Target Mean (Y),GP neff [Ours],0.041748166004602794,0.10392957186109324,1.0,0.20785914372218645,14.82791615660626
EPA Ozone,50,Target Mean (Y),Block-Bootstrap,0.041748166004602794,0.06264333131050467,1.0,0.12528666262100935,19.0
EPA Ozone,50,Target Risk (L),Unweighted,0.0005678665091164126,0.0005562716948305407,0.0,0.0015763359610959607,96.0
EPA Ozone,50,Target Risk (L),Nominal n,0.0009087676675444886,0.0016403091881386008,1.0,0.003280618376277201,96.0
EPA Ozone,50,Target Risk (L),Input neff,0.0009087676675444886,0.005884218279957256,1.0,0.011768436559914512,7.460108063193781
EPA Ozone,50,Target Risk (L),GP neff [Ours],0.0009087676675444886,0.004580407664128178,1.0,0.009160815328256355,12.311597332410102
EPA Ozone,50,Target Risk (L),Block-Bootstrap,0.0009087676675444886,0.003447929262413847,1.0,0.006895858524827694,19.0
EPA Ozone,51,Target Mean (Y),Unweighted,0.016565813972314408,0.014252622104093874,0.0,0.12103291893700946,96.0
EPA Ozone,51,Target Mean (Y),Nominal n,0.003515949704866711,0.041178393319065885,1.0,0.08235678663813176,96.0
EPA Ozone,51,Target Mean (Y),Input neff,0.003515949704866711,0.1574643444802659,1.0,0.31492868896053183,6.565163841605206
EPA Ozone,51,Target Mean (Y),GP neff [Ours],0.003515949704866711,0.04710807147482537,1.0,0.09421614294965075,73.35325285054714
EPA Ozone,51,Target Mean (Y),Block-Bootstrap,0.003515949704866711,0.06864286232344752,1.0,0.13728572464689504,19.0
EPA Ozone,51,Target Risk (L),Unweighted,0.003172819456360129,0.001975896972619695,0.0,0.05182869329485674,96.0
EPA Ozone,51,Target Risk (L),Nominal n,0.002028931678876294,0.004814805903246956,1.0,0.009629611806493911,96.0
EPA Ozone,51,Target Risk (L),Input neff,0.002028931678876294,0.018411603616488425,1.0,0.03682320723297685,6.565163841605206
EPA Ozone,51,Target Risk (L),GP neff [Ours],0.002028931678876294,0.0055081367276792505,1.0,0.011016273455358501,73.35325285054714
EPA Ozone,51,Target Risk (L),Block-Bootstrap,0.002028931678876294,0.0064762452638448655,1.0,0.012952490527689731,19.0
EPA Ozone,52,Target Mean (Y),Unweighted,0.0083821026943523,0.004683518128456004,0.0,0.15731041889276426,96.0
EPA Ozone,52,Target Mean (Y),Nominal n,0.009783673276558547,0.019917157376842673,1.0,0.03983431475368532,96.0
EPA Ozone,52,Target Mean (Y),Input neff,0.009783673276558547,0.08724636592789223,1.0,0.17449273185578446,5.003008610469222
EPA Ozone,52,Target Mean (Y),GP neff [Ours],0.009783673276558547,0.02625337699583493,1.0,0.052506753991669874,55.25296560335747
EPA Ozone,52,Target Mean (Y),Block-Bootstrap,0.009783673276558547,0.021313240158733884,1.0,0.04262648031746777,19.0
EPA Ozone,52,Target Risk (L),Unweighted,0.0007130452459824585,0.0002729007547760342,0.0,0.018151581157809044,96.0
EPA Ozone,52,Target Risk (L),Nominal n,0.0003435948149536135,0.0011591307251485445,1.0,0.002318261450297089,96.0
EPA Ozone,52,Target Risk (L),Input neff,0.0003435948149536135,0.005077528961143571,1.0,0.010155057922287143,5.003008610469222
EPA Ozone,52,Target Risk (L),GP neff [Ours],0.0003435948149536135,0.0032907643872068125,1.0,0.006581528774413625,11.910842758705385
EPA Ozone,52,Target Risk (L),Block-Bootstrap,0.0003435948149536135,0.0012858818481375823,1.0,0.0025717636962751646,19.0
EPA Ozone,53,Target Mean (Y),Unweighted,0.03927414730564768,0.004753643954689204,0.0,1.3903274219477182,96.0
EPA Ozone,53,Target Mean (Y),Nominal n,0.027591244390245406,0.022170939589893055,0.0,0.2611540711938803,96.0
EPA Ozone,53,Target Mean (Y),Input neff,0.027591244390245406,0.07369034258120345,1.0,0.14738068516240693,8.689970041226967
EPA Ozone,53,Target Mean (Y),GP neff [Ours],0.027591244390245406,0.0483197306907094,1.0,0.09663946138141882,20.211121837306536
EPA Ozone,53,Target Mean (Y),Block-Bootstrap,0.027591244390245406,0.03840876914103114,1.0,0.07681753828206228,19.0
EPA Ozone,53,Target Risk (L),Unweighted,0.0006782418379211835,0.0002779611155337643,0.0,0.0165671511265643,96.0
EPA Ozone,53,Target Risk (L),Nominal n,0.0008979518535855047,0.0003619265343864804,0.0,0.02216486583673393,96.0
EPA Ozone,53,Target Risk (L),Input neff,0.0008979518535855047,0.0012029481294660862,1.0,0.0024058962589321724,8.689970041226967
EPA Ozone,53,Target Risk (L),GP neff [Ours],0.0008979518535855047,0.0007110815206890626,0.0,0.008896976357235804,24.869857483254677
EPA Ozone,53,Target Risk (L),Block-Bootstrap,0.0008979518535855047,0.000680704880896297,1.0,0.001361409761792594,19.0
EPA Ozone,54,Target Mean (Y),Unweighted,0.024951230638981026,0.011489222636733007,0.0,0.5614587653633873,96.0
EPA Ozone,54,Target Mean (Y),Nominal n,0.05249508424223484,0.038683967274121774,0.0,0.6298126132727665,96.0
EPA Ozone,54,Target Mean (Y),Input neff,0.05249508424223484,0.13568132094430058,1.0,0.27136264188860115,7.803566242301179
EPA Ozone,54,Target Mean (Y),GP neff [Ours],0.05249508424223484,0.09726503782085286,1.0,0.19453007564170569,15.185172419566529
EPA Ozone,54,Target Mean (Y),Block-Bootstrap,0.05249508424223484,0.054051886268454,1.0,0.108103772536908,19.0
EPA Ozone,54,Target Risk (L),Unweighted,0.0008891901541727158,0.0007213582430068729,0.0,0.00815599293264746,96.0
EPA Ozone,54,Target Risk (L),Nominal n,0.0017041953633504952,0.002825912532373073,1.0,0.005651825064746146,96.0
EPA Ozone,54,Target Risk (L),Input neff,0.0017041953633504952,0.009911691387504846,1.0,0.019823382775009692,7.803566242301179
EPA Ozone,54,Target Risk (L),GP neff [Ours],0.0017041953633504952,0.0031944369082752403,1.0,0.006388873816550481,75.12768971819233
EPA Ozone,54,Target Risk (L),Block-Bootstrap,0.0017041953633504952,0.0032123724808663374,1.0,0.006424744961732675,19.0
EPA Ozone,55,Target Mean (Y),Unweighted,0.04750331397231436,0.006942267130892236,0.0,1.636326407918669,96.0
EPA Ozone,55,Target Mean (Y),Nominal n,0.03295879662779819,0.027584854053516572,0.0,0.27012741107829774,96.0
EPA Ozone,55,Target Mean (Y),Input neff,0.03295879662779819,0.1090488035819265,1.0,0.21809760716385304,6.142862634895101
EPA Ozone,55,Target Mean (Y),GP neff [Ours],0.03295879662779819,0.03321927097881573,1.0,0.06643854195763144,66.19610245553389
EPA Ozone,55,Target Mean (Y),Block-Bootstrap,0.03295879662779819,0.03299786190005899,0.0,0.12862828269269155,19.0
EPA Ozone,55,Target Risk (L),Unweighted,0.0006483451843023256,0.00023905968762154923,0.0,0.01684953924247415,96.0
EPA Ozone,55,Target Risk (L),Nominal n,0.0011241513296762953,0.00024399972193550617,0.0,0.03569406375350257,96.0
EPA Ozone,55,Target Risk (L),Input neff,0.0011241513296762953,0.0009645828721721177,0.0,0.008311904044511334,6.142862634895101
EPA Ozone,55,Target Risk (L),GP neff [Ours],0.0011241513296762953,0.0002938385269686778,0.0,0.03380018916224205,66.19610245553389
EPA Ozone,55,Target Risk (L),Block-Bootstrap,0.0011241513296762953,0.00025849326412505076,0.0,0.03586805945186143,19.0
EPA Ozone,56,Target Mean (Y),Unweighted,0.02077793602768563,0.009688637065413638,0.0,0.46294923262170656,96.0
EPA Ozone,56,Target Mean (Y),Nominal n,0.023781793571218013,0.03225306653145492,1.0,0.06450613306290981,96.0
EPA Ozone,56,Target Mean (Y),Input neff,0.023781793571218013,0.12545361059988844,1.0,0.2509072211997769,6.345223557750715
EPA Ozone,56,Target Mean (Y),GP neff [Ours],0.023781793571218013,0.0883125565790758,1.0,0.1766251131581516,12.804668604811805
EPA Ozone,56,Target Mean (Y),Block-Bootstrap,0.023781793571218013,0.04552626788172423,1.0,0.09105253576344846,19.0
EPA Ozone,56,Target Risk (L),Unweighted,0.00028637091654722395,0.00041891196972911434,1.0,0.0008378239394582288,96.0
EPA Ozone,56,Target Risk (L),Nominal n,0.0005686585018874082,0.0007000320083173402,1.0,0.00140006401663468,96.0
EPA Ozone,56,Target Risk (L),Input neff,0.0005686585018874082,0.0027228897101382026,1.0,0.005445779420276405,6.345223557750715
EPA Ozone,56,Target Risk (L),GP neff [Ours],0.0005686585018874082,0.0008209816689360704,1.0,0.0016419633378721406,69.79753883107728
EPA Ozone,56,Target Risk (L),Block-Bootstrap,0.0005686585018874082,0.0006629170486121239,0.0,0.002968874484512866,19.0
EPA Ozone,57,Target Mean (Y),Unweighted,0.018805397305647703,0.010789051618318172,0.0,0.3422319307298177,96.0
EPA Ozone,57,Target Mean (Y),Nominal n,0.018073876324829957,0.0345340948906214,1.0,0.06906818978124282,96.0
EPA Ozone,57,Target Mean (Y),Input neff,0.018073876324829957,0.1298090163866381,1.0,0.2596180327732762,6.7945026258171355
EPA Ozone,57,Target Mean (Y),GP neff [Ours],0.018073876324829957,0.09647829430338897,1.0,0.19295658860677792,12.300086216663136
EPA Ozone,57,Target Mean (Y),Block-Bootstrap,0.018073876324829957,0.06361621677891979,1.0,0.12723243355783959,19.0
EPA Ozone,57,Target Risk (L),Unweighted,0.00023204354917527158,0.00034279456734741644,1.0,0.0006855891346948329,96.0
EPA Ozone,57,Target Risk (L),Nominal n,0.0006788261219887605,0.0004732648069462398,0.0,0.009168982215593306,96.0
EPA Ozone,57,Target Risk (L),Input neff,0.0006788261219887605,0.0017789387350292914,1.0,0.0035578774700585824,6.7945026258171355
EPA Ozone,57,Target Risk (L),GP neff [Ours],0.0006788261219887605,0.0011132156768932633,1.0,0.0022264313537865266,17.350860846660595
EPA Ozone,57,Target Risk (L),Block-Bootstrap,0.0006788261219887605,0.0009441886262860369,1.0,0.0018883772525720738,19.0
EPA Ozone,58,Target Mean (Y),Unweighted,0.019065813972314355,0.00815548357123609,0.0,0.45272418318560326,96.0
EPA Ozone,58,Target Mean (Y),Nominal n,0.0026298748497799174,0.02662977287184205,1.0,0.05325954574368408,96.0
EPA Ozone,58,Target Mean (Y),Input neff,0.0026298748497799174,0.09414284249437786,1.0,0.18828568498875575,7.6812436933149035
EPA Ozone,58,Target Mean (Y),GP neff [Ours],0.0026298748497799174,0.0563159484617563,1.0,0.11263189692351261,21.46561580592187
EPA Ozone,58,Target Mean (Y),Block-Bootstrap,0.0026298748497799174,0.03586857815919417,1.0,0.07173715631838834,19.0
EPA Ozone,58,Target Risk (L),Unweighted,0.0003451923597916715,0.00024571786603324285,0.0,0.004470415482403633,96.0
EPA Ozone,58,Target Risk (L),Nominal n,0.0003726546334462046,0.0008720724192376275,1.0,0.001744144838475255,96.0
EPA Ozone,58,Target Risk (L),Input neff,0.0003726546334462046,0.0030829919880687295,1.0,0.006165983976137459,7.6812436933149035
EPA Ozone,58,Target Risk (L),GP neff [Ours],0.0003726546334462046,0.0019812520333355155,1.0,0.003962504066671031,18.59931224070343
EPA Ozone,58,Target Risk (L),Block-Bootstrap,0.0003726546334462046,0.0009170488131818241,1.0,0.0018340976263636483,19.0
EPA Ozone,59,Target Mean (Y),Unweighted,0.02671543602768564,0.009934289955169276,0.0,0.6911144228109937,96.0
EPA Ozone,59,Target Mean (Y),Nominal n,0.0030247046069531436,0.025929947202751463,1.0,0.051859894405502927,96.0
EPA Ozone,59,Target Mean (Y),Input neff,0.0030247046069531436,0.08912973930580022,1.0,0.17825947861160046,8.12510955444999
EPA Ozone,59,Target Mean (Y),GP neff [Ours],0.0030247046069531436,0.06789435563837257,1.0,0.13578871127674513,14.002550774312645
EPA Ozone,59,Target Mean (Y),Block-Bootstrap,0.0030247046069531436,0.02330779511582308,1.0,0.04661559023164616,19.0
EPA Ozone,59,Target Risk (L),Unweighted,0.0005908841615732874,0.0002462802844203544,0.0,0.014276715654958026,96.0
EPA Ozone,59,Target Risk (L),Nominal n,0.0009953483505059837,0.0004621753299681415,0.0,0.022251271481449973,96.0
EPA Ozone,59,Target Risk (L),Input neff,0.0009953483505059837,0.0015886483050479,1.0,0.0031772966100958,8.12510955444999
EPA Ozone,59,Target Risk (L),GP neff [Ours],0.0009953483505059837,0.0009879755467588347,0.0,0.0022708632434036286,21.00837020375022
EPA Ozone,59,Target Risk (L),Block-Bootstrap,0.0009953483505059837,0.0006738138409681933,0.0,0.0020526976703149624,19.0
EPA Ozone,60,Target Mean (Y),Unweighted,0.014378313972314316,0.0065206613676108555,0.0,0.32734742692336066,96.0
EPA Ozone,60,Target Mean (Y),Nominal n,0.01024185340434286,0.02735343343697467,1.0,0.05470686687394935,96.0
EPA Ozone,60,Target Mean (Y),Input neff,0.01024185340434286,0.11050148273832977,1.0,0.22100296547665957,5.882456394363339
EPA Ozone,60,Target Mean (Y),GP neff [Ours],0.01024185340434286,0.10518945769973498,1.0,0.21037891539946993,6.491581222315388
EPA Ozone,60,Target Mean (Y),Block-Bootstrap,0.01024185340434286,0.032268126634773325,1.0,0.06453625326954665,19.0
EPA Ozone,60,Target Risk (L),Unweighted,7.43265996900242e-05,0.00042362488466068384,1.0,0.0008472497693213678,96.0
EPA Ozone,60,Target Risk (L),Nominal n,0.00018894908275962456,0.0021265582038569324,1.0,0.004253116407713865,96.0
EPA Ozone,60,Target Risk (L),Input neff,0.00018894908275962456,0.008590798489593208,1.0,0.017181596979186416,5.882456394363339
EPA Ozone,60,Target Risk (L),GP neff [Ours],0.00018894908275962456,0.006730028196590817,1.0,0.013460056393181635,9.584997703768598
EPA Ozone,60,Target Risk (L),Block-Bootstrap,0.00018894908275962456,0.0018245045650600608,1.0,0.0036490091301201216,19.0
EPA Ozone,61,Target Mean (Y),Unweighted,0.0010970639723143494,0.0055034483433355815,1.0,0.011006896686671153,96.0
EPA Ozone,61,Target Mean (Y),Nominal n,0.011936608573555635,0.008632332412602653,0.0,0.1494357112633251,96.0
EPA Ozone,61,Target Mean (Y),Input neff,0.011936608573555635,0.03318690881376869,1.0,0.06637381762753736,6.4952211182742
EPA Ozone,61,Target Mean (Y),GP neff [Ours],0.011936608573555635,0.02462740450937531,1.0,0.04925480901875062,11.794791195297385
EPA Ozone,61,Target Mean (Y),Block-Bootstrap,0.011936608573555635,0.011426810304751858,1.0,0.022853620609503716,19.0
EPA Ozone,61,Target Risk (L),Unweighted,0.00030267225987124034,0.0003014071404830359,0.0,0.0006534190564942508,96.0
EPA Ozone,61,Target Risk (L),Nominal n,0.0007741378370455128,0.0005895981611100261,0.0,0.008560783359639518,96.0
EPA Ozone,61,Target Risk (L),Input neff,0.0007741378370455128,0.002266703768376395,1.0,0.00453340753675279,6.4952211182742
EPA Ozone,61,Target Risk (L),GP neff [Ours],0.0007741378370455128,0.0017862410254291092,1.0,0.003572482050858218,10.459317683602292
EPA Ozone,61,Target Risk (L),Block-Bootstrap,0.0007741378370455128,0.0003773003578950046,0.0,0.023935680619849745,19.0
EPA Ozone,62,Target Mean (Y),Unweighted,0.004482480638981046,0.012811108346900489,1.0,0.025622216693800992,96.0
EPA Ozone,62,Target Mean (Y),Nominal n,0.014198413660711201,0.059081752848066375,1.0,0.11816350569613276,96.0
EPA Ozone,62,Target Mean (Y),Input neff,0.014198413660711201,0.10627585267174601,1.0,0.212551705343492,29.669401110860925
EPA Ozone,62,Target Mean (Y),GP neff [Ours],0.014198413660711201,0.07251552924193236,1.0,0.14503105848386474,63.72589362469654
EPA Ozone,62,Target Mean (Y),Block-Bootstrap,0.014198413660711201,0.060309170113991964,1.0,0.12061834022798393,19.0
EPA Ozone,62,Target Risk (L),Unweighted,0.001629965448738195,0.001327356717817691,0.0,0.014759062672455543,96.0
EPA Ozone,62,Target Risk (L),Nominal n,0.006605676533460005,0.011434594364013222,1.0,0.022869188728026443,96.0
EPA Ozone,62,Target Risk (L),Input neff,0.006605676533460005,0.020568470084428414,1.0,0.04113694016885683,29.669401110860925
EPA Ozone,62,Target Risk (L),GP neff [Ours],0.006605676533460005,0.015134808410045988,1.0,0.030269616820091976,54.79726760298506
EPA Ozone,62,Target Risk (L),Block-Bootstrap,0.006605676533460005,0.009851243590187212,1.0,0.019702487180374425,19.0
EPA Ozone,63,Target Mean (Y),Unweighted,0.010732480638981051,0.007659637700805591,0.0,0.13823299292863012,96.0
EPA Ozone,63,Target Mean (Y),Nominal n,0.006766388917524652,0.01564526310866687,1.0,0.03129052621733375,96.0
EPA Ozone,63,Target Mean (Y),Input neff,0.006766388917524652,0.03471001387989836,1.0,0.06942002775979672,19.504166721560665
EPA Ozone,63,Target Mean (Y),GP neff [Ours],0.006766388917524652,0.02211242923210752,1.0,0.04422485846421503,48.057819650278915
EPA Ozone,63,Target Mean (Y),Block-Bootstrap,0.006766388917524652,0.012499931836561312,1.0,0.024999863673122624,19.0
EPA Ozone,63,Target Risk (L),Unweighted,0.0004379399317579765,0.00023393853029529357,0.0,0.0086279331190979,96.0
EPA Ozone,63,Target Risk (L),Nominal n,0.0008846064438667162,0.00031385539934626887,0.0,0.02345775257951043,96.0
EPA Ozone,63,Target Risk (L),Input neff,0.0008846064438667162,0.0006963082175048384,0.0,0.008924545489484787,19.504166721560665
EPA Ozone,63,Target Risk (L),GP neff [Ours],0.0008846064438667162,0.00047943703994923135,0.0,0.017165650236597857,41.14028301703475
EPA Ozone,63,Target Risk (L),Block-Bootstrap,0.0008846064438667162,0.00033952878358709307,0.0,0.016982464578121706,19.0
EPA Ozone,64,Target Mean (Y),Unweighted,0.01974289730564771,0.008300263481228877,0.0,0.4743058799392116,96.0
EPA Ozone,64,Target Mean (Y),Nominal n,0.03060692131779666,0.049834219960784035,1.0,0.09966843992156804,96.0
EPA Ozone,64,Target Mean (Y),Input neff,0.03060692131779666,0.1734259726407762,1.0,0.3468519452815524,7.9268070114047555
EPA Ozone,64,Target Mean (Y),GP neff [Ours],0.03060692131779666,0.09649658698660071,1.0,0.1929931739732014,25.60369568539575
EPA Ozone,64,Target Mean (Y),Block-Bootstrap,0.03060692131779666,0.06420625981381045,1.0,0.1284125196276209,19.0
EPA Ozone,64,Target Risk (L),Unweighted,0.00011007523673133837,0.0005190939829201068,1.0,0.0010381879658402135,96.0
EPA Ozone,64,Target Risk (L),Nominal n,0.002747625304421508,0.0037497319010575876,1.0,0.007499463802115176,96.0
EPA Ozone,64,Target Risk (L),Input neff,0.002747625304421508,0.013049284258784408,1.0,0.026098568517568817,7.9268070114047555
EPA Ozone,64,Target Risk (L),GP neff [Ours],0.002747625304421508,0.004099005677657061,1.0,0.008198011355314122,80.33681843673203
EPA Ozone,64,Target Risk (L),Block-Bootstrap,0.002747625304421508,0.004169131707663685,1.0,0.00833826341532737,19.0
EPA Ozone,65,Target Mean (Y),Unweighted,0.02854498063898106,0.013042315233859238,0.0,0.6461912466725914,96.0
EPA Ozone,65,Target Mean (Y),Nominal n,0.047262080416127256,0.0395605644392454,0.0,0.3871817679537646,96.0
EPA Ozone,65,Target Mean (Y),Input neff,0.047262080416127256,0.09883747085922945,1.0,0.1976749417184589,15.379879904643944
EPA Ozone,65,Target Mean (Y),GP neff [Ours],0.047262080416127256,0.06480173010772118,1.0,0.12960346021544233,35.77857090948118
EPA Ozone,65,Target Mean (Y),Block-Bootstrap,0.047262080416127256,0.04148344241378875,0.0,0.36962215702208234,19.0
EPA Ozone,65,Target Risk (L),Unweighted,0.0010627718233585175,0.0007602272312979535,0.0,0.01362223814501847,96.0
EPA Ozone,65,Target Risk (L),Nominal n,0.0014234727125377342,0.0027787459957452796,1.0,0.005557491991490559,96.0
EPA Ozone,65,Target Risk (L),Input neff,0.0014234727125377342,0.006942373807670409,1.0,0.013884747615340818,15.379879904643944
EPA Ozone,65,Target Risk (L),GP neff [Ours],0.0014234727125377342,0.004690705332753454,1.0,0.009381410665506908,33.689349813730466
EPA Ozone,65,Target Risk (L),Block-Bootstrap,0.0014234727125377342,0.0026191580703112086,1.0,0.005238316140622417,19.0
EPA Ozone,66,Target Mean (Y),Unweighted,0.01818039730564769,0.01092544711630398,0.0,0.31204890180635664,96.0
EPA Ozone,66,Target Mean (Y),Nominal n,0.03271060582382354,0.04315053978764571,1.0,0.08630107957529143,96.0
EPA Ozone,66,Target Mean (Y),Input neff,0.03271060582382354,0.1531248794932545,1.0,0.3062497589865091,7.623460929927868
EPA Ozone,66,Target Mean (Y),GP neff [Ours],0.03271060582382354,0.11205196508728228,1.0,0.22410393017456454,14.236549555459792
EPA Ozone,66,Target Mean (Y),Block-Bootstrap,0.03271060582382354,0.08132906226314107,1.0,0.16265812452628214,19.0
EPA Ozone,66,Target Risk (L),Unweighted,0.0003599327928604638,0.0004898618316532834,1.0,0.0009797236633065666,96.0
EPA Ozone,66,Target Risk (L),Nominal n,0.0002394417650452515,0.0019360280893974803,1.0,0.0038720561787949606,96.0
EPA Ozone,66,Target Risk (L),Input neff,0.0002394417650452515,0.006870228491774784,1.0,0.013740456983549568,7.623460929927868
EPA Ozone,66,Target Risk (L),GP neff [Ours],0.0002394417650452515,0.00437996760088998,1.0,0.00875993520177996,18.75654076397325
EPA Ozone,66,Target Risk (L),Block-Bootstrap,0.0002394417650452515,0.003823572106491949,1.0,0.007647144212983898,19.0
EPA Ozone,67,Target Mean (Y),Unweighted,0.02901373063898105,0.008934349982143956,0.0,0.8210439262377716,96.0
EPA Ozone,67,Target Mean (Y),Nominal n,0.014465140431361073,0.022537697762468972,1.0,0.045075395524937945,96.0
EPA Ozone,67,Target Mean (Y),Input neff,0.014465140431361073,0.05977267895714973,1.0,0.11954535791429943,13.64849900011342
EPA Ozone,67,Target Mean (Y),GP neff [Ours],0.014465140431361073,0.04152153939479316,1.0,0.08304307878958633,28.284170158153035
EPA Ozone,67,Target Mean (Y),Block-Bootstrap,0.014465140431361073,0.025315911171517547,1.0,0.05063182234303509,19.0
EPA Ozone,67,Target Risk (L),Unweighted,0.00022970358261267788,0.00039707063589439315,1.0,0.0007941412717887861,96.0
EPA Ozone,67,Target Risk (L),Nominal n,0.0006690154871562314,0.0003529587050279139,0.0,0.013348188695188529,96.0
EPA Ozone,67,Target Risk (L),Input neff,0.0006690154871562314,0.0009360888402673134,1.0,0.0018721776805346265,13.64849900011342
EPA Ozone,67,Target Risk (L),GP neff [Ours],0.0006690154871562314,0.0003726186953986415,0.0,0.012601109061100875,86.13700077094703
EPA Ozone,67,Target Risk (L),Block-Bootstrap,0.0006690154871562314,0.00044611044660600467,0.0,0.008115060006176305,19.0
EPA Ozone,68,Target Mean (Y),Unweighted,0.008597063972314356,0.008853341661770651,1.0,0.017706683323541306,96.0
EPA Ozone,68,Target Mean (Y),Nominal n,0.0026711453949418706,0.03444059379252248,1.0,0.06888118758504497,96.0
EPA Ozone,68,Target Mean (Y),Input neff,0.0026711453949418706,0.13627205238198717,1.0,0.2725441047639744,6.131954172190207
EPA Ozone,68,Target Mean (Y),GP neff [Ours],0.0026711453949418706,0.1270222822583718,1.0,0.2540445645167436,7.057528992443075
EPA Ozone,68,Target Mean (Y),Block-Bootstrap,0.0026711453949418706,0.04961567200840676,1.0,0.09923134401681352,19.0
EPA Ozone,68,Target Risk (L),Unweighted,0.0005248289887369844,0.0004655275104462102,0.0,0.0033031141525233913,96.0
EPA Ozone,68,Target Risk (L),Nominal n,0.0004045951333653127,0.0014178591852965826,1.0,0.0028357183705931656,96.0
EPA Ozone,68,Target Risk (L),Input neff,0.0004045951333653127,0.005610082750982275,1.0,0.01122016550196455,6.131954172190207
EPA Ozone,68,Target Risk (L),GP neff [Ours],0.0004045951333653127,0.003219657484659978,1.0,0.006439314969319956,18.617359691082118
EPA Ozone,68,Target Risk (L),Block-Bootstrap,0.0004045951333653127,0.00182412565911413,1.0,0.00364825131822826,19.0
EPA Ozone,69,Target Mean (Y),Unweighted,0.04713210269435231,0.012911474138455184,0.0,1.3946480905127947,96.0
EPA Ozone,69,Target Mean (Y),Nominal n,0.05145426982329432,0.027608176222189335,0.0,1.009060096488578,96.0
EPA Ozone,69,Target Mean (Y),Input neff,0.05145426982329432,0.06737108403977994,1.0,0.1347421680795599,16.121282890328402
EPA Ozone,69,Target Mean (Y),GP neff [Ours],0.05145426982329432,0.0410872116768826,0.0,0.4968567492102343,43.3444334576991
EPA Ozone,69,Target Mean (Y),Block-Bootstrap,0.05145426982329432,0.06881619330261504,1.0,0.13763238660523008,19.0
EPA Ozone,69,Target Risk (L),Unweighted,0.0009586636735649668,0.000504456218501265,0.0,0.019177210639550604,96.0
EPA Ozone,69,Target Risk (L),Nominal n,0.0006255947677259604,0.0015851685053138939,1.0,0.003170337010627788,96.0
EPA Ozone,69,Target Risk (L),Input neff,0.0006255947677259604,0.0038682207665308023,1.0,0.0077364415330616046,16.121282890328402
EPA Ozone,69,Target Risk (L),GP neff [Ours],0.0006255947677259604,0.002359089329088422,1.0,0.004718178658176844,43.3444334576991
EPA Ozone,69,Target Risk (L),Block-Bootstrap,0.0006255947677259604,0.002082197333875,1.0,0.00416439466775,19.0
EPA Ozone,70,Target Mean (Y),Unweighted,0.1251595639723144,0.013748448781119322,0.0,4.483941505210042,96.0
EPA Ozone,70,Target Mean (Y),Nominal n,0.05576788161745963,0.029956635441878172,0.0,1.0923631179070143,96.0
EPA Ozone,70,Target Mean (Y),Input neff,0.05576788161745963,0.08382940760720464,1.0,0.16765881521440928,12.259267097565806
EPA Ozone,70,Target Mean (Y),GP neff [Ours],0.05576788161745963,0.05128541625901059,0.0,0.2818694468559828,32.7543912213136
EPA Ozone,70,Target Mean (Y),Block-Bootstrap,0.05576788161745963,0.01345325187811082,0.0,1.1006212358490648,19.0
EPA Ozone,70,Target Risk (L),Unweighted,0.005180017253593583,0.0016556917390716738,0.0,0.14428440405901974,96.0
EPA Ozone,70,Target Risk (L),Nominal n,0.0005904868869253197,0.001590192351288009,1.0,0.003180384702576018,96.0
EPA Ozone,70,Target Risk (L),Input neff,0.0005904868869253197,0.0044499283989558715,1.0,0.008899856797911743,12.259267097565806
EPA Ozone,70,Target Risk (L),GP neff [Ours],0.0005904868869253197,0.0016686410658063161,1.0,0.0033372821316126327,87.18558750666416
EPA Ozone,70,Target Risk (L),Block-Bootstrap,0.0005904868869253197,0.001449961903278203,1.0,0.002899923806556406,19.0
EPA Ozone,71,Target Mean (Y),Unweighted,0.05687831397231438,0.013367948973525147,0.0,1.7671504978986188,96.0
EPA Ozone,71,Target Mean (Y),Nominal n,0.048280048425068806,0.049700938677185016,1.0,0.09940187735437,96.0
EPA Ozone,71,Target Mean (Y),Input neff,0.048280048425068806,0.1555714401313935,1.0,0.311142880262787,9.798073009691251
EPA Ozone,71,Target Mean (Y),GP neff [Ours],0.048280048425068806,0.1392648903778524,1.0,0.2785297807557048,12.226921726810895
EPA Ozone,71,Target Mean (Y),Block-Bootstrap,0.048280048425068806,0.07308647751013365,1.0,0.1461729550202673,19.0
EPA Ozone,71,Target Risk (L),Unweighted,0.00017109782687390793,0.0005688924547096034,1.0,0.0011377849094192068,96.0
EPA Ozone,71,Target Risk (L),Nominal n,0.0002920718048299981,0.0006967388778414731,1.0,0.0013934777556829465,96.0
EPA Ozone,71,Target Risk (L),Input neff,0.0002920718048299981,0.0021808978563836695,1.0,0.004361795712767339,9.798073009691251
EPA Ozone,71,Target Risk (L),GP neff [Ours],0.0002920718048299981,0.0017961617934255077,1.0,0.0035923235868510154,14.445095391256329
EPA Ozone,71,Target Risk (L),Block-Bootstrap,0.0002920718048299981,0.0009298972076193487,1.0,0.0018597944152386975,19.0
EPA Ozone,72,Target Mean (Y),Unweighted,0.06271164730564774,0.010575733759607114,0.0,2.1065880093608387,96.0
EPA Ozone,72,Target Mean (Y),Nominal n,0.05848156792463513,0.05426305882147875,0.0,0.27726648176921276,96.0
EPA Ozone,72,Target Mean (Y),Input neff,0.05848156792463513,0.14442444764954834,1.0,0.28884889529909663,13.551842490222185
EPA Ozone,72,Target Mean (Y),GP neff [Ours],0.05848156792463513,0.12009247939874146,1.0,0.24018495879748292,19.599642657671826
EPA Ozone,72,Target Mean (Y),Block-Bootstrap,0.05848156792463513,0.0560903062746228,1.0,0.1121806125492456,19.0
EPA Ozone,72,Target Risk (L),Unweighted,0.0013266506997888468,0.0008861219943673758,0.0,0.019393392205593593,96.0
EPA Ozone,72,Target Risk (L),Nominal n,0.004708058641049348,0.008856528680312134,1.0,0.017713057360624267,96.0
EPA Ozone,72,Target Risk (L),Input neff,0.004708058641049348,0.02357219239989033,1.0,0.04714438479978066,13.551842490222185
EPA Ozone,72,Target Risk (L),GP neff [Ours],0.004708058641049348,0.009399874179655397,1.0,0.018799748359310794,85.22248994231124
EPA Ozone,72,Target Risk (L),Block-Bootstrap,0.004708058641049348,0.006382327117161814,1.0,0.012764654234323628,19.0
EPA Ozone,73,Target Mean (Y),Unweighted,0.028955019361018963,0.009203151385872478,0.0,0.8084810217776048,96.0
EPA Ozone,73,Target Mean (Y),Nominal n,0.05507376820510965,0.021320886870784844,0.0,1.3927570271145617,96.0
EPA Ozone,73,Target Mean (Y),Input neff,0.05507376820510965,0.05348444177377609,0.0,0.17054194080089435,15.255513476887236
EPA Ozone,73,Target Mean (Y),GP neff [Ours],0.05507376820510965,0.03397329855616696,0.0,0.9119653830700414,37.80997003840622
EPA Ozone,73,Target Mean (Y),Block-Bootstrap,0.05507376820510965,0.02214319660649275,0.0,1.4524527757497085,19.0
EPA Ozone,73,Target Risk (L),Unweighted,0.0003827322959550211,0.0004450009488076568,1.0,0.0008900018976153137,96.0
EPA Ozone,73,Target Risk (L),Nominal n,0.001782238038256909,0.0026720556069794728,1.0,0.005344111213958945,96.0
EPA Ozone,73,Target Risk (L),Input neff,0.001782238038256909,0.006702976447176502,1.0,0.013405952894353004,15.255513476887236
EPA Ozone,73,Target Risk (L),GP neff [Ours],0.001782238038256909,0.004942974632539544,1.0,0.009885949265079089,28.053396717759362
EPA Ozone,73,Target Risk (L),Block-Bootstrap,0.001782238038256909,0.003353782060620873,1.0,0.006707564121241746,19.0
EPA Ozone,74,Target Mean (Y),Unweighted,0.013434186027685646,0.006937240591009068,0.0,0.2737522986490816,96.0
EPA Ozone,74,Target Mean (Y),Nominal n,0.008952381072690946,0.0356539056060301,1.0,0.0713078112120602,96.0
EPA Ozone,74,Target Mean (Y),Input neff,0.008952381072690946,0.13928074806954435,1.0,0.27856149613908876,6.290762255579565
EPA Ozone,74,Target Mean (Y),GP neff [Ours],0.008952381072690946,0.12737188452885795,1.0,0.2547437690577159,7.522086180639679
EPA Ozone,74,Target Mean (Y),Block-Bootstrap,0.008952381072690946,0.05055915465746613,1.0,0.10111830931493226,19.0
EPA Ozone,74,Target Risk (L),Unweighted,0.0007998589083149853,0.0002774373151245496,0.0,0.021451738357866526,96.0
EPA Ozone,74,Target Risk (L),Nominal n,0.0008314547570570627,0.0004949368288306627,0.0,0.014450590786717324,96.0
EPA Ozone,74,Target Risk (L),Input neff,0.0008314547570570627,0.0019334535893045,1.0,0.003866907178609,6.290762255579565
EPA Ozone,74,Target Risk (L),GP neff [Ours],0.0008314547570570627,0.0013421492902916735,1.0,0.002684298580583347,13.054766959524127
EPA Ozone,74,Target Risk (L),Block-Bootstrap,0.0008314547570570627,0.0004776506274910798,0.0,0.013153882946094625,19.0
EPA Ozone,75,Target Mean (Y),Unweighted,0.029267519361018984,0.008558302456426303,0.0,0.8454852810965598,96.0
EPA Ozone,75,Target Mean (Y),Nominal n,0.04057435154686448,0.01771401402464189,0.0,0.949841528938187,96.0
EPA Ozone,75,Target Mean (Y),Input neff,0.04057435154686448,0.03322981815967808,0.0,0.36024097180681247,27.280308166531658
EPA Ozone,75,Target Mean (Y),GP neff [Ours],0.04057435154686448,0.023804923435843114,0.0,0.7183869713125407,53.158366055683096
EPA Ozone,75,Target Mean (Y),Block-Bootstrap,0.04057435154686448,0.02478489917693326,0.0,0.6639362441541805,19.0
EPA Ozone,75,Target Risk (L),Unweighted,0.0004933716450516183,0.00041222248649045134,0.0,0.004070411315427583,96.0
EPA Ozone,75,Target Risk (L),Nominal n,2.6052484146782927e-06,0.0010530131123411962,1.0,0.0021060262246823925,96.0
EPA Ozone,75,Target Risk (L),Input neff,2.6052484146782927e-06,0.0019753531974276515,1.0,0.003950706394855303,27.280308166531658
EPA Ozone,75,Target Risk (L),GP neff [Ours],2.6052484146782927e-06,0.0014786831154668225,1.0,0.002957366230933645,48.68425893471094
EPA Ozone,75,Target Risk (L),Block-Bootstrap,2.6052484146782927e-06,0.0013116302409036838,1.0,0.0026232604818073675,19.0
EPA Ozone,76,Target Mean (Y),Unweighted,0.0351529360276856,0.012164448245765342,0.0,0.9438684077683408,96.0
EPA Ozone,76,Target Mean (Y),Nominal n,0.09553846579085781,0.0199104677499296,0.0,3.0649408571369876,96.0
EPA Ozone,76,Target Mean (Y),Input neff,0.09553846579085781,0.06506916792706302,0.0,1.3489102504059178,8.988426104475884
EPA Ozone,76,Target Mean (Y),GP neff [Ours],0.09553846579085781,0.021487092260947107,0.0,3.0050291257183224,82.42877801694627
EPA Ozone,76,Target Mean (Y),Block-Bootstrap,0.09553846579085781,0.021970167904049133,0.0,2.980715310652464,19.0
EPA Ozone,76,Target Risk (L),Unweighted,0.0008724933404113311,0.0005400914765561555,0.0,0.014376257507319332,96.0
EPA Ozone,76,Target Risk (L),Nominal n,0.0006101555332176177,0.0014704065370223223,1.0,0.002940813074044644,96.0
EPA Ozone,76,Target Risk (L),Input neff,0.0006101555332176177,0.004805418490426726,1.0,0.009610836980853452,8.988426104475884
EPA Ozone,76,Target Risk (L),GP neff [Ours],0.0006101555332176177,0.0028614739009909084,1.0,0.005722947801981817,25.349331123094917
EPA Ozone,76,Target Risk (L),Block-Bootstrap,0.0006101555332176177,0.0023030817578980753,1.0,0.0046061635157961505,19.0
EPA Ozone,77,Target Mean (Y),Unweighted,0.009169980638981029,0.0121913857203422,1.0,0.024382771440684403,96.0
EPA Ozone,77,Target Mean (Y),Nominal n,0.030829607757354854,0.045734311948102284,1.0,0.09146862389620458,96.0
EPA Ozone,77,Target Mean (Y),Input neff,0.030829607757354854,0.17998912093515826,1.0,0.35997824187031646,6.198163392756539
EPA Ozone,77,Target Mean (Y),GP neff [Ours],0.030829607757354854,0.15422778809833712,1.0,0.3084555761966742,8.44170696092028
EPA Ozone,77,Target Mean (Y),Block-Bootstrap,0.030829607757354854,0.06217143773306939,1.0,0.12434287546613879,19.0
EPA Ozone,77,Target Risk (L),Unweighted,0.0003427111255639389,0.0005000345320501429,1.0,0.0010000690641002855,96.0
EPA Ozone,77,Target Risk (L),Nominal n,0.001115242707543692,0.0026594899081381755,1.0,0.005318979816276351,96.0
EPA Ozone,77,Target Risk (L),Input neff,0.001115242707543692,0.010466523498700576,1.0,0.02093304699740115,6.198163392756539
EPA Ozone,77,Target Risk (L),GP neff [Ours],0.001115242707543692,0.003203811258635348,1.0,0.006407622517270696,66.15064451193165
EPA Ozone,77,Target Risk (L),Block-Bootstrap,0.001115242707543692,0.0027047941466946134,1.0,0.005409588293389227,19.0
EPA Ozone,78,Target Mean (Y),Unweighted,0.053805397305647734,0.010012469142599437,0.0,1.77174206480713,96.0
EPA Ozone,78,Target Mean (Y),Nominal n,0.05137505804034645,0.03907305470367577,0.0,0.5702262428741783,96.0
EPA Ozone,78,Target Mean (Y),Input neff,0.05137505804034645,0.1014604559272402,1.0,0.20292091185448044,14.237454353711005
EPA Ozone,78,Target Mean (Y),GP neff [Ours],0.05137505804034645,0.08997843651325008,1.0,0.17995687302650012,18.102938617336267
EPA Ozone,78,Target Mean (Y),Block-Bootstrap,0.05137505804034645,0.03776949505828227,0.0,0.7166119443442306,19.0
EPA Ozone,78,Target Risk (L),Unweighted,0.002480941646036995,0.0007585582018193872,0.0,0.07041245417234308,96.0
EPA Ozone,78,Target Risk (L),Nominal n,0.003060622601658564,0.0031257216405533856,1.0,0.006251443281106772,96.0
EPA Ozone,78,Target Risk (L),Input neff,0.003060622601658564,0.008116517767994049,1.0,0.016233035535988097,14.237454353711005
EPA Ozone,78,Target Risk (L),GP neff [Ours],0.003060622601658564,0.005957055819985971,1.0,0.011914111639971942,26.430689506556195
EPA Ozone,78,Target Risk (L),Block-Bootstrap,0.003060622601658564,0.0024247805033335984,0.0,0.026998303199327396,19.0
EPA Ozone,79,Target Mean (Y),Unweighted,0.019378313972314376,0.008691565185443128,0.0,0.4448530818457366,96.0
EPA Ozone,79,Target Mean (Y),Nominal n,0.004992931899144043,0.02926074792907265,1.0,0.05852149585814531,96.0
EPA Ozone,79,Target Mean (Y),Input neff,0.004992931899144043,0.0846580530393528,1.0,0.16931610607870562,11.468471139316572
EPA Ozone,79,Target Mean (Y),GP neff [Ours],0.004992931899144043,0.05463758538870283,1.0,0.10927517077740567,27.53335170055252
EPA Ozone,79,Target Mean (Y),Block-Bootstrap,0.004992931899144043,0.026083340507816785,1.0,0.05216668101563357,19.0
EPA Ozone,79,Target Risk (L),Unweighted,4.446578493971613e-05,0.00045021601497075866,1.0,0.0009004320299415172,96.0
EPA Ozone,79,Target Risk (L),Nominal n,0.0002631357432720902,0.0015072344869259547,1.0,0.003014468973851909,96.0
EPA Ozone,79,Target Risk (L),Input neff,0.0002631357432720902,0.004360774968781297,1.0,0.008721549937562594,11.468471139316572
EPA Ozone,79,Target Risk (L),GP neff [Ours],0.0002631357432720902,0.0016252683734804302,1.0,0.0032505367469608604,82.56247615055922
EPA Ozone,79,Target Risk (L),Block-Bootstrap,0.0002631357432720902,0.0013706454191772072,1.0,0.0027412908383544145,19.0
EPA Ozone,80,Target Mean (Y),Unweighted,0.015367897305647693,0.006640572558272465,0.0,0.36237413501155397,96.0
EPA Ozone,80,Target Mean (Y),Nominal n,0.0007599056611003463,0.02241425911629619,1.0,0.044828518232592374,96.0
EPA Ozone,80,Target Mean (Y),Input neff,0.0007599056611003463,0.059578873116160946,1.0,0.11915774623232187,13.587371197289492
EPA Ozone,80,Target Mean (Y),GP neff [Ours],0.0007599056611003463,0.03703340411912676,1.0,0.07406680823825354,35.16679103424061
EPA Ozone,80,Target Mean (Y),Block-Bootstrap,0.0007599056611003463,0.026776730033334167,1.0,0.053553460066668335,19.0
EPA Ozone,80,Target Risk (L),Unweighted,0.00018245663964579673,0.00028750315429358197,1.0,0.0005750063085871639,96.0
EPA Ozone,80,Target Risk (L),Nominal n,0.000804434599950589,0.00038516132072443125,0.0,0.017541253810495174,96.0
EPA Ozone,80,Target Risk (L),Input neff,0.000804434599950589,0.001023789246730444,1.0,0.002047578493460888,13.587371197289492
EPA Ozone,80,Target Risk (L),GP neff [Ours],0.000804434599950589,0.0006000774242301554,0.0,0.00937444187727766,39.549590481373386
EPA Ozone,80,Target Risk (L),Block-Bootstrap,0.000804434599950589,0.0005003372363028217,0.0,0.015309441506517779,19.0
EPA Ozone,81,Target Mean (Y),Unweighted,0.040680397305647736,0.006352443579284834,0.0,1.3858230362130861,96.0
EPA Ozone,81,Target Mean (Y),Nominal n,0.04220974243455647,0.027367134978465154,0.0,0.6484385682005828,96.0
EPA Ozone,81,Target Mean (Y),Input neff,0.04220974243455647,0.10378593622675868,1.0,0.20757187245351738,6.675024848625673
EPA Ozone,81,Target Mean (Y),GP neff [Ours],0.04220974243455647,0.07945618067121256,1.0,0.15891236134242515,11.388709904128405
EPA Ozone,81,Target Mean (Y),Block-Bootstrap,0.04220974243455647,0.03323207681659743,0.0,0.5200995916244293,19.0
EPA Ozone,81,Target Risk (L),Unweighted,0.0006904948161556682,0.0001784656911074069,0.0,0.020838096384145265,96.0
EPA Ozone,81,Target Risk (L),Nominal n,0.0009317788783277143,0.0002988175245885176,0.0,0.02591608919874491,96.0
EPA Ozone,81,Target Risk (L),Input neff,0.0009317788783277143,0.001133222625414957,1.0,0.002266445250829914,6.675024848625673
EPA Ozone,81,Target Risk (L),GP neff [Ours],0.0009317788783277143,0.0007336720532094957,0.0,0.009391617111147742,15.924998778821347
EPA Ozone,81,Target Risk (L),Block-Bootstrap,0.0009317788783277143,0.0002911121347313384,0.0,0.024077962340818892,19.0
EPA Ozone,82,Target Mean (Y),Unweighted,0.0032779360276856406,0.005315344349496849,1.0,0.010630688698993696,96.0
EPA Ozone,82,Target Mean (Y),Nominal n,0.007046895432986283,0.02656876322688637,1.0,0.05313752645377273,96.0
EPA Ozone,82,Target Mean (Y),Input neff,0.007046895432986283,0.11480141311648108,1.0,0.22960282623296213,5.141850463419157
EPA Ozone,82,Target Mean (Y),GP neff [Ours],0.007046895432986283,0.10260019988208814,1.0,0.20520039976417626,6.4375037697597675
EPA Ozone,82,Target Mean (Y),Block-Bootstrap,0.007046895432986283,0.04081606118117315,1.0,0.0816321223623463,19.0
EPA Ozone,82,Target Risk (L),Unweighted,0.0009713138734671976,0.0002028867599818785,0.0,0.03114285805937652,96.0
EPA Ozone,82,Target Risk (L),Nominal n,0.0006391754302389054,0.0008024807900908314,1.0,0.0016049615801816627,96.0
EPA Ozone,82,Target Risk (L),Input neff,0.0006391754302389054,0.003467452659144874,1.0,0.006934905318289748,5.141850463419157
EPA Ozone,82,Target Risk (L),GP neff [Ours],0.0006391754302389054,0.0023818166129054357,1.0,0.0047636332258108715,10.897424852364974
EPA Ozone,82,Target Risk (L),Block-Bootstrap,0.0006391754302389054,0.0016239076797470125,1.0,0.003247815359494025,19.0
EPA Ozone,83,Target Mean (Y),Unweighted,0.03791998063898103,0.007394964194050339,0.0,1.2357905861853284,96.0
EPA Ozone,83,Target Mean (Y),Nominal n,0.05407127055228286,0.019613156801066317,0.0,1.4175508636507945,96.0
EPA Ozone,83,Target Mean (Y),Input neff,0.05407127055228286,0.052303049036528,0.0,0.17533495870325078,13.49933017528519
EPA Ozone,83,Target Mean (Y),GP neff [Ours],0.05407127055228286,0.04019226875982794,0.0,0.6355446092178523,22.86026130170854
EPA Ozone,83,Target Mean (Y),Block-Bootstrap,0.05407127055228286,0.020265905925129196,0.0,1.1239756539892642,19.0
EPA Ozone,83,Target Risk (L),Unweighted,0.0005494331667209764,0.00027437544229030094,0.0,0.011551059861807617,96.0
EPA Ozone,83,Target Risk (L),Nominal n,0.0009516217735088297,0.00029869727352023874,0.0,0.026714374546584114,96.0
EPA Ozone,83,Target Risk (L),Input neff,0.0009516217735088297,0.0007965458239316627,0.0,0.007796129630950008,13.49933017528519
EPA Ozone,83,Target Risk (L),GP neff [Ours],0.0009516217735088297,0.0004815115517744483,0.0,0.019767431972924153,36.94199359731772
EPA Ozone,83,Target Risk (L),Block-Bootstrap,0.0009516217735088297,0.0002534501845607675,0.0,0.03278629325023133,19.0
EPA Ozone,84,Target Mean (Y),Unweighted,0.04297206397231437,0.004629714480155679,0.0,1.5429534086466583,96.0
EPA Ozone,84,Target Mean (Y),Nominal n,0.026765271263385154,0.006938959714176917,0.0,0.8069303813966837,96.0
EPA Ozone,84,Target Mean (Y),Input neff,0.026765271263385154,0.02664876059914588,0.0,0.05795794776786223,6.508875050496274
EPA Ozone,84,Target Mean (Y),GP neff [Ours],0.026765271263385154,0.015055105344973167,0.0,0.49851684742642555,20.393528198537258
EPA Ozone,84,Target Mean (Y),Block-Bootstrap,0.026765271263385154,0.008865755005838735,0.0,0.8207644270563124,19.0
EPA Ozone,84,Target Risk (L),Unweighted,0.0009426172375564166,0.0001225333496669043,0.0,0.0330484222149143,96.0
EPA Ozone,84,Target Risk (L),Nominal n,0.0008164393352287835,0.00030863383828945895,0.0,0.020929487554151905,96.0
EPA Ozone,84,Target Risk (L),Input neff,0.0008164393352287835,0.0011852942815862551,1.0,0.0023705885631725102,6.508875050496274
EPA Ozone,84,Target Risk (L),GP neff [Ours],0.0008164393352287835,0.0011765266699458948,1.0,0.0023530533398917895,6.606246280763603
EPA Ozone,84,Target Risk (L),Block-Bootstrap,0.0008164393352287835,0.00035993812643812616,0.0,0.020301282252524738,19.0
EPA Ozone,85,Target Mean (Y),Unweighted,0.03302414730564773,0.006581910961155948,0.0,1.0708532757019829,96.0
EPA Ozone,85,Target Mean (Y),Nominal n,0.03390863069636604,0.032323309977024234,0.0,0.12805944872772082,96.0
EPA Ozone,85,Target Mean (Y),Input neff,0.03390863069636604,0.03586725502206398,1.0,0.07173451004412798,77.96624275549172
EPA Ozone,85,Target Mean (Y),GP neff [Ours],0.03390863069636604,0.03864575760142035,1.0,0.07729151520284072,67.15822917557878
EPA Ozone,85,Target Mean (Y),Block-Bootstrap,0.03390863069636604,0.049452245506865236,1.0,0.09890449101373047,19.0
EPA Ozone,85,Target Risk (L),Unweighted,0.0006136117074342377,0.00023594438292515255,0.0,0.01557858174621371,96.0
EPA Ozone,85,Target Risk (L),Nominal n,0.0009395337317790377,0.000446030751960092,0.0,0.020632180696678017,96.0
EPA Ozone,85,Target Risk (L),Input neff,0.0009395337317790377,0.0004949338028687986,0.0,0.018773864762147166,77.96624275549172
EPA Ozone,85,Target Risk (L),GP neff [Ours],0.0009395337317790377,0.0005117250847643044,0.0,0.018135796050117947,72.93356205356955
EPA Ozone,85,Target Risk (L),Block-Bootstrap,0.0009395337317790377,0.0006170646758727497,0.0,0.007148640762497412,19.0
EPA Ozone,86,Target Mean (Y),Unweighted,0.00760748063898109,0.009629725049665942,1.0,0.019259450099331887,96.0
EPA Ozone,86,Target Mean (Y),Nominal n,0.019651145355635363,0.031039500416846347,1.0,0.062079000833692666,96.0
EPA Ozone,86,Target Mean (Y),Input neff,0.019651145355635363,0.10453692910738423,1.0,0.20907385821476843,8.463718339324068
EPA Ozone,86,Target Mean (Y),GP neff [Ours],0.019651145355635363,0.0595127395497604,1.0,0.11902547909952077,26.114444563041157
EPA Ozone,86,Target Mean (Y),Block-Bootstrap,0.019651145355635363,0.0321514976566494,1.0,0.0643029953132988,19.0
EPA Ozone,86,Target Risk (L),Unweighted,0.00038778978908332465,0.0006427926079995989,1.0,0.0012855852159991978,96.0
EPA Ozone,86,Target Risk (L),Nominal n,0.0003789322439994786,0.0008409698502177831,1.0,0.0016819397004355662,96.0
EPA Ozone,86,Target Risk (L),Input neff,0.0003789322439994786,0.002832275147249163,1.0,0.005664550294498326,8.463718339324068
EPA Ozone,86,Target Risk (L),GP neff [Ours],0.0003789322439994786,0.0009428493056633712,1.0,0.0018856986113267426,76.37434770674912
EPA Ozone,86,Target Risk (L),Block-Bootstrap,0.0003789322439994786,0.0009387891841107139,1.0,0.0018775783682214277,19.0
EPA Ozone,87,Target Mean (Y),Unweighted,0.02088210269435231,0.013222352318385176,0.0,0.3328347196754559,96.0
EPA Ozone,87,Target Mean (Y),Nominal n,0.00842034421647106,0.0544111849519051,1.0,0.10882236990381022,96.0
EPA Ozone,87,Target Mean (Y),Input neff,0.00842034421647106,0.2176707502398338,1.0,0.4353415004796676,5.99856615306552
EPA Ozone,87,Target Mean (Y),GP neff [Ours],0.00842034421647106,0.20450621249409529,1.0,0.40901242498819057,6.795706124546205
EPA Ozone,87,Target Mean (Y),Block-Bootstrap,0.00842034421647106,0.05665980808754931,1.0,0.11331961617509861,19.0
EPA Ozone,87,Target Risk (L),Unweighted,0.00030673686364285314,0.00030281011769695145,0.0,0.0007626900732299684,96.0
EPA Ozone,87,Target Risk (L),Nominal n,0.0005031699832446078,0.00047456454070590466,0.0,0.0020933467829599324,96.0
EPA Ozone,87,Target Risk (L),Input neff,0.0005031699832446078,0.0018984850211217392,1.0,0.003796970042243478,5.99856615306552
EPA Ozone,87,Target Risk (L),GP neff [Ours],0.0005031699832446078,0.0005769294214782631,1.0,0.0011538588429565264,64.9555745199731
EPA Ozone,87,Target Risk (L),Block-Bootstrap,0.0005031699832446078,0.00045830144421649994,0.0,0.004996853139666168,19.0
EPA Ozone,88,Target Mean (Y),Unweighted,0.059274147305647756,0.008660132953816463,0.0,2.041880839980885,96.0
EPA Ozone,88,Target Mean (Y),Nominal n,0.06427855783640188,0.015313647897104276,0.0,1.989223693366113,96.0
EPA Ozone,88,Target Mean (Y),Input neff,0.06427855783640188,0.049495954863669554,0.0,0.6902960286366318,9.189441842903841
EPA Ozone,88,Target Mean (Y),GP neff [Ours],0.06427855783640188,0.026898794221664715,0.0,1.5489881330328168,31.114506880798125
EPA Ozone,88,Target Mean (Y),Block-Bootstrap,0.06427855783640188,0.024243232098795642,0.0,1.60505223043923,19.0
EPA Ozone,88,Target Risk (L),Unweighted,0.0011901493939868717,0.0008180959853824462,0.0,0.01651832831494191,96.0
EPA Ozone,88,Target Risk (L),Nominal n,0.00017522141282788118,0.0010926342106904292,1.0,0.002185268421380858,96.0
EPA Ozone,88,Target Risk (L),Input neff,0.00017522141282788118,0.0035315539405252417,1.0,0.007063107881050483,9.189441842903841
EPA Ozone,88,Target Risk (L),GP neff [Ours],0.00017522141282788118,0.0017984447554791252,1.0,0.0035968895109582504,35.434525222047476
EPA Ozone,88,Target Risk (L),Block-Bootstrap,0.00017522141282788118,0.0013812690453908446,1.0,0.002762538090781689,19.0
EPA Ozone,89,Target Mean (Y),Unweighted,0.026722063972314358,0.0070702371936718425,0.0,0.8002135455330446,96.0
EPA Ozone,89,Target Mean (Y),Nominal n,0.016308402606670103,0.022296533456687587,1.0,0.044593066913375196,96.0
EPA Ozone,89,Target Mean (Y),Input neff,0.016308402606670103,0.06132722987570325,1.0,0.12265445975140649,12.68934571507275
EPA Ozone,89,Target Mean (Y),GP neff [Ours],0.016308402606670103,0.050556417367551156,1.0,0.1011128347351023,18.67210776282217
EPA Ozone,89,Target Mean (Y),Block-Bootstrap,0.016308402606670103,0.026070372019682375,1.0,0.05214074403936475,19.0
EPA Ozone,89,Target Risk (L),Unweighted,0.002568539089808068,0.0007102353983525298,0.0,0.07575261845492658,96.0
EPA Ozone,89,Target Risk (L),Nominal n,0.0022046379246547084,0.0019313198396601733,0.0,0.014795363079101741,96.0
EPA Ozone,89,Target Risk (L),Input neff,0.0022046379246547084,0.005312148455742134,1.0,0.010624296911484268,12.68934571507275
EPA Ozone,89,Target Risk (L),GP neff [Ours],0.0022046379246547084,0.002065049723885128,0.0,0.00971362747855347,83.96892822899561
EPA Ozone,89,Target Risk (L),Block-Bootstrap,0.0022046379246547084,0.001935425113687041,0.0,0.017050868128785517,19.0
EPA Ozone,90,Target Mean (Y),Unweighted,0.04708664730564768,0.012882270380958813,0.0,1.393939617749472,96.0
EPA Ozone,90,Target Mean (Y),Nominal n,0.12005037013910427,0.0262738309041921,0.0,3.8036092312048706,96.0
EPA Ozone,90,Target Mean (Y),Input neff,0.12005037013910427,0.09394842368445247,0.0,1.231974705554977,7.508255427372109
EPA Ozone,90,Target Mean (Y),GP neff [Ours],0.12005037013910427,0.06160998622056359,0.0,2.460835329182755,17.4588571170975
EPA Ozone,90,Target Mean (Y),Block-Bootstrap,0.12005037013910427,0.033475038392051654,0.0,3.129582635676662,19.0
EPA Ozone,90,Target Risk (L),Unweighted,0.0013281162146416903,0.000766725133202236,0.0,0.023989093523982652,96.0
EPA Ozone,90,Target Risk (L),Nominal n,0.0032409472842741434,0.0029578660963410137,0.0,0.017238979710007207,96.0
EPA Ozone,90,Target Risk (L),Input neff,0.0032409472842741434,0.010576564119417585,1.0,0.02115312823883517,7.508255427372109
EPA Ozone,90,Target Risk (L),GP neff [Ours],0.0032409472842741434,0.003332048821135558,1.0,0.0066640976422711155,75.64940905061876
EPA Ozone,90,Target Risk (L),Block-Bootstrap,0.0032409472842741434,0.0017811092589268024,0.0,0.06868135186126147,19.0
EPA Ozone,91,Target Mean (Y),Unweighted,0.02254876936101896,0.006823976367418395,0.0,0.6426396724788599,96.0
EPA Ozone,91,Target Mean (Y),Nominal n,0.03590416757007489,0.03915847182517734,1.0,0.07831694365035469,96.0
EPA Ozone,91,Target Mean (Y),Input neff,0.03590416757007489,0.11572283882884894,1.0,0.23144567765769786,10.992198063082085
EPA Ozone,91,Target Mean (Y),GP neff [Ours],0.03590416757007489,0.0797396618589318,1.0,0.15947932371786364,23.15122221788557
EPA Ozone,91,Target Mean (Y),Block-Bootstrap,0.03590416757007489,0.041506268403932706,0.0,0.17559264470206998,19.0
EPA Ozone,91,Target Risk (L),Unweighted,0.0008523382824639719,0.0002857622233615993,0.0,0.0232345668108181,96.0
EPA Ozone,91,Target Risk (L),Nominal n,0.00030843346120132853,0.0013071474607197996,1.0,0.0026142949214395996,96.0
EPA Ozone,91,Target Risk (L),Input neff,0.00030843346120132853,0.0038629396876810173,1.0,0.007725879375362035,10.992198063082085
EPA Ozone,91,Target Risk (L),GP neff [Ours],0.00030843346120132853,0.0025745909389305803,1.0,0.005149181877861161,24.74593838736186
EPA Ozone,91,Target Risk (L),Block-Bootstrap,0.00030843346120132853,0.0013871600172419023,1.0,0.0027743200344838045,19.0
EPA Ozone,92,Target Mean (Y),Unweighted,0.014482480638981055,0.008933963220788934,0.0,0.23980862316926277,96.0
EPA Ozone,92,Target Mean (Y),Nominal n,0.0133402221235982,0.03161539901264296,1.0,0.06323079802528592,96.0
EPA Ozone,92,Target Mean (Y),Input neff,0.0133402221235982,0.12082856488376638,1.0,0.24165712976753279,6.5724809072867245
EPA Ozone,92,Target Mean (Y),GP neff [Ours],0.0133402221235982,0.06831348771391205,1.0,0.13662697542782407,20.56154054747607
EPA Ozone,92,Target Mean (Y),Block-Bootstrap,0.0133402221235982,0.0548369519140654,1.0,0.1096739038281308,19.0
EPA Ozone,92,Target Risk (L),Unweighted,0.00017374409334764622,0.0004332686775031471,1.0,0.000866537355006294,96.0
EPA Ozone,92,Target Risk (L),Nominal n,0.0003712032948998531,0.0011247728738403332,1.0,0.002249545747680667,96.0
EPA Ozone,92,Target Risk (L),Input neff,0.0003712032948998531,0.004298686602436015,1.0,0.00859737320487203,6.5724809072867245
EPA Ozone,92,Target Risk (L),GP neff [Ours],0.0003712032948998531,0.002342372694437913,1.0,0.004684745388875826,22.135478137400547
EPA Ozone,92,Target Risk (L),Block-Bootstrap,0.0003712032948998531,0.00020322345985756716,0.0,0.03741439987861341,19.0
EPA Ozone,93,Target Mean (Y),Unweighted,0.034378313972314334,0.006206235413226441,0.0,1.139295613189969,96.0
EPA Ozone,93,Target Mean (Y),Nominal n,0.029093351318306065,0.03955166378628569,1.0,0.07910332757257141,96.0
EPA Ozone,93,Target Mean (Y),Input neff,0.029093351318306065,0.16065895519772364,1.0,0.3213179103954473,5.818229808691423
EPA Ozone,93,Target Mean (Y),GP neff [Ours],0.029093351318306065,0.12600548396453737,1.0,0.25201096792907474,9.458490983968872
EPA Ozone,93,Target Mean (Y),Block-Bootstrap,0.029093351318306065,0.03780500761793411,1.0,0.07561001523586822,19.0
EPA Ozone,93,Target Risk (L),Unweighted,0.0008086250815254403,0.00018401174770404284,0.0,0.025352556848263978,96.0
EPA Ozone,93,Target Risk (L),Nominal n,0.0010288323887881815,0.00034834877670225113,0.0,0.027916042036841716,96.0
EPA Ozone,93,Target Risk (L),Input neff,0.0010288323887881815,0.0014149935843860621,1.0,0.0028299871687721243,5.818229808691423
EPA Ozone,93,Target Risk (L),GP neff [Ours],0.0010288323887881815,0.0004281048729484813,0.0,0.02488531037948497,63.562280428515606
EPA Ozone,93,Target Risk (L),Block-Bootstrap,0.0010288323887881815,0.00039560464098664704,0.0,0.020821043397867417,19.0
EPA Ozone,94,Target Mean (Y),Unweighted,0.0189616473056477,0.011866596187635666,0.0,0.30753523709575276,96.0
EPA Ozone,94,Target Mean (Y),Nominal n,0.006733019477581398,0.02857880534167768,1.0,0.05715761068335534,96.0
EPA Ozone,94,Target Mean (Y),Input neff,0.006733019477581398,0.05961490136587904,1.0,0.1192298027317581,22.062245566827333
EPA Ozone,94,Target Mean (Y),GP neff [Ours],0.006733019477581398,0.04433846647128678,1.0,0.08867693294257359,39.88393845583522
EPA Ozone,94,Target Mean (Y),Block-Bootstrap,0.006733019477581398,0.03536362868463716,1.0,0.07072725736927432,19.0
EPA Ozone,94,Target Risk (L),Unweighted,2.151594023629003e-05,0.00043082496616697635,1.0,0.0008616499323339526,96.0
EPA Ozone,94,Target Risk (L),Nominal n,0.000871802135082856,0.0002957939288667978,0.0,0.023631916106375925,96.0
EPA Ozone,94,Target Risk (L),Input neff,0.000871802135082856,0.000617021099489557,0.0,0.011425283622711068,22.062245566827333
EPA Ozone,94,Target Risk (L),GP neff [Ours],0.000871802135082856,0.000302384839224477,0.0,0.023381461512784116,91.86069330480635
EPA Ozone,94,Target Risk (L),Block-Bootstrap,0.000871802135082856,0.00018849501505957257,0.0,0.03217163904788757,19.0
EPA Ozone,95,Target Mean (Y),Unweighted,0.0032258526943522714,0.010902697202369225,1.0,0.021805394404738443,96.0
EPA Ozone,95,Target Mean (Y),Nominal n,0.025537501410723112,0.05080295463708602,1.0,0.10160590927417201,96.0
EPA Ozone,95,Target Mean (Y),Input neff,0.025537501410723112,0.17391681995958025,1.0,0.3478336399191605,8.191548435345256
EPA Ozone,95,Target Mean (Y),GP neff [Ours],0.025537501410723112,0.15928377497316346,1.0,0.31856754994632686,9.765761092307326
EPA Ozone,95,Target Mean (Y),Block-Bootstrap,0.025537501410723112,0.07394742201732016,1.0,0.14789484403464032,19.0
EPA Ozone,95,Target Risk (L),Unweighted,0.00042861123441202144,0.00035809858078607163,0.0,0.0035367033066101353,96.0
EPA Ozone,95,Target Risk (L),Nominal n,0.0005614065530068627,0.0007120257767014332,1.0,0.0014240515534028665,96.0
EPA Ozone,95,Target Risk (L),Input neff,0.0005614065530068627,0.0024375208036180934,1.0,0.004875041607236187,8.191548435345256
EPA Ozone,95,Target Risk (L),GP neff [Ours],0.0005614065530068627,0.0008002144031041084,1.0,0.0016004288062082166,76.00636054477101
EPA Ozone,95,Target Risk (L),Block-Bootstrap,0.0005614065530068627,0.0009145261024435935,1.0,0.001829052204887187,19.0
EPA Ozone,96,Target Mean (Y),Unweighted,0.02155918602768564,0.007489444765450692,0.0,0.5777685400202994,96.0
EPA Ozone,96,Target Mean (Y),Nominal n,0.015015031492515735,0.030928978628930327,1.0,0.06185795725786064,96.0
EPA Ozone,96,Target Mean (Y),Input neff,0.015015031492515735,0.05449528498070837,1.0,0.10899056996141676,30.923207448176417
EPA Ozone,96,Target Mean (Y),GP neff [Ours],0.015015031492515735,0.03807324797492409,1.0,0.07614649594984818,63.35232167606507
EPA Ozone,96,Target Mean (Y),Block-Bootstrap,0.015015031492515735,0.05077661047066433,1.0,0.10155322094132865,19.0
EPA Ozone,96,Target Risk (L),Unweighted,0.0034554650529925422,0.0008300731430567695,0.0,0.10667582268354446,96.0
EPA Ozone,96,Target Risk (L),Nominal n,0.002378458402918706,0.0025149964784499765,1.0,0.005029992956899953,96.0
EPA Ozone,96,Target Risk (L),Input neff,0.002378458402918706,0.0044312956940133355,1.0,0.008862591388026671,30.923207448176417
EPA Ozone,96,Target Risk (L),GP neff [Ours],0.002378458402918706,0.002999900382271447,1.0,0.005999800764542894,67.4733586779896
EPA Ozone,96,Target Risk (L),Block-Bootstrap,0.002378458402918706,0.004336512229939944,1.0,0.008673024459879887,19.0
EPA Ozone,97,Target Mean (Y),Unweighted,0.021669980638981012,0.010040941181844032,0.0,0.48524346064916707,96.0
EPA Ozone,97,Target Mean (Y),Nominal n,0.01971547919749647,0.02953315875131268,1.0,0.059066317502625365,96.0
EPA Ozone,97,Target Mean (Y),Input neff,0.01971547919749647,0.042466591316307256,1.0,0.08493318263261451,46.4297374076362
EPA Ozone,97,Target Mean (Y),GP neff [Ours],0.01971547919749647,0.03118296044125656,1.0,0.06236592088251314,86.11054646039582
EPA Ozone,97,Target Mean (Y),Block-Bootstrap,0.01971547919749647,0.024627898345468954,1.0,0.04925579669093791,19.0
EPA Ozone,97,Target Risk (L),Unweighted,0.0006333979959907961,0.0004823036075867912,0.0,0.007008382751333781,96.0
EPA Ozone,97,Target Risk (L),Nominal n,0.00044969022776846835,0.000732850539494646,1.0,0.0014657010789892917,96.0
EPA Ozone,97,Target Risk (L),Input neff,0.00044969022776846835,0.0010537871894678768,1.0,0.0021075743789357535,46.4297374076362
EPA Ozone,97,Target Risk (L),GP neff [Ours],0.00044969022776846835,0.0007393181302107869,1.0,0.001478636260421574,94.32772144688221
EPA Ozone,97,Target Risk (L),Block-Bootstrap,0.00044969022776846835,0.0007147120584682532,1.0,0.0014294241169365064,19.0
EPA Ozone,98,Target Mean (Y),Unweighted,0.00041335269435227584,0.009364225260507791,1.0,0.01872845052101557,96.0
EPA Ozone,98,Target Mean (Y),Nominal n,0.014685346586028158,0.041715666361533996,1.0,0.08343133272306796,96.0
EPA Ozone,98,Target Mean (Y),Input neff,0.014685346586028158,0.11622476970153112,1.0,0.2324495394030622,12.367223662698938
EPA Ozone,98,Target Mean (Y),GP neff [Ours],0.014685346586028158,0.08832079442862495,1.0,0.17664158885724993,21.41626194585908
EPA Ozone,98,Target Mean (Y),Block-Bootstrap,0.014685346586028158,0.057220319285755716,1.0,0.11444063857151143,19.0
EPA Ozone,98,Target Risk (L),Unweighted,0.00027648887154707634,0.0004766888382253209,1.0,0.0009533776764506416,96.0
EPA Ozone,98,Target Risk (L),Nominal n,0.00011026475109893923,0.0009757850609469408,1.0,0.0019515701218938814,96.0
EPA Ozone,98,Target Risk (L),Input neff,0.00011026475109893923,0.0027186523404389004,1.0,0.005437304680877801,12.367223662698938
EPA Ozone,98,Target Risk (L),GP neff [Ours],0.00011026475109893923,0.0010383427704106906,1.0,0.002076685540821381,84.78091042373845
EPA Ozone,98,Target Risk (L),Block-Bootstrap,0.00011026475109893923,0.0007394408342429876,1.0,0.0014788816684859752,19.0
EPA Ozone,99,Target Mean (Y),Unweighted,0.032184186027685635,0.010499304070504496,0.0,0.8883938864282541,96.0
EPA Ozone,99,Target Mean (Y),Nominal n,0.014741265477486526,0.04501651983679129,1.0,0.09003303967358256,96.0
EPA Ozone,99,Target Mean (Y),Input neff,0.014741265477486526,0.17514917747034758,1.0,0.35029835494069517,6.3416002646010545
EPA Ozone,99,Target Mean (Y),GP neff [Ours],0.014741265477486526,0.10818934496613342,1.0,0.21637868993226683,16.620576547934963
EPA Ozone,99,Target Mean (Y),Block-Bootstrap,0.014741265477486526,0.06835493424074769,1.0,0.13670986848149538,19.0
EPA Ozone,99,Target Risk (L),Unweighted,6.855588267706131e-05,0.0004582831752614321,1.0,0.0009165663505228644,96.0
EPA Ozone,99,Target Risk (L),Nominal n,0.0018202203790483702,0.002442429009832545,1.0,0.00488485801966509,96.0
EPA Ozone,99,Target Risk (L),Input neff,0.0018202203790483702,0.009502943222906807,1.0,0.019005886445813615,6.3416002646010545
EPA Ozone,99,Target Risk (L),GP neff [Ours],0.0018202203790483702,0.0028426726718218586,1.0,0.005685345343643717,70.86983530153546
EPA Ozone,99,Target Risk (L),Block-Bootstrap,0.0018202203790483702,0.0036549959425447994,1.0,0.007309991885089599,19.0
EPA Ozone,100,Target Mean (Y),Unweighted,0.03875331397231438,0.01126459085485101,0.0,1.1220781064082366,96.0
EPA Ozone,100,Target Mean (Y),Nominal n,0.01662170035887825,0.03416520722329176,1.0,0.0683304144465835,96.0
EPA Ozone,100,Target Mean (Y),Input neff,0.01662170035887825,0.04872607005643508,1.0,0.09745214011287018,47.197237628162114
EPA Ozone,100,Target Mean (Y),GP neff [Ours],0.01662170035887825,0.038196113417380224,1.0,0.07639222683476043,76.80703547924054
EPA Ozone,100,Target Mean (Y),Block-Bootstrap,0.01662170035887825,0.0423035921055554,1.0,0.0846071842111108,19.0
EPA Ozone,100,Target Risk (L),Unweighted,6.750465809043753e-05,0.0003464679236585053,1.0,0.0006929358473170108,96.0
EPA Ozone,100,Target Risk (L),Nominal n,0.00039741390786860657,0.0013547512520964645,1.0,0.0027095025041929295,96.0
EPA Ozone,100,Target Risk (L),Input neff,0.00039741390786860657,0.0019321324172649158,1.0,0.0038642648345298316,47.197237628162114
EPA Ozone,100,Target Risk (L),GP neff [Ours],0.00039741390786860657,0.001362657736215253,1.0,0.002725315472430506,94.88919948817616
EPA Ozone,100,Target Risk (L),Block-Bootstrap,0.00039741390786860657,0.00046207706579603076,1.0,0.0009241541315920615,19.0
EPA Ozone,101,Target Mean (Y),Unweighted,0.01614251936101896,0.011454727789986545,0.0,0.2104211184212696,96.0
EPA Ozone,101,Target Mean (Y),Nominal n,0.019627081159575593,0.052799771188048496,1.0,0.10559954237609698,96.0
EPA Ozone,101,Target Mean (Y),Input neff,0.019627081159575593,0.20606576703470694,1.0,0.41213153406941394,6.30265614699305
EPA Ozone,101,Target Mean (Y),GP neff [Ours],0.019627081159575593,0.1923658791890073,1.0,0.38473175837801465,7.232346593517826
EPA Ozone,101,Target Mean (Y),Block-Bootstrap,0.019627081159575593,0.08171934977904666,1.0,0.16343869955809331,19.0
EPA Ozone,101,Target Risk (L),Unweighted,0.00042807097475444536,0.0002422270347497599,0.0,0.007918211669686936,96.0
EPA Ozone,101,Target Risk (L),Nominal n,0.0006566639840864124,0.0003984260953505453,0.0,0.011126367740135777,96.0
EPA Ozone,101,Target Risk (L),Input neff,0.0006566639840864124,0.0015549684609928308,1.0,0.003109936921985662,6.30265614699305
EPA Ozone,101,Target Risk (L),GP neff [Ours],0.0006566639840864124,0.00046722908465938356,0.0,0.008511854146399917,69.80829721328872
EPA Ozone,101,Target Risk (L),Block-Bootstrap,0.0006566639840864124,0.0006419724680860377,1.0,0.0012839449361720754,19.0
EPA Ozone,102,Target Mean (Y),Unweighted,0.0481283139723144,0.008644792729598515,0.0,1.5966304351678329,96.0
EPA Ozone,102,Target Mean (Y),Nominal n,0.055661810529351236,0.013651920618663013,0.0,1.7076994376648558,96.0
EPA Ozone,102,Target Mean (Y),Input neff,0.055661810529351236,0.041640424442493204,0.0,0.6441362923593071,10.318782214144631
EPA Ozone,102,Target Mean (Y),GP neff [Ours],0.055661810529351236,0.030214014670380596,0.0,1.0783398636995867,19.599359103889483
EPA Ozone,102,Target Mean (Y),Block-Bootstrap,0.055661810529351236,0.019611855611708334,0.0,1.0695132462474604,19.0
EPA Ozone,102,Target Risk (L),Unweighted,0.004542230688444403,0.0013692835802629807,0.0,0.12965645148778282,96.0
EPA Ozone,102,Target Risk (L),Nominal n,0.005659039541387703,0.003182212808873068,0.0,0.10543749491833151,96.0
EPA Ozone,102,Target Risk (L),Input neff,0.005659039541387703,0.00970623077361478,1.0,0.01941246154722956,10.318782214144631
EPA Ozone,102,Target Risk (L),GP neff [Ours],0.005659039541387703,0.0059871551004492245,1.0,0.011974310200898449,27.11993561890521
EPA Ozone,102,Target Risk (L),Block-Bootstrap,0.005659039541387703,0.005304799345067165,0.0,0.021087727596817665,19.0
EPA Ozone,103,Target Mean (Y),Unweighted,0.07234043602768564,0.010202437661556115,0.0,2.505924809968293,96.0
EPA Ozone,103,Target Mean (Y),Nominal n,0.08064130156759178,0.021731027530851085,0.0,2.399873016531329,96.0
EPA Ozone,103,Target Mean (Y),Input neff,0.08064130156759178,0.09757911135931052,1.0,0.19515822271862104,4.761217701726077
EPA Ozone,103,Target Mean (Y),GP neff [Ours],0.08064130156759178,0.08760271355143143,1.0,0.17520542710286285,5.907403543684257
EPA Ozone,103,Target Mean (Y),Block-Bootstrap,0.08064130156759178,0.02830904752971447,0.0,2.6631638356533975,19.0
EPA Ozone,103,Target Risk (L),Unweighted,0.0019363807601707657,0.0008039029793198157,0.0,0.04690691719267762,96.0
EPA Ozone,103,Target Risk (L),Nominal n,0.004801450279702977,0.00487733463671416,1.0,0.009754669273428319,96.0
EPA Ozone,103,Target Risk (L),Input neff,0.004801450279702977,0.02190075821204916,1.0,0.04380151642409832,4.761217701726077
EPA Ozone,103,Target Risk (L),GP neff [Ours],0.004801450279702977,0.015809182155926704,1.0,0.03161836431185341,9.137292626940413
EPA Ozone,103,Target Risk (L),Block-Bootstrap,0.004801450279702977,0.004787260982336474,1.0,0.009574521964672948,19.0
EPA Ozone,104,Target Mean (Y),Unweighted,0.009117897305647715,0.0083645605240999,0.0,0.04686259231011258,96.0
EPA Ozone,104,Target Mean (Y),Nominal n,0.0225342998676403,0.035050023690162004,1.0,0.07010004738032402,96.0
EPA Ozone,104,Target Mean (Y),Input neff,0.0225342998676403,0.1135008878148676,1.0,0.22700177562973523,9.154810255417456
EPA Ozone,104,Target Mean (Y),GP neff [Ours],0.0225342998676403,0.03846816286855879,1.0,0.07693632573711759,79.69755029873237
EPA Ozone,104,Target Mean (Y),Block-Bootstrap,0.0225342998676403,0.043479524066581135,1.0,0.08695904813316227,19.0
EPA Ozone,104,Target Risk (L),Unweighted,0.00044994776536524104,0.0002389962999413405,0.0,0.008916051216838706,96.0
EPA Ozone,104,Target Risk (L),Nominal n,0.0010632258992845337,0.00040576692188052494,0.0,0.0271098929399214,96.0
EPA Ozone,104,Target Risk (L),Input neff,0.0010632258992845337,0.001313976455093595,1.0,0.00262795291018719,9.154810255417456
EPA Ozone,104,Target Risk (L),GP neff [Ours],0.0010632258992845337,0.00044533801676017217,0.0,0.0256061913344948,79.69755029873237
EPA Ozone,104,Target Risk (L),Block-Bootstrap,0.0010632258992845337,0.0004087181934164372,0.0,0.02119235487091159,19.0
EPA Ozone,105,Target Mean (Y),Unweighted,0.03771164730564766,0.007495388921224128,0.0,1.22364111321939,96.0
EPA Ozone,105,Target Mean (Y),Nominal n,0.039758980501208324,0.03408254207532764,0.0,0.29522262118588316,96.0
EPA Ozone,105,Target Mean (Y),Input neff,0.039758980501208324,0.13370838507732333,1.0,0.2674167701546466,6.237605514857386
EPA Ozone,105,Target Mean (Y),GP neff [Ours],0.039758980501208324,0.12056209543213299,1.0,0.24112419086426595,7.672088727864134
EPA Ozone,105,Target Mean (Y),Block-Bootstrap,0.039758980501208324,0.04894210838724261,1.0,0.09788421677448522,19.0
EPA Ozone,105,Target Risk (L),Unweighted,0.0008781676760929747,0.00016279472391819878,0.0,0.028940507534827433,96.0
EPA Ozone,105,Target Risk (L),Nominal n,0.0010973777676714829,9.413308460932832e-05,0.0,0.04031805349170485,96.0
EPA Ozone,105,Target Risk (L),Input neff,0.0010973777676714829,0.0003692911959924378,0.0,0.029862045259146687,6.237605514857386
EPA Ozone,105,Target Risk (L),GP neff [Ours],0.0010973777676714829,0.0003275590761794007,0.0,0.0314478658120421,7.9282354306394565
EPA Ozone,105,Target Risk (L),Block-Bootstrap,0.0010973777676714829,8.967109532909611e-05,0.0,0.04039167878145573,19.0
EPA Ozone,106,Target Mean (Y),Unweighted,0.010732480638981051,0.010643414349063365,0.0,0.02484948029483469,96.0
EPA Ozone,106,Target Mean (Y),Nominal n,0.013000233487703877,0.032965644503339976,1.0,0.06593128900667994,96.0
EPA Ozone,106,Target Mean (Y),Input neff,0.013000233487703877,0.0727804026721014,1.0,0.1455608053442028,19.695429991371693
EPA Ozone,106,Target Mean (Y),GP neff [Ours],0.013000233487703877,0.05155520842165018,1.0,0.10311041684330036,39.25086943383076
EPA Ozone,106,Target Mean (Y),Block-Bootstrap,0.013000233487703877,0.03958180354634097,1.0,0.07916360709268194,19.0
EPA Ozone,106,Target Risk (L),Unweighted,4.584522280828493e-05,0.00034729079120477795,1.0,0.000694581582409556,96.0
EPA Ozone,106,Target Risk (L),Nominal n,7.60737710453999e-05,0.000594694916991587,1.0,0.001189389833983174,96.0
EPA Ozone,106,Target Risk (L),Input neff,7.60737710453999e-05,0.0013129467413056162,1.0,0.002625893482611233,19.695429991371693
EPA Ozone,106,Target Risk (L),GP neff [Ours],7.60737710453999e-05,0.0006165066090219567,1.0,0.0012330132180439135,89.32730113046736
EPA Ozone,106,Target Risk (L),Block-Bootstrap,7.60737710453999e-05,0.0008434665885148122,1.0,0.0016869331770296243,19.0
EPA Ozone,107,Target Mean (Y),Unweighted,0.006201230638981037,0.007820963588045973,1.0,0.015641927176091974,96.0
EPA Ozone,107,Target Mean (Y),Nominal n,0.018027055766797945,0.010021769703890583,0.0,0.3402549819240761,96.0
EPA Ozone,107,Target Mean (Y),Input neff,0.018027055766797945,0.0201778362200369,1.0,0.04035567244007382,23.681591479635234
EPA Ozone,107,Target Mean (Y),GP neff [Ours],0.018027055766797945,0.01167683168331238,0.0,0.27736262670604744,70.71475321952403
EPA Ozone,107,Target Mean (Y),Block-Bootstrap,0.018027055766797945,0.014561811540010905,1.0,0.02912362308002181,19.0
EPA Ozone,107,Target Risk (L),Unweighted,0.0004254313181376937,0.00024498848226266304,0.0,0.007707690399526554,96.0
EPA Ozone,107,Target Risk (L),Nominal n,0.0010020812621425075,0.00024136650702255897,0.0,0.030911323218843056,96.0
EPA Ozone,107,Target Risk (L),Input neff,0.0010020812621425075,0.0004859674480259594,0.0,0.021616487460713835,23.681591479635234
EPA Ozone,107,Target Risk (L),GP neff [Ours],0.0010020812621425075,0.00024626300555901997,0.0,0.030725256274457536,92.220376911891
EPA Ozone,107,Target Risk (L),Block-Bootstrap,0.0010020812621425075,0.00038911531985175895,0.0,0.0205901909481195,19.0
EPA Ozone,108,Target Mean (Y),Unweighted,0.1259928973056477,0.011101738195574813,0.0,4.617849840794065,96.0
EPA Ozone,108,Target Mean (Y),Nominal n,0.07211529220094196,0.03344560980216877,0.0,1.6136785155552653,96.0
EPA Ozone,108,Target Mean (Y),Input neff,0.07211529220094196,0.06876083915283047,0.0,0.27169980023011964,22.712614731897474
EPA Ozone,108,Target Mean (Y),GP neff [Ours],0.07211529220094196,0.05832750241188888,0.0,0.6681665963859005,31.564775864483728
EPA Ozone,108,Target Mean (Y),Block-Bootstrap,0.07211529220094196,0.04720237337630724,0.0,1.2770985681800353,19.0
EPA Ozone,108,Target Risk (L),Unweighted,0.0006862011893851042,0.0003938940837604451,0.0,0.012480072392507254,96.0
EPA Ozone,108,Target Risk (L),Nominal n,0.0012996531458596549,0.0016921712244773904,1.0,0.0033843424489547807,96.0
EPA Ozone,108,Target Risk (L),Input neff,0.0012996531458596549,0.0034789353243543804,1.0,0.006957870648708761,22.712614731897474
EPA Ozone,108,Target Risk (L),GP neff [Ours],0.0012996531458596549,0.0020977347602984257,1.0,0.0041954695205968515,62.46815723559756
EPA Ozone,108,Target Risk (L),Block-Bootstrap,0.0012996531458596549,0.0011115298305983754,1.0,0.002223059661196751,19.0
EPA Ozone,109,Target Mean (Y),Unweighted,0.044475852694352336,0.008251652102876162,0.0,1.4654713278647997,96.0
EPA Ozone,109,Target Mean (Y),Nominal n,0.04227040629539608,0.037316756300131065,0.0,0.2727795124108627,96.0
EPA Ozone,109,Target Mean (Y),Input neff,0.04227040629539608,0.10769210016075345,1.0,0.2153842003215069,11.526867813863827
EPA Ozone,109,Target Mean (Y),GP neff [Ours],0.04227040629539608,0.06411046852698338,1.0,0.12822093705396675,32.52528451247353
EPA Ozone,109,Target Mean (Y),Block-Bootstrap,0.04227040629539608,0.05135203525064405,0.0,0.2933330498347762,19.0
EPA Ozone,109,Target Risk (L),Unweighted,0.00037519865238092465,0.0002714779198770173,0.0,0.004691785139910332,96.0
EPA Ozone,109,Target Risk (L),Nominal n,0.0003798055749021044,0.0007903228897725452,1.0,0.0015806457795450903,96.0
EPA Ozone,109,Target Risk (L),Input neff,0.0003798055749021044,0.00228078590540363,1.0,0.00456157181080726,11.526867813863827
EPA Ozone,109,Target Risk (L),GP neff [Ours],0.0003798055749021044,0.001236545370996729,1.0,0.002473090741993458,39.21572440334675
EPA Ozone,109,Target Risk (L),Block-Bootstrap,0.0003798055749021044,0.0007135411641182945,1.0,0.001427082328236589,19.0
EPA Ozone,110,Target Mean (Y),Unweighted,0.07254876936101895,0.009811807465690844,0.0,2.529102090744505,96.0
EPA Ozone,110,Target Mean (Y),Nominal n,0.047703259876316156,0.02732109761464236,0.0,0.8699286856962368,96.0
EPA Ozone,110,Target Mean (Y),Input neff,0.047703259876316156,0.09008546349680419,1.0,0.18017092699360837,8.82994674454621
EPA Ozone,110,Target Mean (Y),GP neff [Ours],0.047703259876316156,0.07326496758415464,1.0,0.14652993516830926,13.349801107692018
EPA Ozone,110,Target Mean (Y),Block-Bootstrap,0.047703259876316156,0.03952292098460674,0.0,0.6329105446209986,19.0
EPA Ozone,110,Target Risk (L),Unweighted,0.0004904029542662678,0.00026569555710588224,0.0,0.009519687000627185,96.0
EPA Ozone,110,Target Risk (L),Nominal n,0.00038650448397164463,0.0009053425947454523,1.0,0.0018106851894909046,96.0
EPA Ozone,110,Target Risk (L),Input neff,0.00038650448397164463,0.0029851731589046206,1.0,0.005970346317809241,8.82994674454621
EPA Ozone,110,Target Risk (L),GP neff [Ours],0.00038650448397164463,0.0009997984538259864,1.0,0.001999596907651973,78.71766782257558
EPA Ozone,110,Target Risk (L),Block-Bootstrap,0.00038650448397164463,0.0006507243544969143,1.0,0.0013014487089938287,19.0
EPA Ozone,111,Target Mean (Y),Unweighted,0.015576230638981003,0.004672544030554529,0.0,0.44549255239816793,96.0
EPA Ozone,111,Target Mean (Y),Nominal n,0.024149044667095027,0.01417581879282105,0.0,0.4272806725566016,96.0
EPA Ozone,111,Target Mean (Y),Input neff,0.024149044667095027,0.04841002744248902,1.0,0.09682005488497802,8.231839259383774
EPA Ozone,111,Target Mean (Y),GP neff [Ours],0.024149044667095027,0.015817822322938675,0.0,0.364884538412131,77.10351076824733
EPA Ozone,111,Target Mean (Y),Block-Bootstrap,0.024149044667095027,0.015088224705340547,0.0,0.37311861556980586,19.0
EPA Ozone,111,Target Risk (L),Unweighted,0.0009501921980883609,0.00015036357854956731,0.0,0.03229387193865088,96.0
EPA Ozone,111,Target Risk (L),Nominal n,0.0009373698256407135,0.0004317735013344726,0.0,0.02108739997491858,96.0
EPA Ozone,111,Target Risk (L),Input neff,0.0009373698256407135,0.0014744945144986414,1.0,0.002948989028997283,8.231839259383774
EPA Ozone,111,Target Risk (L),GP neff [Ours],0.0009373698256407135,0.0014320010726592077,1.0,0.0028640021453184153,8.72763383609364
EPA Ozone,111,Target Risk (L),Block-Bootstrap,0.0009373698256407135,0.0005283325297095833,0.0,0.014310824097681554,19.0
EPA Ozone,112,Target Mean (Y),Unweighted,0.0886946026943523,0.009711887213296216,0.0,3.178732393668836,96.0
EPA Ozone,112,Target Mean (Y),Nominal n,0.05034896159475835,0.04853360435276162,0.0,0.16968149838539304,96.0
EPA Ozone,112,Target Mean (Y),Input neff,0.05034896159475835,0.21651202633546826,1.0,0.43302405267093647,4.823833116592184
EPA Ozone,112,Target Mean (Y),GP neff [Ours],0.05034896159475835,0.19537164247423808,1.0,0.3907432849484761,5.9242485198592965
EPA Ozone,112,Target Mean (Y),Block-Bootstrap,0.05034896159475835,0.05515030345501032,0.0,0.40237725822405446,19.0
EPA Ozone,112,Target Risk (L),Unweighted,0.00010417692953330524,0.0005292632387129972,1.0,0.0010585264774259943,96.0
EPA Ozone,112,Target Risk (L),Nominal n,0.00034399029248827814,0.00044809129531025896,1.0,0.0008961825906205179,96.0
EPA Ozone,112,Target Risk (L),Input neff,0.00034399029248827814,0.001998968665622884,1.0,0.003997937331245768,4.823833116592184
EPA Ozone,112,Target Risk (L),GP neff [Ours],0.00034399029248827814,0.0006004373386592905,1.0,0.0012008746773185812,53.46491306527861
EPA Ozone,112,Target Risk (L),Block-Bootstrap,0.00034399029248827814,0.00044474876419710525,1.0,0.0008894975283942105,19.0
EPA Ozone,113,Target Mean (Y),Unweighted,0.028486269361018945,0.008913699290532085,0.0,0.8007302014005382,96.0
EPA Ozone,113,Target Mean (Y),Nominal n,0.021390049843159814,0.03682287011148294,1.0,0.07364574022296588,96.0
EPA Ozone,113,Target Mean (Y),Input neff,0.021390049843159814,0.05784221269952332,1.0,0.11568442539904666,38.90601131899469
EPA Ozone,113,Target Mean (Y),GP neff [Ours],0.021390049843159814,0.04301977074956687,1.0,0.08603954149913373,70.33481048870311
EPA Ozone,113,Target Mean (Y),Block-Bootstrap,0.021390049843159814,0.057394263996551426,1.0,0.11478852799310285,19.0
EPA Ozone,113,Target Risk (L),Unweighted,0.0008829646827148354,0.00044561538090596514,0.0,0.018385202834166742,96.0
EPA Ozone,113,Target Risk (L),Nominal n,7.055826167164407e-05,0.0010636000825875475,1.0,0.002127200165175095,96.0
EPA Ozone,113,Target Risk (L),Input neff,7.055826167164407e-05,0.0016707275130374646,1.0,0.0033414550260749292,38.90601131899469
EPA Ozone,113,Target Risk (L),GP neff [Ours],7.055826167164407e-05,0.0010724997604399668,1.0,0.0021449995208799337,94.41338096637628
EPA Ozone,113,Target Risk (L),Block-Bootstrap,7.055826167164407e-05,0.0014732189254045107,1.0,0.0029464378508090214,19.0
EPA Ozone,114,Target Mean (Y),Unweighted,0.021982480638981033,0.0045121343868668425,0.0,0.7078381188583012,96.0
EPA Ozone,114,Target Mean (Y),Nominal n,0.03131914285104778,0.012326509644668724,0.0,0.7843583475445,96.0
EPA Ozone,114,Target Mean (Y),Input neff,0.03131914285104778,0.047786690428223574,1.0,0.09557338085644718,6.387597844205921
EPA Ozone,114,Target Mean (Y),GP neff [Ours],0.03131914285104778,0.03789869677342451,1.0,0.075797393546849,10.155537649520152
EPA Ozone,114,Target Mean (Y),Block-Bootstrap,0.03131914285104778,0.02499999999999991,0.0,0.11263255889257784,19.0
EPA Ozone,114,Target Risk (L),Unweighted,0.0012012263248664715,4.435185769832764e-05,0.0,0.04636368240212241,96.0
EPA Ozone,114,Target Risk (L),Nominal n,0.0011656085812578165,0.00013761921164927285,0.0,0.041394813207640296,96.0
EPA Ozone,114,Target Risk (L),Input neff,0.0011656085812578165,0.0005335140971478728,0.0,0.026350807558693498,6.387597844205921
EPA Ozone,114,Target Risk (L),GP neff [Ours],0.0011656085812578165,0.0005332038229939142,0.0,0.02636259797654392,6.395033961774634
EPA Ozone,114,Target Risk (L),Block-Bootstrap,0.0011656085812578165,0.00016115735795512592,0.0,0.04269777131701549,19.0
EPA Ozone,115,Target Mean (Y),Unweighted,0.024996686027685622,0.012199445023507378,0.0,0.5362885302141449,96.0
EPA Ozone,115,Target Mean (Y),Nominal n,0.04781336579067061,0.022853980873858832,0.0,1.0440833584201883,96.0
EPA Ozone,115,Target Mean (Y),Input neff,0.04781336579067061,0.07109243699701072,1.0,0.14218487399402147,9.920833218263668
EPA Ozone,115,Target Mean (Y),GP neff [Ours],0.04781336579067061,0.044297237002411505,0.0,0.22923962553518717,25.55298708673104
EPA Ozone,115,Target Mean (Y),Block-Bootstrap,0.04781336579067061,0.03221314992377443,0.0,0.8685708992636245,19.0
EPA Ozone,115,Target Risk (L),Unweighted,8.406366104244008e-06,0.0004365061840517725,1.0,0.0008730123681035449,96.0
EPA Ozone,115,Target Risk (L),Nominal n,0.00027418614067503677,0.0010748738992837747,1.0,0.0021497477985675494,96.0
EPA Ozone,115,Target Risk (L),Input neff,0.00027418614067503677,0.0033436365150707535,1.0,0.006687273030141507,9.920833218263668
EPA Ozone,115,Target Risk (L),GP neff [Ours],0.00027418614067503677,0.002012684184266177,1.0,0.004025368368532354,27.380098089348245
EPA Ozone,115,Target Risk (L),Block-Bootstrap,0.00027418614067503677,0.001894608816110725,1.0,0.00378921763222145,19.0
EPA Ozone,116,Target Mean (Y),Unweighted,0.02693039730564767,0.007221716606443828,0.0,0.8027906611810413,96.0
EPA Ozone,116,Target Mean (Y),Nominal n,0.035824634799380195,0.03518486284395906,0.0,0.09596060390476382,96.0
EPA Ozone,116,Target Mean (Y),Input neff,0.035824634799380195,0.1417681009494116,1.0,0.2835362018988232,5.913245558251401
EPA Ozone,116,Target Mean (Y),GP neff [Ours],0.035824634799380195,0.11770278357691083,1.0,0.2354055671538217,8.578463159481924
EPA Ozone,116,Target Mean (Y),Block-Bootstrap,0.035824634799380195,0.05244448327611205,1.0,0.1048889665522241,19.0
EPA Ozone,116,Target Risk (L),Unweighted,0.000879606927408155,0.00016426046755918332,0.0,0.02894237932907724,96.0
EPA Ozone,116,Target Risk (L),Nominal n,0.0009789254437134326,0.00032975830707820963,0.0,0.026626202079565342,96.0
EPA Ozone,116,Target Risk (L),Input neff,0.0009789254437134326,0.0013286739008788588,1.0,0.0026573478017577175,5.913245558251401
EPA Ozone,116,Target Risk (L),GP neff [Ours],0.0009789254437134326,0.0010759491654802214,1.0,0.002151898330960443,9.017356019397837
EPA Ozone,116,Target Risk (L),Block-Bootstrap,0.0009789254437134326,0.000745476377731445,1.0,0.00149095275546289,19.0
EPA Ozone,117,Target Mean (Y),Unweighted,0.012503313972314356,0.011940319176616416,0.0,0.046400430181150254,96.0
EPA Ozone,117,Target Mean (Y),Nominal n,0.016929512502463995,0.05397562651179918,1.0,0.10795125302359837,96.0
EPA Ozone,117,Target Mean (Y),Input neff,0.016929512502463995,0.13592866417761185,1.0,0.2718573283552237,15.137164104258504
EPA Ozone,117,Target Mean (Y),GP neff [Ours],0.016929512502463995,0.11131036530749933,1.0,0.22262073061499862,22.5733180656626
EPA Ozone,117,Target Mean (Y),Block-Bootstrap,0.016929512502463995,0.0803708209328382,1.0,0.1607416418656764,19.0
EPA Ozone,117,Target Risk (L),Unweighted,0.0002753773546382032,0.0004553971665266092,1.0,0.0009107943330532186,96.0
EPA Ozone,117,Target Risk (L),Nominal n,0.0016161718091989186,0.002687225632515923,1.0,0.005374451265031846,96.0
EPA Ozone,117,Target Risk (L),Input neff,0.0016161718091989186,0.006767332112242895,1.0,0.01353466422448579,15.137164104258504
EPA Ozone,117,Target Risk (L),GP neff [Ours],0.0016161718091989186,0.00444085154990866,1.0,0.00888170309981732,35.15175304778378
EPA Ozone,117,Target Risk (L),Block-Bootstrap,0.0016161718091989186,0.0018828050928250142,1.0,0.0037656101856500283,19.0
EPA Ozone,118,Target Mean (Y),Unweighted,0.013798769361018981,0.008417583801755467,0.0,0.23208258997405123,96.0
EPA Ozone,118,Target Mean (Y),Nominal n,0.02288431674062455,0.035784526373707236,1.0,0.07156905274741449,96.0
EPA Ozone,118,Target Mean (Y),Input neff,0.02288431674062455,0.1264317888864815,1.0,0.252863577772963,7.690405047572393
EPA Ozone,118,Target Mean (Y),GP neff [Ours],0.02288431674062455,0.0868706610032365,1.0,0.17374132200647296,16.289791582137685
EPA Ozone,118,Target Mean (Y),Block-Bootstrap,0.02288431674062455,0.040519181192302745,1.0,0.08103836238460549,19.0
EPA Ozone,118,Target Risk (L),Unweighted,0.0002236270412271234,0.0004395923228268415,1.0,0.0008791846456536827,96.0
EPA Ozone,118,Target Risk (L),Nominal n,0.00012192456884350185,0.0009290831986608307,1.0,0.0018581663973216613,96.0
EPA Ozone,118,Target Risk (L),Input neff,0.00012192456884350185,0.003282582242512821,1.0,0.006565164485025641,7.690405047572393
EPA Ozone,118,Target Risk (L),GP neff [Ours],0.00012192456884350185,0.0018227536528092278,1.0,0.003645507305618455,24.941610424848257
EPA Ozone,118,Target Risk (L),Block-Bootstrap,0.00012192456884350185,0.0008641995992146581,1.0,0.0017283991984293162,19.0
EPA Ozone,119,Target Mean (Y),Unweighted,0.0682324806389811,0.009753324519428574,0.0,2.358672893820959,96.0
EPA Ozone,119,Target Mean (Y),Nominal n,0.05013207268367506,0.03676581692244411,0.0,0.6081818642941267,96.0
EPA Ozone,119,Target Mean (Y),Input neff,0.05013207268367506,0.10520875781864221,1.0,0.2104175156372844,11.723462203342434
EPA Ozone,119,Target Mean (Y),GP neff [Ours],0.05013207268367506,0.08895836574120751,1.0,0.17791673148241505,16.397818755294306
EPA Ozone,119,Target Mean (Y),Block-Bootstrap,0.05013207268367506,0.049436059854823924,0.0,0.23005390958985597,19.0
EPA Ozone,119,Target Risk (L),Unweighted,0.0003195621972017118,0.00033973033635984216,1.0,0.0006794606727196844,96.0
EPA Ozone,119,Target Risk (L),Nominal n,0.0008680492771441521,0.00032905514867460775,0.0,0.022217875436130987,96.0
EPA Ozone,119,Target Risk (L),Input neff,0.0008680492771441521,0.0009416214936529878,1.0,0.0018832429873059755,11.723462203342434
EPA Ozone,119,Target Risk (L),GP neff [Ours],0.0008680492771441521,0.000491964670753814,0.0,0.016027313597121146,42.94778614642233
EPA Ozone,119,Target Risk (L),Block-Bootstrap,0.0008680492771441521,0.00028971801654526484,0.0,0.024982763551631,19.0
EPA Ozone,120,Target Mean (Y),Unweighted,0.008857480638981063,0.009642838864891864,1.0,0.019285677729783735,96.0
EPA Ozone,120,Target Mean (Y),Nominal n,0.02092153309879738,0.05488829356979119,1.0,0.10977658713958238,96.0
EPA Ozone,120,Target Mean (Y),Input neff,0.02092153309879738,0.20299807920178378,1.0,0.4059961584035675,7.018540885679813
EPA Ozone,120,Target Mean (Y),GP neff [Ours],0.02092153309879738,0.13012791283380867,1.0,0.2602558256676174,17.08007460141916
EPA Ozone,120,Target Mean (Y),Block-Bootstrap,0.02092153309879738,0.06638566522318652,1.0,0.13277133044637304,19.0
EPA Ozone,120,Target Risk (L),Unweighted,7.186382195513907e-05,0.0004760820117421028,1.0,0.0009521640234842056,96.0
EPA Ozone,120,Target Risk (L),Nominal n,0.0011516698154819163,0.0023563287125043628,1.0,0.004712657425008726,96.0
EPA Ozone,120,Target Risk (L),Input neff,0.0011516698154819163,0.008714612379016568,1.0,0.017429224758033136,7.018540885679813
EPA Ozone,120,Target Risk (L),GP neff [Ours],0.0011516698154819163,0.0026912636205883517,1.0,0.005382527241176703,73.59198239569615
EPA Ozone,120,Target Risk (L),Block-Bootstrap,0.0011516698154819163,0.002664791916050889,1.0,0.005329583832101778,19.0
EPA Ozone,121,Target Mean (Y),Unweighted,0.019215436027685606,0.009231541007303033,0.0,0.41781888282990914,96.0
EPA Ozone,121,Target Mean (Y),Nominal n,0.02716332179363065,0.030957285367917694,1.0,0.061914570735835395,96.0
EPA Ozone,121,Target Mean (Y),Input neff,0.02716332179363065,0.08908550101705102,1.0,0.17817100203410208,11.59265524549724
EPA Ozone,121,Target Mean (Y),GP neff [Ours],0.02716332179363065,0.04818913491912237,1.0,0.09637826983824471,39.61856253565103
EPA Ozone,121,Target Mean (Y),Block-Bootstrap,0.02716332179363065,0.03728730181340682,1.0,0.07457460362681365,19.0
EPA Ozone,121,Target Risk (L),Unweighted,2.181064659793463e-05,0.0003794080675323335,1.0,0.0007588161350646672,96.0
EPA Ozone,121,Target Risk (L),Nominal n,1.4993641010723488e-05,0.0009857846774140745,1.0,0.001971569354828149,96.0
EPA Ozone,121,Target Risk (L),Input neff,1.4993641010723488e-05,0.002836783679145699,1.0,0.0056735673582913974,11.59265524549724
EPA Ozone,121,Target Risk (L),GP neff [Ours],1.4993641010723488e-05,0.0010490682711889506,1.0,0.0020981365423779017,84.7672034553356
EPA Ozone,121,Target Risk (L),Block-Bootstrap,1.4993641010723488e-05,0.0008863915062289662,1.0,0.0017727830124579325,19.0
EPA Ozone,122,Target Mean (Y),Unweighted,0.016090436027685645,0.010861120282887125,0.0,0.23089487035771478,96.0
EPA Ozone,122,Target Mean (Y),Nominal n,0.02963821829771915,0.022526075537191274,0.0,0.3295378614954977,96.0
EPA Ozone,122,Target Mean (Y),Input neff,0.02963821829771915,0.036442387429744975,1.0,0.07288477485948996,36.67994395408327
EPA Ozone,122,Target Mean (Y),GP neff [Ours],0.02963821829771915,0.026366504561900553,0.0,0.18360155855654547,70.07081807263005
EPA Ozone,122,Target Mean (Y),Block-Bootstrap,0.02963821829771915,0.024613862856775526,0.0,0.31616907601708555,19.0
EPA Ozone,122,Target Risk (L),Unweighted,0.0002924816427769994,0.0004322789362753648,1.0,0.0008645578725507295,96.0
EPA Ozone,122,Target Risk (L),Nominal n,0.0005193561533454091,0.0007198872106930699,1.0,0.0014397744213861397,96.0
EPA Ozone,122,Target Risk (L),Input neff,0.0005193561533454091,0.0011646240195937129,1.0,0.0023292480391874258,36.67994395408327
EPA Ozone,122,Target Risk (L),GP neff [Ours],0.0005193561533454091,0.0008212520044674225,1.0,0.001642504008934845,73.76447640685986
EPA Ozone,122,Target Risk (L),Block-Bootstrap,0.0005193561533454091,0.0006433621297107486,0.0,0.006039965380080368,19.0
EPA Ozone,123,Target Mean (Y),Unweighted,0.024996686027685622,0.009817513134431593,0.0,0.6268019419990238,96.0
EPA Ozone,123,Target Mean (Y),Nominal n,0.01114331458752818,0.023284859413245505,1.0,0.046569718826491024,96.0
EPA Ozone,123,Target Mean (Y),Input neff,0.01114331458752818,0.0772211128622221,1.0,0.15444222572444422,8.72863555977365
EPA Ozone,123,Target Mean (Y),GP neff [Ours],0.01114331458752818,0.05855174851046485,1.0,0.1171034970209297,15.182340795950862
EPA Ozone,123,Target Mean (Y),Block-Bootstrap,0.01114331458752818,0.029850949747533606,1.0,0.05970189949506721,19.0
EPA Ozone,123,Target Risk (L),Unweighted,0.0005931384922658562,0.00024571321023500995,0.0,0.014388437701703873,96.0
EPA Ozone,123,Target Risk (L),Nominal n,0.0010466818293819844,0.00044811472439757095,0.0,0.02483891364817168,96.0
EPA Ozone,123,Target Risk (L),Input neff,0.0010466818293819844,0.0014861123743029373,1.0,0.0029722247486058746,8.72863555977365
EPA Ozone,123,Target Risk (L),GP neff [Ours],0.0010466818293819844,0.0009209934892370249,0.0,0.006869520584272426,22.72670851065576
EPA Ozone,123,Target Risk (L),Block-Bootstrap,0.0010466818293819844,0.00033070768541901513,0.0,0.029607560232670704,19.0
EPA Ozone,124,Target Mean (Y),Unweighted,0.007132102694352271,0.010624180771220714,1.0,0.02124836154244142,96.0
EPA Ozone,124,Target Mean (Y),Nominal n,0.004165708148198638,0.02938295550108349,1.0,0.05876591100216699,96.0
EPA Ozone,124,Target Mean (Y),Input neff,0.004165708148198638,0.1004120446675447,1.0,0.20082408933508944,8.220354876501968
EPA Ozone,124,Target Mean (Y),GP neff [Ours],0.004165708148198638,0.05260585585049618,1.0,0.10521171170099239,29.949805524278908
EPA Ozone,124,Target Mean (Y),Block-Bootstrap,0.004165708148198638,0.034280388363846614,1.0,0.06856077672769323,19.0
EPA Ozone,124,Target Risk (L),Unweighted,0.0007658724873504015,0.0006785998478124397,0.0,0.004848105277143346,96.0
EPA Ozone,124,Target Risk (L),Nominal n,0.0007823348981297717,0.002002621111921943,1.0,0.004005242223843885,96.0
EPA Ozone,124,Target Risk (L),Input neff,0.0007823348981297717,0.006843671002907082,1.0,0.013687342005814163,8.220354876501968
EPA Ozone,124,Target Risk (L),GP neff [Ours],0.0007823348981297717,0.003985310877528782,1.0,0.007970621755057564,24.240658003685553
EPA Ozone,124,Target Risk (L),Block-Bootstrap,0.0007823348981297717,0.002463009655670942,1.0,0.004926019311341884,19.0
EPA Ozone,125,Target Mean (Y),Unweighted,0.015888730638981025,0.006578235058843716,0.0,0.3855762933231795,96.0
EPA Ozone,125,Target Mean (Y),Nominal n,0.022169979867660145,0.022607567208978496,1.0,0.04521513441795699,96.0
EPA Ozone,125,Target Mean (Y),Input neff,0.022169979867660145,0.039104650213661746,1.0,0.07820930042732346,32.08648052637964
EPA Ozone,125,Target Mean (Y),GP neff [Ours],0.022169979867660145,0.036552347308143884,1.0,0.07310469461628777,36.72386236697701
EPA Ozone,125,Target Mean (Y),Block-Bootstrap,0.022169979867660145,0.014267619724169525,1.0,0.02853523944833905,19.0
EPA Ozone,125,Target Risk (L),Unweighted,0.00035457791909842846,0.0003760512090769387,1.0,0.0007521024181538776,96.0
EPA Ozone,125,Target Risk (L),Nominal n,0.000840936417372393,0.00036846843103592787,0.0,0.019635656315530457,96.0
EPA Ozone,125,Target Risk (L),Input neff,0.000840936417372393,0.0006373454063962399,0.0,0.009418331251838602,32.08648052637964
EPA Ozone,125,Target Risk (L),GP neff [Ours],0.000840936417372393,0.0005668850568680966,0.0,0.012095824533908046,40.55849067833784
EPA Ozone,125,Target Risk (L),Block-Bootstrap,0.000840936417372393,0.0004873148394311199,0.0,0.010791252083058582,19.0
EPA Ozone,126,Target Mean (Y),Unweighted,0.00969081397231436,0.012854259055939123,1.0,0.025708518111878242,96.0
EPA Ozone,126,Target Mean (Y),Nominal n,0.022092890809980142,0.03207429117290819,1.0,0.06414858234581639,96.0
EPA Ozone,126,Target Mean (Y),Input neff,0.022092890809980142,0.10566507635709446,1.0,0.21133015271418895,8.845500787755526
EPA Ozone,126,Target Mean (Y),GP neff [Ours],0.022092890809980142,0.03549169442133254,1.0,0.07098338884266508,78.40285916140967
EPA Ozone,126,Target Mean (Y),Block-Bootstrap,0.022092890809980142,0.0685185792596693,1.0,0.1370371585193386,19.0
EPA Ozone,126,Target Risk (L),Unweighted,0.001573570350772647,0.0011047960244938485,0.0,0.02096056510013964,96.0
EPA Ozone,126,Target Risk (L),Nominal n,0.0009882348340919322,0.0017692913726285152,1.0,0.0035385827452570308,96.0
EPA Ozone,126,Target Risk (L),Input neff,0.0009882348340919322,0.005828727655395586,1.0,0.011657455310791171,8.845500787755526
EPA Ozone,126,Target Risk (L),GP neff [Ours],0.0009882348340919322,0.0019578031639455743,1.0,0.0039156063278911486,78.40285916140967
EPA Ozone,126,Target Risk (L),Block-Bootstrap,0.0009882348340919322,0.0030542382167133356,1.0,0.006108476433426671,19.0
EPA Ozone,127,Target Mean (Y),Unweighted,0.00969081397231436,0.0093335539995844,0.0,0.03295750690836685,96.0
EPA Ozone,127,Target Mean (Y),Nominal n,0.005680723737736065,0.025060701691066806,1.0,0.05012140338213361,96.0
EPA Ozone,127,Target Mean (Y),Input neff,0.005680723737736065,0.08532264746025518,1.0,0.1706452949205104,8.281882061760086
EPA Ozone,127,Target Mean (Y),GP neff [Ours],0.005680723737736065,0.028175018179884322,1.0,0.05635003635976865,75.95026211243099
EPA Ozone,127,Target Mean (Y),Block-Bootstrap,0.005680723737736065,0.03029234970768961,1.0,0.06058469941537922,19.0
EPA Ozone,127,Target Risk (L),Unweighted,0.00020409337954558552,0.0004892536430461445,1.0,0.0009785072860922887,96.0
EPA Ozone,127,Target Risk (L),Nominal n,0.0007846739281772886,0.00047198844236060573,0.0,0.01345139631738852,96.0
EPA Ozone,127,Target Risk (L),Input neff,0.0007846739281772886,0.0016069503547541982,1.0,0.0032139007095083965,8.281882061760086
EPA Ozone,127,Target Risk (L),GP neff [Ours],0.0007846739281772886,0.0005306428809591428,0.0,0.011222527650644121,75.95026211243099
EPA Ozone,127,Target Risk (L),Block-Bootstrap,0.0007846739281772886,0.00047976636073160394,0.0,0.009115895756185158,19.0
EPA Ozone,128,Target Mean (Y),Unweighted,0.0038053973056477175,0.010158648277341526,1.0,0.020317296554683062,96.0
EPA Ozone,128,Target Mean (Y),Nominal n,0.03657326311338774,0.03449972758350506,0.0,0.15194087636231735,96.0
EPA Ozone,128,Target Mean (Y),Input neff,0.03657326311338774,0.12171267563909874,1.0,0.24342535127819745,7.713135221869957
EPA Ozone,128,Target Mean (Y),GP neff [Ours],0.03657326311338774,0.07584331533612336,1.0,0.15168663067224675,19.864056717382486
EPA Ozone,128,Target Mean (Y),Block-Bootstrap,0.03657326311338774,0.04389596422053667,1.0,0.08779192844107334,19.0
EPA Ozone,128,Target Risk (L),Unweighted,0.0007222628048645728,0.0006148226753144665,0.0,0.005527250532633189,96.0
EPA Ozone,128,Target Risk (L),Nominal n,0.0002678077821044089,0.0014534105136816524,1.0,0.0029068210273633047,96.0
EPA Ozone,128,Target Risk (L),Input neff,0.0002678077821044089,0.00512753273178798,1.0,0.01025506546357596,7.713135221869957
EPA Ozone,128,Target Risk (L),GP neff [Ours],0.0002678077821044089,0.003433261988691161,1.0,0.006866523977382322,17.204178404391964
EPA Ozone,128,Target Risk (L),Block-Bootstrap,0.0002678077821044089,0.001577001575198399,1.0,0.003154003150396798,19.0
EPA Ozone,129,Target Mean (Y),Unweighted,0.03478835269435229,0.010118773363340786,0.0,1.0070207199671424,96.0
EPA Ozone,129,Target Mean (Y),Nominal n,0.04669942701811022,0.0244198397821307,0.0,0.9400231690034426,96.0
EPA Ozone,129,Target Mean (Y),Input neff,0.04669942701811022,0.09324314195896259,1.0,0.1864862839179252,6.584503835330113
EPA Ozone,129,Target Mean (Y),GP neff [Ours],0.04669942701811022,0.04663401393461002,0.0,0.09588455120922779,26.323962121633947
EPA Ozone,129,Target Mean (Y),Block-Bootstrap,0.04669942701811022,0.0237611511095005,0.0,0.9103089637604569,19.0
EPA Ozone,129,Target Risk (L),Unweighted,0.00025002971733143874,0.00048331373656949124,1.0,0.0009666274731389827,96.0
EPA Ozone,129,Target Risk (L),Nominal n,0.0006256742609930164,0.00043485071536265645,0.0,0.008502643255939706,96.0
EPA Ozone,129,Target Risk (L),Input neff,0.0006256742609930164,0.0016604059381743735,1.0,0.003320811876348747,6.584503835330113
EPA Ozone,129,Target Risk (L),GP neff [Ours],0.0006256742609930164,0.0005039061154510626,0.0,0.005878538052580273,71.49116145108974
EPA Ozone,129,Target Risk (L),Block-Bootstrap,0.0006256742609930164,0.0004832417775288448,0.0,0.004912285739033965,19.0
EPA Ozone,130,Target Mean (Y),Unweighted,0.006090436027685636,0.008445944969683442,1.0,0.016891889939366855,96.0
EPA Ozone,130,Target Mean (Y),Nominal n,0.005060574181746852,0.02537184546046397,1.0,0.05074369092092795,96.0
EPA Ozone,130,Target Mean (Y),Input neff,0.005060574181746852,0.10288945318890547,1.0,0.20577890637781093,5.837590542534467
EPA Ozone,130,Target Mean (Y),GP neff [Ours],0.005060574181746852,0.05699085219188774,1.0,0.1139817043837755,19.026769010439953
EPA Ozone,130,Target Mean (Y),Block-Bootstrap,0.005060574181746852,0.02558810584781905,1.0,0.0511762116956381,19.0
EPA Ozone,130,Target Risk (L),Unweighted,0.0003809781877844342,0.00044628238076582235,1.0,0.0008925647615316446,96.0
EPA Ozone,130,Target Risk (L),Nominal n,0.0001735823527368209,0.0012946194965877378,1.0,0.0025892389931754757,96.0
EPA Ozone,130,Target Risk (L),Input neff,0.0001735823527368209,0.005250019841842935,1.0,0.01050003968368587,5.837590542534467
EPA Ozone,130,Target Risk (L),GP neff [Ours],0.0001735823527368209,0.001577384224683887,1.0,0.003154768449367774,64.66667525266958
EPA Ozone,130,Target Risk (L),Block-Bootstrap,0.0001735823527368209,0.001010892586230754,1.0,0.002021785172461508,19.0
EPA Ozone,131,Target Mean (Y),Unweighted,0.0641633526943523,0.011531750213005232,0.0,2.1283275996798934,96.0
EPA Ozone,131,Target Mean (Y),Nominal n,0.04607363178836876,0.048887014341883035,1.0,0.09777402868376606,96.0
EPA Ozone,131,Target Mean (Y),Input neff,0.04607363178836876,0.06461117007618493,1.0,0.12922234015236983,54.959535081449424
EPA Ozone,131,Target Mean (Y),GP neff [Ours],0.04607363178836876,0.053308824786533926,1.0,0.10661764957306785,80.73466458013434
EPA Ozone,131,Target Mean (Y),Block-Bootstrap,0.04607363178836876,0.05157121023738308,1.0,0.10314242047476616,19.0
EPA Ozone,131,Target Risk (L),Unweighted,0.0012563678885686156,0.00046729174392430724,0.0,0.032497629273620945,96.0
EPA Ozone,131,Target Risk (L),Nominal n,0.0014706495463331617,0.002128551717870899,1.0,0.0042571034357417985,96.0
EPA Ozone,131,Target Risk (L),Input neff,0.0014706495463331617,0.0028131850330955378,1.0,0.0056263700661910755,54.959535081449424
EPA Ozone,131,Target Risk (L),GP neff [Ours],0.0014706495463331617,0.0022154453687923538,1.0,0.004430890737584708,88.61710464105704
EPA Ozone,131,Target Risk (L),Block-Bootstrap,0.0014706495463331617,0.001813446205756953,1.0,0.003626892411513906,19.0
EPA Ozone,132,Target Mean (Y),Unweighted,0.03943039730564771,0.013231707082713626,0.0,1.0744110230827906,96.0
EPA Ozone,132,Target Mean (Y),Nominal n,0.09530743417490059,0.03413337321794347,0.0,2.5152291847141717,96.0
EPA Ozone,132,Target Mean (Y),Input neff,0.09530743417490059,0.08995018463370673,0.0,0.3941903509151674,13.82373925731482
EPA Ozone,132,Target Mean (Y),GP neff [Ours],0.09530743417490059,0.04935150050520137,0.0,1.9369403477983713,45.92286011231967
EPA Ozone,132,Target Mean (Y),Block-Bootstrap,0.09530743417490059,0.03749264931898594,0.0,2.8515776209664194,19.0
EPA Ozone,132,Target Risk (L),Unweighted,0.0011668705850055837,0.0007439296197206838,0.0,0.018405497850837362,96.0
EPA Ozone,132,Target Risk (L),Nominal n,0.002596217662830056,0.0027666475864025534,1.0,0.005533295172805108,96.0
EPA Ozone,132,Target Risk (L),Input neff,0.002596217662830056,0.0072908253053198405,1.0,0.01458165061063968,13.82373925731482
EPA Ozone,132,Target Risk (L),GP neff [Ours],0.002596217662830056,0.004354703748386115,1.0,0.00870940749677223,38.74910605573092
EPA Ozone,132,Target Risk (L),Block-Bootstrap,0.002596217662830056,0.0025609951846603013,0.0,0.04021703099506748,19.0
EPA Ozone,133,Target Mean (Y),Unweighted,0.01094081397231439,0.0135031046624958,1.0,0.027006209324991592,96.0
EPA Ozone,133,Target Mean (Y),Nominal n,0.022230302722253376,0.03490408600816525,1.0,0.0698081720163305,96.0
EPA Ozone,133,Target Mean (Y),Input neff,0.022230302722253376,0.062175827871860184,1.0,0.1243516557437204,30.253847963596833
EPA Ozone,133,Target Mean (Y),GP neff [Ours],0.022230302722253376,0.0490341354773542,1.0,0.09806827095470838,48.643714184728715
EPA Ozone,133,Target Mean (Y),Block-Bootstrap,0.022230302722253376,0.035818708931391566,1.0,0.07163741786278313,19.0
EPA Ozone,133,Target Risk (L),Unweighted,0.0025502069830504043,0.001151161132566112,0.0,0.058264156284503904,96.0
EPA Ozone,133,Target Risk (L),Nominal n,0.0004335170458322731,0.001274974621200606,1.0,0.002549949242401212,96.0
EPA Ozone,133,Target Risk (L),Input neff,0.0004335170458322731,0.0022711553761990636,1.0,0.004542310752398127,30.253847963596833
EPA Ozone,133,Target Risk (L),GP neff [Ours],0.0004335170458322731,0.001297116154598236,1.0,0.0025942323091964724,92.75056777603456
EPA Ozone,133,Target Risk (L),Block-Bootstrap,0.0004335170458322731,0.0017547778220556077,1.0,0.0035095556441112155,19.0
EPA Ozone,134,Target Mean (Y),Unweighted,0.0028158139723143405,0.007673831129919806,1.0,0.015347662259839634,96.0
EPA Ozone,134,Target Mean (Y),Nominal n,0.002651176137467598,0.033258794368656315,1.0,0.06651758873731262,96.0
EPA Ozone,134,Target Mean (Y),Input neff,0.002651176137467598,0.1443809155428743,1.0,0.2887618310857486,5.0940670169198
EPA Ozone,134,Target Mean (Y),GP neff [Ours],0.002651176137467598,0.13340423679917865,1.0,0.26680847359835735,5.966848234785759
EPA Ozone,134,Target Mean (Y),Block-Bootstrap,0.002651176137467598,0.05147444550133072,1.0,0.10294889100266144,19.0
EPA Ozone,134,Target Risk (L),Unweighted,0.0004569080159231245,0.0003819481404574472,0.0,0.003762291299541985,96.0
EPA Ozone,134,Target Risk (L),Nominal n,0.0004491247549677881,0.0009128916268992717,1.0,0.0018257832537985435,96.0
EPA Ozone,134,Target Risk (L),Input neff,0.0004491247549677881,0.003962985772188887,1.0,0.007925971544377774,5.0940670169198
EPA Ozone,134,Target Risk (L),GP neff [Ours],0.0004491247549677881,0.001182456834238191,1.0,0.0023649136684763825,57.21884526483156
EPA Ozone,134,Target Risk (L),Block-Bootstrap,0.0004491247549677881,0.0013134901189055803,1.0,0.0026269802378111606,19.0
EPA Ozone,135,Target Mean (Y),Unweighted,0.026298769361018937,0.00946630323220936,0.0,0.6922312516168013,96.0
EPA Ozone,135,Target Mean (Y),Nominal n,0.011964402345052444,0.026919431158601466,1.0,0.05383886231720292,96.0
EPA Ozone,135,Target Mean (Y),Input neff,0.011964402345052444,0.08935139483237822,1.0,0.17870278966475642,8.71365411793956
EPA Ozone,135,Target Mean (Y),GP neff [Ours],0.011964402345052444,0.05751762398519919,1.0,0.11503524797039841,21.028152372295263
EPA Ozone,135,Target Mean (Y),Block-Bootstrap,0.011964402345052444,0.036797785091052845,1.0,0.07359557018210569,19.0
EPA Ozone,135,Target Risk (L),Unweighted,0.0002639925265848723,0.00035264792334961236,1.0,0.0007052958466992248,96.0
EPA Ozone,135,Target Risk (L),Nominal n,0.0008981107651156691,0.00048058000107304946,0.0,0.017662390563850886,96.0
EPA Ozone,135,Target Risk (L),Input neff,0.0008981107651156691,0.0015951486185361745,1.0,0.0031902972370723487,8.71365411793956
EPA Ozone,135,Target Risk (L),GP neff [Ours],0.0008981107651156691,0.0005239405887206409,0.0,0.01601468823324241,80.76785210207112
EPA Ozone,135,Target Risk (L),Block-Bootstrap,0.0008981107651156691,0.00025056543649438454,0.0,0.02528403098167431,19.0
EPA Ozone,136,Target Mean (Y),Unweighted,0.00260748063898103,0.006655101536564886,1.0,0.013310203073129745,96.0
EPA Ozone,136,Target Mean (Y),Nominal n,0.02189315416986104,0.028557498164503235,1.0,0.05711499632900646,96.0
EPA Ozone,136,Target Mean (Y),Input neff,0.02189315416986104,0.08352597772960015,1.0,0.16705195545920032,11.221952136379478
EPA Ozone,136,Target Mean (Y),GP neff [Ours],0.02189315416986104,0.07243286336630408,1.0,0.14486572673260817,14.922453718017968
EPA Ozone,136,Target Mean (Y),Block-Bootstrap,0.02189315416986104,0.036329078509632795,1.0,0.07265815701926559,19.0
EPA Ozone,136,Target Risk (L),Unweighted,0.0016402776848421015,0.0007800869507871488,0.0,0.035967803263772406,96.0
EPA Ozone,136,Target Risk (L),Nominal n,0.00012335518091496065,0.001227438505585873,1.0,0.002454877011171746,96.0
EPA Ozone,136,Target Risk (L),Input neff,0.00012335518091496065,0.0035900554275253237,1.0,0.0071801108550506474,11.221952136379478
EPA Ozone,136,Target Risk (L),GP neff [Ours],0.00012335518091496065,0.0030484339164455823,1.0,0.006096867832891165,15.5638540599014
EPA Ozone,136,Target Risk (L),Block-Bootstrap,0.00012335518091496065,0.0009334721329909521,1.0,0.0018669442659819042,19.0
EPA Ozone,137,Target Mean (Y),Unweighted,0.00025710269435227917,0.00568054514602844,1.0,0.011361090292056897,96.0
EPA Ozone,137,Target Mean (Y),Nominal n,0.02201094903368714,0.04099323644783832,1.0,0.08198647289567662,96.0
EPA Ozone,137,Target Mean (Y),Input neff,0.02201094903368714,0.0472872811993771,1.0,0.09457456239875417,72.14511973899732
EPA Ozone,137,Target Mean (Y),GP neff [Ours],0.02201094903368714,0.04737581040165763,1.0,0.09475162080331523,71.87574250486482
EPA Ozone,137,Target Mean (Y),Block-Bootstrap,0.02201094903368714,0.0432172161703889,1.0,0.0864344323407778,19.0
EPA Ozone,137,Target Risk (L),Unweighted,0.0008916423780036655,0.00017171135536034332,0.0,0.029140663616453573,96.0
EPA Ozone,137,Target Risk (L),Nominal n,9.581173604875722e-05,0.0010427408737971918,1.0,0.002085481747594384,96.0
EPA Ozone,137,Target Risk (L),Input neff,9.581173604875722e-05,0.0012028418634394543,1.0,0.0024056837268789082,72.14511973899732
EPA Ozone,137,Target Risk (L),GP neff [Ours],9.581173604875722e-05,0.0012548620673208867,1.0,0.002509724134641773,66.28756184361343
EPA Ozone,137,Target Risk (L),Block-Bootstrap,9.581173604875722e-05,0.0011500561833393398,1.0,0.0023001123666786796,19.0
EPA Ozone,138,Target Mean (Y),Unweighted,0.04281581397231435,0.005992469689740297,0.0,1.4849187106824417,96.0
EPA Ozone,138,Target Mean (Y),Nominal n,0.024804704722130894,0.017763167772579642,0.0,0.3171878135272096,96.0
EPA Ozone,138,Target Mean (Y),Input neff,0.024804704722130894,0.06746147408305905,1.0,0.13492294816611813,6.655802327659146
EPA Ozone,138,Target Mean (Y),GP neff [Ours],0.024804704722130894,0.04459096124179122,1.0,0.08918192248358245,15.234156034847002
EPA Ozone,138,Target Mean (Y),Block-Bootstrap,0.024804704722130894,0.01860277991972195,0.0,0.5123213696492301,19.0
EPA Ozone,138,Target Risk (L),Unweighted,0.0007916324096038634,0.00018418122754624162,0.0,0.024666409737397352,96.0
EPA Ozone,138,Target Risk (L),Nominal n,0.00027386570367010947,0.0008542531615105711,1.0,0.001708506323021142,96.0
EPA Ozone,138,Target Risk (L),Input neff,0.00027386570367010947,0.003244307448617173,1.0,0.006488614897234346,6.655802327659146
EPA Ozone,138,Target Risk (L),GP neff [Ours],0.00027386570367010947,0.0027939311267194972,1.0,0.0055878622534389945,8.974557208912975
EPA Ozone,138,Target Risk (L),Block-Bootstrap,0.00027386570367010947,0.0008275700498770847,1.0,0.0016551400997541694,19.0
EPA Ozone,139,Target Mean (Y),Unweighted,0.00874668602768558,0.008049968297039021,0.0,0.04396864581994031,96.0
EPA Ozone,139,Target Mean (Y),Nominal n,0.007766715212381037,0.026499346657296467,1.0,0.05299869331459295,96.0
EPA Ozone,139,Target Mean (Y),Input neff,0.007766715212381037,0.0761378865333923,1.0,0.15227577306678458,11.628934689268792
EPA Ozone,139,Target Mean (Y),GP neff [Ours],0.007766715212381037,0.06244303158314044,1.0,0.12488606316628087,17.2891485826666
EPA Ozone,139,Target Mean (Y),Block-Bootstrap,0.007766715212381037,0.018599444776581237,1.0,0.03719888955316247,19.0
EPA Ozone,139,Target Risk (L),Unweighted,0.017774737680325236,0.0026812880034656717,0.0,0.6091005630813139,96.0
EPA Ozone,139,Target Risk (L),Nominal n,0.008068587878619894,0.008539022721075278,1.0,0.01707804544215056,96.0
EPA Ozone,139,Target Risk (L),Input neff,0.008068587878619894,0.024534308390741947,1.0,0.049068616781483894,11.628934689268792
EPA Ozone,139,Target Risk (L),GP neff [Ours],0.008068587878619894,0.01964442081758864,1.0,0.03928884163517728,18.138823442541927
EPA Ozone,139,Target Risk (L),Block-Bootstrap,0.008068587878619894,0.010719794773956024,1.0,0.021439589547912048,19.0
EPA Ozone,140,Target Mean (Y),Unweighted,0.024430397305647694,0.012084469242963773,0.0,0.5180060609932844,96.0
EPA Ozone,140,Target Mean (Y),Nominal n,0.004034193284653709,0.054325678266234065,1.0,0.1086513565324681,96.0
EPA Ozone,140,Target Mean (Y),Input neff,0.004034193284653709,0.1960842123158144,1.0,0.3921684246316288,7.368791896788224
EPA Ozone,140,Target Mean (Y),GP neff [Ours],0.004034193284653709,0.14255452923366843,1.0,0.28510905846733686,13.941821147802681
EPA Ozone,140,Target Mean (Y),Block-Bootstrap,0.004034193284653709,0.060666306182698596,1.0,0.12133261236539719,19.0
EPA Ozone,140,Target Risk (L),Unweighted,0.000717784972389204,0.0007119500537708246,0.0,0.0016572968522768257,96.0
EPA Ozone,140,Target Risk (L),Nominal n,0.001150673768973805,0.003743381381352306,1.0,0.007486762762704612,96.0
EPA Ozone,140,Target Risk (L),Input neff,0.001150673768973805,0.01351143718745576,1.0,0.02702287437491152,7.368791896788224
EPA Ozone,140,Target Risk (L),GP neff [Ours],0.001150673768973805,0.007706362971124741,1.0,0.015412725942249482,22.65168240910526
EPA Ozone,140,Target Risk (L),Block-Bootstrap,0.001150673768973805,0.0025101360082572305,1.0,0.005020272016514461,19.0
EPA Ozone,141,Target Mean (Y),Unweighted,0.020152936027685614,0.011360486819367662,0.0,0.3744189419714535,96.0
EPA Ozone,141,Target Mean (Y),Nominal n,0.035172410078540245,0.03187234319881189,0.0,0.19574736158675832,96.0
EPA Ozone,141,Target Mean (Y),Input neff,0.035172410078540245,0.07328214674044067,1.0,0.14656429348088137,18.15945678989761
EPA Ozone,141,Target Mean (Y),GP neff [Ours],0.035172410078540245,0.03290208005836647,0.0,0.1566173609236836,90.08500561192821
EPA Ozone,141,Target Mean (Y),Block-Bootstrap,0.035172410078540245,0.0457537041331577,1.0,0.0915074082663154,19.0
EPA Ozone,141,Target Risk (L),Unweighted,0.0006041910259283681,0.0003180915307414303,0.0,0.012080162868960374,96.0
EPA Ozone,141,Target Risk (L),Nominal n,0.0008804797733579505,0.000461426382662647,0.0,0.017684988393137435,96.0
EPA Ozone,141,Target Risk (L),Input neff,0.0008804797733579505,0.0010609297117965058,1.0,0.0021218594235930116,18.15945678989761
EPA Ozone,141,Target Risk (L),GP neff [Ours],0.0008804797733579505,0.0005793209240407421,0.0,0.013204995820769824,60.902854461518544
EPA Ozone,141,Target Risk (L),Block-Bootstrap,0.0008804797733579505,0.0002969095479753486,0.0,0.031543407254110624,19.0
EPA Ozone,142,Target Mean (Y),Unweighted,0.03984043602768561,0.009386940911528903,0.0,1.2369136864693266,96.0
EPA Ozone,142,Target Mean (Y),Nominal n,0.06012231955218769,0.013492241275039304,0.0,1.8921876136360138,96.0
EPA Ozone,142,Target Mean (Y),Input neff,0.06012231955218769,0.0482766831479065,0.0,0.5703788224670604,7.49833056265854
EPA Ozone,142,Target Mean (Y),GP neff [Ours],0.06012231955218769,0.02704081004676769,0.0,1.3773420003103352,23.90011749508494
EPA Ozone,142,Target Mean (Y),Block-Bootstrap,0.06012231955218769,0.016242914399233616,0.0,1.894351049980619,19.0
EPA Ozone,142,Target Risk (L),Unweighted,0.0002764642125837346,0.0003260192375669918,1.0,0.0006520384751339836,96.0
EPA Ozone,142,Target Risk (L),Nominal n,0.0005793063760892028,0.00046852661663808774,0.0,0.005368243611320781,96.0
EPA Ozone,142,Target Risk (L),Input neff,0.0005793063760892028,0.001676438373485263,1.0,0.003352876746970526,7.49833056265854
EPA Ozone,142,Target Risk (L),GP neff [Ours],0.0005793063760892028,0.0009390092412447146,1.0,0.0018780184824894292,23.90011749508494
EPA Ozone,142,Target Risk (L),Block-Bootstrap,0.0005793063760892028,0.0005378099769960477,1.0,0.0010756199539920955,19.0
EPA Ozone,143,Target Mean (Y),Unweighted,0.022034563972314403,0.008634756154240938,0.0,0.5532618250314201,96.0
EPA Ozone,143,Target Mean (Y),Nominal n,0.01632383360844586,0.03204075134536265,1.0,0.06408150269072527,96.0
EPA Ozone,143,Target Mean (Y),Input neff,0.01632383360844586,0.06658181010718353,1.0,0.13316362021436706,22.23132873448988
EPA Ozone,143,Target Mean (Y),GP neff [Ours],0.01632383360844586,0.0493398553373602,1.0,0.09867971067472042,40.4837628926491
EPA Ozone,143,Target Mean (Y),Block-Bootstrap,0.01632383360844586,0.02066162577578072,1.0,0.04132325155156144,19.0
EPA Ozone,143,Target Risk (L),Unweighted,0.00016836390871964547,0.000438478883249319,1.0,0.0008769577664986378,96.0
EPA Ozone,143,Target Risk (L),Nominal n,8.703117259587596e-05,0.0011029212828210582,1.0,0.0022058425656421164,96.0
EPA Ozone,143,Target Risk (L),Input neff,8.703117259587596e-05,0.0022919092821645504,1.0,0.004583818564329101,22.23132873448988
EPA Ozone,143,Target Risk (L),GP neff [Ours],8.703117259587596e-05,0.0011483348164253652,1.0,0.0022966696328507305,88.55706260361112
EPA Ozone,143,Target Risk (L),Block-Bootstrap,8.703117259587596e-05,0.0004999287919105358,0.0,0.010477679365991944,19.0
EPA Ozone,144,Target Mean (Y),Unweighted,0.010367897305647689,0.009331855574487038,0.0,0.06010538039539998,96.0
EPA Ozone,144,Target Mean (Y),Nominal n,0.028014795750446575,0.051414080310650395,1.0,0.10282816062130079,96.0
EPA Ozone,144,Target Mean (Y),Input neff,0.028014795750446575,0.14153944129419765,1.0,0.2830788825883953,12.667194012569999
EPA Ozone,144,Target Mean (Y),GP neff [Ours],0.028014795750446575,0.11485430644299448,1.0,0.22970861288598893,19.23715343698633
EPA Ozone,144,Target Mean (Y),Block-Bootstrap,0.028014795750446575,0.0724785639884933,1.0,0.1449571279769866,19.0
EPA Ozone,144,Target Risk (L),Unweighted,8.45176208503222e-05,0.0005079371355987925,1.0,0.0010158742711975847,96.0
EPA Ozone,144,Target Risk (L),Nominal n,0.000431579621511478,0.0007324713404218594,1.0,0.0014649426808437185,96.0
EPA Ozone,144,Target Risk (L),Input neff,0.000431579621511478,0.0020164434267989054,1.0,0.004032886853597811,12.667194012569999
EPA Ozone,144,Target Risk (L),GP neff [Ours],0.000431579621511478,0.0012478890141492335,1.0,0.0024957780282984666,33.07505564216164
EPA Ozone,144,Target Risk (L),Block-Bootstrap,0.000431579621511478,0.0010017437377409857,1.0,0.0020034874754819715,19.0
EPA Ozone,145,Target Mean (Y),Unweighted,0.06703456397231441,0.009602524146470691,0.0,2.3164866413266916,96.0
EPA Ozone,145,Target Mean (Y),Nominal n,0.0798929459913931,0.0358241089159041,0.0,1.8344017008513682,96.0
EPA Ozone,145,Target Mean (Y),Input neff,0.0798929459913931,0.12029347553250846,1.0,0.24058695106501693,8.514083023029858
EPA Ozone,145,Target Mean (Y),GP neff [Ours],0.0798929459913931,0.039945859682310556,0.0,1.6777751717279223,77.21087639690316
EPA Ozone,145,Target Mean (Y),Block-Bootstrap,0.0798929459913931,0.04256438033908648,0.0,1.1796469777237077,19.0
EPA Ozone,145,Target Risk (L),Unweighted,0.0005464943601480319,0.0007416579596997389,1.0,0.0014833159193994778,96.0
EPA Ozone,145,Target Risk (L),Nominal n,0.0003151152481873341,0.0006707097154365606,1.0,0.001341419430873121,96.0
EPA Ozone,145,Target Risk (L),Input neff,0.0003151152481873341,0.0022521705405899118,1.0,0.0045043410811798235,8.514083023029858
EPA Ozone,145,Target Risk (L),GP neff [Ours],0.0003151152481873341,0.0007478783699347498,1.0,0.0014957567398694999,77.21087639690316
EPA Ozone,145,Target Risk (L),Block-Bootstrap,0.0003151152481873341,0.0009920932350783954,1.0,0.001984186470156791,19.0
EPA Ozone,146,Target Mean (Y),Unweighted,0.0751008526943523,0.0061702509735037025,0.0,2.769564570780951,96.0
EPA Ozone,146,Target Mean (Y),Nominal n,0.08116482649785983,0.01676018976540329,0.0,2.609705848829068,96.0
EPA Ozone,146,Target Mean (Y),Input neff,0.08116482649785983,0.07001612144775538,0.0,0.585980444899689,5.500890469202699
EPA Ozone,146,Target Mean (Y),GP neff [Ours],0.08116482649785983,0.04653265790492248,0.0,1.4783520595273392,12.454129482397835
EPA Ozone,146,Target Mean (Y),Block-Bootstrap,0.08116482649785983,0.01768944670372185,0.0,2.592387110353269,19.0
EPA Ozone,146,Target Risk (L),Unweighted,0.004880155416113956,0.0017326756720839635,0.0,0.12936454110536763,96.0
EPA Ozone,146,Target Risk (L),Nominal n,0.004949142839175101,0.005692357596863368,1.0,0.011384715193726736,96.0
EPA Ozone,146,Target Risk (L),Input neff,0.004949142839175101,0.023779969463636218,1.0,0.047559938927272435,5.500890469202699
EPA Ozone,146,Target Risk (L),GP neff [Ours],0.004949142839175101,0.02275651152603219,1.0,0.04551302305206438,6.006814328332754
EPA Ozone,146,Target Risk (L),Block-Bootstrap,0.004949142839175101,0.006198857334735825,1.0,0.01239771466947165,19.0
EPA Ozone,147,Target Mean (Y),Unweighted,0.011455019361018975,0.008180597219633969,0.0,0.14733808009466848,96.0
EPA Ozone,147,Target Mean (Y),Nominal n,0.026757697503624084,0.020492875444524102,0.0,0.29157863325304734,96.0
EPA Ozone,147,Target Mean (Y),Input neff,0.026757697503624084,0.032440041990635826,1.0,0.06488008398127165,38.31018229237031
EPA Ozone,147,Target Mean (Y),GP neff [Ours],0.026757697503624084,0.02407060619596931,0.0,0.15562486469812925,69.58297267852615
EPA Ozone,147,Target Mean (Y),Block-Bootstrap,0.026757697503624084,0.04701644683425854,0.0,0.870084588034979,19.0
EPA Ozone,147,Target Risk (L),Unweighted,0.010275311739367587,0.001460846600370526,0.0,0.35550029876062345,96.0
EPA Ozone,147,Target Risk (L),Nominal n,0.006586831064525194,0.003602949399721258,0.0,0.12656116539159995,96.0
EPA Ozone,147,Target Risk (L),Input neff,0.006586831064525194,0.00570343728158096,0.0,0.046742625880931254,38.31018229237031
EPA Ozone,147,Target Risk (L),GP neff [Ours],0.006586831064525194,0.0039255210055725845,0.0,0.11430344436924955,80.87102498833737
EPA Ozone,147,Target Risk (L),Block-Bootstrap,0.006586831064525194,0.005637094425005467,0.0,0.08609249517969872,19.0
EPA Ozone,148,Target Mean (Y),Unweighted,0.07786126936101895,0.006067338045888396,0.0,2.8838919286969986,96.0
EPA Ozone,148,Target Mean (Y),Nominal n,0.09028017745023188,0.02032979414695856,0.0,2.83867492042485,96.0
EPA Ozone,148,Target Mean (Y),Input neff,0.09028017745023188,0.040531171827837706,0.0,2.0710225685514425,24.15232116163773
EPA Ozone,148,Target Mean (Y),GP neff [Ours],0.09028017745023188,0.028063096946676153,0.0,2.5448094140355817,50.380909363432174
EPA Ozone,148,Target Mean (Y),Block-Bootstrap,0.09028017745023188,0.029853922484372304,0.0,2.608892932038018,19.0
EPA Ozone,148,Target Risk (L),Unweighted,0.009791522914479647,0.001704357197416053,0.0,0.3268953430773759,96.0
EPA Ozone,148,Target Risk (L),Nominal n,0.014037698690156959,0.006450603471768962,0.0,0.3163850156790578,96.0
EPA Ozone,148,Target Risk (L),Input neff,0.014037698690156959,0.012860460652850658,0.0,0.07281044279795335,24.15232116163773
EPA Ozone,148,Target Risk (L),GP neff [Ours],0.014037698690156959,0.010281927460633918,0.0,0.17079470410218947,37.78529818685417
EPA Ozone,148,Target Risk (L),Block-Bootstrap,0.014037698690156959,0.00964308842266168,0.0,0.23176286464677098,19.0
EPA Ozone,149,Target Mean (Y),Unweighted,0.023069602694352292,0.00919257888371159,0.0,0.5734661101930516,96.0
EPA Ozone,149,Target Mean (Y),Nominal n,0.019727152492135996,0.021510639293120692,1.0,0.043021278586241385,96.0
EPA Ozone,149,Target Mean (Y),Input neff,0.019727152492135996,0.08313511088343845,1.0,0.1662702217668769,6.427008995883109
EPA Ozone,149,Target Mean (Y),GP neff [Ours],0.019727152492135996,0.05449577956966872,1.0,0.10899155913933745,14.957262973039272
EPA Ozone,149,Target Mean (Y),Block-Bootstrap,0.019727152492135996,0.03423027543462183,1.0,0.06846055086924366,19.0
EPA Ozone,149,Target Risk (L),Unweighted,0.0001112517754259198,0.00031700322900391056,1.0,0.0006340064580078212,96.0
EPA Ozone,149,Target Risk (L),Nominal n,0.0008904700888942012,0.0004129083584191603,0.0,0.01992828593583996,96.0
EPA Ozone,149,Target Risk (L),Input neff,0.0008904700888942012,0.0015958234292392042,1.0,0.0031916468584784084,6.427008995883109
EPA Ozone,149,Target Risk (L),GP neff [Ours],0.0008904700888942012,0.000500140233441719,0.0,0.016613474684982723,65.43272341065664
EPA Ozone,149,Target Risk (L),Block-Bootstrap,0.0008904700888942012,0.0008352308488321267,1.0,0.0016704616976642534,19.0
EPA Ozone,150,Target Mean (Y),Unweighted,0.12495123063898109,0.012213405776279898,0.0,4.533939806060608,96.0
EPA Ozone,150,Target Mean (Y),Nominal n,0.04961827981815001,0.05489550780515255,1.0,0.10979101561030513,96.0
EPA Ozone,150,Target Mean (Y),Input neff,0.04961827981815001,0.13435505629235026,1.0,0.26871011258470057,16.026430932224972
EPA Ozone,150,Target Mean (Y),GP neff [Ours],0.04961827981815001,0.1314806120461653,1.0,0.2629612240923306,16.734834146613206
EPA Ozone,150,Target Mean (Y),Block-Bootstrap,0.04961827981815001,0.07561112437308878,1.0,0.15122224874617757,19.0
EPA Ozone,150,Target Risk (L),Unweighted,0.0011187027040028355,0.0007576403403751295,0.0,0.0159577752258585,96.0
EPA Ozone,150,Target Risk (L),Nominal n,0.0008189276384246043,0.001804271529173471,1.0,0.0036085430583469424,96.0
EPA Ozone,150,Target Risk (L),Input neff,0.0008189276384246043,0.0044158987239759796,1.0,0.008831797447951959,16.026430932224972
EPA Ozone,150,Target Risk (L),GP neff [Ours],0.0008189276384246043,0.003363478710140808,1.0,0.0067269574202816155,27.62470565182015
EPA Ozone,150,Target Risk (L),Block-Bootstrap,0.0008189276384246043,0.0017958447670809786,1.0,0.003591689534161957,19.0
EPA Ozone,151,Target Mean (Y),Unweighted,0.013701230638981043,0.01136967544352762,0.0,0.11600155870519191,96.0
EPA Ozone,151,Target Mean (Y),Nominal n,0.013543351433687206,0.04295494969472745,1.0,0.08590989938945492,96.0
EPA Ozone,151,Target Mean (Y),Input neff,0.013543351433687206,0.16390525039090006,1.0,0.3278105007818002,6.593438070531427
EPA Ozone,151,Target Mean (Y),GP neff [Ours],0.013543351433687206,0.13752726141249802,1.0,0.2750545228249961,9.365265042365584
EPA Ozone,151,Target Mean (Y),Block-Bootstrap,0.013543351433687206,0.054470844007532854,1.0,0.10894168801506571,19.0
EPA Ozone,151,Target Risk (L),Unweighted,0.0006160435087757433,0.00048695074412804693,0.0,0.006137612074163951,96.0
EPA Ozone,151,Target Risk (L),Nominal n,0.0006794764320120636,0.0005572935707020002,0.0,0.0060019015938065365,96.0
EPA Ozone,151,Target Risk (L),Input neff,0.0006794764320120636,0.00212649165919899,1.0,0.00425298331839798,6.593438070531427
EPA Ozone,151,Target Risk (L),GP neff [Ours],0.0006794764320120636,0.0006365161207607014,0.0,0.0029914446915758923,73.590284851019
EPA Ozone,151,Target Risk (L),Block-Bootstrap,0.0006794764320120636,0.0009749979438858093,1.0,0.0019499958877716185,19.0
EPA Ozone,152,Target Mean (Y),Unweighted,0.002972063972314365,0.008693855565214766,1.0,0.01738771113042953,96.0
EPA Ozone,152,Target Mean (Y),Nominal n,0.0030859973431792698,0.02409376616740418,1.0,0.04818753233480838,96.0
EPA Ozone,152,Target Mean (Y),Input neff,0.0030859973431792698,0.03977769666127022,1.0,0.07955539332254041,35.22097322399188
EPA Ozone,152,Target Mean (Y),GP neff [Ours],0.0030859973431792698,0.034927370677832366,1.0,0.06985474135566472,45.6823912184689
EPA Ozone,152,Target Mean (Y),Block-Bootstrap,0.0030859973431792698,0.0300325880081755,1.0,0.060065176016351,19.0
EPA Ozone,152,Target Risk (L),Unweighted,0.0023056140738926464,0.00059789321520956,0.0,0.06950462077774258,96.0
EPA Ozone,152,Target Risk (L),Nominal n,0.0033854652494058873,0.0024172574960781754,0.0,0.04356282512526481,96.0
EPA Ozone,152,Target Risk (L),Input neff,0.0033854652494058873,0.003990780634422444,1.0,0.007981561268844885,35.22097322399188
EPA Ozone,152,Target Risk (L),GP neff [Ours],0.0033854652494058873,0.0024416445208217644,0.0,0.04263611818500843,94.09189037269797
EPA Ozone,152,Target Risk (L),Block-Bootstrap,0.0033854652494058873,0.0016051661929584156,0.0,0.028900480797750497,19.0
EPA Ozone,153,Target Mean (Y),Unweighted,0.01004876936101895,0.009873327526499913,0.0,0.026764328433761253,96.0
EPA Ozone,153,Target Mean (Y),Nominal n,0.004368566651487188,0.021095578470253902,1.0,0.04219115694050779,96.0
EPA Ozone,153,Target Mean (Y),Input neff,0.004368566651487188,0.02211306315418065,1.0,0.04422612630836131,87.36878540516948
EPA Ozone,153,Target Mean (Y),GP neff [Ours],0.004368566651487188,0.023632291063611477,1.0,0.047264582127222954,76.49665709208581
EPA Ozone,153,Target Mean (Y),Block-Bootstrap,0.004368566651487188,0.02873115651276255,1.0,0.0574623130255251,19.0
EPA Ozone,153,Target Risk (L),Unweighted,0.00024739240750926194,0.000345224269801403,1.0,0.0006904485396028061,96.0
EPA Ozone,153,Target Risk (L),Nominal n,0.0010223117610702367,0.00039483685405360575,0.0,0.02588866998877245,96.0
EPA Ozone,153,Target Risk (L),Input neff,0.0010223117610702367,0.00041388067654066587,0.0,0.025165004734264165,87.36878540516948
EPA Ozone,153,Target Risk (L),GP neff [Ours],0.0010223117610702367,0.00043270706373391024,0.0,0.024449602020920874,79.93162257995417
EPA Ozone,153,Target Risk (L),Block-Bootstrap,0.0010223117610702367,0.0004416657099442212,0.0,0.020112817417918084,19.0
EPA Ozone,154,Target Mean (Y),Unweighted,0.04161789730564766,0.00512170561193881,0.0,1.4700910789722317,96.0
EPA Ozone,154,Target Mean (Y),Nominal n,0.04347546531809962,0.01869798239871439,0.0,1.0284952815728379,96.0
EPA Ozone,154,Target Mean (Y),Input neff,0.04347546531809962,0.06423392774273406,1.0,0.12846785548546813,8.134516953211845
EPA Ozone,154,Target Mean (Y),GP neff [Ours],0.04347546531809962,0.03928769970590252,0.0,0.24608602389968937,21.74440473134539
EPA Ozone,154,Target Mean (Y),Block-Bootstrap,0.04347546531809962,0.0260068265481216,0.0,0.5086029706120396,19.0
EPA Ozone,154,Target Risk (L),Unweighted,0.0005651212597700264,0.00026414334228899684,0.0,0.012567403383819176,96.0
EPA Ozone,154,Target Risk (L),Nominal n,0.00026966722006111095,0.0008542379242314381,1.0,0.0017084758484628764,96.0
EPA Ozone,154,Target Risk (L),Input neff,0.00026966722006111095,0.00293459775125032,1.0,0.00586919550250064,8.134516953211845
EPA Ozone,154,Target Risk (L),GP neff [Ours],0.00026966722006111095,0.0022732499450669507,1.0,0.004546499890133901,13.556093352629588
EPA Ozone,154,Target Risk (L),Block-Bootstrap,0.00026966722006111095,0.0014145748841262887,1.0,0.0028291497682525774,19.0
EPA Ozone,155,Target Mean (Y),Unweighted,0.0007258526943522969,0.008473285634536606,1.0,0.01694657126907323,96.0
EPA Ozone,155,Target Mean (Y),Nominal n,0.012990623472976193,0.022559022634106304,1.0,0.045118045268212614,96.0
EPA Ozone,155,Target Mean (Y),Input neff,0.012990623472976193,0.08772414916365232,1.0,0.17544829832730463,6.348534201834258
EPA Ozone,155,Target Mean (Y),GP neff [Ours],0.012990623472976193,0.07375831156926811,1.0,0.14751662313853625,8.980279627146308
EPA Ozone,155,Target Mean (Y),Block-Bootstrap,0.012990623472976193,0.03201217858524677,1.0,0.06402435717049354,19.0
EPA Ozone,155,Target Risk (L),Unweighted,0.00036795094803150847,0.0003394961913582323,0.0,0.0018171826496475104,96.0
EPA Ozone,155,Target Risk (L),Nominal n,0.0009078950029547117,0.0003036341419561919,0.0,0.024777702723853174,96.0
EPA Ozone,155,Target Risk (L),Input neff,0.0009078950029547117,0.0011807269841501167,1.0,0.0023614539683002333,6.348534201834258
EPA Ozone,155,Target Risk (L),GP neff [Ours],0.0009078950029547117,0.0007792464197460623,0.0,0.006704436167838102,14.575478117412542
EPA Ozone,155,Target Risk (L),Block-Bootstrap,0.0009078950029547117,0.0005620502438490179,1.0,0.0011241004876980359,19.0
EPA Ozone,156,Target Mean (Y),Unweighted,0.03426751936101896,0.006716137718060372,0.0,1.1154875411544642,96.0
EPA Ozone,156,Target Mean (Y),Nominal n,0.05906768630861972,0.020996874773111483,0.0,1.5648262109665523,96.0
EPA Ozone,156,Target Mean (Y),Input neff,0.05906768630861972,0.07916621585324729,1.0,0.15833243170649458,6.753062620225161
EPA Ozone,156,Target Mean (Y),GP neff [Ours],0.05906768630861972,0.023155207765309528,0.0,1.482809557263027,78.93746673593975
EPA Ozone,156,Target Mean (Y),Block-Bootstrap,0.05906768630861972,0.02927091904823005,0.0,0.6461603800051855,19.0
EPA Ozone,156,Target Risk (L),Unweighted,0.00048114107698310656,0.00043579952317098235,0.0,0.002685261198826931,96.0
EPA Ozone,156,Target Risk (L),Nominal n,0.0016479205554912216,0.0024496637805731226,1.0,0.004899327561146245,96.0
EPA Ozone,156,Target Risk (L),Input neff,0.0016479205554912216,0.009236165558746887,1.0,0.018472331117493773,6.753062620225161
EPA Ozone,156,Target Risk (L),GP neff [Ours],0.0016479205554912216,0.0027014722146632432,1.0,0.0054029444293264865,78.93746673593975
EPA Ozone,156,Target Risk (L),Block-Bootstrap,0.0016479205554912216,0.002044215060684495,1.0,0.00408843012136899,19.0
EPA Ozone,157,Target Mean (Y),Unweighted,0.032972063972314364,0.009933097343448813,0.0,0.9414248598415191,96.0
EPA Ozone,157,Target Mean (Y),Nominal n,0.048244989855252746,0.03378946649853728,0.0,0.6457998672656929,96.0
EPA Ozone,157,Target Mean (Y),Input neff,0.048244989855252746,0.09338748352484459,1.0,0.1867749670496892,12.567721753489156
EPA Ozone,157,Target Mean (Y),GP neff [Ours],0.048244989855252746,0.057972920352595485,1.0,0.11594584070519098,32.61245899432368
EPA Ozone,157,Target Mean (Y),Block-Bootstrap,0.048244989855252746,0.045948577812970445,0.0,0.4812940508883137,19.0
EPA Ozone,157,Target Risk (L),Unweighted,0.0024086497487164843,0.0007385257274207986,0.0,0.06828201230666903,96.0
EPA Ozone,157,Target Risk (L),Nominal n,0.002096753153872098,0.002343217500178995,1.0,0.004686435000357989,96.0
EPA Ozone,157,Target Risk (L),Input neff,0.002096753153872098,0.006476195346338667,1.0,0.012952390692677333,12.567721753489156
EPA Ozone,157,Target Risk (L),GP neff [Ours],0.002096753153872098,0.002531710476893145,1.0,0.00506342095378629,82.23720845243642
EPA Ozone,157,Target Risk (L),Block-Bootstrap,0.002096753153872098,0.0029103983272968895,1.0,0.005820796654593779,19.0
EPA Ozone,158,Target Mean (Y),Unweighted,0.035309186027685624,0.010264229425619557,0.0,1.022326722933882,96.0
EPA Ozone,158,Target Mean (Y),Nominal n,0.008745446380491267,0.02145630406063597,1.0,0.042912608121271956,96.0
EPA Ozone,158,Target Mean (Y),Input neff,0.008745446380491267,0.08131051101792841,1.0,0.16262102203585682,6.684788666993406
EPA Ozone,158,Target Mean (Y),GP neff [Ours],0.008745446380491267,0.06822139029728645,1.0,0.13644278059457293,9.495983068248849
EPA Ozone,158,Target Mean (Y),Block-Bootstrap,0.008745446380491267,0.053749030302277095,1.0,0.10749806060455419,19.0
EPA Ozone,158,Target Risk (L),Unweighted,0.00047305027802789653,0.0002536113986677606,0.0,0.009284777971740956,96.0
EPA Ozone,158,Target Risk (L),Nominal n,0.0010922313451781369,0.00031394442269521236,0.0,0.031759365744707405,96.0
EPA Ozone,158,Target Risk (L),Input neff,0.0010922313451781369,0.0011897194115275608,1.0,0.0023794388230551217,6.684788666993406
EPA Ozone,158,Target Risk (L),GP neff [Ours],0.0010922313451781369,0.0007806200502216304,0.0,0.014025691898703514,15.527351104218711
EPA Ozone,158,Target Risk (L),Block-Bootstrap,0.0010922313451781369,0.0004055564300966701,0.0,0.02222451492402235,19.0
EPA Ozone,159,Target Mean (Y),Unweighted,0.010628313972314368,0.010620282363387058,0.0,0.02156182908386678,96.0
EPA Ozone,159,Target Mean (Y),Nominal n,0.017687290993381705,0.019558012344640774,1.0,0.03911602468928155,96.0
EPA Ozone,159,Target Mean (Y),Input neff,0.017687290993381705,0.02182590504006096,1.0,0.04365181008012192,77.0861120884758
EPA Ozone,159,Target Mean (Y),GP neff [Ours],0.017687290993381705,0.023234488028713605,1.0,0.046468976057427225,68.02279149025632
EPA Ozone,159,Target Mean (Y),Block-Bootstrap,0.017687290993381705,0.023691761534750888,1.0,0.047383523069501776,19.0
EPA Ozone,159,Target Risk (L),Unweighted,0.0007733891691682332,0.0005348542755107053,0.0,0.010611104297322524,96.0
EPA Ozone,159,Target Risk (L),Nominal n,0.0003125523386488082,0.0011688541132171915,1.0,0.0023377082264343834,96.0
EPA Ozone,159,Target Risk (L),Input neff,0.0003125523386488082,0.0013043911840946154,1.0,0.0026087823681892304,77.0861120884758
EPA Ozone,159,Target Risk (L),GP neff [Ours],0.0003125523386488082,0.0012691016501432213,1.0,0.0025382033002864426,81.43273746127028
EPA Ozone,159,Target Risk (L),Block-Bootstrap,0.0003125523386488082,0.0017512217486704755,1.0,0.003502443497340951,19.0
EPA Ozone,160,Target Mean (Y),Unweighted,0.01932623063898109,0.009585831270084165,0.0,0.4087876372960453,96.0
EPA Ozone,160,Target Mean (Y),Nominal n,0.000779696617908554,0.028200074402041565,1.0,0.05640014880408312,96.0
EPA Ozone,160,Target Mean (Y),Input neff,0.000779696617908554,0.0685525688666613,1.0,0.1371051377333226,16.245170502843365
EPA Ozone,160,Target Mean (Y),GP neff [Ours],0.000779696617908554,0.03895677052398054,1.0,0.07791354104796105,50.30438537013433
EPA Ozone,160,Target Mean (Y),Block-Bootstrap,0.000779696617908554,0.05277738854994843,1.0,0.10555477709989686,19.0
EPA Ozone,160,Target Risk (L),Unweighted,0.00012438714130676718,0.0005125735932023134,1.0,0.001025147186404627,96.0
EPA Ozone,160,Target Risk (L),Nominal n,0.00012025919106758726,0.0014524839399065552,1.0,0.0029049678798131104,96.0
EPA Ozone,160,Target Risk (L),Input neff,0.00012025919106758726,0.0035308951280977876,1.0,0.007061790256195575,16.245170502843365
EPA Ozone,160,Target Risk (L),GP neff [Ours],0.00012025919106758726,0.0032275884104318235,1.0,0.006455176820863647,19.44185127464354
EPA Ozone,160,Target Risk (L),Block-Bootstrap,0.00012025919106758726,0.0035495446400998797,1.0,0.0070990892801997595,19.0
EPA Ozone,161,Target Mean (Y),Unweighted,0.003961647305647686,0.010481213761893924,1.0,0.020962427523787852,96.0
EPA Ozone,161,Target Mean (Y),Nominal n,0.043497230909326196,0.023346339797179545,0.0,0.8527283240802254,96.0
EPA Ozone,161,Target Mean (Y),Input neff,0.043497230909326196,0.035964031861696215,0.0,0.3732560256285914,40.45498923965541
EPA Ozone,161,Target Mean (Y),GP neff [Ours],0.043497230909326196,0.025727310746761826,0.0,0.7622514279960986,79.05330898094296
EPA Ozone,161,Target Mean (Y),Block-Bootstrap,0.043497230909326196,0.0191624548351728,0.0,0.5093122450097868,19.0
EPA Ozone,161,Target Risk (L),Unweighted,0.00012365097968165904,0.0003486441148882591,1.0,0.0006972882297765184,96.0
EPA Ozone,161,Target Risk (L),Nominal n,0.000971616984170146,0.0010748094762804482,1.0,0.0021496189525608963,96.0
EPA Ozone,161,Target Risk (L),Input neff,0.000971616984170146,0.0016556977490267178,1.0,0.0033113954980534353,40.45498923965541
EPA Ozone,161,Target Risk (L),GP neff [Ours],0.000971616984170146,0.001087809381250395,1.0,0.0021756187625007906,93.71920739302247
EPA Ozone,161,Target Risk (L),Block-Bootstrap,0.000971616984170146,0.0013332707030699377,1.0,0.0026665414061398753,19.0
EPA Ozone,162,Target Mean (Y),Unweighted,0.048076230638981005,0.006461131846280082,0.0,1.677526215400598,96.0
EPA Ozone,162,Target Mean (Y),Nominal n,0.022537122473556243,0.04338707657625141,1.0,0.08677415315250281,96.0
EPA Ozone,162,Target Mean (Y),Input neff,0.022537122473556243,0.10393537054412594,1.0,0.20787074108825188,16.728818614714605
EPA Ozone,162,Target Mean (Y),GP neff [Ours],0.022537122473556243,0.09794739112638219,1.0,0.19589478225276435,18.83676258252767
EPA Ozone,162,Target Mean (Y),Block-Bootstrap,0.022537122473556243,0.055379107865853205,1.0,0.11075821573170641,19.0
EPA Ozone,162,Target Risk (L),Unweighted,0.0008041222158627885,0.00019801964339117992,0.0,0.024640142185646703,96.0
EPA Ozone,162,Target Risk (L),Nominal n,0.0008043944576743157,0.0018748654727885053,1.0,0.0037497309455770105,96.0
EPA Ozone,162,Target Risk (L),Input neff,0.0008043944576743157,0.004491310616242889,1.0,0.008982621232485779,16.728818614714605
EPA Ozone,162,Target Risk (L),GP neff [Ours],0.0008043944576743157,0.004232554858814396,1.0,0.008465109717628792,18.83676258252767
EPA Ozone,162,Target Risk (L),Block-Bootstrap,0.0008043944576743157,0.0013274589949699791,1.0,0.0026549179899399583,19.0
EPA Ozone,163,Target Mean (Y),Unweighted,0.010777936027685675,0.013696456979793792,1.0,0.027392913959587595,96.0
EPA Ozone,163,Target Mean (Y),Nominal n,0.044940722960385066,0.018156780670577573,0.0,1.1076712529334547,96.0
EPA Ozone,163,Target Mean (Y),Input neff,0.044940722960385066,0.04183968967341439,0.0,0.20772071082565569,18.078900665095148
EPA Ozone,163,Target Mean (Y),GP neff [Ours],0.044940722960385066,0.018587146678290988,0.0,1.0913173446403455,91.60590627670463
EPA Ozone,163,Target Mean (Y),Block-Bootstrap,0.044940722960385066,0.02032407265464356,0.0,0.6535947508500244,19.0
EPA Ozone,163,Target Risk (L),Unweighted,0.001116263799698713,0.0008501230425382981,0.0,0.01234587637149319,96.0
EPA Ozone,163,Target Risk (L),Nominal n,0.00036532235922235017,0.001251761126943644,1.0,0.002503522253887288,96.0
EPA Ozone,163,Target Risk (L),Input neff,0.00036532235922235017,0.002884503483672887,1.0,0.005769006967345774,18.078900665095148
EPA Ozone,163,Target Risk (L),GP neff [Ours],0.00036532235922235017,0.0012814313338259992,1.0,0.0025628626676519983,91.60590627670463
EPA Ozone,163,Target Risk (L),Block-Bootstrap,0.00036532235922235017,0.0014380122406506706,1.0,0.0028760244813013413,19.0
EPA Ozone,164,Target Mean (Y),Unweighted,0.02828456397231438,0.008488076429602925,0.0,0.8088356545676643,96.0
EPA Ozone,164,Target Mean (Y),Nominal n,0.019559839130140727,0.038992927187890256,1.0,0.07798585437578054,96.0
EPA Ozone,164,Target Mean (Y),Input neff,0.019559839130140727,0.13156617346497754,1.0,0.26313234692995513,8.432462593048607
EPA Ozone,164,Target Mean (Y),GP neff [Ours],0.019559839130140727,0.10819045133569742,1.0,0.21638090267139487,12.469959573032721
EPA Ozone,164,Target Mean (Y),Block-Bootstrap,0.019559839130140727,0.0683700173338715,1.0,0.136740034667743,19.0
EPA Ozone,164,Target Risk (L),Unweighted,0.000565196381019068,0.00026352043636705924,0.0,0.012594078658814466,96.0
EPA Ozone,164,Target Risk (L),Nominal n,0.0011293990790303653,0.0003023638659889444,0.0,0.03368613625363472,96.0
EPA Ozone,164,Target Risk (L),Input neff,0.0011293990790303653,0.00102020698909204,0.0,0.006408097575717095,8.432462593048607
EPA Ozone,164,Target Risk (L),GP neff [Ours],0.0011293990790303653,0.0003337475412516899,0.0,0.0324935565936504,78.79431100916278
EPA Ozone,164,Target Risk (L),Block-Bootstrap,0.0011293990790303653,0.0006634860817098978,0.0,0.002325764961359798,19.0
EPA Ozone,165,Target Mean (Y),Unweighted,0.0002050193610189932,0.008103642228104046,1.0,0.016207284456208115,96.0
EPA Ozone,165,Target Mean (Y),Nominal n,0.007371780707574882,0.026185729999627542,1.0,0.05237145999925508,96.0
EPA Ozone,165,Target Mean (Y),Input neff,0.007371780707574882,0.07006663827671306,1.0,0.14013327655342614,13.408433491919867
EPA Ozone,165,Target Mean (Y),GP neff [Ours],0.007371780707574882,0.04145374069324369,1.0,0.08290748138648735,38.30655982733734
EPA Ozone,165,Target Mean (Y),Block-Bootstrap,0.007371780707574882,0.030171799006448313,1.0,0.060343598012896627,19.0
EPA Ozone,165,Target Risk (L),Unweighted,0.00029469458553452394,0.0004197781930872308,1.0,0.0008395563861744617,96.0
EPA Ozone,165,Target Risk (L),Nominal n,0.00017574927490653287,0.0006307798763915551,1.0,0.00126155975278311,96.0
EPA Ozone,165,Target Risk (L),Input neff,0.00017574927490653287,0.001687813378965776,1.0,0.003375626757931552,13.408433491919867
EPA Ozone,165,Target Risk (L),GP neff [Ours],0.00017574927490653287,0.0006700750876850555,1.0,0.0013401501753701108,85.07068869842367
EPA Ozone,165,Target Risk (L),Block-Bootstrap,0.00017574927490653287,0.0010471368521077211,1.0,0.0020942737042154423,19.0
EPA Ozone,166,Target Mean (Y),Unweighted,0.019169980638981066,0.010504296939977295,0.0,0.36763594184010573,96.0
EPA Ozone,166,Target Mean (Y),Nominal n,0.0033010586827285637,0.0230894919705953,1.0,0.04617898394119058,96.0
EPA Ozone,166,Target Mean (Y),Input neff,0.0033010586827285637,0.08379060152977111,1.0,0.16758120305954222,7.289695227401962
EPA Ozone,166,Target Mean (Y),GP neff [Ours],0.0033010586827285637,0.06803436890889211,1.0,0.13606873781778422,11.05715166583728
EPA Ozone,166,Target Mean (Y),Block-Bootstrap,0.0033010586827285637,0.0443672328033321,1.0,0.0887344656066642,19.0
EPA Ozone,166,Target Risk (L),Unweighted,0.00019657220346591675,0.00031234071135132,1.0,0.00062468142270264,96.0
EPA Ozone,166,Target Risk (L),Nominal n,0.0006416475015885809,0.0009312904164137715,1.0,0.001862580832827543,96.0
EPA Ozone,166,Target Risk (L),Input neff,0.0006416475015885809,0.003379605938909234,1.0,0.006759211877818468,7.289695227401962
EPA Ozone,166,Target Risk (L),GP neff [Ours],0.0006416475015885809,0.0010672997200358,1.0,0.0021345994400716,73.09180882540804
EPA Ozone,166,Target Risk (L),Block-Bootstrap,0.0006416475015885809,0.0012136729670979571,1.0,0.0024273459341959142,19.0
EPA Ozone,167,Target Mean (Y),Unweighted,0.006513730638981002,0.0058095429620579515,0.0,0.03978659300103754,96.0
EPA Ozone,167,Target Mean (Y),Nominal n,0.007511531956838707,0.02655559592328975,1.0,0.05311119184657953,96.0
EPA Ozone,167,Target Mean (Y),Input neff,0.007511531956838707,0.1156757485541175,1.0,0.231351497108235,5.059396305626198
EPA Ozone,167,Target Mean (Y),GP neff [Ours],0.007511531956838707,0.10621231965781712,1.0,0.21242463931563427,6.001137101102145
EPA Ozone,167,Target Mean (Y),Block-Bootstrap,0.007511531956838707,0.03791512620486008,1.0,0.07583025240972016,19.0
EPA Ozone,167,Target Risk (L),Unweighted,0.0009713549117446396,0.00018903054600546865,0.0,0.031671035721577784,96.0
EPA Ozone,167,Target Risk (L),Nominal n,0.00052616769890828,0.0008200331693268402,1.0,0.0016400663386536803,96.0
EPA Ozone,167,Target Risk (L),Input neff,0.00052616769890828,0.0035720512910009834,1.0,0.007144102582001967,5.059396305626198
EPA Ozone,167,Target Risk (L),GP neff [Ours],0.00052616769890828,0.002534733305727065,1.0,0.00506946661145413,10.047766387927808
EPA Ozone,167,Target Risk (L),Block-Bootstrap,0.00052616769890828,0.001121272117612104,1.0,0.002242544235224208,19.0
EPA Ozone,168,Target Mean (Y),Unweighted,0.07010748063898106,0.009068794053499911,0.0,2.459685051526246,96.0
EPA Ozone,168,Target Mean (Y),Nominal n,0.08570101566994567,0.04096263836414673,0.0,1.871460368960252,96.0
EPA Ozone,168,Target Mean (Y),Input neff,0.08570101566994567,0.13947606816987407,1.0,0.27895213633974814,8.280330729227414
EPA Ozone,168,Target Mean (Y),GP neff [Ours],0.08570101566994567,0.11586094123982017,1.0,0.23172188247964032,11.99977135675322
EPA Ozone,168,Target Mean (Y),Block-Bootstrap,0.08570101566994567,0.05505456639683026,0.0,1.5361523887973945,19.0
EPA Ozone,168,Target Risk (L),Unweighted,0.0014145652933839489,0.0005882023938531706,0.0,0.03423092076893748,96.0
EPA Ozone,168,Target Risk (L),Nominal n,0.00030568168773806217,0.0010281930824483628,1.0,0.0020563861648967255,96.0
EPA Ozone,168,Target Risk (L),Input neff,0.00030568168773806217,0.0035009543863971774,1.0,0.007001908772794355,8.280330729227414
EPA Ozone,168,Target Risk (L),GP neff [Ours],0.00030568168773806217,0.002131345911315126,1.0,0.004262691822630252,22.341519542046658
EPA Ozone,168,Target Risk (L),Block-Bootstrap,0.00030568168773806217,0.0012114952331671227,1.0,0.0024229904663342454,19.0
EPA Ozone,169,Target Mean (Y),Unweighted,0.026409563972314337,0.007186939880921066,0.0,0.7832788434175731,96.0
EPA Ozone,169,Target Mean (Y),Nominal n,0.04291005212054813,0.01655396577479462,0.0,1.0873513853797296,96.0
EPA Ozone,169,Target Mean (Y),Input neff,0.04291005212054813,0.04864554094440196,1.0,0.09729108188880395,11.117042466318821
EPA Ozone,169,Target Mean (Y),GP neff [Ours],0.04291005212054813,0.04148950802581771,0.0,0.13980077984085196,15.282653578539756
EPA Ozone,169,Target Mean (Y),Block-Bootstrap,0.04291005212054813,0.017524883110876188,0.0,0.9785318017037841,19.0
EPA Ozone,169,Target Risk (L),Unweighted,0.00017957811151461211,0.00047059210450079786,1.0,0.0009411842090015958,96.0
EPA Ozone,169,Target Risk (L),Nominal n,0.0001742002359955135,0.0008351601529585111,1.0,0.001670320305917022,96.0
EPA Ozone,169,Target Risk (L),Input neff,0.0001742002359955135,0.0024542045071601765,1.0,0.004908409014320353,11.117042466318821
EPA Ozone,169,Target Risk (L),GP neff [Ours],0.0001742002359955135,0.0008983360346765738,1.0,0.0017966720693531474,82.97229864502411
EPA Ozone,169,Target Risk (L),Block-Bootstrap,0.0001742002359955135,0.000883648224764989,1.0,0.001767296449529978,19.0
EPA Ozone,170,Target Mean (Y),Unweighted,0.00943039730564768,0.005620207310897952,0.0,0.16364801441178467,96.0
EPA Ozone,170,Target Mean (Y),Nominal n,0.023261757676964784,0.02837681669478189,1.0,0.05675363338956377,96.0
EPA Ozone,170,Target Mean (Y),Input neff,0.023261757676964784,0.06747914275985083,1.0,0.13495828551970168,16.97694216212433
EPA Ozone,170,Target Mean (Y),GP neff [Ours],0.023261757676964784,0.05512764646845798,1.0,0.11025529293691594,25.43663622114435
EPA Ozone,170,Target Mean (Y),Block-Bootstrap,0.023261757676964784,0.039521511238129,1.0,0.079043022476258,19.0
EPA Ozone,170,Target Risk (L),Unweighted,8.010679939524654e-05,0.0004456120593305318,1.0,0.0008912241186610635,96.0
EPA Ozone,170,Target Risk (L),Nominal n,0.00015528721671439973,0.0011199257298439038,1.0,0.002239851459687808,96.0
EPA Ozone,170,Target Risk (L),Input neff,0.00015528721671439973,0.002663146786949627,1.0,0.005326293573899254,16.97694216212433
EPA Ozone,170,Target Risk (L),GP neff [Ours],0.00015528721671439973,0.0021233354502032133,1.0,0.004246670900406427,26.706222125431143
EPA Ozone,170,Target Risk (L),Block-Bootstrap,0.00015528721671439973,0.0011743676385508205,1.0,0.002348735277101641,19.0
EPA Ozone,171,Target Mean (Y),Unweighted,0.005263730638981029,0.008357318331328235,1.0,0.01671463666265649,96.0
EPA Ozone,171,Target Mean (Y),Nominal n,0.03459132679222024,0.0446543869128517,1.0,0.08930877382570343,96.0
EPA Ozone,171,Target Mean (Y),Input neff,0.03459132679222024,0.16500540806212113,1.0,0.3300108161242423,7.0307740027084895
EPA Ozone,171,Target Mean (Y),GP neff [Ours],0.03459132679222024,0.11103807860080592,1.0,0.22207615720161186,15.525858323547734
EPA Ozone,171,Target Mean (Y),Block-Bootstrap,0.03459132679222024,0.03706241248334835,1.0,0.0741248249666967,19.0
EPA Ozone,171,Target Risk (L),Unweighted,0.00016702865021702828,0.0003363022578894883,1.0,0.0006726045157789766,96.0
EPA Ozone,171,Target Risk (L),Nominal n,0.0015359045394693226,0.002580020511910602,1.0,0.005160041023821204,96.0
EPA Ozone,171,Target Risk (L),Input neff,0.0015359045394693226,0.009533606142825097,1.0,0.019067212285650195,7.0307740027084895
EPA Ozone,171,Target Risk (L),GP neff [Ours],0.0015359045394693226,0.0064155067441038095,1.0,0.012831013488207619,15.525858323547734
EPA Ozone,171,Target Risk (L),Block-Bootstrap,0.0015359045394693226,0.0025329230272501655,1.0,0.005065846054500331,19.0
EPA Ozone,172,Target Mean (Y),Unweighted,0.05411789730564773,0.007773355579918931,0.0,1.86932838018899,96.0
EPA Ozone,172,Target Mean (Y),Nominal n,0.033176390035815156,0.019517891844968525,0.0,0.5853757113238025,96.0
EPA Ozone,172,Target Mean (Y),Input neff,0.033176390035815156,0.07167210211903399,1.0,0.143344204238068,7.1192912866093625
EPA Ozone,172,Target Mean (Y),GP neff [Ours],0.033176390035815156,0.02216506255991431,0.0,0.48478322415586306,74.43875903553935
EPA Ozone,172,Target Mean (Y),Block-Bootstrap,0.033176390035815156,0.021043570310176826,0.0,1.055972867828857,19.0
EPA Ozone,172,Target Risk (L),Unweighted,3.157701418312481e-07,0.0004184599786943603,1.0,0.0008369199573887206,96.0
EPA Ozone,172,Target Risk (L),Nominal n,0.00028713641086199515,0.0017064902561521665,1.0,0.003412980512304333,96.0
EPA Ozone,172,Target Risk (L),Input neff,0.00028713641086199515,0.006266442343034297,1.0,0.012532884686068594,7.1192912866093625
EPA Ozone,172,Target Risk (L),GP neff [Ours],0.00028713641086199515,0.005695177714675801,1.0,0.011390355429351602,8.619147198391278
EPA Ozone,172,Target Risk (L),Block-Bootstrap,0.00028713641086199515,0.001020216405388435,1.0,0.00204043281077687,19.0
EPA Ozone,173,Target Mean (Y),Unweighted,0.0030696026943523025,0.007867948942916949,1.0,0.015735897885833905,96.0
EPA Ozone,173,Target Mean (Y),Nominal n,0.01321653708128942,0.03153986262833752,1.0,0.06307972525667505,96.0
EPA Ozone,173,Target Mean (Y),Input neff,0.01321653708128942,0.09410197005881452,1.0,0.18820394011762906,10.78433565781468
EPA Ozone,173,Target Mean (Y),GP neff [Ours],0.01321653708128942,0.05162043872742908,1.0,0.10324087745485819,35.83830368290588
EPA Ozone,173,Target Mean (Y),Block-Bootstrap,0.01321653708128942,0.028719218446807346,1.0,0.05743843689361469,19.0
EPA Ozone,173,Target Risk (L),Unweighted,0.00037746201290101886,0.0004099193525997237,1.0,0.0008198387051994473,96.0
EPA Ozone,173,Target Risk (L),Nominal n,0.00026546139382289035,0.0008960268314075514,1.0,0.0017920536628151028,96.0
EPA Ozone,173,Target Risk (L),Input neff,0.00026546139382289035,0.002673375310939085,1.0,0.00534675062187817,10.78433565781468
EPA Ozone,173,Target Risk (L),GP neff [Ours],0.00026546139382289035,0.0009711002131382384,1.0,0.001942200426276477,81.7306896704469
EPA Ozone,173,Target Risk (L),Block-Bootstrap,0.00026546139382289035,0.001045257465026828,1.0,0.002090514930053656,19.0
EPA Ozone,174,Target Mean (Y),Unweighted,0.014638730638981051,0.008477576133744582,0.0,0.2634013324769478,96.0
EPA Ozone,174,Target Mean (Y),Nominal n,0.039736497695041034,0.04793194380084359,1.0,0.09586388760168718,96.0
EPA Ozone,174,Target Mean (Y),Input neff,0.039736497695041034,0.18138057395010707,1.0,0.3627611479002141,6.7040890179220325
EPA Ozone,174,Target Mean (Y),GP neff [Ours],0.039736497695041034,0.16899624462580864,1.0,0.3379924892516173,7.722665211438649
EPA Ozone,174,Target Mean (Y),Block-Bootstrap,0.039736497695041034,0.06892601023411908,1.0,0.13785202046823816,19.0
EPA Ozone,174,Target Risk (L),Unweighted,0.0006414518038988347,0.00018065253513144646,0.0,0.01879327582095842,96.0
EPA Ozone,174,Target Risk (L),Nominal n,0.000579321922954185,0.0008468527236452248,1.0,0.0016937054472904497,96.0
EPA Ozone,174,Target Risk (L),Input neff,0.000579321922954185,0.003204598455347411,1.0,0.006409196910694822,6.7040890179220325
EPA Ozone,174,Target Risk (L),GP neff [Ours],0.000579321922954185,0.00227828671174071,1.0,0.00455657342348142,13.263869982174398
EPA Ozone,174,Target Risk (L),Block-Bootstrap,0.000579321922954185,0.0013667064787058318,1.0,0.0027334129574116636,19.0
EPA Ozone,175,Target Mean (Y),Unweighted,0.014065813972314378,0.011781114086656112,0.0,0.11495022359964302,96.0
EPA Ozone,175,Target Mean (Y),Nominal n,0.0008649772951662971,0.04030342395298717,1.0,0.08060684790597436,96.0
EPA Ozone,175,Target Mean (Y),Input neff,0.0008649772951662971,0.1499005181271422,1.0,0.29980103625428434,6.93983030301421
EPA Ozone,175,Target Mean (Y),GP neff [Ours],0.0008649772951662971,0.10382717590863899,1.0,0.20765435181727798,14.465486226449235
EPA Ozone,175,Target Mean (Y),Block-Bootstrap,0.0008649772951662971,0.05360953720904672,1.0,0.10721907441809345,19.0
EPA Ozone,175,Target Risk (L),Unweighted,0.0007366355567405916,0.0006066147291598101,0.0,0.0064140625615508795,96.0
EPA Ozone,175,Target Risk (L),Nominal n,0.0004703238594839442,0.0012753837070815738,1.0,0.002550767414163148,96.0
EPA Ozone,175,Target Risk (L),Input neff,0.0004703238594839442,0.004743534413489292,1.0,0.009487068826978584,6.93983030301421
EPA Ozone,175,Target Risk (L),GP neff [Ours],0.0004703238594839442,0.0022265344783448343,1.0,0.004453068956689669,31.498807544608002
EPA Ozone,175,Target Risk (L),Block-Bootstrap,0.0004703238594839442,0.0014925888956472642,1.0,0.0029851777912945285,19.0
EPA Ozone,176,Target Mean (Y),Unweighted,0.07401373063898106,0.007669706011653259,0.0,2.6691003971164196,96.0
EPA Ozone,176,Target Mean (Y),Nominal n,0.06286336636286957,0.013518292906640073,0.0,2.0008395240624597,96.0
EPA Ozone,176,Target Mean (Y),Input neff,0.06286336636286957,0.03603095496152594,0.0,1.145358365976797,13.513361410459938
EPA Ozone,176,Target Mean (Y),GP neff [Ours],0.06286336636286957,0.023899527287352774,0.0,1.606352617595377,30.713995439167643
EPA Ozone,176,Target Mean (Y),Block-Bootstrap,0.06286336636286957,0.015300411685856302,0.0,1.8733178189492183,19.0
EPA Ozone,176,Target Risk (L),Unweighted,0.0004451263365847053,0.0003624929574883635,0.0,0.004030321078830395,96.0
EPA Ozone,176,Target Risk (L),Nominal n,0.0008472509424476875,0.0005748653196397868,0.0,0.012045155551595603,96.0
EPA Ozone,176,Target Risk (L),Input neff,0.0008472509424476875,0.0015322161299456934,1.0,0.003064432259891387,13.513361410459938
EPA Ozone,176,Target Risk (L),GP neff [Ours],0.0008472509424476875,0.0006092543960080197,0.0,0.010738370649602756,85.46850529187694
EPA Ozone,176,Target Risk (L),Block-Bootstrap,0.0008472509424476875,0.0004994714633154828,0.0,0.010876596858603229,19.0
EPA Ozone,177,Target Mean (Y),Unweighted,0.017705019361018953,0.00709629318801259,0.0,0.43854163329628004,96.0
EPA Ozone,177,Target Mean (Y),Nominal n,0.008785277819014864,0.02985370873619814,1.0,0.059707417472396274,96.0
EPA Ozone,177,Target Mean (Y),Input neff,0.008785277819014864,0.0948697622691895,1.0,0.18973952453837897,9.506314786602044
EPA Ozone,177,Target Mean (Y),GP neff [Ours],0.008785277819014864,0.032217756566784266,1.0,0.06443551313356854,82.4284672659318
EPA Ozone,177,Target Mean (Y),Block-Bootstrap,0.008785277819014864,0.03573457756547757,1.0,0.07146915513095514,19.0
EPA Ozone,177,Target Risk (L),Unweighted,1.1992458031551438e-05,0.0004231574372747399,1.0,0.0008463148745494796,96.0
EPA Ozone,177,Target Risk (L),Nominal n,0.0003711166625415855,0.0019160781473041427,1.0,0.0038321562946082854,96.0
EPA Ozone,177,Target Risk (L),Input neff,0.0003711166625415855,0.006088954639780625,1.0,0.01217790927956125,9.506314786602044
EPA Ozone,177,Target Risk (L),GP neff [Ours],0.0003711166625415855,0.0020678080522012017,1.0,0.004135616104402403,82.4284672659318
EPA Ozone,177,Target Risk (L),Block-Bootstrap,0.0003711166625415855,0.002328171746319999,1.0,0.004656343492639998,19.0
EPA Ozone,178,Target Mean (Y),Unweighted,0.03931960269435231,0.007339956435880845,0.0,1.2938657632106203,96.0
EPA Ozone,178,Target Mean (Y),Nominal n,0.04729799044617197,0.014212430565897806,0.0,1.3518472563427626,96.0
EPA Ozone,178,Target Mean (Y),Input neff,0.04729799044617197,0.050046942328753265,1.0,0.10009388465750652,7.74199429776422
EPA Ozone,178,Target Mean (Y),GP neff [Ours],0.04729799044617197,0.016257916779970776,0.0,1.2741187802079899,73.36318078262072
EPA Ozone,178,Target Mean (Y),Block-Bootstrap,0.04729799044617197,0.017863546087962964,0.0,1.146094910526321,19.0
EPA Ozone,178,Target Risk (L),Unweighted,0.00036250345017174073,0.00031069205886693693,0.0,0.0026938397699260257,96.0
EPA Ozone,178,Target Risk (L),Nominal n,0.0009881896487358725,0.00038263929887071615,0.0,0.024987292592347693,96.0
EPA Ozone,178,Target Risk (L),Input neff,0.0009881896487358725,0.0013474068938811104,1.0,0.002694813787762221,7.74199429776422
EPA Ozone,178,Target Risk (L),GP neff [Ours],0.0009881896487358725,0.0004377096407924292,0.0,0.022894619599322593,73.36318078262072
EPA Ozone,178,Target Risk (L),Block-Bootstrap,0.0009881896487358725,0.00029898288963542484,0.0,0.0323738571354245,19.0
EPA Ozone,179,Target Mean (Y),Unweighted,0.012607480638981039,0.005909149845839484,0.0,0.27975153141734116,96.0
EPA Ozone,179,Target Mean (Y),Nominal n,0.02450913545912073,0.026046560826308567,1.0,0.05209312165261715,96.0
EPA Ozone,179,Target Mean (Y),Input neff,0.02450913545912073,0.11963454747829451,1.0,0.239269094956589,4.5504965084770275
EPA Ozone,179,Target Mean (Y),GP neff [Ours],0.02450913545912073,0.08190801700561934,1.0,0.16381603401123868,9.707763427813251
EPA Ozone,179,Target Mean (Y),Block-Bootstrap,0.02450913545912073,0.03414568228639464,1.0,0.06829136457278928,19.0
EPA Ozone,179,Target Risk (L),Unweighted,0.00047778271415627844,0.0003282231170786651,0.0,0.0066388301172618635,96.0
EPA Ozone,179,Target Risk (L),Nominal n,0.0009088700367060976,0.0005013773254612494,0.0,0.017302463100716425,96.0
EPA Ozone,179,Target Risk (L),Input neff,0.0009088700367060976,0.002302877905740582,1.0,0.004605755811481164,4.5504965084770275
EPA Ozone,179,Target Risk (L),GP neff [Ours],0.0009088700367060976,0.0007313730002040707,0.0,0.008562627460489216,45.11518726817771
EPA Ozone,179,Target Risk (L),Block-Bootstrap,0.0009088700367060976,0.0006165405354922414,0.0,0.007792444299782807,19.0
EPA Ozone,180,Target Mean (Y),Unweighted,0.010628313972314368,0.010620282363387058,0.0,0.02156182908386678,96.0
EPA Ozone,180,Target Mean (Y),Nominal n,0.017687290993381705,0.019558012344640774,1.0,0.03911602468928155,96.0
EPA Ozone,180,Target Mean (Y),Input neff,0.017687290993381705,0.02182590504006096,1.0,0.04365181008012192,77.0861120884758
EPA Ozone,180,Target Mean (Y),GP neff [Ours],0.017687290993381705,0.023234488028713605,1.0,0.046468976057427225,68.02279149025632
EPA Ozone,180,Target Mean (Y),Block-Bootstrap,0.017687290993381705,0.023691761534750888,1.0,0.047383523069501776,19.0
EPA Ozone,180,Target Risk (L),Unweighted,0.0007733891691682332,0.0005348542755107053,0.0,0.010611104297322524,96.0
EPA Ozone,180,Target Risk (L),Nominal n,0.0003125523386488082,0.0011688541132171915,1.0,0.0023377082264343834,96.0
EPA Ozone,180,Target Risk (L),Input neff,0.0003125523386488082,0.0013043911840946154,1.0,0.0026087823681892304,77.0861120884758
EPA Ozone,180,Target Risk (L),GP neff [Ours],0.0003125523386488082,0.0012691016501432213,1.0,0.0025382033002864426,81.43273746127028
EPA Ozone,180,Target Risk (L),Block-Bootstrap,0.0003125523386488082,0.0017512217486704755,1.0,0.003502443497340951,19.0
EPA Ozone,181,Target Mean (Y),Unweighted,0.011774147305647742,0.006744692466079406,0.0,0.2146675785148927,96.0
EPA Ozone,181,Target Mean (Y),Nominal n,0.03661029699717358,0.02498494697485433,0.0,0.5149838948424792,96.0
EPA Ozone,181,Target Mean (Y),Input neff,0.03661029699717358,0.1028809689921818,1.0,0.2057619379843636,5.661845381888634
EPA Ozone,181,Target Mean (Y),GP neff [Ours],0.03661029699717358,0.08607629741930782,1.0,0.17215259483861567,8.088368742795765
EPA Ozone,181,Target Mean (Y),Block-Bootstrap,0.03661029699717358,0.031641475212127124,1.0,0.06328295042425425,19.0
EPA Ozone,181,Target Risk (L),Unweighted,0.004761860586555074,0.0011421620590993243,0.0,0.14707226521642866,96.0
EPA Ozone,181,Target Risk (L),Nominal n,0.003911201860667602,0.00286541044543378,0.0,0.04756247750022043,96.0
EPA Ozone,181,Target Risk (L),Input neff,0.003911201860667602,0.011798952524623688,1.0,0.023597905049247376,5.661845381888634
EPA Ozone,181,Target Risk (L),GP neff [Ours],0.003911201860667602,0.008057810383443446,1.0,0.01611562076688689,12.139780261423313
EPA Ozone,181,Target Risk (L),Block-Bootstrap,0.003911201860667602,0.004644502999913971,0.0,0.021072825680248028,19.0
EPA Ozone,182,Target Mean (Y),Unweighted,0.03875331397231438,0.01885057163554575,0.0,0.8338108367418361,96.0
EPA Ozone,182,Target Mean (Y),Nominal n,0.04269082916820108,0.09000471292101843,1.0,0.18000942584203683,96.0
EPA Ozone,182,Target Mean (Y),Input neff,0.04269082916820108,0.37081062778085766,1.0,0.7416212555617153,5.655843570138165
EPA Ozone,182,Target Mean (Y),GP neff [Ours],0.04269082916820108,0.3563589593621606,1.0,0.7127179187243212,6.123875756609395
EPA Ozone,182,Target Mean (Y),Block-Bootstrap,0.04269082916820108,0.14448798703088964,1.0,0.2889759740617793,19.0
EPA Ozone,182,Target Risk (L),Unweighted,3.9400965256477594e-05,0.0003407751910529035,1.0,0.000681550382105807,96.0
EPA Ozone,182,Target Risk (L),Nominal n,0.00028646632237402134,0.001360151891385722,1.0,0.0027203037827714435,96.0
EPA Ozone,182,Target Risk (L),Input neff,0.00028646632237402134,0.00560369296621888,1.0,0.01120738593243776,5.655843570138165
EPA Ozone,182,Target Risk (L),GP neff [Ours],0.00028646632237402134,0.00361262200902307,1.0,0.00722524401804614,13.608210096867504
EPA Ozone,182,Target Risk (L),Block-Bootstrap,0.00028646632237402134,0.0015662967252909536,1.0,0.003132593450581907,19.0
EPA Ozone,183,Target Mean (Y),Unweighted,0.03047206397231439,0.009348157104771104,0.0,0.8636525889112736,96.0
EPA Ozone,183,Target Mean (Y),Nominal n,0.02221144327005703,0.017898676421341464,0.0,0.20830802679130553,96.0
EPA Ozone,183,Target Mean (Y),Input neff,0.02221144327005703,0.041235683512068834,1.0,0.08247136702413765,18.087005522037128
EPA Ozone,183,Target Mean (Y),GP neff [Ours],0.02221144327005703,0.0342544471286912,1.0,0.06850889425738241,26.210731520008164
EPA Ozone,183,Target Mean (Y),Block-Bootstrap,0.02221144327005703,0.023294884785590678,1.0,0.046589769571181355,19.0
EPA Ozone,183,Target Risk (L),Unweighted,7.831203982541736e-05,0.0003607924052310163,1.0,0.0007215848104620325,96.0
EPA Ozone,183,Target Risk (L),Nominal n,0.0005569257667884336,0.000708297748141681,1.0,0.001416595496283362,96.0
EPA Ozone,183,Target Risk (L),Input neff,0.0005569257667884336,0.0016318045584564175,1.0,0.003263609116912835,18.087005522037128
EPA Ozone,183,Target Risk (L),GP neff [Ours],0.0005569257667884336,0.0012270172686950672,1.0,0.0024540345373901345,31.989069343569092
EPA Ozone,183,Target Risk (L),Block-Bootstrap,0.0005569257667884336,0.0009978853752980604,1.0,0.001995770750596121,19.0
EPA Ozone,184,Target Mean (Y),Unweighted,0.04077793602768562,0.004735969539973057,0.0,1.451150598588449,96.0
EPA Ozone,184,Target Mean (Y),Nominal n,0.05629333998472749,0.02081835109137161,0.0,1.4606362579169783,96.0
EPA Ozone,184,Target Mean (Y),Input neff,0.05629333998472749,0.03949662525693896,0.0,0.7508618396254196,26.671283213240738
EPA Ozone,184,Target Mean (Y),GP neff [Ours],0.05629333998472749,0.02449189122624681,0.0,1.3210417327917208,69.36162288159055
EPA Ozone,184,Target Mean (Y),Block-Bootstrap,0.05629333998472749,0.023558335156605825,0.0,1.489320763324625,19.0
EPA Ozone,184,Target Risk (L),Unweighted,0.0008333290007771537,0.0001970572219561756,0.0,0.025844985596751475,96.0
EPA Ozone,184,Target Risk (L),Nominal n,0.00038005747883977626,0.0015022907885563752,1.0,0.003004581577112751,96.0
EPA Ozone,184,Target Risk (L),Input neff,0.00038005747883977626,0.002850149660851607,1.0,0.005700299321703215,26.671283213240738
EPA Ozone,184,Target Risk (L),GP neff [Ours],0.00038005747883977626,0.001793893638512193,1.0,0.0035877872770243863,67.32647273065064
EPA Ozone,184,Target Risk (L),Block-Bootstrap,0.00038005747883977626,0.001280420681211726,1.0,0.002560841362423452,19.0
EPA Ozone,185,Target Mean (Y),Unweighted,0.01781581397231438,0.007951498810496883,0.0,0.4104756040936933,96.0
EPA Ozone,185,Target Mean (Y),Nominal n,0.02190104388471606,0.027954695160844124,1.0,0.05590939032168826,96.0
EPA Ozone,185,Target Mean (Y),Input neff,0.02190104388471606,0.08314945586072164,1.0,0.1662989117214433,10.85080431801588
EPA Ozone,185,Target Mean (Y),GP neff [Ours],0.02190104388471606,0.04149297727714706,1.0,0.08298595455429414,43.57441428033162
EPA Ozone,185,Target Mean (Y),Block-Bootstrap,0.02190104388471606,0.027957378673037103,1.0,0.055914757346074206,19.0
EPA Ozone,185,Target Risk (L),Unweighted,0.00010082699464442199,0.00041933608231352766,1.0,0.0008386721646270554,96.0
EPA Ozone,185,Target Risk (L),Nominal n,5.595118266331573e-05,0.000998328150885188,1.0,0.001996656301770376,96.0
EPA Ozone,185,Target Risk (L),Input neff,5.595118266331573e-05,0.0029694633419868493,1.0,0.005938926683973699,10.85080431801588
EPA Ozone,185,Target Risk (L),GP neff [Ours],5.595118266331573e-05,0.001065194447230617,1.0,0.002130388894461234,84.32572435332263
EPA Ozone,185,Target Risk (L),Block-Bootstrap,5.595118266331573e-05,0.0013140542275057177,1.0,0.0026281084550114353,19.0
EPA Ozone,186,Target Mean (Y),Unweighted,0.006565813972314399,0.007225733132232714,1.0,0.014451466264465418,96.0
EPA Ozone,186,Target Mean (Y),Nominal n,0.013185420675891152,0.019565180755641485,1.0,0.03913036151128296,96.0
EPA Ozone,186,Target Mean (Y),Input neff,0.013185420675891152,0.04563721592716692,1.0,0.09127443185433382,17.644147382455625
EPA Ozone,186,Target Mean (Y),GP neff [Ours],0.013185420675891152,0.020208780624891412,1.0,0.040417561249782796,89.98264257353158
EPA Ozone,186,Target Mean (Y),Block-Bootstrap,0.013185420675891152,0.024934540061816113,1.0,0.049869080123632226,19.0
EPA Ozone,186,Target Risk (L),Unweighted,0.00018738741875245503,0.00036303563256922443,1.0,0.000726071265138449,96.0
EPA Ozone,186,Target Risk (L),Nominal n,0.000356602861659194,0.0006403985493842828,1.0,0.0012807970987685656,96.0
EPA Ozone,186,Target Risk (L),Input neff,0.000356602861659194,0.0014937764819406467,1.0,0.0029875529638812934,17.644147382455625
EPA Ozone,186,Target Risk (L),GP neff [Ours],0.000356602861659194,0.0006614645659879229,1.0,0.0013229291319758456,89.98264257353158
EPA Ozone,186,Target Risk (L),Block-Bootstrap,0.000356602861659194,0.001293726948177809,1.0,0.002587453896355618,19.0
EPA Ozone,187,Target Mean (Y),Unweighted,0.012815813972314405,0.009653844339242051,0.0,0.14578647400137845,96.0
EPA Ozone,187,Target Mean (Y),Nominal n,0.01645328895396822,0.022661034520573758,1.0,0.045322069041147495,96.0
EPA Ozone,187,Target Mean (Y),Input neff,0.01645328895396822,0.05756424682238111,1.0,0.11512849364476219,14.877331646420156
EPA Ozone,187,Target Mean (Y),GP neff [Ours],0.01645328895396822,0.03672342615376771,1.0,0.07344685230753545,36.55479165313406
EPA Ozone,187,Target Mean (Y),Block-Bootstrap,0.01645328895396822,0.03253186318260931,1.0,0.06506372636521862,19.0
EPA Ozone,187,Target Risk (L),Unweighted,0.000362598259416034,0.0005478255336193813,1.0,0.0010956510672387627,96.0
EPA Ozone,187,Target Risk (L),Nominal n,0.0007984140753014893,0.00034373197676146187,0.0,0.01887474789512402,96.0
EPA Ozone,187,Target Risk (L),Input neff,0.0007984140753014893,0.0008731583870576432,1.0,0.0017463167741152866,14.877331646420156
EPA Ozone,187,Target Risk (L),GP neff [Ours],0.0007984140753014893,0.00036542641724663326,0.0,0.01805035915668751,84.93979810444316
EPA Ozone,187,Target Risk (L),Block-Bootstrap,0.0007984140753014893,0.0002782149577727391,0.0,0.019573995976168476,19.0
EPA Ozone,188,Target Mean (Y),Unweighted,0.002340436027685633,0.015047071669161612,1.0,0.03009414333832322,96.0
EPA Ozone,188,Target Mean (Y),Nominal n,0.04015591150499678,0.05357614002961567,1.0,0.10715228005923133,96.0
EPA Ozone,188,Target Mean (Y),Input neff,0.04015591150499678,0.20284258222369703,1.0,0.4056851644473941,6.697239252510242
EPA Ozone,188,Target Mean (Y),GP neff [Ours],0.04015591150499678,0.12029413218250969,1.0,0.24058826436501934,19.042553666246963
EPA Ozone,188,Target Mean (Y),Block-Bootstrap,0.04015591150499678,0.07655768491520012,1.0,0.15311536983040025,19.0
EPA Ozone,188,Target Risk (L),Unweighted,0.00026254739476187306,0.0006006571032299137,1.0,0.0012013142064598273,96.0
EPA Ozone,188,Target Risk (L),Nominal n,0.0003999984368120025,0.0013295519889867582,1.0,0.002659103977973516,96.0
EPA Ozone,188,Target Risk (L),Input neff,0.0003999984368120025,0.00503376612233819,1.0,0.01006753224467638,6.697239252510242
EPA Ozone,188,Target Risk (L),GP neff [Ours],0.0003999984368120025,0.001529314181030556,1.0,0.003058628362061112,72.55852569918173
EPA Ozone,188,Target Risk (L),Block-Bootstrap,0.0003999984368120025,0.000868816231761769,1.0,0.001737632463523538,19.0
EPA Ozone,189,Target Mean (Y),Unweighted,0.02942376936101898,0.008498976780410802,0.0,0.8539896567851484,96.0
EPA Ozone,189,Target Mean (Y),Nominal n,0.05465665105145989,0.021662272480701395,0.0,1.3630996877917423,96.0
EPA Ozone,189,Target Mean (Y),Input neff,0.05465665105145989,0.04241036699366361,0.0,0.5746720962991789,25.045816855300615
EPA Ozone,189,Target Mean (Y),GP neff [Ours],0.05465665105145989,0.02791545169722889,0.0,1.1254788775636977,57.80826601113678
EPA Ozone,189,Target Mean (Y),Block-Bootstrap,0.05465665105145989,0.024256034808219057,0.0,0.7699438064739643,19.0
EPA Ozone,189,Target Risk (L),Unweighted,0.0008076569025648255,0.000513214069865766,0.0,0.012804141447693911,96.0
EPA Ozone,189,Target Risk (L),Nominal n,0.00046944960975784755,0.0008744025534782035,1.0,0.0017488051069564073,96.0
EPA Ozone,189,Target Risk (L),Input neff,0.00046944960975784755,0.0017119041054554428,1.0,0.0034238082109108855,25.045816855300615
EPA Ozone,189,Target Risk (L),GP neff [Ours],0.00046944960975784755,0.0011268135541781371,1.0,0.0022536271083562747,57.80826601113678
EPA Ozone,189,Target Risk (L),Block-Bootstrap,0.00046944960975784755,0.0012666879822228459,1.0,0.0025333759644456917,19.0
EPA Ozone,190,Target Mean (Y),Unweighted,0.002815813972314396,0.009677812841934318,1.0,0.019355625683868616,96.0
EPA Ozone,190,Target Mean (Y),Nominal n,0.023412697360891188,0.03726035398218755,1.0,0.0745207079643751,96.0
EPA Ozone,190,Target Mean (Y),Input neff,0.023412697360891188,0.09891497390988432,1.0,0.19782994781976865,13.622007166882863
EPA Ozone,190,Target Mean (Y),GP neff [Ours],0.023412697360891188,0.07589448495866935,1.0,0.15178896991733867,23.139008726129465
EPA Ozone,190,Target Mean (Y),Block-Bootstrap,0.023412697360891188,0.04781705621728374,1.0,0.09563411243456749,19.0
EPA Ozone,190,Target Risk (L),Unweighted,0.00023821014573449976,0.00047533398855578187,1.0,0.0009506679771115638,96.0
EPA Ozone,190,Target Risk (L),Nominal n,0.00048604742825135135,0.0006670721807688647,1.0,0.0013341443615377297,96.0
EPA Ozone,190,Target Risk (L),Input neff,0.00048604742825135135,0.0017708749462848775,1.0,0.003541749892569755,13.622007166882863
EPA Ozone,190,Target Risk (L),GP neff [Ours],0.00048604742825135135,0.0011328396725267097,1.0,0.0022656793450534195,33.2874090115149
EPA Ozone,190,Target Risk (L),Block-Bootstrap,0.00048604742825135135,0.0005580815508506014,0.0,0.005301826392834615,19.0
EPA Ozone,191,Target Mean (Y),Unweighted,0.030315813972314365,0.009819323055239497,0.0,0.8394982827934736,96.0
EPA Ozone,191,Target Mean (Y),Nominal n,0.02580157775428349,0.02450029879470466,0.0,0.10105175597256219,96.0
EPA Ozone,191,Target Mean (Y),Input neff,0.02580157775428349,0.07296134841707602,1.0,0.14592269683415207,10.82500962947392
EPA Ozone,191,Target Mean (Y),GP neff [Ours],0.02580157775428349,0.026047981006640557,1.0,0.052095962013281094,84.93092648337498
EPA Ozone,191,Target Mean (Y),Block-Bootstrap,0.02580157775428349,0.029436998427537275,0.0,0.19054020474647448,19.0
EPA Ozone,191,Target Risk (L),Unweighted,0.0008919199466297563,0.0006456533017758467,0.0,0.011141972397708078,96.0
EPA Ozone,191,Target Risk (L),Nominal n,0.0002052594270512745,0.0011321250660543856,1.0,0.0022642501321087707,96.0
EPA Ozone,191,Target Risk (L),Input neff,0.0002052594270512745,0.0033714434296594027,1.0,0.006742886859318805,10.82500962947392
EPA Ozone,191,Target Risk (L),GP neff [Ours],0.0002052594270512745,0.0012036413296355397,1.0,0.002407282659271079,84.93092648337498
EPA Ozone,191,Target Risk (L),Block-Bootstrap,0.0002052594270512745,0.0013387628919990775,1.0,0.002677525783998155,19.0
EPA Ozone,192,Target Mean (Y),Unweighted,0.02760085269435228,0.008798562316106498,0.0,0.7696887397620448,96.0
EPA Ozone,192,Target Mean (Y),Nominal n,0.036107920863635984,0.026531780217180084,0.0,0.43610918629259615,96.0
EPA Ozone,192,Target Mean (Y),Input neff,0.036107920863635984,0.03842793694122211,1.0,0.07685587388244419,45.76251417396303
EPA Ozone,192,Target Mean (Y),GP neff [Ours],0.036107920863635984,0.030111395524964443,0.0,0.3000838045967904,74.53190952037792
EPA Ozone,192,Target Mean (Y),Block-Bootstrap,0.036107920863635984,0.029650154193769068,0.0,0.10694552056411505,19.0
EPA Ozone,192,Target Risk (L),Unweighted,0.0006295793992597183,0.0005491199919221405,0.0,0.004316616277347389,96.0
EPA Ozone,192,Target Risk (L),Nominal n,0.0011869319838584385,0.0017028582356569107,1.0,0.003405716471313821,96.0
EPA Ozone,192,Target Risk (L),Input neff,0.0011869319838584385,0.002466375356799163,1.0,0.004932750713598326,45.76251417396303
EPA Ozone,192,Target Risk (L),GP neff [Ours],0.0011869319838584385,0.001954829687066402,1.0,0.003909659374132804,72.8467816582519
EPA Ozone,192,Target Risk (L),Block-Bootstrap,0.0011869319838584385,0.002074000438702631,1.0,0.004148000877405262,19.0
EPA Ozone,193,Target Mean (Y),Unweighted,0.011774147305647686,0.011092293008268694,0.0,0.04945875791169707,96.0
EPA Ozone,193,Target Mean (Y),Nominal n,0.008026696659495791,0.028752712589009063,1.0,0.0575054251780181,96.0
EPA Ozone,193,Target Mean (Y),Input neff,0.008026696659495791,0.10665044906713396,1.0,0.21330089813426795,6.977558760057983
EPA Ozone,193,Target Mean (Y),GP neff [Ours],0.008026696659495791,0.07334550663480835,1.0,0.1466910132696167,14.753051340748609
EPA Ozone,193,Target Mean (Y),Block-Bootstrap,0.008026696659495791,0.041707916713769624,1.0,0.08341583342753925,19.0
EPA Ozone,193,Target Risk (L),Unweighted,0.00025686810916461956,0.0005943707885553074,1.0,0.001188741577110615,96.0
EPA Ozone,193,Target Risk (L),Nominal n,0.0007196712313625995,0.0006492100437141057,0.0,0.00411686759336796,96.0
EPA Ozone,193,Target Risk (L),Input neff,0.0007196712313625995,0.002408069933807567,1.0,0.004816139867615134,6.977558760057983
EPA Ozone,193,Target Risk (L),GP neff [Ours],0.0007196712313625995,0.000744993513494375,1.0,0.0014899870269887501,72.90154127299932
EPA Ozone,193,Target Risk (L),Block-Bootstrap,0.0007196712313625995,0.0008617585326335037,1.0,0.0017235170652670074,19.0
EPA Ozone,194,Target Mean (Y),Unweighted,0.021774147305647695,0.010361914879536516,0.0,0.4772131268035198,96.0
EPA Ozone,194,Target Mean (Y),Nominal n,0.04568354332367472,0.020483103750151572,0.0,1.0489837904412287,96.0
EPA Ozone,194,Target Mean (Y),Input neff,0.04568354332367472,0.06589447106465585,1.0,0.1317889421293117,9.276086933312195
EPA Ozone,194,Target Mean (Y),GP neff [Ours],0.04568354332367472,0.04546145880200686,0.0,0.09980629847072808,19.488392931009052
EPA Ozone,194,Target Mean (Y),Block-Bootstrap,0.04568354332367472,0.02569283378164179,0.0,0.9493528684246084,19.0
EPA Ozone,194,Target Risk (L),Unweighted,4.964170417857093e-05,0.00037763623380615433,1.0,0.0007552724676123087,96.0
EPA Ozone,194,Target Risk (L),Nominal n,0.0006546584166567163,0.00048779428386552673,0.0,0.0076501538793786366,96.0
EPA Ozone,194,Target Risk (L),Input neff,0.0006546584166567163,0.0015692419818673043,1.0,0.0031384839637346087,9.276086933312195
EPA Ozone,194,Target Risk (L),GP neff [Ours],0.0006546584166567163,0.0005375487027830098,0.0,0.005759485960514278,79.051298912942
EPA Ozone,194,Target Risk (L),Block-Bootstrap,0.0006546584166567163,0.0006332475794549175,1.0,0.001266495158909835,19.0
EPA Ozone,195,Target Mean (Y),Unweighted,0.028388730638981063,0.010601234461299104,0.0,0.7327023160298769,96.0
EPA Ozone,195,Target Mean (Y),Nominal n,0.02572254634853055,0.043006078800838884,1.0,0.08601215760167774,96.0
EPA Ozone,195,Target Mean (Y),Input neff,0.02572254634853055,0.16412898761828293,1.0,0.32825797523656586,6.591137085092398
EPA Ozone,195,Target Mean (Y),GP neff [Ours],0.02572254634853055,0.09401063451809062,1.0,0.18802126903618127,20.089862200827504
EPA Ozone,195,Target Mean (Y),Block-Bootstrap,0.02572254634853055,0.06164163018637989,1.0,0.12328326037275977,19.0
EPA Ozone,195,Target Risk (L),Unweighted,0.0006664004497965771,0.000570550664239613,0.0,0.004975092750757792,96.0
EPA Ozone,195,Target Risk (L),Nominal n,0.0005947874955268299,0.0008231688038130757,1.0,0.0016463376076261515,96.0
EPA Ozone,195,Target Risk (L),Input neff,0.0005947874955268299,0.003141552686876388,1.0,0.006283105373752776,6.591137085092398
EPA Ozone,195,Target Risk (L),GP neff [Ours],0.0005947874955268299,0.000950478254334215,1.0,0.00190095650866843,72.00533399380653
EPA Ozone,195,Target Risk (L),Block-Bootstrap,0.0005947874955268299,0.0007090702523874536,1.0,0.0014181405047749072,19.0
EPA Ozone,196,Target Mean (Y),Unweighted,0.03275710269435228,0.010161498594320771,0.0,0.9241471611899017,96.0
EPA Ozone,196,Target Mean (Y),Nominal n,0.010433100284380298,0.03788426614015928,1.0,0.07576853228031855,96.0
EPA Ozone,196,Target Mean (Y),Input neff,0.010433100284380298,0.14132632252127533,1.0,0.2826526450425507,6.898312657806007
EPA Ozone,196,Target Mean (Y),GP neff [Ours],0.010433100284380298,0.08584053784453062,1.0,0.1716810756890612,18.698386420826758
EPA Ozone,196,Target Mean (Y),Block-Bootstrap,0.010433100284380298,0.05031387405413991,1.0,0.10062774810827982,19.0
EPA Ozone,196,Target Risk (L),Unweighted,0.00031042744657871547,0.0002814953927016572,0.0,0.0017202729404856409,96.0
EPA Ozone,196,Target Risk (L),Nominal n,0.0009570841159310341,0.0002495684256392738,0.0,0.028799764462948955,96.0
EPA Ozone,196,Target Risk (L),Input neff,0.0009570841159310341,0.0009310088700816694,0.0,0.002905027574137927,6.898312657806007
EPA Ozone,196,Target Risk (L),GP neff [Ours],0.0009570841159310341,0.0002815945216702101,0.0,0.02758277281377338,75.40534108471905
EPA Ozone,196,Target Risk (L),Block-Bootstrap,0.0009570841159310341,0.00026838114842391806,0.0,0.029285107840674705,19.0
EPA Ozone,197,Target Mean (Y),Unweighted,0.013180397305647684,0.009816635984876695,0.0,0.15418372480059284,96.0
EPA Ozone,197,Target Mean (Y),Nominal n,0.050182164692327974,0.04640599318157508,0.0,0.24385884679326641,96.0
EPA Ozone,197,Target Mean (Y),Input neff,0.050182164692327974,0.17801088205575058,1.0,0.3560217641115011,6.524185076420212
EPA Ozone,197,Target Mean (Y),GP neff [Ours],0.050182164692327974,0.1571650724198692,1.0,0.3143301448397384,8.36965010928304
EPA Ozone,197,Target Mean (Y),Block-Bootstrap,0.050182164692327974,0.0632168172886504,1.0,0.1264336345773008,19.0
EPA Ozone,197,Target Risk (L),Unweighted,0.0002896799181245082,0.00036807486035620444,1.0,0.0007361497207124088,96.0
EPA Ozone,197,Target Risk (L),Nominal n,0.00028596985215876484,0.001154646096655452,1.0,0.002309292193310904,96.0
EPA Ozone,197,Target Risk (L),Input neff,0.00028596985215876484,0.004429160029473808,1.0,0.008858320058947615,6.524185076420212
EPA Ozone,197,Target Risk (L),GP neff [Ours],0.00028596985215876484,0.0013580813017630639,1.0,0.0027161626035261278,69.39328977209983
EPA Ozone,197,Target Risk (L),Block-Bootstrap,0.00028596985215876484,0.001325484232765411,1.0,0.002650968465530822,19.0
EPA Ozone,198,Target Mean (Y),Unweighted,0.07755539730564773,0.008228268624660723,0.0,2.7895416844888024,96.0
EPA Ozone,198,Target Mean (Y),Nominal n,0.03442895059901474,0.025149727206611374,0.0,0.42146839010935727,96.0
EPA Ozone,198,Target Mean (Y),Input neff,0.03442895059901474,0.047049099898957385,1.0,0.09409819979791476,27.430590188926182
EPA Ozone,198,Target Mean (Y),GP neff [Ours],0.03442895059901474,0.03283824447341549,0.0,0.12930473397080097,56.3090145540224
EPA Ozone,198,Target Mean (Y),Block-Bootstrap,0.03442895059901474,0.04124019062318213,0.0,0.3311577447201691,19.0
EPA Ozone,198,Target Risk (L),Unweighted,0.00016569589912573067,0.0004163559345235633,1.0,0.0008327118690471267,96.0
EPA Ozone,198,Target Risk (L),Nominal n,0.0008927322124376617,0.0014767761686983367,1.0,0.002953552337396674,96.0
EPA Ozone,198,Target Risk (L),Input neff,0.0008927322124376617,0.0027626935639772023,1.0,0.0055253871279544045,27.430590188926182
EPA Ozone,198,Target Risk (L),GP neff [Ours],0.0008927322124376617,0.0018907430626475018,1.0,0.0037814861252950032,58.56465005653878
EPA Ozone,198,Target Risk (L),Block-Bootstrap,0.0008927322124376617,0.0019456827405681261,1.0,0.0038913654811362523,19.0
EPA Ozone,199,Target Mean (Y),Unweighted,0.0392220639723144,0.013441120937070544,0.0,1.0581199632838956,96.0
EPA Ozone,199,Target Mean (Y),Nominal n,0.014572266279508278,0.062179367665152134,1.0,0.12435873533030428,96.0
EPA Ozone,199,Target Mean (Y),Input neff,0.014572266279508278,0.2382097743622316,1.0,0.4764195487244631,6.541007993795579
EPA Ozone,199,Target Mean (Y),GP neff [Ours],0.014572266279508278,0.1779625901082469,1.0,0.3559251802164938,11.71942757497705
EPA Ozone,199,Target Mean (Y),Block-Bootstrap,0.014572266279508278,0.09099666027035075,1.0,0.1819933205407015,19.0
EPA Ozone,199,Target Risk (L),Unweighted,0.0013570159133676817,0.0010538098178528308,0.0,0.014235863456299697,96.0
EPA Ozone,199,Target Risk (L),Nominal n,0.0013357370421029793,0.0026779484078088877,1.0,0.005355896815617775,96.0
EPA Ozone,199,Target Risk (L),Input neff,0.0013357370421029793,0.01025924691632664,1.0,0.02051849383265328,6.541007993795579
EPA Ozone,199,Target Risk (L),GP neff [Ours],0.0013357370421029793,0.007664514013657578,1.0,0.015329028027315157,11.71942757497705
EPA Ozone,199,Target Risk (L),Block-Bootstrap,0.0013357370421029793,0.003354621933410276,1.0,0.006709243866820552,19.0
EPA Ozone,200,Target Mean (Y),Unweighted,0.06073248063898104,0.008989192666492453,0.0,2.0877099042325287,96.0
EPA Ozone,200,Target Mean (Y),Nominal n,0.04232683492950853,0.04626266056998523,1.0,0.09252532113997047,96.0
EPA Ozone,200,Target Mean (Y),Input neff,0.04232683492950853,0.11115850002740463,1.0,0.22231700005480926,16.628270793281782
EPA Ozone,200,Target Mean (Y),GP neff [Ours],0.04232683492950853,0.10513191488237408,1.0,0.21026382976474814,18.589311051499358
EPA Ozone,200,Target Mean (Y),Block-Bootstrap,0.04232683492950853,0.0603520172673999,1.0,0.1207040345347998,19.0
EPA Ozone,200,Target Risk (L),Unweighted,0.002267651990643776,0.0006936118167267922,0.0,0.06434883059013295,96.0
EPA Ozone,200,Target Risk (L),Nominal n,0.0024800048937654445,0.002986499401318381,1.0,0.005972998802636763,96.0
EPA Ozone,200,Target Risk (L),Input neff,0.0024800048937654445,0.00717586904196935,1.0,0.014351738083938699,16.628270793281782
EPA Ozone,200,Target Risk (L),GP neff [Ours],0.0024800048937654445,0.005445590905494811,1.0,0.010891181810989622,28.87394151706211
EPA Ozone,200,Target Risk (L),Block-Bootstrap,0.0024800048937654445,0.0026379235301392952,1.0,0.0052758470602785905,19.0
EPA Ozone,201,Target Mean (Y),Unweighted,0.06041998063898105,0.0081068903329133,0.0,2.1087373929085373,96.0
EPA Ozone,201,Target Mean (Y),Nominal n,0.04615540052877523,0.024343022999646923,0.0,0.9211811471644266,96.0
EPA Ozone,201,Target Mean (Y),Input neff,0.04615540052877523,0.09361611111840937,1.0,0.18723222223681876,6.491111352579525
EPA Ozone,201,Target Mean (Y),GP neff [Ours],0.04615540052877523,0.06257460963039173,1.0,0.12514921926078348,14.52860625493628
EPA Ozone,201,Target Mean (Y),Block-Bootstrap,0.04615540052877523,0.020324370226076527,0.0,1.6064168845315656,19.0
EPA Ozone,201,Target Risk (L),Unweighted,4.319634809411702e-05,0.0004234891590977583,1.0,0.0008469783181955163,96.0
EPA Ozone,201,Target Risk (L),Nominal n,0.0003492430239100794,0.0019643266801005837,1.0,0.003928653360201167,96.0
EPA Ozone,201,Target Risk (L),Input neff,0.0003492430239100794,0.007554223021512966,1.0,0.015108446043025931,6.491111352579525
EPA Ozone,201,Target Risk (L),GP neff [Ours],0.0003492430239100794,0.004246322056793741,1.0,0.008492644113587482,20.54342281548719
EPA Ozone,201,Target Risk (L),Block-Bootstrap,0.0003492430239100794,0.0005858849938688557,0.0,0.002286212322974798,19.0
EPA Ozone,202,Target Mean (Y),Unweighted,0.019684186027685624,0.009201458694427919,0.0,0.4377120107191637,96.0
EPA Ozone,202,Target Mean (Y),Nominal n,0.002002691411561758,0.03717245425251975,1.0,0.0743449085050395,96.0
EPA Ozone,202,Target Mean (Y),Input neff,0.002002691411561758,0.15327060768549472,1.0,0.30654121537098944,5.646716002451317
EPA Ozone,202,Target Mean (Y),GP neff [Ours],0.002002691411561758,0.10710381634188386,1.0,0.21420763268376775,11.563886287155253
EPA Ozone,202,Target Mean (Y),Block-Bootstrap,0.002002691411561758,0.05241291006609047,1.0,0.10482582013218095,19.0
EPA Ozone,202,Target Risk (L),Unweighted,5.551651163459865e-05,0.0004264448449486698,1.0,0.0008528896898973397,96.0
EPA Ozone,202,Target Risk (L),Nominal n,0.0008170230314065514,0.0004884298278328152,0.0,0.014120587798615074,96.0
EPA Ozone,202,Target Risk (L),Input neff,0.0008170230314065514,0.0020139089018740967,1.0,0.004027817803748193,5.646716002451317
EPA Ozone,202,Target Risk (L),GP neff [Ours],0.0008170230314065514,0.0006059743614140961,0.0,0.009653895522526396,62.368757116568574
EPA Ozone,202,Target Risk (L),Block-Bootstrap,0.0008170230314065514,0.0011155199228640284,1.0,0.002231039845728057,19.0
EPA Ozone,203,Target Mean (Y),Unweighted,0.05536126936101898,0.008386406539591038,0.0,1.8957673259363004,96.0
EPA Ozone,203,Target Mean (Y),Nominal n,0.03378309012505279,0.031948799621682934,0.0,0.13726921937816033,96.0
EPA Ozone,203,Target Mean (Y),Input neff,0.03378309012505279,0.1014454346936789,1.0,0.2028908693873578,9.521717871795895
EPA Ozone,203,Target Mean (Y),GP neff [Ours],0.03378309012505279,0.0352112138327456,1.0,0.07042242766549123,79.0347949039434
EPA Ozone,203,Target Mean (Y),Block-Bootstrap,0.03378309012505279,0.03820054048067002,0.0,0.3339139375034481,19.0
EPA Ozone,203,Target Risk (L),Unweighted,0.0005323716300404109,0.0002707112912029674,0.0,0.011007836135903674,96.0
EPA Ozone,203,Target Risk (L),Nominal n,0.0008733012447142337,0.000507203269337353,0.0,0.015658325553749936,96.0
EPA Ozone,203,Target Risk (L),Input neff,0.0008733012447142337,0.001610497318999821,1.0,0.003220994637999642,9.521717871795895
EPA Ozone,203,Target Risk (L),GP neff [Ours],0.0008733012447142337,0.0005589957364527876,0.0,0.01369021180336342,79.0347949039434
EPA Ozone,203,Target Risk (L),Block-Bootstrap,0.0008733012447142337,0.0006732906589781767,1.0,0.0013465813179563534,19.0
EPA Ozone,204,Target Mean (Y),Unweighted,0.015107480638981069,0.01079885346280387,0.0,0.19394279397269548,96.0
EPA Ozone,204,Target Mean (Y),Nominal n,0.03492519127595736,0.05097882871187106,1.0,0.1019576574237421,96.0
EPA Ozone,204,Target Mean (Y),Input neff,0.03492519127595736,0.19870130997775276,1.0,0.3974026199555055,6.319016338437466
EPA Ozone,204,Target Mean (Y),GP neff [Ours],0.03492519127595736,0.1683796686776221,1.0,0.3367593373552442,8.799776412979963
EPA Ozone,204,Target Mean (Y),Block-Bootstrap,0.03492519127595736,0.07108358993198671,1.0,0.14216717986397343,19.0
EPA Ozone,204,Target Risk (L),Unweighted,0.00023755981363283345,0.0003454231184712705,1.0,0.0006908462369425408,96.0
EPA Ozone,204,Target Risk (L),Nominal n,0.0003247570654130317,0.00069488953908655,1.0,0.0013897790781730998,96.0
EPA Ozone,204,Target Risk (L),Input neff,0.0003247570654130317,0.0027084863500243914,1.0,0.005416972700048783,6.319016338437466
EPA Ozone,204,Target Risk (L),GP neff [Ours],0.0003247570654130317,0.001945476932205066,1.0,0.003890953864410132,12.247589149435262
EPA Ozone,204,Target Risk (L),Block-Bootstrap,0.0003247570654130317,0.0005553527514733382,1.0,0.0011107055029466763,19.0
EPA Ozone,205,Target Mean (Y),Unweighted,0.10353835269435228,0.0066043718768272665,0.0,3.8905679764546552,96.0
EPA Ozone,205,Target Mean (Y),Nominal n,0.10049867355058564,0.024652197587264744,0.0,3.083163433707365,96.0
EPA Ozone,205,Target Mean (Y),Input neff,0.10049867355058564,0.05303638122215983,0.0,2.004564455581352,20.741241377840137
EPA Ozone,205,Target Mean (Y),GP neff [Ours],0.10049867355058564,0.033611371100335755,0.0,2.7427148402106676,51.64283258863739
EPA Ozone,205,Target Mean (Y),Block-Bootstrap,0.10049867355058564,0.027107306158740685,0.0,2.8800745424984253,19.0
EPA Ozone,205,Target Risk (L),Unweighted,0.017902050707249758,0.002000836187753762,0.0,0.6400502531553474,96.0
EPA Ozone,205,Target Risk (L),Nominal n,0.01489840891995486,0.0067793337498661226,0.0,0.33832167430328175,96.0
EPA Ozone,205,Target Risk (L),Input neff,0.01489840891995486,0.014584960546312399,0.0,0.041707856038323256,20.741241377840137
EPA Ozone,205,Target Risk (L),GP neff [Ours],0.01489840891995486,0.009952785804424625,0.0,0.2177304962300587,44.540588166537546
EPA Ozone,205,Target Risk (L),Block-Bootstrap,0.01489840891995486,0.00847954711173545,0.0,0.23176570403512503,19.0
EPA Ozone,206,Target Mean (Y),Unweighted,0.003336647305647672,0.007354267158003344,1.0,0.014708534316006716,96.0
EPA Ozone,206,Target Mean (Y),Nominal n,0.02334257157756367,0.029283422814449716,1.0,0.05856684562889941,96.0
EPA Ozone,206,Target Mean (Y),Input neff,0.02334257157756367,0.11683249703551235,1.0,0.2336649940710247,6.030975881130601
EPA Ozone,206,Target Mean (Y),GP neff [Ours],0.02334257157756367,0.03469898647228137,1.0,0.06939797294456274,68.37247957844876
EPA Ozone,206,Target Mean (Y),Block-Bootstrap,0.02334257157756367,0.02201552126673524,1.0,0.04403104253347048,19.0
EPA Ozone,206,Target Risk (L),Unweighted,0.00018988096311157478,0.00048796907817632277,1.0,0.0009759381563526457,96.0
EPA Ozone,206,Target Risk (L),Nominal n,0.0006261124348940622,0.0018732438866126144,1.0,0.0037464877732252284,96.0
EPA Ozone,206,Target Risk (L),Input neff,0.0006261124348940622,0.0074737083235183474,1.0,0.014947416647036695,6.030975881130601
EPA Ozone,206,Target Risk (L),GP neff [Ours],0.0006261124348940622,0.0022196744107653025,1.0,0.004439348821530605,68.37247957844876
EPA Ozone,206,Target Risk (L),Block-Bootstrap,0.0006261124348940622,0.0013408237658657206,1.0,0.002681647531731441,19.0
EPA Ozone,207,Target Mean (Y),Unweighted,0.014847063972314334,0.009281030137983018,0.0,0.241203413649219,96.0
EPA Ozone,207,Target Mean (Y),Nominal n,0.0006954689555663529,0.04127291057907562,1.0,0.08254582115815123,96.0
EPA Ozone,207,Target Mean (Y),Input neff,0.0006954689555663529,0.1267166252476445,1.0,0.253433250495289,10.184371428245656
EPA Ozone,207,Target Mean (Y),GP neff [Ours],0.0006954689555663529,0.08837240064669678,1.0,0.17674480129339354,20.939587426265174
EPA Ozone,207,Target Mean (Y),Block-Bootstrap,0.0006954689555663529,0.09749999999974619,1.0,0.19499999999949238,19.0
EPA Ozone,207,Target Risk (L),Unweighted,0.00028707364404909064,0.0005321637863703128,1.0,0.0010643275727406257,96.0
EPA Ozone,207,Target Risk (L),Nominal n,0.0006305989523539735,0.0006544653895373674,1.0,0.0013089307790747347,96.0
EPA Ozone,207,Target Risk (L),Input neff,0.0006305989523539735,0.002009348125441016,1.0,0.004018696250882032,10.184371428245656
EPA Ozone,207,Target Risk (L),GP neff [Ours],0.0006305989523539735,0.0013136438105061348,1.0,0.0026272876210122697,23.828096713802495
EPA Ozone,207,Target Risk (L),Block-Bootstrap,0.0006305989523539735,0.005169610763157851,1.0,0.010339221526315702,19.0
EPA Ozone,208,Target Mean (Y),Unweighted,0.024951230638981026,0.006063214504679139,0.0,0.7676470743814336,96.0
EPA Ozone,208,Target Mean (Y),Nominal n,0.006066875021274565,0.014801096568158966,1.0,0.029602193136317956,96.0
EPA Ozone,208,Target Mean (Y),Input neff,0.006066875021274565,0.061413578552811245,1.0,0.12282715710562248,5.576095570130211
EPA Ozone,208,Target Mean (Y),GP neff [Ours],0.006066875021274565,0.01842700399055573,1.0,0.036854007981111436,61.93691323717911
EPA Ozone,208,Target Mean (Y),Block-Bootstrap,0.006066875021274565,0.019473415837412578,1.0,0.038946831674825155,19.0
EPA Ozone,208,Target Risk (L),Unweighted,0.0007303780364976369,0.0002092593420148574,0.0,0.021263266463340896,96.0
EPA Ozone,208,Target Risk (L),Nominal n,0.0002875050723419078,0.0005290340133264048,1.0,0.0010580680266528098,96.0
EPA Ozone,208,Target Risk (L),Input neff,0.0002875050723419078,0.0021950989769517733,1.0,0.004390197953903547,5.576095570130211
EPA Ozone,208,Target Risk (L),GP neff [Ours],0.0002875050723419078,0.0015475419086258756,1.0,0.0030950838172517517,11.21898547033149
EPA Ozone,208,Target Risk (L),Block-Bootstrap,0.0002875050723419078,0.0007783023482803823,1.0,0.0015566046965607646,19.0
EPA Ozone,209,Target Mean (Y),Unweighted,0.024169980638981042,0.008254283831540896,0.0,0.6531364399606878,96.0
EPA Ozone,209,Target Mean (Y),Nominal n,0.009461975939989792,0.008555124729075575,0.0,0.05338429789471982,96.0
EPA Ozone,209,Target Mean (Y),Input neff,0.009461975939989792,0.019348931331814805,1.0,0.03869786266362962,18.767652685061208
EPA Ozone,209,Target Mean (Y),GP neff [Ours],0.009461975939989792,0.010071458649398289,1.0,0.02014291729879658,69.26904122683021
EPA Ozone,209,Target Mean (Y),Block-Bootstrap,0.009461975939989792,0.009485122376613697,1.0,0.018970244753227394,19.0
EPA Ozone,209,Target Risk (L),Unweighted,0.021840015213596888,0.0028275341697329088,0.0,0.766154310094025,96.0
EPA Ozone,209,Target Risk (L),Nominal n,0.0335946978866404,0.008898014045232902,0.0,1.0056633817467657,96.0
EPA Ozone,209,Target Risk (L),Input neff,0.0335946978866404,0.02012443631191086,0.0,0.5790593356130034,18.767652685061208
EPA Ozone,209,Target Risk (L),GP neff [Ours],0.0335946978866404,0.01333188375265923,0.0,0.8371763328645654,42.763611022707444
EPA Ozone,209,Target Risk (L),Block-Bootstrap,0.0335946978866404,0.014663296934234621,0.0,0.5046990026244877,19.0
EPA Ozone,210,Target Mean (Y),Unweighted,0.023961647305647704,0.0040763965201120085,0.0,0.8035628244616515,96.0
EPA Ozone,210,Target Mean (Y),Nominal n,0.0224258605380879,0.009815620379888023,0.0,0.5240408470877707,96.0
EPA Ozone,210,Target Mean (Y),Input neff,0.0224258605380879,0.0362211173956136,1.0,0.07244223479122722,7.049901556740991
EPA Ozone,210,Target Mean (Y),GP neff [Ours],0.0224258605380879,0.02191544375892638,0.0,0.06424755868431384,19.25777917435985
EPA Ozone,210,Target Mean (Y),Block-Bootstrap,0.0224258605380879,0.015700065502569277,0.0,0.6401680783862544,19.0
EPA Ozone,210,Target Risk (L),Unweighted,0.0008469020330958419,0.00015230485071531373,0.0,0.02808849699665175,96.0
EPA Ozone,210,Target Risk (L),Nominal n,8.474896921984451e-06,0.0010479057346155143,1.0,0.0020958114692310285,96.0
EPA Ozone,210,Target Risk (L),Input neff,8.474896921984451e-06,0.0038669299712137256,1.0,0.007733859942427451,7.049901556740991
EPA Ozone,210,Target Risk (L),GP neff [Ours],8.474896921984451e-06,0.003778318392941595,1.0,0.00755663678588319,7.384456936729271
EPA Ozone,210,Target Risk (L),Block-Bootstrap,8.474896921984451e-06,0.0010105110253661146,1.0,0.002021022050732229,19.0
EPA Ozone,211,Target Mean (Y),Unweighted,0.021038352694352336,0.010400525450274754,0.0,0.4463141406636527,96.0
EPA Ozone,211,Target Mean (Y),Nominal n,0.004453850476719007,0.037393244069736056,1.0,0.07478648813947208,96.0
EPA Ozone,211,Target Mean (Y),Input neff,0.004453850476719007,0.12964694180040418,1.0,0.2592938836008084,7.986067339548766
EPA Ozone,211,Target Mean (Y),GP neff [Ours],0.004453850476719007,0.09816925049295594,1.0,0.19633850098591188,13.928571278921384
EPA Ozone,211,Target Mean (Y),Block-Bootstrap,0.004453850476719007,0.06974973755758607,1.0,0.13949947511517213,19.0
EPA Ozone,211,Target Risk (L),Unweighted,0.00026701017771019273,0.00038718644668558953,1.0,0.0007743728933711792,96.0
EPA Ozone,211,Target Risk (L),Nominal n,3.83053641069722e-05,0.0022822558749754384,1.0,0.004564511749950877,96.0
EPA Ozone,211,Target Risk (L),Input neff,3.83053641069722e-05,0.00791285971457196,1.0,0.01582571942914392,7.986067339548766
EPA Ozone,211,Target Risk (L),GP neff [Ours],3.83053641069722e-05,0.007465389215966892,1.0,0.014930778431933783,8.97211828151667
EPA Ozone,211,Target Risk (L),Block-Bootstrap,3.83053641069722e-05,0.003466239484303289,1.0,0.006932478968606578,19.0
EPA Ozone,212,Target Mean (Y),Unweighted,0.008746686027685663,0.007158103500486997,0.0,0.07785950808892111,96.0
EPA Ozone,212,Target Mean (Y),Nominal n,0.021062338460604624,0.027144146175391713,1.0,0.05428829235078342,96.0
EPA Ozone,212,Target Mean (Y),Input neff,0.021062338460604624,0.11141617145832826,1.0,0.2228323429166565,5.698061626415211
EPA Ozone,212,Target Mean (Y),GP neff [Ours],0.021062338460604624,0.06044835317673524,1.0,0.12089670635347047,19.357740181165553
EPA Ozone,212,Target Mean (Y),Block-Bootstrap,0.021062338460604624,0.039309187316793004,1.0,0.07861837463358601,19.0
EPA Ozone,212,Target Risk (L),Unweighted,0.00036310728884928357,0.0003366527072797796,0.0,0.0017314886773397153,96.0
EPA Ozone,212,Target Risk (L),Nominal n,0.00039223664462237676,0.0007328232214442962,1.0,0.0014656464428885923,96.0
EPA Ozone,212,Target Risk (L),Input neff,0.00039223664462237676,0.0030079545387617598,1.0,0.0060159090775235196,5.698061626415211
EPA Ozone,212,Target Risk (L),GP neff [Ours],0.00039223664462237676,0.0009023480402157306,1.0,0.0018046960804314611,63.3171734835716
EPA Ozone,212,Target Risk (L),Block-Bootstrap,0.00039223664462237676,0.0010865964445568596,1.0,0.0021731928891137193,19.0
EPA Ozone,213,Target Mean (Y),Unweighted,0.04130539730564772,0.009586380539091792,0.0,1.2879334317404203,96.0
EPA Ozone,213,Target Mean (Y),Nominal n,0.014165515151493668,0.03437201152734773,1.0,0.06874402305469546,96.0
EPA Ozone,213,Target Mean (Y),Input neff,0.014165515151493668,0.09948218596735188,1.0,0.1989643719347038,11.460154992507043
EPA Ozone,213,Target Mean (Y),GP neff [Ours],0.014165515151493668,0.07160809024044189,1.0,0.14321618048088375,22.118565009763362
EPA Ozone,213,Target Mean (Y),Block-Bootstrap,0.014165515151493668,0.036983367924746574,1.0,0.07396673584949315,19.0
EPA Ozone,213,Target Risk (L),Unweighted,0.0009048350660006762,0.0005553460508622449,0.0,0.015090252707261739,96.0
EPA Ozone,213,Target Risk (L),Nominal n,0.0011807337376089162,0.0019336216173149248,1.0,0.0038672432346298496,96.0
EPA Ozone,213,Target Risk (L),Input neff,0.0011807337376089162,0.005596440149310584,1.0,0.011192880298621168,11.460154992507043
EPA Ozone,213,Target Risk (L),GP neff [Ours],0.0011807337376089162,0.003545472992155041,1.0,0.007090945984310083,28.553927700765307
EPA Ozone,213,Target Risk (L),Block-Bootstrap,0.0011807337376089162,0.0018715923984226053,1.0,0.0037431847968452106,19.0
EPA Ozone,214,Target Mean (Y),Unweighted,0.058538352694352286,0.010750045687037416,0.0,1.9330323716666697,96.0
EPA Ozone,214,Target Mean (Y),Nominal n,0.022716215297423153,0.026044676298804716,1.0,0.05208935259760944,96.0
EPA Ozone,214,Target Mean (Y),Input neff,0.022716215297423153,0.053101074283149335,1.0,0.10620214856629867,23.09418000409647
EPA Ozone,214,Target Mean (Y),GP neff [Ours],0.022716215297423153,0.033599113053149395,1.0,0.06719822610629878,57.683756525098275
EPA Ozone,214,Target Mean (Y),Block-Bootstrap,0.022716215297423153,0.03559097147368967,0.0,0.11374787174266998,19.0
EPA Ozone,214,Target Risk (L),Unweighted,0.0014240220215566248,0.0005503038407494014,0.0,0.03604933491378774,96.0
EPA Ozone,214,Target Risk (L),Nominal n,0.0001223982425398915,0.0007939010442841878,1.0,0.0015878020885683754,96.0
EPA Ozone,214,Target Risk (L),Input neff,0.0001223982425398915,0.0016186416695046129,1.0,0.0032372833390092257,23.09418000409647
EPA Ozone,214,Target Risk (L),GP neff [Ours],0.0001223982425398915,0.0009022656053052718,1.0,0.0018045312106105434,74.32504400719921
EPA Ozone,214,Target Risk (L),Block-Bootstrap,0.0001223982425398915,0.0011213576519575681,1.0,0.0022427153039151363,19.0
EPA Ozone,215,Target Mean (Y),Unweighted,0.0063574806389810334,0.01088433000326079,1.0,0.021768660006521556,96.0
EPA Ozone,215,Target Mean (Y),Nominal n,0.015969689833104844,0.06274227916688324,1.0,0.12548455833376648,96.0
EPA Ozone,215,Target Mean (Y),Input neff,0.015969689833104844,0.21687404893402,1.0,0.43374809786804003,8.034829017707251
EPA Ozone,215,Target Mean (Y),GP neff [Ours],0.015969689833104844,0.14482635685701628,1.0,0.28965271371403256,18.017585951660003
EPA Ozone,215,Target Mean (Y),Block-Bootstrap,0.015969689833104844,0.06951541395401535,1.0,0.1390308279080307,19.0
EPA Ozone,215,Target Risk (L),Unweighted,6.92226047710237e-05,0.0005560574935206793,1.0,0.0011121149870413584,96.0
EPA Ozone,215,Target Risk (L),Nominal n,0.002908938350283493,0.006507702882059213,1.0,0.013015405764118426,96.0
EPA Ozone,215,Target Risk (L),Input neff,0.002908938350283493,0.022494431060399146,1.0,0.04498886212079829,8.034829017707251
EPA Ozone,215,Target Risk (L),GP neff [Ours],0.002908938350283493,0.01815998650637276,1.0,0.03631997301274552,12.328085079404683
EPA Ozone,215,Target Risk (L),Block-Bootstrap,0.002908938350283493,0.0066421215912628295,1.0,0.013284243182525659,19.0
EPA Ozone,216,Target Mean (Y),Unweighted,0.033492897305647695,0.0067422768486198855,0.0,1.083509371978352,96.0
EPA Ozone,216,Target Mean (Y),Nominal n,0.05151130975517995,0.02245387288624974,0.0,1.2072052205297084,96.0
EPA Ozone,216,Target Mean (Y),Input neff,0.05151130975517995,0.06123836376706427,1.0,0.12247672753412853,12.906443841374879
EPA Ozone,216,Target Mean (Y),GP neff [Ours],0.05151130975517995,0.035465813390346795,0.0,0.7127514813740199,38.47989721042169
EPA Ozone,216,Target Mean (Y),Block-Bootstrap,0.05151130975517995,0.034412342889054814,0.0,0.5586735348032958,19.0
EPA Ozone,216,Target Risk (L),Unweighted,0.001829984626236484,0.0007230682518904696,0.0,0.04572279147762152,96.0
EPA Ozone,216,Target Risk (L),Nominal n,0.0040003814999490205,0.0030035386176349575,0.0,0.04588079252783242,96.0
EPA Ozone,216,Target Risk (L),Input neff,0.0040003814999490205,0.008191539668321124,1.0,0.016383079336642247,12.906443841374879
EPA Ozone,216,Target Risk (L),GP neff [Ours],0.0040003814999490205,0.003142054950851788,0.0,0.04061717186559287,87.72232249087193
EPA Ozone,216,Target Risk (L),Block-Bootstrap,0.0040003814999490205,0.003786025968970876,0.0,0.03805624357366179,19.0
EPA Ozone,217,Target Mean (Y),Unweighted,0.03916335269435228,0.0069159242758420406,0.0,1.3037289852920941,96.0
EPA Ozone,217,Target Mean (Y),Nominal n,0.02542418563953075,0.045023928319318035,1.0,0.09004785663863607,96.0
EPA Ozone,217,Target Mean (Y),Input neff,0.02542418563953075,0.11628720447578043,1.0,0.23257440895156084,14.391104975482229
EPA Ozone,217,Target Mean (Y),GP neff [Ours],0.02542418563953075,0.08508387248033783,1.0,0.17016774496067563,26.882119395868372
EPA Ozone,217,Target Mean (Y),Block-Bootstrap,0.02542418563953075,0.04120051093166753,1.0,0.08240102186333506,19.0
EPA Ozone,217,Target Risk (L),Unweighted,0.00016407390534824715,0.00038712908919256837,1.0,0.0007742581783851368,96.0
EPA Ozone,217,Target Risk (L),Nominal n,0.0013476991292599445,0.0015786298214483703,1.0,0.00315725964289674,96.0
EPA Ozone,217,Target Risk (L),Input neff,0.0013476991292599445,0.0040772641502178,1.0,0.0081545283004356,14.391104975482229
EPA Ozone,217,Target Risk (L),GP neff [Ours],0.0013476991292599445,0.002347972032420972,1.0,0.004695944064841943,43.39563016182641
EPA Ozone,217,Target Risk (L),Block-Bootstrap,0.0013476991292599445,0.0019490521262596145,1.0,0.003898104252519229,19.0
EPA Ozone,218,Target Mean (Y),Unweighted,0.01411789730564772,0.0064184106730831685,0.0,0.3208162866487488,96.0
EPA Ozone,218,Target Mean (Y),Nominal n,0.007552071446378289,0.045257152758230855,1.0,0.0905143055164617,96.0
EPA Ozone,218,Target Mean (Y),Input neff,0.007552071446378289,0.1737595891466664,1.0,0.3475191782933328,6.512505856013863
EPA Ozone,218,Target Mean (Y),GP neff [Ours],0.007552071446378289,0.11960672225622294,1.0,0.23921344451244586,13.744676130148473
EPA Ozone,218,Target Mean (Y),Block-Bootstrap,0.007552071446378289,0.05201145834644323,1.0,0.10402291669288646,19.0
EPA Ozone,218,Target Risk (L),Unweighted,0.0010138981227126478,0.00011177262706467986,0.0,0.03630856508004808,96.0
EPA Ozone,218,Target Risk (L),Nominal n,0.0005330306701545877,0.0005971992691888305,1.0,0.0011943985383776612,96.0
EPA Ozone,218,Target Risk (L),Input neff,0.0005330306701545877,0.002292877331618443,1.0,0.004585754663236886,6.512505856013863
EPA Ozone,218,Target Risk (L),GP neff [Ours],0.0005330306701545877,0.0022816329014079166,1.0,0.004563265802815833,6.576854387761855
EPA Ozone,218,Target Risk (L),Block-Bootstrap,0.0005330306701545877,0.000673347227088535,1.0,0.00134669445417707,19.0
EPA Ozone,219,Target Mean (Y),Unweighted,0.0042741473056477075,0.0094720548895374,1.0,0.01894410977907479,96.0
EPA Ozone,219,Target Mean (Y),Nominal n,0.003046427284309733,0.02235014348209715,1.0,0.04470028696419431,96.0
EPA Ozone,219,Target Mean (Y),Input neff,0.003046427284309733,0.07753952787187503,1.0,0.15507905574375003,7.976007606438701
EPA Ozone,219,Target Mean (Y),GP neff [Ours],0.003046427284309733,0.024920354369587523,1.0,0.049840708739175066,77.21886904862653
EPA Ozone,219,Target Mean (Y),Block-Bootstrap,0.003046427284309733,0.007500000000000895,0.0,0.07763255889260423,19.0
EPA Ozone,219,Target Risk (L),Unweighted,0.0003829041153326424,0.0005575337936127714,1.0,0.0011150675872255431,96.0
EPA Ozone,219,Target Risk (L),Nominal n,0.0008289111238060711,0.0005949797874735998,0.0,0.010547213028246055,96.0
EPA Ozone,219,Target Risk (L),Input neff,0.0008289111238060711,0.0020641680377115235,1.0,0.004128336075423047,7.976007606438701
EPA Ozone,219,Target Risk (L),GP neff [Ours],0.0008289111238060711,0.0006634009825691162,0.0,0.007947207614616427,77.21886904862653
EPA Ozone,219,Target Risk (L),Block-Bootstrap,0.0008289111238060711,0.0001779323064760496,0.0,0.04080861023722469,19.0
EPA Ozone,220,Target Mean (Y),Unweighted,0.008388730638981046,0.010153723117953692,1.0,0.020307446235907356,96.0
EPA Ozone,220,Target Mean (Y),Nominal n,0.024007902515323143,0.04009463058449356,1.0,0.08018926116898711,96.0
EPA Ozone,220,Target Mean (Y),Input neff,0.024007902515323143,0.1522881236395397,1.0,0.3045762472790794,6.654441239088606
EPA Ozone,220,Target Mean (Y),GP neff [Ours],0.024007902515323143,0.13481556356265506,1.0,0.2696311271253101,8.491093103075857
EPA Ozone,220,Target Mean (Y),Block-Bootstrap,0.024007902515323143,0.04704041294191784,1.0,0.09408082588383568,19.0
EPA Ozone,220,Target Risk (L),Unweighted,0.00034819842745553394,0.00027637313973002763,0.0,0.00342575778848031,96.0
EPA Ozone,220,Target Risk (L),Nominal n,0.0005312739092286792,0.0003908751194526367,0.0,0.006397701829946971,96.0
EPA Ozone,220,Target Risk (L),Input neff,0.0005312739092286792,0.0014846286809746614,1.0,0.0029692573619493224,6.654441239088606
EPA Ozone,220,Target Risk (L),GP neff [Ours],0.0005312739092286792,0.0008345260294667105,1.0,0.001669052058933421,21.060443505314563
EPA Ozone,220,Target Risk (L),Block-Bootstrap,0.0005312739092286792,0.00034713715742626047,0.0,0.012338983466677495,19.0
EPA Ozone,221,Target Mean (Y),Unweighted,0.013909563972314382,0.0094219333757029,0.0,0.1983490906158648,96.0
EPA Ozone,221,Target Mean (Y),Nominal n,0.01120905716802767,0.03121472926955731,1.0,0.062429458539114635,96.0
EPA Ozone,221,Target Mean (Y),Input neff,0.01120905716802767,0.08808975263142384,1.0,0.1761795052628477,12.054233430583356
EPA Ozone,221,Target Mean (Y),GP neff [Ours],0.01120905716802767,0.05490722612074067,1.0,0.10981445224148131,31.026398787088763
EPA Ozone,221,Target Mean (Y),Block-Bootstrap,0.01120905716802767,0.04045988776340485,1.0,0.0809197755268097,19.0
EPA Ozone,221,Target Risk (L),Unweighted,1.6794162022054073e-05,0.00038355601164301165,1.0,0.0007671120232860232,96.0
EPA Ozone,221,Target Risk (L),Nominal n,0.00010495110192645625,0.0011634116296123497,1.0,0.0023268232592246994,96.0
EPA Ozone,221,Target Risk (L),Input neff,0.00010495110192645625,0.0032832142087813477,1.0,0.006566428417562695,12.054233430583356
EPA Ozone,221,Target Risk (L),GP neff [Ours],0.00010495110192645625,0.001246657701684486,1.0,0.002493315403368972,83.60718201521392
EPA Ozone,221,Target Risk (L),Block-Bootstrap,0.00010495110192645625,0.001282424722818041,1.0,0.002564849445636082,19.0
EPA Ozone,222,Target Mean (Y),Unweighted,0.025628313972314354,0.008496117437580409,0.0,0.7022800962645184,96.0
EPA Ozone,222,Target Mean (Y),Nominal n,0.025639530742423172,0.029896990933897565,1.0,0.05979398186779514,96.0
EPA Ozone,222,Target Mean (Y),Input neff,0.025639530742423172,0.07494174872753992,1.0,0.14988349745507987,15.278423595018156
EPA Ozone,222,Target Mean (Y),GP neff [Ours],0.025639530742423172,0.05017264173620548,1.0,0.10034528347241098,34.087272740312756
EPA Ozone,222,Target Mean (Y),Block-Bootstrap,0.025639530742423172,0.03221344733244838,1.0,0.06442689466489676,19.0
EPA Ozone,222,Target Risk (L),Unweighted,0.00014335059563487865,0.00046828501873624913,1.0,0.000936570037472498,96.0
EPA Ozone,222,Target Risk (L),Nominal n,0.001626416182970725,0.0020854887353871157,1.0,0.004170977470774231,96.0
EPA Ozone,222,Target Risk (L),Input neff,0.001626416182970725,0.005227622175323757,1.0,0.010455244350647513,15.278423595018156
EPA Ozone,222,Target Risk (L),GP neff [Ours],0.001626416182970725,0.003499833123568104,1.0,0.006999666247136208,34.087272740312756
EPA Ozone,222,Target Risk (L),Block-Bootstrap,0.001626416182970725,0.0024151513642667343,1.0,0.004830302728533469,19.0
EPA Ozone,223,Target Mean (Y),Unweighted,0.002184186027685636,0.009446542577401885,1.0,0.018893085154803757,96.0
EPA Ozone,223,Target Mean (Y),Nominal n,0.010057326877033201,0.023458367704614548,1.0,0.04691673540922908,96.0
EPA Ozone,223,Target Mean (Y),Input neff,0.010057326877033201,0.06537251403436502,1.0,0.13074502806873006,12.361649856069565
EPA Ozone,223,Target Mean (Y),GP neff [Ours],0.010057326877033201,0.02462577353431086,1.0,0.049251547068621726,87.11381823504186
EPA Ozone,223,Target Mean (Y),Block-Bootstrap,0.010057326877033201,0.03156267232907846,1.0,0.06312534465815692,19.0
EPA Ozone,223,Target Risk (L),Unweighted,0.0008156351687434759,0.00043906730708097097,0.0,0.01594084908066214,96.0
EPA Ozone,223,Target Risk (L),Nominal n,0.00042003410586941774,0.0010049537235813065,1.0,0.0020099074471626134,96.0
EPA Ozone,223,Target Risk (L),Input neff,0.00042003410586941774,0.00280055084078945,1.0,0.0056011016815789,12.361649856069565
EPA Ozone,223,Target Risk (L),GP neff [Ours],0.00042003410586941774,0.0016248561016940987,1.0,0.003249712203388198,36.722610742615714
EPA Ozone,223,Target Risk (L),Block-Bootstrap,0.00042003410586941774,0.000969523162585285,1.0,0.00193904632517057,19.0
EPA Ozone,224,Target Mean (Y),Unweighted,0.011982480638981025,0.007833639598342853,0.0,0.18162092082221265,96.0
EPA Ozone,224,Target Mean (Y),Nominal n,0.007176069189267137,0.017430925676930522,1.0,0.03486185135386105,96.0
EPA Ozone,224,Target Mean (Y),Input neff,0.007176069189267137,0.06131176941444266,1.0,0.12262353882888533,7.759333809777818
EPA Ozone,224,Target Mean (Y),GP neff [Ours],0.007176069189267137,0.01964202190654074,1.0,0.03928404381308148,75.60312604824888
EPA Ozone,224,Target Mean (Y),Block-Bootstrap,0.007176069189267137,0.017558442277888123,1.0,0.035116884555776245,19.0
EPA Ozone,224,Target Risk (L),Unweighted,0.00026854693293586,0.0003447440493181879,1.0,0.0006894880986363758,96.0
EPA Ozone,224,Target Risk (L),Nominal n,0.0008576357998540431,0.0005536703652534063,0.0,0.013265958114532283,96.0
EPA Ozone,224,Target Risk (L),Input neff,0.0008576357998540431,0.0019474874940781039,1.0,0.0038949749881562077,7.759333809777818
EPA Ozone,224,Target Risk (L),GP neff [Ours],0.0008576357998540431,0.000623902920870286,0.0,0.010597121001090854,75.60312604824888
EPA Ozone,224,Target Risk (L),Block-Bootstrap,0.0008576357998540431,0.0004188949179034514,0.0,0.018513057765160698,19.0
EPA Ozone,225,Target Mean (Y),Unweighted,0.025361269361018957,0.004973316403648983,0.0,0.8254647511020969,96.0
EPA Ozone,225,Target Mean (Y),Nominal n,0.013410081639476212,0.018774863391157182,1.0,0.037549726782314385,96.0
EPA Ozone,225,Target Mean (Y),Input neff,0.013410081639476212,0.05208697396719427,1.0,0.10417394793438856,12.472874410163728
EPA Ozone,225,Target Mean (Y),GP neff [Ours],0.013410081639476212,0.03623607060435004,1.0,0.0724721412087001,25.77167287045731
EPA Ozone,225,Target Mean (Y),Block-Bootstrap,0.013410081639476212,0.014947850054749828,0.0,0.26186003231792937,19.0
EPA Ozone,225,Target Risk (L),Unweighted,0.0005900028860897035,0.00021085859289696378,0.0,0.015587488913503516,96.0
EPA Ozone,225,Target Risk (L),Nominal n,0.0008249539062128001,0.0004625315461321277,0.0,0.01542195749549115,96.0
EPA Ozone,225,Target Risk (L),Input neff,0.0008249539062128001,0.001283198077155509,1.0,0.002566396154311018,12.472874410163728
EPA Ozone,225,Target Risk (L),GP neff [Ours],0.0008249539062128001,0.0004921980069142133,0.0,0.014294631985771902,84.7762590198776
EPA Ozone,225,Target Risk (L),Block-Bootstrap,0.0008249539062128001,0.00046625345685098296,0.0,0.009990791343464547,19.0
EPA Ozone,226,Target Mean (Y),Unweighted,0.06849289730564775,0.007354826479396521,0.0,2.460232486008843,96.0
EPA Ozone,226,Target Mean (Y),Nominal n,0.07655312730866279,0.00879479939201294,0.0,2.7279227154500196,96.0
EPA Ozone,226,Target Mean (Y),Input neff,0.07655312730866279,0.03502255843021608,0.0,1.731267871998301,6.053790276031509
EPA Ozone,226,Target Mean (Y),GP neff [Ours],0.07655312730866279,0.022670441152264464,0.0,2.200648328560462,14.447848063773003
EPA Ozone,226,Target Mean (Y),Block-Bootstrap,0.07655312730866279,0.0033724839168769727,0.0,2.869377526726172,19.0
EPA Ozone,226,Target Risk (L),Unweighted,0.0002567443475720683,0.0003527190468801594,1.0,0.0007054380937603189,96.0
EPA Ozone,226,Target Risk (L),Nominal n,0.0009089623835495951,0.00021419440773565458,0.0,0.028219107848028932,96.0
EPA Ozone,226,Target Risk (L),Input neff,0.0009089623835495951,0.0008529627369511299,0.0,0.00394591133784087,6.053790276031509
EPA Ozone,226,Target Risk (L),GP neff [Ours],0.0009089623835495951,0.00026150360098363943,0.0,0.026421358504605506,64.40686222071996
EPA Ozone,226,Target Risk (L),Block-Bootstrap,0.0009089623835495951,0.0002458289596968283,0.0,0.022162625970836132,19.0
EPA Ozone,227,Target Mean (Y),Unweighted,0.015413352694352345,0.007714178947548163,0.0,0.32339530776726344,96.0
EPA Ozone,227,Target Mean (Y),Nominal n,0.011420381526516393,0.026380793169344618,1.0,0.052761586338689215,96.0
EPA Ozone,227,Target Mean (Y),Input neff,0.011420381526516393,0.09614421151309273,1.0,0.19228842302618543,7.227708800254674
EPA Ozone,227,Target Mean (Y),GP neff [Ours],0.011420381526516393,0.06719794602466923,1.0,0.13439589204933844,14.795680134785865
EPA Ozone,227,Target Mean (Y),Block-Bootstrap,0.011420381526516393,0.020839991071501127,1.0,0.04167998214300225,19.0
EPA Ozone,227,Target Risk (L),Unweighted,5.87054461062466e-06,0.00042415937715683144,1.0,0.000848318754313663,96.0
EPA Ozone,227,Target Risk (L),Nominal n,0.00040967977177679723,0.0020221306423268883,1.0,0.004044261284653777,96.0
EPA Ozone,227,Target Risk (L),Input neff,0.00040967977177679723,0.007369609963391875,1.0,0.01473921992678375,7.227708800254674
EPA Ozone,227,Target Risk (L),GP neff [Ours],0.00040967977177679723,0.006158391982347022,1.0,0.012316783964694045,10.350349074055183
EPA Ozone,227,Target Risk (L),Block-Bootstrap,0.00040967977177679723,0.0012160089632347695,1.0,0.002432017926469539,19.0
EPA Ozone,228,Target Mean (Y),Unweighted,0.0012466860276856284,0.006753891543905787,1.0,0.013507783087811587,96.0
EPA Ozone,228,Target Mean (Y),Nominal n,0.03436577273514371,0.01321659689144191,0.0,0.8724002275309557,96.0
EPA Ozone,228,Target Mean (Y),Input neff,0.03436577273514371,0.016449994751887066,0.0,0.7495311088340396,61.969642946318785
EPA Ozone,228,Target Mean (Y),GP neff [Ours],0.03436577273514371,0.01442318823595634,0.0,0.8265497564394075,80.60982500181404
EPA Ozone,228,Target Mean (Y),Block-Bootstrap,0.03436577273514371,0.009638762495044292,0.0,1.1855439664929863,19.0
EPA Ozone,228,Target Risk (L),Unweighted,0.00035839359442745955,0.0002998520363172142,0.0,0.002941366397044243,96.0
EPA Ozone,228,Target Risk (L),Nominal n,0.0013798408089739642,0.001717357223471552,1.0,0.0034347144469431042,96.0
EPA Ozone,228,Target Risk (L),Input neff,0.0013798408089739642,0.002137503136795775,1.0,0.00427500627359155,61.969642946318785
EPA Ozone,228,Target Risk (L),GP neff [Ours],0.0013798408089739642,0.0019039129741819755,1.0,0.0038078259483639507,78.10850555997118
EPA Ozone,228,Target Risk (L),Block-Bootstrap,0.0013798408089739642,0.002386922418199144,1.0,0.004773844836398288,19.0
EPA Ozone,229,Target Mean (Y),Unweighted,0.03187831397231436,0.005855255408530256,0.0,1.0526328533684242,96.0
EPA Ozone,229,Target Mean (Y),Nominal n,0.02859624913713818,0.015534805871144306,0.0,0.5535273423820435,96.0
EPA Ozone,229,Target Mean (Y),Input neff,0.02859624913713818,0.055182421689945235,1.0,0.1103648433798905,7.608190578714739
EPA Ozone,229,Target Mean (Y),GP neff [Ours],0.02859624913713818,0.03252497117877157,1.0,0.06504994235754313,21.900249030337584
EPA Ozone,229,Target Mean (Y),Block-Bootstrap,0.02859624913713818,0.022149323224562034,0.0,0.36288754474067486,19.0
EPA Ozone,229,Target Risk (L),Unweighted,0.0005104245150905552,0.00027411271837599803,0.0,0.01000069730533428,96.0
EPA Ozone,229,Target Risk (L),Nominal n,0.00043923859622002626,0.0006334576780658324,1.0,0.001266915356131665,96.0
EPA Ozone,229,Target Risk (L),Input neff,0.00043923859622002626,0.0022501554897890372,1.0,0.0045003109795780745,7.608190578714739
EPA Ozone,229,Target Risk (L),GP neff [Ours],0.00043923859622002626,0.001326260069997586,1.0,0.002652520139995172,21.900249030337584
EPA Ozone,229,Target Risk (L),Block-Bootstrap,0.00043923859622002626,0.0007853337556468596,1.0,0.0015706675112937192,19.0
EPA Ozone,230,Target Mean (Y),Unweighted,0.010315813972314403,0.0098,0.0,0.04023255889257599,96.0
EPA Ozone,230,Target Mean (Y),Nominal n,0.0063080966890547985,0.028805138789133586,1.0,0.057610277578267144,96.0
EPA Ozone,230,Target Mean (Y),Input neff,0.0063080966890547985,0.10851976203675547,1.0,0.21703952407351096,6.763842896239383
EPA Ozone,230,Target Mean (Y),GP neff [Ours],0.0063080966890547985,0.06454766095932699,1.0,0.12909532191865397,19.118339033469244
EPA Ozone,230,Target Mean (Y),Block-Bootstrap,0.0063080966890547985,0.033847803430228154,1.0,0.06769560686045631,19.0
EPA Ozone,230,Target Risk (L),Unweighted,0.00016643489605385267,0.0004774355146356632,1.0,0.0009548710292713266,96.0
EPA Ozone,230,Target Risk (L),Nominal n,0.0003887303085787009,0.0018804828009300163,1.0,0.003760965601860032,96.0
EPA Ozone,230,Target Risk (L),Input neff,0.0003887303085787009,0.007084484041719657,1.0,0.014168968083439315,6.763842896239383
EPA Ozone,230,Target Risk (L),GP neff [Ours],0.0003887303085787009,0.0021595609719857077,1.0,0.004319121943971415,72.79122429723368
EPA Ozone,230,Target Risk (L),Block-Bootstrap,0.0003887303085787009,0.002262884093429793,1.0,0.004525768186859586,19.0
EPA Ozone,231,Target Mean (Y),Unweighted,0.027086647305647693,0.012783799190658309,0.0,0.597681522980892,96.0
EPA Ozone,231,Target Mean (Y),Nominal n,0.028864798663963687,0.021257373300794535,0.0,0.34681176112835554,96.0
EPA Ozone,231,Target Mean (Y),Input neff,0.028864798663963687,0.05066719417678076,1.0,0.10133438835356151,16.8980551013888
EPA Ozone,231,Target Mean (Y),GP neff [Ours],0.028864798663963687,0.03719841982064455,1.0,0.07439683964128913,31.35028176286035
EPA Ozone,231,Target Mean (Y),Block-Bootstrap,0.028864798663963687,0.032940108335593965,1.0,0.06588021667118793,19.0
EPA Ozone,231,Target Risk (L),Unweighted,0.0008146645314279978,0.0006542660503477971,0.0,0.007724471343903618,96.0
EPA Ozone,231,Target Risk (L),Nominal n,0.00043925474914144075,0.0008711430442204865,1.0,0.0017422860884409729,96.0
EPA Ozone,231,Target Risk (L),Input neff,0.00043925474914144075,0.002076379482672092,1.0,0.004152758965344184,16.8980551013888
EPA Ozone,231,Target Risk (L),GP neff [Ours],0.00043925474914144075,0.0012658555826958987,1.0,0.0025317111653917973,45.465488013945034
EPA Ozone,231,Target Risk (L),Block-Bootstrap,0.00043925474914144075,0.0006267043249071502,0.0,0.0022506091682401082,19.0
EPA Ozone,232,Target Mean (Y),Unweighted,0.03437831397231439,0.011207419931150878,0.0,0.9492506015088423,96.0
EPA Ozone,232,Target Mean (Y),Nominal n,0.00563860208490885,0.01506884146075131,1.0,0.030137682921502595,96.0
EPA Ozone,232,Target Mean (Y),Input neff,0.00563860208490885,0.04403362486962812,1.0,0.08806724973925623,11.242478970894036
EPA Ozone,232,Target Mean (Y),GP neff [Ours],0.00563860208490885,0.027350146621818765,1.0,0.05470029324363751,29.141482567049465
EPA Ozone,232,Target Mean (Y),Block-Bootstrap,0.00563860208490885,0.014406853319115384,1.0,0.02881370663823077,19.0
EPA Ozone,232,Target Risk (L),Unweighted,0.0010061091851916325,0.0007289464870990359,0.0,0.012544400897901936,96.0
EPA Ozone,232,Target Risk (L),Nominal n,0.0006912855501009635,0.00044719995345055355,0.0,0.01065782377291751,96.0
EPA Ozone,232,Target Risk (L),Input neff,0.0006912855501009635,0.001306791570091615,1.0,0.0026135831401832297,11.242478970894036
EPA Ozone,232,Target Risk (L),GP neff [Ours],0.0006912855501009635,0.00047937800958571604,0.0,0.00943505763978133,83.5446255210931
EPA Ozone,232,Target Risk (L),Block-Bootstrap,0.0006912855501009635,0.00028887510350852636,0.0,0.01638292367410312,19.0
EPA Ozone,233,Target Mean (Y),Unweighted,0.016097063972314363,0.01034885898368774,0.0,0.25062591751244073,96.0
EPA Ozone,233,Target Mean (Y),Nominal n,0.01209142161797061,0.027506597508922145,1.0,0.05501319501784427,96.0
EPA Ozone,233,Target Mean (Y),Input neff,0.01209142161797061,0.09567615857769138,1.0,0.19135231715538276,7.934828023547865
EPA Ozone,233,Target Mean (Y),GP neff [Ours],0.01209142161797061,0.030824973357118892,1.0,0.06164994671423779,76.44332316962041
EPA Ozone,233,Target Mean (Y),Block-Bootstrap,0.01209142161797061,0.03463941903059867,1.0,0.06927883806119733,19.0
EPA Ozone,233,Target Risk (L),Unweighted,0.0005760487641407591,0.0005458699494382249,0.0,0.0022988924869778195,96.0
EPA Ozone,233,Target Risk (L),Nominal n,0.0002770834371864086,0.001308775389067945,1.0,0.00261755077813589,96.0
EPA Ozone,233,Target Risk (L),Input neff,0.0002770834371864086,0.00455231155457988,1.0,0.00910462310915976,7.934828023547865
EPA Ozone,233,Target Risk (L),GP neff [Ours],0.0002770834371864086,0.0023501374895453786,1.0,0.004700274979090757,29.77247447086826
EPA Ozone,233,Target Risk (L),Block-Bootstrap,0.0002770834371864086,0.00146218193741729,1.0,0.00292436387483458,19.0
EPA Ozone,234,Target Mean (Y),Unweighted,0.004580019361018983,0.00934396112290576,1.0,0.018687922245811506,96.0
EPA Ozone,234,Target Mean (Y),Nominal n,0.021789094485481608,0.04097764089809991,1.0,0.08195528179619979,96.0
EPA Ozone,234,Target Mean (Y),Input neff,0.021789094485481608,0.16665903346474215,1.0,0.3333180669294843,5.803732937761902
EPA Ozone,234,Target Mean (Y),GP neff [Ours],0.021789094485481608,0.09625045226390797,1.0,0.19250090452781593,17.400413937785054
EPA Ozone,234,Target Mean (Y),Block-Bootstrap,0.021789094485481608,0.03758250954515387,1.0,0.07516501909030773,19.0
EPA Ozone,234,Target Risk (L),Unweighted,0.0005562238444103186,0.0005053943942419717,0.0,0.003043966795217819,96.0
EPA Ozone,234,Target Risk (L),Nominal n,0.00036860287106254283,0.001360834579938437,1.0,0.002721669159876874,96.0
EPA Ozone,234,Target Risk (L),Input neff,0.00036860287106254283,0.005534612799255961,1.0,0.011069225598511923,5.803732937761902
EPA Ozone,234,Target Risk (L),GP neff [Ours],0.00036860287106254283,0.0016621954087562806,1.0,0.003324390817512561,64.34543620021809
EPA Ozone,234,Target Risk (L),Block-Bootstrap,0.00036860287106254283,0.0016276051800203936,1.0,0.0032552103600407872,19.0
EPA Ozone,235,Target Mean (Y),Unweighted,0.0240071026943523,0.00914505828101083,0.0,0.6127718930956803,96.0
EPA Ozone,235,Target Mean (Y),Nominal n,0.01115065711411875,0.035166516880738075,1.0,0.07033303376147615,96.0
EPA Ozone,235,Target Mean (Y),Input neff,0.01115065711411875,0.13659857714797968,1.0,0.27319715429595937,6.362643524730615
EPA Ozone,235,Target Mean (Y),GP neff [Ours],0.01115065711411875,0.09122777426790557,1.0,0.18245554853581114,14.265131672170067
EPA Ozone,235,Target Mean (Y),Block-Bootstrap,0.01115065711411875,0.032206566003118345,1.0,0.06441313200623669,19.0
EPA Ozone,235,Target Risk (L),Unweighted,8.918944061934954e-05,0.0003154947109718448,1.0,0.0006309894219436898,96.0
EPA Ozone,235,Target Risk (L),Nominal n,0.0002772858563937252,0.0009702267788266265,1.0,0.0019404535576532532,96.0
EPA Ozone,235,Target Risk (L),Input neff,0.0002772858563937252,0.003768687070944376,1.0,0.007537374141888752,6.362643524730615
EPA Ozone,235,Target Risk (L),GP neff [Ours],0.0002772858563937252,0.0011897874118153848,1.0,0.00237957482363077,63.83796115236831
EPA Ozone,235,Target Risk (L),Block-Bootstrap,0.0002772858563937252,0.001072018399294866,1.0,0.002144036798589732,19.0
EPA Ozone,236,Target Mean (Y),Unweighted,0.01661126936101895,0.006727813844108613,0.0,0.40879384836463056,96.0
EPA Ozone,236,Target Mean (Y),Nominal n,0.007094134310187128,0.024278782729304497,1.0,0.04855756545860901,96.0
EPA Ozone,236,Target Mean (Y),Input neff,0.007094134310187128,0.07931438855624684,1.0,0.1586287771124937,8.995412618834878
EPA Ozone,236,Target Mean (Y),GP neff [Ours],0.007094134310187128,0.04977775830249566,1.0,0.09955551660499135,22.837806082777224
EPA Ozone,236,Target Mean (Y),Block-Bootstrap,0.007094134310187128,0.02788967607116105,1.0,0.0557793521423221,19.0
EPA Ozone,236,Target Risk (L),Unweighted,0.0009627580640166971,0.00011211061793644627,0.0,0.03425011907908292,96.0
EPA Ozone,236,Target Risk (L),Nominal n,0.0008788387950820875,0.0007072822672183318,0.0,0.008276825648986894,96.0
EPA Ozone,236,Target Risk (L),Input neff,0.0008788387950820875,0.002310563144229966,1.0,0.004621126288459932,8.995412618834878
EPA Ozone,236,Target Risk (L),GP neff [Ours],0.0008788387950820875,0.0022936915701556636,1.0,0.004587383140311327,9.128233389792427
EPA Ozone,236,Target Risk (L),Block-Bootstrap,0.0008788387950820875,0.0009624008554419161,1.0,0.0019248017108838321,19.0
EPA Ozone,237,Target Mean (Y),Unweighted,0.0060383526943523225,0.008212074966526298,1.0,0.01642414993305258,96.0
EPA Ozone,237,Target Mean (Y),Nominal n,0.031620642869651855,0.02226912216922337,0.0,0.4185990723555865,96.0
EPA Ozone,237,Target Mean (Y),Input neff,0.031620642869651855,0.05253654942503876,1.0,0.10507309885007754,17.248619363494807
EPA Ozone,237,Target Mean (Y),GP neff [Ours],0.031620642869651855,0.034676807176184744,1.0,0.06935361435236947,39.59125071801106
EPA Ozone,237,Target Mean (Y),Block-Bootstrap,0.031620642869651855,0.02007550485500932,0.0,0.3775184508174376,19.0
EPA Ozone,237,Target Risk (L),Unweighted,6.467473678011286e-05,0.00034265962701513224,1.0,0.0006853192540302645,96.0
EPA Ozone,237,Target Risk (L),Nominal n,0.0001710694015926639,0.0008160904485449477,1.0,0.0016321808970898954,96.0
EPA Ozone,237,Target Risk (L),Input neff,0.0001710694015926639,0.001925292602891088,1.0,0.003850585205782176,17.248619363494807
EPA Ozone,237,Target Risk (L),GP neff [Ours],0.0001710694015926639,0.0008457889648384836,1.0,0.0016915779296769675,89.3765926607045
EPA Ozone,237,Target Risk (L),Block-Bootstrap,0.0001710694015926639,0.0015344648689721678,1.0,0.0030689297379443356,19.0
EPA Ozone,238,Target Mean (Y),Unweighted,0.009007102694352315,0.009777267929031466,1.0,0.019554535858062938,96.0
EPA Ozone,238,Target Mean (Y),Nominal n,0.002821355992506408,0.024857886904000936,1.0,0.04971577380800185,96.0
EPA Ozone,238,Target Mean (Y),Input neff,0.002821355992506408,0.03453875712534317,1.0,0.06907751425068631,49.72631052519626
EPA Ozone,238,Target Mean (Y),GP neff [Ours],0.002821355992506408,0.02509801580251833,1.0,0.05019603160503666,94.17180003593128
EPA Ozone,238,Target Mean (Y),Block-Bootstrap,0.002821355992506408,0.034855791472732364,1.0,0.06971158294546473,19.0
EPA Ozone,238,Target Risk (L),Unweighted,0.0011842053474719835,0.00061116091458801,0.0,0.024144099144534963,96.0
EPA Ozone,238,Target Risk (L),Nominal n,6.790496066099382e-05,0.0006982450754627922,1.0,0.0013964901509255841,96.0
EPA Ozone,238,Target Risk (L),Input neff,6.790496066099382e-05,0.0009701756697386325,1.0,0.0019403513394772648,49.72631052519626
EPA Ozone,238,Target Risk (L),GP neff [Ours],6.790496066099382e-05,0.0007049901709535552,1.0,0.0014099803419071102,94.17180003593128
EPA Ozone,238,Target Risk (L),Block-Bootstrap,6.790496066099382e-05,0.0007364326829869258,1.0,0.0014728653659738516,19.0
EPA Ozone,239,Target Mean (Y),Unweighted,0.027711647305647708,0.010418229417862537,0.0,0.7125731743471324,96.0
EPA Ozone,239,Target Mean (Y),Nominal n,0.013617201473931279,0.04491898349840365,1.0,0.08983796699680732,96.0
EPA Ozone,239,Target Mean (Y),Input neff,0.013617201473931279,0.14439459830474305,1.0,0.2887891966094861,9.290288029472096
EPA Ozone,239,Target Mean (Y),GP neff [Ours],0.013617201473931279,0.09762546444958303,1.0,0.19525092889916607,20.323796911158045
EPA Ozone,239,Target Mean (Y),Block-Bootstrap,0.013617201473931279,0.0470665217121838,1.0,0.0941330434243676,19.0
EPA Ozone,239,Target Risk (L),Unweighted,0.0003446017847749756,0.0004998786168317371,1.0,0.0009997572336634744,96.0
EPA Ozone,239,Target Risk (L),Nominal n,0.0007952416664316496,0.001449771687414214,1.0,0.002899543374828428,96.0
EPA Ozone,239,Target Risk (L),Input neff,0.0007952416664316496,0.0046603726116198636,1.0,0.009320745223239727,9.290288029472096
EPA Ozone,239,Target Risk (L),GP neff [Ours],0.0007952416664316496,0.0025559202894728846,1.0,0.005111840578945769,30.887008693674325
EPA Ozone,239,Target Risk (L),Block-Bootstrap,0.0007952416664316496,0.0007926115978058137,1.0,0.0015852231956116273,19.0
EPA Ozone,240,Target Mean (Y),Unweighted,0.035211647305647686,0.007693675050466049,0.0,1.1161062403081972,96.0
EPA Ozone,240,Target Mean (Y),Nominal n,0.012812944037797147,0.028614734442467232,1.0,0.057229468884934465,96.0
EPA Ozone,240,Target Mean (Y),Input neff,0.012812944037797147,0.08825129477809199,1.0,0.17650258955618398,10.092726415790167
EPA Ozone,240,Target Mean (Y),GP neff [Ours],0.012812944037797147,0.07078804687688948,1.0,0.14157609375377894,15.686671901350664
EPA Ozone,240,Target Mean (Y),Block-Bootstrap,0.012812944037797147,0.022499999999999992,1.0,0.044999999999999984,19.0
EPA Ozone,240,Target Risk (L),Unweighted,0.0005314714897838153,0.0002627684492443846,0.0,0.011273658520065996,96.0
EPA Ozone,240,Target Risk (L),Nominal n,0.001167209282608422,0.00022075493251756274,0.0,0.03829968386866949,96.0
EPA Ozone,240,Target Risk (L),Input neff,0.001167209282608422,0.0006808348566887995,0.0,0.020816646750162496,10.092726415790167
EPA Ozone,240,Target Risk (L),GP neff [Ours],0.001167209282608422,0.00023941995139014466,0.0,0.037590413151511376,81.6152638183508
EPA Ozone,240,Target Risk (L),Block-Bootstrap,0.001167209282608422,0.0007335228594049813,1.0,0.0014670457188099627,19.0
EPA Ozone,241,Target Mean (Y),Unweighted,0.024215436027685666,0.007204318775473523,0.0,0.6948533276394324,96.0
EPA Ozone,241,Target Mean (Y),Nominal n,0.0021558626005099835,0.038993956525449555,1.0,0.07798791305089908,96.0
EPA Ozone,241,Target Mean (Y),Input neff,0.0021558626005099835,0.10096413662525455,1.0,0.20192827325050913,14.31962245352614
EPA Ozone,241,Target Mean (Y),GP neff [Ours],0.0021558626005099835,0.04011692260852278,1.0,0.08023384521704555,90.70069565907185
EPA Ozone,241,Target Mean (Y),Block-Bootstrap,0.0021558626005099835,0.059999999999987175,1.0,0.11999999999997435,19.0
EPA Ozone,241,Target Risk (L),Unweighted,0.0005048299961932087,0.0004362120012724561,0.0,0.003617143799375014,96.0
EPA Ozone,241,Target Risk (L),Nominal n,0.0007887189103931112,0.00040298248236801773,0.0,0.016235422085739776,96.0
EPA Ozone,241,Target Risk (L),Input neff,0.0007887189103931112,0.0010434124165070143,1.0,0.0020868248330140286,14.31962245352614
EPA Ozone,241,Target Risk (L),GP neff [Ours],0.0007887189103931112,0.0004145877591876856,0.0,0.015794421566592394,90.70069565907185
EPA Ozone,241,Target Risk (L),Block-Bootstrap,0.0007887189103931112,0.0006139634799635028,1.0,0.0012279269599270056,19.0
EPA Ozone,242,Target Mean (Y),Unweighted,0.004423769361018959,0.010624552465204913,1.0,0.021249104930409823,96.0
EPA Ozone,242,Target Mean (Y),Nominal n,0.012722348921694243,0.033822716384618055,1.0,0.0676454327692361,96.0
EPA Ozone,242,Target Mean (Y),Input neff,0.012722348921694243,0.10920999517724281,1.0,0.21841999035448564,9.207960020843736
EPA Ozone,242,Target Mean (Y),GP neff [Ours],0.012722348921694243,0.09518731514089417,1.0,0.19037463028178836,12.120765424955893
EPA Ozone,242,Target Mean (Y),Block-Bootstrap,0.012722348921694243,0.03511063119701319,1.0,0.07022126239402637,19.0
EPA Ozone,242,Target Risk (L),Unweighted,0.0005207523693060567,0.00022603182769533384,0.0,0.012240885319819584,96.0
EPA Ozone,242,Target Risk (L),Nominal n,0.0003699951659527328,0.0006939251940742184,1.0,0.0013878503881484365,96.0
EPA Ozone,242,Target Risk (L),Input neff,0.0003699951659527328,0.0022406114942523547,1.0,0.0044812229885047095,9.207960020843736
EPA Ozone,242,Target Risk (L),GP neff [Ours],0.0003699951659527328,0.0014146787239820507,1.0,0.002829357447964102,23.098346932623905
EPA Ozone,242,Target Risk (L),Block-Bootstrap,0.0003699951659527328,0.0007149094244603844,1.0,0.0014298188489207688,19.0
EPA Ozone,243,Target Mean (Y),Unweighted,0.015100852694352324,0.009853225345418744,0.0,0.22961154464818073,96.0
EPA Ozone,243,Target Mean (Y),Nominal n,0.014341420687226547,0.02839141669124171,1.0,0.05678283338248341,96.0
EPA Ozone,243,Target Mean (Y),Input neff,0.014341420687226547,0.08831266354743122,1.0,0.17662532709486242,9.922003904097796
EPA Ozone,243,Target Mean (Y),GP neff [Ours],0.014341420687226547,0.07179012569579298,1.0,0.14358025139158598,15.014674894321011
EPA Ozone,243,Target Mean (Y),Block-Bootstrap,0.014341420687226547,0.036870012549245115,1.0,0.07374002509849023,19.0
EPA Ozone,243,Target Risk (L),Unweighted,0.00013494338079855653,0.0004896276151408725,1.0,0.0009792552302817447,96.0
EPA Ozone,243,Target Risk (L),Nominal n,0.0007933287557771492,0.0003969947038131854,0.0,0.016647351486184927,96.0
EPA Ozone,243,Target Risk (L),Input neff,0.0007933287557771492,0.001234868273367327,1.0,0.002469736546734654,9.922003904097796
EPA Ozone,243,Target Risk (L),GP neff [Ours],0.0007933287557771492,0.0004317351102846763,0.0,0.01532721604026827,81.17193931795055
EPA Ozone,243,Target Risk (L),Block-Bootstrap,0.0007933287557771492,0.00038499328838618427,0.0,0.024275308824636282,19.0
EPA Ozone,244,Target Mean (Y),Unweighted,0.02963210269435229,0.006697418489835994,0.0,0.9307822051603241,96.0
EPA Ozone,244,Target Mean (Y),Nominal n,0.025000896672975642,0.012326665310307723,0.0,0.5316225851273326,96.0
EPA Ozone,244,Target Mean (Y),Input neff,0.025000896672975642,0.027647988637863476,1.0,0.05529597727572694,19.082503777585597
EPA Ozone,244,Target Mean (Y),GP neff [Ours],0.025000896672975642,0.01956626350795916,0.0,0.2565178536165781,38.1019011104421
EPA Ozone,244,Target Mean (Y),Block-Bootstrap,0.025000896672975642,0.013225531883190575,0.0,0.5758928136121405,19.0
EPA Ozone,244,Target Risk (L),Unweighted,0.0009081056169922453,0.0001691030616407697,0.0,0.02989830833734056,96.0
EPA Ozone,244,Target Risk (L),Nominal n,0.001006887063435522,0.0003332678640821647,0.0,0.02761130370229862,96.0
EPA Ozone,244,Target Risk (L),Input neff,0.001006887063435522,0.000747500308279133,0.0,0.011870470822813823,19.082503777585597
EPA Ozone,244,Target Risk (L),GP neff [Ours],0.001006887063435522,0.0006041074799345831,0.0,0.017319398299906728,29.21660055752607
EPA Ozone,244,Target Risk (L),Block-Bootstrap,0.001006887063435522,0.00035813374284643894,0.0,0.024722369334429378,19.0
EPA Ozone,245,Target Mean (Y),Unweighted,0.0573470639723144,0.008062406712706605,0.0,1.9875111038097257,96.0
EPA Ozone,245,Target Mean (Y),Nominal n,0.07687645707497545,0.03707769603143606,0.0,1.6661058338044474,96.0
EPA Ozone,245,Target Mean (Y),Input neff,0.07687645707497545,0.13114139480879036,1.0,0.26228278961758067,7.673917316267557
EPA Ozone,245,Target Mean (Y),GP neff [Ours],0.07687645707497545,0.10625862217306933,1.0,0.21251724434613864,11.688757589895278
EPA Ozone,245,Target Mean (Y),Block-Bootstrap,0.07687645707497545,0.05006644081462293,0.0,0.8982989818822208,19.0
EPA Ozone,245,Target Risk (L),Unweighted,0.00010042844028176727,0.0005112135364298848,1.0,0.0010224270728597694,96.0
EPA Ozone,245,Target Risk (L),Nominal n,0.002805484836965407,0.002238137081624621,0.0,0.02717018437688068,96.0
EPA Ozone,245,Target Risk (L),Input neff,0.002805484836965407,0.007916145016364442,1.0,0.015832290032728884,7.673917316267557
EPA Ozone,245,Target Risk (L),GP neff [Ours],0.002805484836965407,0.00412617122416491,1.0,0.00825234244832982,28.245554600881743
EPA Ozone,245,Target Risk (L),Block-Bootstrap,0.002805484836965407,0.003143255623682634,1.0,0.006286511247365268,19.0
EPA Ozone,246,Target Mean (Y),Unweighted,0.021357480638981047,0.01080080362371841,0.0,0.44386868785794237,96.0
EPA Ozone,246,Target Mean (Y),Nominal n,0.0016529460558516174,0.043394634843228204,1.0,0.0867892696864564,96.0
EPA Ozone,246,Target Mean (Y),Input neff,0.0016529460558516174,0.11611092804478654,1.0,0.2322218560895731,13.409022420198005
EPA Ozone,246,Target Mean (Y),GP neff [Ours],0.0016529460558516174,0.07447396535989137,1.0,0.14894793071978274,32.593751689660216
EPA Ozone,246,Target Mean (Y),Block-Bootstrap,0.0016529460558516174,0.05459828118680213,1.0,0.10919656237360426,19.0
EPA Ozone,246,Target Risk (L),Unweighted,0.0005190257024704817,0.000436380293769433,0.0,0.004178576935580818,96.0
EPA Ozone,246,Target Risk (L),Nominal n,0.0015908253446762124,0.0019419986250118365,1.0,0.0038839972500236733,96.0
EPA Ozone,246,Target Risk (L),Input neff,0.0015908253446762124,0.0051962014066126265,1.0,0.010392402813225253,13.409022420198005
EPA Ozone,246,Target Risk (L),GP neff [Ours],0.0015908253446762124,0.0034355980087160945,1.0,0.006871196017432189,30.67357419598622
EPA Ozone,246,Target Risk (L),Block-Bootstrap,0.0015908253446762124,0.002142732029162369,0.0,0.02077163370272133,19.0
EPA Ozone,247,Target Mean (Y),Unweighted,0.05416998063898107,0.01023106722973497,0.0,1.778018670829313,96.0
EPA Ozone,247,Target Mean (Y),Nominal n,0.0033728749949413495,0.045547339669869145,1.0,0.09109467933973828,96.0
EPA Ozone,247,Target Mean (Y),Input neff,0.0033728749949413495,0.08048092703875327,1.0,0.16096185407750652,30.747607179673977
EPA Ozone,247,Target Mean (Y),GP neff [Ours],0.0033728749949413495,0.08234780675039167,1.0,0.16469561350078332,29.369272661819604
EPA Ozone,247,Target Mean (Y),Block-Bootstrap,0.0033728749949413495,0.061339440150985,1.0,0.12267888030197,19.0
EPA Ozone,247,Target Risk (L),Unweighted,0.0021285076943046103,0.0006579923961424048,0.0,0.06013659671877303,96.0
EPA Ozone,247,Target Risk (L),Nominal n,0.00012554849717463508,0.000695033748136725,1.0,0.0013900674962734503,96.0
EPA Ozone,247,Target Risk (L),Input neff,0.00012554849717463508,0.0012281059833285253,1.0,0.0024562119666570502,30.747607179673977
EPA Ozone,247,Target Risk (L),GP neff [Ours],0.00012554849717463508,0.0007259115894895437,1.0,0.0014518231789790873,88.00666387702209
EPA Ozone,247,Target Risk (L),Block-Bootstrap,0.00012554849717463508,0.0006698478460781967,1.0,0.0013396956921563933,19.0
EPA Ozone,248,Target Mean (Y),Unweighted,0.011871686027685624,0.011170243331036323,0.0,0.05039819452804428,96.0
EPA Ozone,248,Target Mean (Y),Nominal n,0.027360377852205048,0.05081537165609075,1.0,0.10163074331218147,96.0
EPA Ozone,248,Target Mean (Y),Input neff,0.027360377852205048,0.20629407250316678,1.0,0.41258814500633356,5.82489292845427
EPA Ozone,248,Target Mean (Y),GP neff [Ours],0.027360377852205048,0.14876241669980814,1.0,0.2975248333996162,11.20146936831855
EPA Ozone,248,Target Mean (Y),Block-Bootstrap,0.027360377852205048,0.06706481365911862,1.0,0.13412962731823724,19.0
EPA Ozone,248,Target Risk (L),Unweighted,0.00017727973220413112,0.0005562862323454015,1.0,0.0011125724646908032,96.0
EPA Ozone,248,Target Risk (L),Nominal n,0.0020167964749415483,0.0025831204866574317,1.0,0.0051662409733148635,96.0
EPA Ozone,248,Target Risk (L),Input neff,0.0020167964749415483,0.01048663873926527,1.0,0.02097327747853054,5.82489292845427
EPA Ozone,248,Target Risk (L),GP neff [Ours],0.0020167964749415483,0.0063398416525237465,1.0,0.012679683305047493,15.936896015928989
EPA Ozone,248,Target Risk (L),Block-Bootstrap,0.0020167964749415483,0.0018019389508027416,0.0,0.012590179519401216,19.0
EPA Ozone,249,Target Mean (Y),Unweighted,0.027190813972314376,0.010113329856653233,0.0,0.7033260243397526,96.0
EPA Ozone,249,Target Mean (Y),Nominal n,0.01959289643819187,0.023348689906545966,1.0,0.04669737981309194,96.0
EPA Ozone,249,Target Mean (Y),Input neff,0.01959289643819187,0.08359819160933078,1.0,0.1671963832186616,7.488632216239468
EPA Ozone,249,Target Mean (Y),GP neff [Ours],0.01959289643819187,0.052215494636589976,1.0,0.10443098927317995,19.195413629876622
EPA Ozone,249,Target Mean (Y),Block-Bootstrap,0.01959289643819187,0.037024678974222666,1.0,0.07404935794844533,19.0
EPA Ozone,249,Target Risk (L),Unweighted,0.000430248773416931,0.00047155988479621126,1.0,0.0009431197695924224,96.0
EPA Ozone,249,Target Risk (L),Nominal n,0.0010107429412566286,0.00023828310569448842,0.0,0.03137495963387458,96.0
EPA Ozone,249,Target Risk (L),Input neff,0.0010107429412566286,0.0008531543656986743,0.0,0.008009851753715522,7.488632216239468
EPA Ozone,249,Target Risk (L),GP neff [Ours],0.0010107429412566286,0.00040179966114498034,0.0,0.02516133052675589,33.762811535773196
EPA Ozone,249,Target Risk (L),Block-Bootstrap,0.0010107429412566286,0.00031851574208815786,0.0,0.025963894154114764,19.0
