dataset,task_id,estimand,method,estimate,true_target,absolute_error,coverage,half_width,nominal_ess,adjusted_ess,max_weight,sum_squared_weights,zero_weight_fraction,upper_bound_fraction,mmd2_after,dependence_variance_ratio,dependence_bandwidth,n_source,n_target,source_domain,target_domain,bandwidth,mmd2_before,kmm_projected_residual,solver_objective_relative_difference,kmm_iterations,regime,replicate
PM25,Aotizhongxin_Q1,mean,Unweighted,0.176787468487314,0.1430054877993483,0.0337819806879657,0,0.0265447485532227,90.0,90.0,1.0,90.0,0.0,0.0,0.0318721364165701,1.085766193139743,14.0,90,91,Aotizhongxin,Aotizhongxin,4.091535215559279,0.0318721364165701,8.93556186192121e-08,2.225244259258595e-10,3201,temporal_2015_2016,0
PM25,Aotizhongxin_Q1,mean,Logistic IW,0.1436865225321665,0.1430054877993483,0.0006810347328182,1,0.0336788302461555,45.38913276033407,45.38913276033407,5.133428383067544,152.29304338495373,0.0,0.0,0.0098162764744456,1.3378261519820362,14.0,90,91,Aotizhongxin,Aotizhongxin,4.091535215559279,0.0318721364165701,8.93556186192121e-08,2.225244259258595e-10,3201,temporal_2015_2016,0
PM25,Aotizhongxin_Q1,mean,KMM,0.1539712369490422,0.1430054877993483,0.0109657491496939,1,0.0691980313439403,19.828483736538388,19.828483736538388,10.0,408.5032475314263,0.6222222222222222,0.0111111111111111,0.0016398789137745,1.0427628820110688,14.0,90,91,Aotizhongxin,Aotizhongxin,4.091535215559279,0.0318721364165701,8.93556186192121e-08,2.225244259258595e-10,3201,temporal_2015_2016,0
PM25,Aotizhongxin_Q1,mean,KMM + dependence,0.1539712369490422,0.1430054877993483,0.0109657491496939,1,0.0706620968985202,19.828483736538388,19.015333282958103,10.0,408.5032475314263,0.6222222222222222,0.0111111111111111,0.0016398789137745,1.0427628820110688,14.0,90,91,Aotizhongxin,Aotizhongxin,4.091535215559279,0.0318721364165701,8.93556186192121e-08,2.225244259258595e-10,3201,temporal_2015_2016,0
PM25,Aotizhongxin_Q1,risk,Unweighted,0.0023639406674124,0.0025567949129328,0.0001928542455203,1,0.0009293170113227,90.0,90.0,1.0,90.0,0.0,0.0,0.0318721364165701,1.6372242598716102,14.0,90,91,Aotizhongxin,Aotizhongxin,4.091535215559279,0.0318721364165701,8.93556186192121e-08,2.225244259258595e-10,3201,temporal_2015_2016,0
PM25,Aotizhongxin_Q1,risk,Logistic IW,0.0019880141348643,0.0025567949129328,0.0005687807780684,1,0.0008790164515028,45.38913276033407,45.38913276033407,5.133428383067544,152.29304338495373,0.0,0.0,0.0098162764744456,1.4339321047032043,14.0,90,91,Aotizhongxin,Aotizhongxin,4.091535215559279,0.0318721364165701,8.93556186192121e-08,2.225244259258595e-10,3201,temporal_2015_2016,0
PM25,Aotizhongxin_Q1,risk,KMM,0.0021433896840088,0.0025567949129328,0.0004134052289239,1,0.0014731562911153,19.828483736538388,19.828483736538388,10.0,408.5032475314263,0.6222222222222222,0.0111111111111111,0.0016398789137745,0.7144934139410931,14.0,90,91,Aotizhongxin,Aotizhongxin,4.091535215559279,0.0318721364165701,8.93556186192121e-08,2.225244259258595e-10,3201,temporal_2015_2016,0
PM25,Aotizhongxin_Q1,risk,KMM + dependence,0.0021433896840088,0.0025567949129328,0.0004134052289239,1,0.0014731562911153,19.828483736538388,19.828483736538388,10.0,408.5032475314263,0.6222222222222222,0.0111111111111111,0.0016398789137745,0.7144934139410931,14.0,90,91,Aotizhongxin,Aotizhongxin,4.091535215559279,0.0318721364165701,8.93556186192121e-08,2.225244259258595e-10,3201,temporal_2015_2016,0
PM25,Aotizhongxin_Q2,mean,Unweighted,0.1306271122404571,0.1190144140379448,0.0116126982025123,1,0.0176030016721408,91.0,91.0,1.0,91.0,0.0,0.0,0.0455433837562802,2.268322897308937,14.0,91,91,Aotizhongxin,Aotizhongxin,4.209645495141374,0.0455433837562802,9.658142905937345e-08,,4101,temporal_2015_2016,0
PM25,Aotizhongxin_Q2,mean,Logistic IW,0.0864035576815101,0.1190144140379448,0.0326108563564346,0,0.0231720797648656,27.81992528294366,27.81992528294366,2.976647819992204,50.815400517324086,0.0,0.0,0.0151081796110044,1.896110686935602,14.0,91,91,Aotizhongxin,Aotizhongxin,4.209645495141374,0.0455433837562802,9.658142905937345e-08,,4101,temporal_2015_2016,0
PM25,Aotizhongxin_Q2,mean,KMM,0.1059307898536167,0.1190144140379448,0.0130836241843281,1,0.0394038974839658,14.063079652868865,14.063079652868865,10.0,588.8468389860245,0.7142857142857143,0.0109890109890109,0.0081554441738989,1.2173866123041497,14.0,91,91,Aotizhongxin,Aotizhongxin,4.209645495141374,0.0455433837562802,9.658142905937345e-08,,4101,temporal_2015_2016,0
PM25,Aotizhongxin_Q2,mean,KMM + dependence,0.1059307898536167,0.1190144140379448,0.0130836241843281,1,0.0434763865317646,14.063079652868865,11.551859952075253,10.0,588.8468389860245,0.7142857142857143,0.0109890109890109,0.0081554441738989,1.2173866123041497,14.0,91,91,Aotizhongxin,Aotizhongxin,4.209645495141374,0.0455433837562802,9.658142905937345e-08,,4101,temporal_2015_2016,0
PM25,Aotizhongxin_Q2,risk,Unweighted,0.0054370831668372,0.0013501417158811,0.004086941450956,0,0.0030738927936003,91.0,91.0,1.0,91.0,0.0,0.0,0.0455433837562802,2.5143748713248284,14.0,91,91,Aotizhongxin,Aotizhongxin,4.209645495141374,0.0455433837562802,9.658142905937345e-08,,4101,temporal_2015_2016,0
PM25,Aotizhongxin_Q2,risk,Logistic IW,0.0041547066918286,0.0013501417158811,0.0028045649759474,1,0.0037394620633825,27.81992528294366,27.81992528294366,2.976647819992204,50.815400517324086,0.0,0.0,0.0151081796110044,1.4177044072071696,14.0,91,91,Aotizhongxin,Aotizhongxin,4.209645495141374,0.0455433837562802,9.658142905937345e-08,,4101,temporal_2015_2016,0
PM25,Aotizhongxin_Q2,risk,KMM,0.0045873080237306,0.0013501417158811,0.0032371663078494,1,0.00435484776548,14.063079652868865,14.063079652868865,10.0,588.8468389860245,0.7142857142857143,0.0109890109890109,0.0081554441738989,0.9212055874196096,14.0,91,91,Aotizhongxin,Aotizhongxin,4.209645495141374,0.0455433837562802,9.658142905937345e-08,,4101,temporal_2015_2016,0
PM25,Aotizhongxin_Q2,risk,KMM + dependence,0.0045873080237306,0.0013501417158811,0.0032371663078494,1,0.00435484776548,14.063079652868865,14.06307965286886,10.0,588.8468389860245,0.7142857142857143,0.0109890109890109,0.0081554441738989,0.9212055874196096,14.0,91,91,Aotizhongxin,Aotizhongxin,4.209645495141374,0.0455433837562802,9.658142905937345e-08,,4101,temporal_2015_2016,0
PM25,Aotizhongxin_Q3,mean,Unweighted,0.1107060750938611,0.1156710255914532,0.0049649504975921,1,0.0153862307725567,92.0,92.0,1.0,92.0,0.0,0.0,0.0384257230286211,3.665500662782027,14.0,92,92,Aotizhongxin,Aotizhongxin,4.071297893190333,0.0384257230286211,4.572263436519924e-08,,3651,temporal_2015_2016,0
PM25,Aotizhongxin_Q3,mean,Logistic IW,0.0642762095714324,0.1156710255914532,0.0513948160200208,0,0.0162086223641577,28.56610379567796,28.56610379567796,7.23251555897991,179.9546022826883,0.0,0.0,0.0339093879913874,4.637512140027151,14.0,92,92,Aotizhongxin,Aotizhongxin,4.071297893190333,0.0384257230286211,4.572263436519924e-08,,3651,temporal_2015_2016,0
PM25,Aotizhongxin_Q3,mean,KMM,0.0902243459550677,0.1156710255914532,0.0254466796363855,1,0.0352492666075633,15.123153315443144,15.123153315443144,10.0,559.671638808079,0.6956521739130435,0.0217391304347826,0.005522207475771,2.0125122912239903,14.0,92,92,Aotizhongxin,Aotizhongxin,4.071297893190333,0.0384257230286211,4.572263436519924e-08,,3651,temporal_2015_2016,0
PM25,Aotizhongxin_Q3,mean,KMM + dependence,0.0902243459550677,0.1156710255914532,0.0254466796363855,1,0.0500056821738821,15.123153315443144,7.514564448322146,10.0,559.671638808079,0.6956521739130435,0.0217391304347826,0.005522207475771,2.0125122912239903,14.0,92,92,Aotizhongxin,Aotizhongxin,4.071297893190333,0.0384257230286211,4.572263436519924e-08,,3651,temporal_2015_2016,0
PM25,Aotizhongxin_Q3,risk,Unweighted,0.0015555130647344,0.0022498238824279,0.0006943108176934,0,0.000510351570532,92.0,92.0,1.0,92.0,0.0,0.0,0.0384257230286211,1.0631101895477018,14.0,92,92,Aotizhongxin,Aotizhongxin,4.071297893190333,0.0384257230286211,4.572263436519924e-08,,3651,temporal_2015_2016,0
PM25,Aotizhongxin_Q3,risk,Logistic IW,0.001156813250088,0.0022498238824279,0.0010930106323398,0,0.0004898887100624,28.56610379567796,28.56610379567796,7.23251555897991,179.9546022826883,0.0,0.0,0.0339093879913874,1.3495299601498525,14.0,92,92,Aotizhongxin,Aotizhongxin,4.071297893190333,0.0384257230286211,4.572263436519924e-08,,3651,temporal_2015_2016,0
PM25,Aotizhongxin_Q3,risk,KMM,0.0015992465150662,0.0022498238824279,0.0006505773673616,0,0.0006161742017219,15.123153315443144,15.123153315443144,10.0,559.671638808079,0.6956521739130435,0.0217391304347826,0.005522207475771,1.1238909948923843,14.0,92,92,Aotizhongxin,Aotizhongxin,4.071297893190333,0.0384257230286211,4.572263436519924e-08,,3651,temporal_2015_2016,0
PM25,Aotizhongxin_Q3,risk,KMM + dependence,0.0015992465150662,0.0022498238824279,0.0006505773673616,1,0.000653229225494,15.123153315443144,13.456067700668092,10.0,559.671638808079,0.6956521739130435,0.0217391304347826,0.005522207475771,1.1238909948923843,14.0,92,92,Aotizhongxin,Aotizhongxin,4.071297893190333,0.0384257230286211,4.572263436519924e-08,,3651,temporal_2015_2016,0
PM25,Aotizhongxin_Q4,mean,Unweighted,0.2361129852740202,0.2121719976227301,0.0239409876512901,1,0.0453972275319427,92.0,92.0,1.0,92.0,0.0,0.0,0.0176128736436262,1.7942655217741768,14.0,92,92,Aotizhongxin,Aotizhongxin,4.166199337917526,0.0176128736436262,9.94926846222368e-08,,4851,temporal_2015_2016,0
PM25,Aotizhongxin_Q4,mean,Logistic IW,0.149745214966684,0.2121719976227301,0.062426782656046,0,0.0284716989070376,47.06179834739375,47.06179834739375,4.206694874571826,142.72817589454004,0.0,0.0,0.0100904808024839,2.6927863374133145,14.0,92,92,Aotizhongxin,Aotizhongxin,4.166199337917526,0.0176128736436262,9.94926846222368e-08,,4851,temporal_2015_2016,0
PM25,Aotizhongxin_Q4,mean,KMM,0.1911861301906899,0.2121719976227301,0.0209858674320402,1,0.0752487337755227,15.945130166940562,15.945130166940562,10.0,530.8203765904345,0.717391304347826,0.0217391304347826,0.0017755064396534,1.3149055677721018,14.0,92,92,Aotizhongxin,Aotizhongxin,4.166199337917526,0.0176128736436262,9.94926846222368e-08,,4851,temporal_2015_2016,0
PM25,Aotizhongxin_Q4,mean,KMM + dependence,0.1911861301906899,0.2121719976227301,0.0209858674320402,1,0.0862872202813988,15.945130166940562,12.126445090621257,10.0,530.8203765904345,0.717391304347826,0.0217391304347826,0.0017755064396534,1.3149055677721018,14.0,92,92,Aotizhongxin,Aotizhongxin,4.166199337917526,0.0176128736436262,9.94926846222368e-08,,4851,temporal_2015_2016,0
PM25,Aotizhongxin_Q4,risk,Unweighted,0.0115489109044989,0.0049074548876133,0.0066414560168856,0,0.0059773545890242,92.0,92.0,1.0,92.0,0.0,0.0,0.0176128736436262,0.6701517858532389,14.0,92,92,Aotizhongxin,Aotizhongxin,4.166199337917526,0.0176128736436262,9.94926846222368e-08,,4851,temporal_2015_2016,0
PM25,Aotizhongxin_Q4,risk,Logistic IW,0.0066087431255691,0.0049074548876133,0.0017012882379557,1,0.003020073586736,47.06179834739375,47.06179834739375,4.206694874571826,142.72817589454004,0.0,0.0,0.0100904808024839,0.4942699475557338,14.0,92,92,Aotizhongxin,Aotizhongxin,4.166199337917526,0.0176128736436262,9.94926846222368e-08,,4851,temporal_2015_2016,0
PM25,Aotizhongxin_Q4,risk,KMM,0.0108957468434293,0.0049074548876133,0.0059882919558159,1,0.0097853931717611,15.945130166940562,15.945130166940562,10.0,530.8203765904345,0.717391304347826,0.0217391304347826,0.0017755064396534,0.7360024833149282,14.0,92,92,Aotizhongxin,Aotizhongxin,4.166199337917526,0.0176128736436262,9.94926846222368e-08,,4851,temporal_2015_2016,0
PM25,Aotizhongxin_Q4,risk,KMM + dependence,0.0108957468434293,0.0049074548876133,0.0059882919558159,1,0.0097853931717611,15.945130166940562,15.945130166940562,10.0,530.8203765904345,0.717391304347826,0.0217391304347826,0.0017755064396534,0.7360024833149282,14.0,92,92,Aotizhongxin,Aotizhongxin,4.166199337917526,0.0176128736436262,9.94926846222368e-08,,4851,temporal_2015_2016,0
PM25,Changping_Q1,mean,Unweighted,0.174749074229789,0.1107160851570789,0.06403298907271,0,0.0280997981001943,90.0,90.0,1.0,90.0,0.0,0.0,0.0410234762978687,1.1064818159520151,14.0,90,91,Changping,Changping,4.068694688857982,0.0410234762978687,9.960114703293797e-08,,4001,temporal_2015_2016,0
PM25,Changping_Q1,mean,Logistic IW,0.1617367746078914,0.1107160851570789,0.0510206894508124,0,0.0478261537997125,23.176381077994037,23.176381077994037,5.559328123769969,87.61669950084845,0.0,0.0,0.0123973363584222,0.8279568155829553,14.0,90,91,Changping,Changping,4.068694688857982,0.0410234762978687,9.960114703293797e-08,,4001,temporal_2015_2016,0
PM25,Changping_Q1,mean,KMM,0.1547898023356686,0.1107160851570789,0.0440737171785896,1,0.055129565553524,14.359507855825187,14.359507855825187,10.0,564.0861846608112,0.7111111111111111,0.0222222222222222,0.0049652621399396,0.5669884963671064,14.0,90,91,Changping,Changping,4.068694688857982,0.0410234762978687,9.960114703293797e-08,,4001,temporal_2015_2016,0
PM25,Changping_Q1,mean,KMM + dependence,0.1547898023356686,0.1107160851570789,0.0440737171785896,1,0.055129565553524,14.359507855825187,14.359507855825187,10.0,564.0861846608112,0.7111111111111111,0.0222222222222222,0.0049652621399396,0.5669884963671064,14.0,90,91,Changping,Changping,4.068694688857982,0.0410234762978687,9.960114703293797e-08,,4001,temporal_2015_2016,0
PM25,Changping_Q1,risk,Unweighted,0.0029843542021069,0.001031626253622,0.0019527279484848,0,0.0017348054371136,90.0,90.0,1.0,90.0,0.0,0.0,0.0410234762978687,0.8053810575879149,14.0,90,91,Changping,Changping,4.068694688857982,0.0410234762978687,9.960114703293797e-08,,4001,temporal_2015_2016,0
PM25,Changping_Q1,risk,Logistic IW,0.0021685723037969,0.001031626253622,0.0011369460501748,1,0.0015048423062359,23.176381077994037,23.176381077994037,5.559328123769969,87.61669950084845,0.0,0.0,0.0123973363584222,0.5675588730348776,14.0,90,91,Changping,Changping,4.068694688857982,0.0410234762978687,9.960114703293797e-08,,4001,temporal_2015_2016,0
PM25,Changping_Q1,risk,KMM,0.0028518187062246,0.001031626253622,0.0018201924526026,1,0.0021061344273056,14.359507855825187,14.359507855825187,10.0,564.0861846608112,0.7111111111111111,0.0222222222222222,0.0049652621399396,0.5656324208640383,14.0,90,91,Changping,Changping,4.068694688857982,0.0410234762978687,9.960114703293797e-08,,4001,temporal_2015_2016,0
PM25,Changping_Q1,risk,KMM + dependence,0.0028518187062246,0.001031626253622,0.0018201924526026,1,0.0021061344273056,14.359507855825187,14.359507855825187,10.0,564.0861846608112,0.7111111111111111,0.0222222222222222,0.0049652621399396,0.5656324208640383,14.0,90,91,Changping,Changping,4.068694688857982,0.0410234762978687,9.960114703293797e-08,,4001,temporal_2015_2016,0
PM25,Changping_Q2,mean,Unweighted,0.114690725147868,0.1070488360936219,0.007641889054246,1,0.0165451460203415,91.0,91.0,1.0,91.0,0.0,0.0,0.0134838668336549,2.006876640775558,14.0,91,91,Changping,Changping,4.234546261414418,0.0134838668336549,9.970000162102166e-08,,4601,temporal_2015_2016,0
PM25,Changping_Q2,mean,Logistic IW,0.1128998401369278,0.1070488360936219,0.0058510040433059,1,0.0230164286629611,43.92694992989339,43.92694992989339,6.029311284637215,162.15202720899526,0.0,0.0,0.0063287217829433,2.0527788560068494,14.0,91,91,Changping,Changping,4.234546261414418,0.0134838668336549,9.970000162102166e-08,,4601,temporal_2015_2016,0
PM25,Changping_Q2,mean,KMM,0.1122521586220263,0.1070488360936219,0.0052033225284043,1,0.0276968197634182,19.45767323663416,19.45767323663416,9.876187438815226,425.5904546906039,0.5824175824175825,0.0,0.0010235643279368,1.318200599982437,14.0,91,91,Changping,Changping,4.234546261414418,0.0134838668336549,9.970000162102166e-08,,4601,temporal_2015_2016,0
PM25,Changping_Q2,mean,KMM + dependence,0.1122521586220263,0.1070488360936219,0.0052033225284043,1,0.0317995267948976,19.45767323663416,14.760783174346452,9.876187438815226,425.5904546906039,0.5824175824175825,0.0,0.0010235643279368,1.318200599982437,14.0,91,91,Changping,Changping,4.234546261414418,0.0134838668336549,9.970000162102166e-08,,4601,temporal_2015_2016,0
PM25,Changping_Q2,risk,Unweighted,0.0028336694587024,0.001684596035176,0.0011490734235263,1,0.0013023508282879,91.0,91.0,1.0,91.0,0.0,0.0,0.0134838668336549,1.5313271496090657,14.0,91,91,Changping,Changping,4.234546261414418,0.0134838668336549,9.970000162102166e-08,,4601,temporal_2015_2016,0
PM25,Changping_Q2,risk,Logistic IW,0.0021257155973288,0.001684596035176,0.0004411195621527,1,0.0009907111984692,43.92694992989339,43.92694992989339,6.029311284637215,162.15202720899526,0.0,0.0,0.0063287217829433,1.9646478749444207,14.0,91,91,Changping,Changping,4.234546261414418,0.0134838668336549,9.970000162102166e-08,,4601,temporal_2015_2016,0
PM25,Changping_Q2,risk,KMM,0.0014623329598221,0.001684596035176,0.0002222630753539,1,0.0006488599659667,19.45767323663416,19.45767323663416,9.876187438815226,425.5904546906039,0.5824175824175825,0.0,0.0010235643279368,1.375691412178702,14.0,91,91,Changping,Changping,4.234546261414418,0.0134838668336549,9.970000162102166e-08,,4601,temporal_2015_2016,0
PM25,Changping_Q2,risk,KMM + dependence,0.0014623329598221,0.001684596035176,0.0002222630753539,1,0.0007610470248696,19.45767323663416,14.143922877165284,9.876187438815226,425.5904546906039,0.5824175824175825,0.0,0.0010235643279368,1.375691412178702,14.0,91,91,Changping,Changping,4.234546261414418,0.0134838668336549,9.970000162102166e-08,,4601,temporal_2015_2016,0
PM25,Changping_Q3,mean,Unweighted,0.0916353910424799,0.0908025553133067,0.0008328357291731,1,0.0134496124262583,92.0,92.0,1.0,92.0,0.0,0.0,0.0467568659175576,3.360325633086146,14.0,92,92,Changping,Changping,4.203933150203243,0.0467568659175576,9.482712719449449e-08,,3101,temporal_2015_2016,0
PM25,Changping_Q3,mean,Logistic IW,0.1099586129308197,0.0908025553133067,0.0191560576175129,1,0.0482198049604239,20.153454103412784,20.153454103412784,8.873636874415592,222.1757286422316,0.0,0.0,0.0606701156065885,0.7661707200637884,14.0,92,92,Changping,Changping,4.203933150203243,0.0467568659175576,9.482712719449449e-08,,3101,temporal_2015_2016,0
PM25,Changping_Q3,mean,KMM,0.1405853362717634,0.0908025553133067,0.0497827809584566,0,0.042699794730942,13.764911001114069,13.764911001114069,10.0,614.8968198424901,0.7608695652173914,0.0326086956521739,0.008399447296953,1.003460903135543,14.0,92,92,Changping,Changping,4.203933150203243,0.0467568659175576,9.482712719449449e-08,,3101,temporal_2015_2016,0
PM25,Changping_Q3,mean,KMM + dependence,0.1405853362717634,0.0908025553133067,0.0497827809584566,0,0.0427736208365994,13.764911001114069,13.71743628287107,10.0,614.8968198424901,0.7608695652173914,0.0326086956521739,0.008399447296953,1.003460903135543,14.0,92,92,Changping,Changping,4.203933150203243,0.0467568659175576,9.482712719449449e-08,,3101,temporal_2015_2016,0
PM25,Changping_Q3,risk,Unweighted,0.0015904272546336,0.0033745550777897,0.0017841278231561,0,0.0005866048964613,92.0,92.0,1.0,92.0,0.0,0.0,0.0467568659175576,1.3223329341694454,14.0,92,92,Changping,Changping,4.203933150203243,0.0467568659175576,9.482712719449449e-08,,3101,temporal_2015_2016,0
PM25,Changping_Q3,risk,Logistic IW,0.0028513690914202,0.0033745550777897,0.0005231859863695,1,0.0013061010133364,20.153454103412784,20.153454103412784,8.873636874415592,222.1757286422316,0.0,0.0,0.0606701156065885,0.4903437860956535,14.0,92,92,Changping,Changping,4.203933150203243,0.0467568659175576,9.482712719449449e-08,,3101,temporal_2015_2016,0
PM25,Changping_Q3,risk,KMM,0.0037602394802443,0.0033745550777897,0.0003856844024545,1,0.0024853522391528,13.764911001114069,13.764911001114069,10.0,614.8968198424901,0.7608695652173914,0.0326086956521739,0.008399447296953,1.0610811869243586,14.0,92,92,Changping,Changping,4.203933150203243,0.0467568659175576,9.482712719449449e-08,,3101,temporal_2015_2016,0
PM25,Changping_Q3,risk,KMM + dependence,0.0037602394802443,0.0033745550777897,0.0003856844024545,1,0.0025601313956978,13.764911001114069,12.972533271476548,10.0,614.8968198424901,0.7608695652173914,0.0326086956521739,0.008399447296953,1.0610811869243586,14.0,92,92,Changping,Changping,4.203933150203243,0.0467568659175576,9.482712719449449e-08,,3101,temporal_2015_2016,0
PM25,Changping_Q4,mean,Unweighted,0.1764005621915498,0.1839022311966546,0.0075016690051047,1,0.0324664753505691,86.0,86.0,1.0,86.0,0.0,0.0,0.0084917721102526,2.3071195856611912,14.0,86,92,Changping,Changping,4.240112779252435,0.0084917721102526,9.317081655816558e-08,,4801,temporal_2015_2016,0
PM25,Changping_Q4,mean,Logistic IW,0.1557245535227097,0.1839022311966546,0.0281776776739449,1,0.0318910712301275,68.74798992796848,68.74798992796848,3.031361716200601,105.15917021775364,0.0,0.0,0.0154430999019501,3.6970408064751865,14.0,86,92,Changping,Changping,4.240112779252435,0.0084917721102526,9.317081655816558e-08,,4801,temporal_2015_2016,0
PM25,Changping_Q4,mean,KMM,0.1665835490633414,0.1839022311966546,0.0173186821333131,1,0.0597206244638686,18.321390126577352,18.321390126577352,8.295071251562696,403.6811589570359,0.6511627906976745,0.0,0.0015075200972394,1.1617082470568842,14.0,86,92,Changping,Changping,4.240112779252435,0.0084917721102526,9.317081655816558e-08,,4801,temporal_2015_2016,0
PM25,Changping_Q4,mean,KMM + dependence,0.1665835490633414,0.1839022311966546,0.0173186821333131,1,0.0643684240743339,18.321390126577352,15.771076923137509,8.295071251562696,403.6811589570359,0.6511627906976745,0.0,0.0015075200972394,1.1617082470568842,14.0,86,92,Changping,Changping,4.240112779252435,0.0084917721102526,9.317081655816558e-08,,4801,temporal_2015_2016,0
PM25,Changping_Q4,risk,Unweighted,0.0033613246479062,0.0048184000517274,0.0014570754038211,0,0.0013335288598236,86.0,86.0,1.0,86.0,0.0,0.0,0.0084917721102526,2.2232859713466646,14.0,86,92,Changping,Changping,4.240112779252435,0.0084917721102526,9.317081655816558e-08,,4801,temporal_2015_2016,0
PM25,Changping_Q4,risk,Logistic IW,0.0028073153518258,0.0048184000517274,0.0020110846999016,0,0.0012007570133402,68.74798992796848,68.74798992796848,3.031361716200601,105.15917021775364,0.0,0.0,0.0154430999019501,2.7447068485831387,14.0,86,92,Changping,Changping,4.240112779252435,0.0084917721102526,9.317081655816558e-08,,4801,temporal_2015_2016,0
PM25,Changping_Q4,risk,KMM,0.0021519293536116,0.0048184000517274,0.0026664706981157,0,0.0012090846319974,18.321390126577352,18.321390126577352,8.295071251562696,403.6811589570359,0.6511627906976745,0.0,0.0015075200972394,1.001029749702791,14.0,86,92,Changping,Changping,4.240112779252435,0.0084917721102526,9.317081655816558e-08,,4801,temporal_2015_2016,0
PM25,Changping_Q4,risk,KMM + dependence,0.0021519293536116,0.0048184000517274,0.0026664706981157,0,0.0012097069990883,18.321390126577352,18.30254308827189,8.295071251562696,403.6811589570359,0.6511627906976745,0.0,0.0015075200972394,1.001029749702791,14.0,86,92,Changping,Changping,4.240112779252435,0.0084917721102526,9.317081655816558e-08,,4801,temporal_2015_2016,0
PM25,Dingling_Q1,mean,Unweighted,0.1613038245674572,0.1148469822484369,0.0464568423190202,0,0.0286114037423959,90.0,90.0,1.0,90.0,0.0,0.0,0.0370804485095883,1.1127766614971633,14.0,90,91,Dingling,Dingling,4.050710533782684,0.0370804485095883,9.497545252160477e-08,,4901,temporal_2015_2016,0
PM25,Dingling_Q1,mean,Logistic IW,0.1624450831579742,0.1148469822484369,0.0475981009095372,0,0.0416023148884943,38.93512315755726,38.93512315755726,5.279666965547568,183.25974352502456,0.0,0.0,0.0119620661857378,1.0791587884011382,14.0,90,91,Dingling,Dingling,4.050710533782684,0.0370804485095883,9.497545252160477e-08,,4901,temporal_2015_2016,0
PM25,Dingling_Q1,mean,KMM,0.1413378929434514,0.1148469822484369,0.0264909106950144,1,0.06726647501037,16.76895710105777,16.76895710105777,10.0,483.03540591020027,0.6444444444444445,0.0222222222222222,0.0016963849798217,0.9732809860602092,14.0,90,91,Dingling,Dingling,4.050710533782684,0.0370804485095883,9.497545252160477e-08,,4901,temporal_2015_2016,0
PM25,Dingling_Q1,mean,KMM + dependence,0.1413378929434514,0.1148469822484369,0.0264909106950144,1,0.06726647501037,16.76895710105777,16.76895710105777,10.0,483.03540591020027,0.6444444444444445,0.0222222222222222,0.0016963849798217,0.9732809860602092,14.0,90,91,Dingling,Dingling,4.050710533782684,0.0370804485095883,9.497545252160477e-08,,4901,temporal_2015_2016,0
PM25,Dingling_Q1,risk,Unweighted,0.0053272628193717,0.0037996784524876,0.0015275843668841,1,0.0024930518098656,90.0,90.0,1.0,90.0,0.0,0.0,0.0370804485095883,1.0012227317119422,14.0,90,91,Dingling,Dingling,4.050710533782684,0.0370804485095883,9.497545252160477e-08,,4901,temporal_2015_2016,0
PM25,Dingling_Q1,risk,Logistic IW,0.0057731613050055,0.0037996784524876,0.0019734828525179,1,0.0039045167562677,38.93512315755726,38.93512315755726,5.279666965547568,183.25974352502456,0.0,0.0,0.0119620661857378,0.9992274429690235,14.0,90,91,Dingling,Dingling,4.050710533782684,0.0370804485095883,9.497545252160477e-08,,4901,temporal_2015_2016,0
PM25,Dingling_Q1,risk,KMM,0.0059717423252039,0.0037996784524876,0.0021720638727163,1,0.006618634061929,16.76895710105777,16.76895710105777,10.0,483.03540591020027,0.6444444444444445,0.0222222222222222,0.0016963849798217,1.1074131700116618,14.0,90,91,Dingling,Dingling,4.050710533782684,0.0370804485095883,9.497545252160477e-08,,4901,temporal_2015_2016,0
PM25,Dingling_Q1,risk,KMM + dependence,0.0059717423252039,0.0037996784524876,0.0021720638727163,1,0.0069650335393781,16.76895710105777,15.142457716013237,10.0,483.03540591020027,0.6444444444444445,0.0222222222222222,0.0016963849798217,1.1074131700116618,14.0,90,91,Dingling,Dingling,4.050710533782684,0.0370804485095883,9.497545252160477e-08,,4901,temporal_2015_2016,0
PM25,Dingling_Q2,mean,Unweighted,0.10159003433093,0.1079506228071445,0.0063605884762144,1,0.016895499393009,91.0,91.0,1.0,91.0,0.0,0.0,0.0157267182463309,2.2743089484698857,14.0,91,91,Dingling,Dingling,4.252639590458741,0.0157267182463309,9.571811257009397e-08,,4401,temporal_2015_2016,0
PM25,Dingling_Q2,mean,Logistic IW,0.096241086031623,0.1079506228071445,0.0117095367755214,1,0.0198522034801715,43.91319411852676,43.91319411852676,6.080103890834447,149.87803279110256,0.0,0.0,0.0180610607430513,2.1506228413963733,14.0,91,91,Dingling,Dingling,4.252639590458741,0.0157267182463309,9.571811257009397e-08,,4401,temporal_2015_2016,0
PM25,Dingling_Q2,mean,KMM,0.1101184216722765,0.1079506228071445,0.002167798865132,1,0.0365646099174443,16.696493918597767,16.696493918597767,10.0,495.972390393705,0.6043956043956044,0.0219780219780219,0.0025779466672974,0.7141435700629671,14.0,91,91,Dingling,Dingling,4.252639590458741,0.0157267182463309,9.571811257009397e-08,,4401,temporal_2015_2016,0
PM25,Dingling_Q2,mean,KMM + dependence,0.1101184216722765,0.1079506228071445,0.002167798865132,1,0.0365646099174443,16.696493918597767,16.696493918597767,10.0,495.972390393705,0.6043956043956044,0.0219780219780219,0.0025779466672974,0.7141435700629671,14.0,91,91,Dingling,Dingling,4.252639590458741,0.0157267182463309,9.571811257009397e-08,,4401,temporal_2015_2016,0
PM25,Dingling_Q2,risk,Unweighted,0.0044082048332039,0.0020179163206941,0.0023902885125097,0,0.0019605224788962,91.0,91.0,1.0,91.0,0.0,0.0,0.0157267182463309,2.302301419803732,14.0,91,91,Dingling,Dingling,4.252639590458741,0.0157267182463309,9.571811257009397e-08,,4401,temporal_2015_2016,0
PM25,Dingling_Q2,risk,Logistic IW,0.0037747115033678,0.0020179163206941,0.0017567951826737,1,0.0018251716757481,43.91319411852676,43.91319411852676,6.080103890834447,149.87803279110256,0.0,0.0,0.0180610607430513,1.6124686860826316,14.0,91,91,Dingling,Dingling,4.252639590458741,0.0157267182463309,9.571811257009397e-08,,4401,temporal_2015_2016,0
PM25,Dingling_Q2,risk,KMM,0.0024064753470671,0.0020179163206941,0.000388559026373,1,0.0015927601041466,16.696493918597767,16.696493918597767,10.0,495.972390393705,0.6043956043956044,0.0219780219780219,0.0025779466672974,1.0066684406495396,14.0,91,91,Dingling,Dingling,4.252639590458741,0.0157267182463309,9.571811257009397e-08,,4401,temporal_2015_2016,0
PM25,Dingling_Q2,risk,KMM + dependence,0.0024064753470671,0.0020179163206941,0.000388559026373,1,0.0015980618932779,16.696493918597767,16.58589188295659,10.0,495.972390393705,0.6043956043956044,0.0219780219780219,0.0025779466672974,1.0066684406495396,14.0,91,91,Dingling,Dingling,4.252639590458741,0.0157267182463309,9.571811257009397e-08,,4401,temporal_2015_2016,0
PM25,Dingling_Q3,mean,Unweighted,0.0816152571829556,0.091863585942297,0.0102483287593413,1,0.012923716623088,92.0,92.0,1.0,92.0,0.0,0.0,0.0596345964320739,2.949726201840228,14.0,92,92,Dingling,Dingling,4.245981754362421,0.0596345964320739,8.316844656498316e-08,,3151,temporal_2015_2016,0
PM25,Dingling_Q3,mean,Logistic IW,0.0568117988223039,0.091863585942297,0.035051787119993,0,0.0171787341363158,24.08490458131739,24.08490458131739,7.006401744684865,196.701808796734,0.0,0.0,0.0287756577090378,2.6804464218534063,14.0,92,92,Dingling,Dingling,4.245981754362421,0.0596345964320739,8.316844656498316e-08,,3151,temporal_2015_2016,0
PM25,Dingling_Q3,mean,KMM,0.0702377925315499,0.091863585942297,0.021625793410747,1,0.0303516105448535,14.016734588260617,14.016734588260617,10.0,603.8496303617738,0.7717391304347826,0.0326086956521739,0.0061678844363541,1.86662413533974,14.0,92,92,Dingling,Dingling,4.245981754362421,0.0596345964320739,8.316844656498316e-08,,3151,temporal_2015_2016,0
PM25,Dingling_Q3,mean,KMM + dependence,0.0702377925315499,0.091863585942297,0.021625793410747,1,0.0414677221011384,14.016734588260617,7.509136050954074,10.0,603.8496303617738,0.7717391304347826,0.0326086956521739,0.0061678844363541,1.86662413533974,14.0,92,92,Dingling,Dingling,4.245981754362421,0.0596345964320739,8.316844656498316e-08,,3151,temporal_2015_2016,0
PM25,Dingling_Q3,risk,Unweighted,0.0016337664467223,0.0022838085713615,0.0006500421246392,1,0.0006807823192895,92.0,92.0,1.0,92.0,0.0,0.0,0.0596345964320739,1.4288373243310135,14.0,92,92,Dingling,Dingling,4.245981754362421,0.0596345964320739,8.316844656498316e-08,,3151,temporal_2015_2016,0
PM25,Dingling_Q3,risk,Logistic IW,0.0015580980448443,0.0022838085713615,0.0007257105265172,1,0.0014729817994583,24.08490458131739,24.08490458131739,7.006401744684865,196.701808796734,0.0,0.0,0.0287756577090378,0.5529002627436126,14.0,92,92,Dingling,Dingling,4.245981754362421,0.0596345964320739,8.316844656498316e-08,,3151,temporal_2015_2016,0
PM25,Dingling_Q3,risk,KMM,0.0019990962236012,0.0022838085713615,0.0002847123477603,1,0.0021565449283944,14.016734588260617,14.016734588260617,10.0,603.8496303617738,0.7717391304347826,0.0326086956521739,0.0061678844363541,0.6079703735636602,14.0,92,92,Dingling,Dingling,4.245981754362421,0.0596345964320739,8.316844656498316e-08,,3151,temporal_2015_2016,0
PM25,Dingling_Q3,risk,KMM + dependence,0.0019990962236012,0.0022838085713615,0.0002847123477603,1,0.0021565449283944,14.016734588260617,14.016734588260617,10.0,603.8496303617738,0.7717391304347826,0.0326086956521739,0.0061678844363541,0.6079703735636602,14.0,92,92,Dingling,Dingling,4.245981754362421,0.0596345964320739,8.316844656498316e-08,,3151,temporal_2015_2016,0
PM25,Dingling_Q4,mean,Unweighted,0.1710478190485378,0.1684769354512393,0.0025708835972985,1,0.034818676696694,92.0,92.0,1.0,92.0,0.0,0.0,0.0164928709466294,1.8258386359171257,14.0,92,89,Dingling,Dingling,4.19715064878736,0.0164928709466294,8.918468890574291e-08,,4051,temporal_2015_2016,0
PM25,Dingling_Q4,mean,Logistic IW,0.1550124972423513,0.1684769354512393,0.0134644382088879,1,0.0572660387861349,52.88231824179599,52.88231824179599,3.987126338800581,131.1341888476919,0.0,0.0,0.0080742857140152,2.1290854709481044,14.0,92,89,Dingling,Dingling,4.19715064878736,0.0164928709466294,8.918468890574291e-08,,4051,temporal_2015_2016,0
PM25,Dingling_Q4,mean,KMM,0.1419776053510822,0.1684769354512393,0.026499330100157,1,0.06291182620475,16.967434438701627,16.967434438701627,10.0,498.83793749598215,0.7065217391304348,0.0217391304347826,0.0017391700131532,1.3734564726502514,14.0,92,89,Dingling,Dingling,4.19715064878736,0.0164928709466294,8.918468890574291e-08,,4051,temporal_2015_2016,0
PM25,Dingling_Q4,mean,KMM + dependence,0.1419776053510822,0.1684769354512393,0.026499330100157,1,0.0737292374601362,16.967434438701627,12.35382028959454,10.0,498.83793749598215,0.7065217391304348,0.0217391304347826,0.0017391700131532,1.3734564726502514,14.0,92,89,Dingling,Dingling,4.19715064878736,0.0164928709466294,8.918468890574291e-08,,4051,temporal_2015_2016,0
PM25,Dingling_Q4,risk,Unweighted,0.0052958532758219,0.0051015402890826,0.0001943129867392,1,0.0023036913254576,92.0,92.0,1.0,92.0,0.0,0.0,0.0164928709466294,1.4118468794831414,14.0,92,89,Dingling,Dingling,4.19715064878736,0.0164928709466294,8.918468890574291e-08,,4051,temporal_2015_2016,0
PM25,Dingling_Q4,risk,Logistic IW,0.0059028003274301,0.0051015402890826,0.0008012600383474,1,0.0038233833658365,52.88231824179599,52.88231824179599,3.987126338800581,131.1341888476919,0.0,0.0,0.0080742857140152,1.7419461179574798,14.0,92,89,Dingling,Dingling,4.19715064878736,0.0164928709466294,8.918468890574291e-08,,4051,temporal_2015_2016,0
PM25,Dingling_Q4,risk,KMM,0.0040099824274001,0.0051015402890826,0.0010915578616825,1,0.0035026614982011,16.967434438701627,16.967434438701627,10.0,498.83793749598215,0.7065217391304348,0.0217391304347826,0.0017391700131532,0.8583997611789818,14.0,92,89,Dingling,Dingling,4.19715064878736,0.0164928709466294,8.918468890574291e-08,,4051,temporal_2015_2016,0
PM25,Dingling_Q4,risk,KMM + dependence,0.0040099824274001,0.0051015402890826,0.0010915578616825,1,0.0035026614982011,16.967434438701627,16.967434438701627,10.0,498.83793749598215,0.7065217391304348,0.0217391304347826,0.0017391700131532,0.8583997611789818,14.0,92,89,Dingling,Dingling,4.19715064878736,0.0164928709466294,8.918468890574291e-08,,4051,temporal_2015_2016,0
PM25,Dongsi_Q1,mean,Unweighted,0.2022540839802624,0.1422790160694704,0.0599750679107919,0,0.0316498095083875,90.0,90.0,1.0,90.0,0.0,0.0,0.0277493533951098,0.989279017292662,14.0,90,91,Dongsi,Dongsi,4.092189024716193,0.0277493533951098,9.972219118981339e-08,,4551,temporal_2015_2016,0
PM25,Dongsi_Q1,mean,Logistic IW,0.1732173435705531,0.1422790160694704,0.0309383275010826,1,0.0385153701182162,60.56556475721533,60.56556475721533,3.424627226408467,92.84052307869466,0.0,0.0,0.0109433446555722,0.6212508484166511,14.0,90,91,Dongsi,Dongsi,4.092189024716193,0.0277493533951098,9.972219118981339e-08,,4551,temporal_2015_2016,0
PM25,Dongsi_Q1,mean,KMM,0.1535961813602529,0.1422790160694704,0.0113171652907824,1,0.0633277469133062,20.90204914469605,20.90204914469605,9.710160505457438,387.5218139584725,0.6111111111111112,0.0,0.0013106774583193,0.7876736254427914,14.0,90,91,Dongsi,Dongsi,4.092189024716193,0.0277493533951098,9.972219118981339e-08,,4551,temporal_2015_2016,0
PM25,Dongsi_Q1,mean,KMM + dependence,0.1535961813602529,0.1422790160694704,0.0113171652907824,1,0.0633277469133062,20.90204914469605,20.90204914469605,9.710160505457438,387.5218139584725,0.6111111111111112,0.0,0.0013106774583193,0.7876736254427914,14.0,90,91,Dongsi,Dongsi,4.092189024716193,0.0277493533951098,9.972219118981339e-08,,4551,temporal_2015_2016,0
PM25,Dongsi_Q1,risk,Unweighted,0.0062818460525468,0.0027620769390343,0.0035197691135124,0,0.0028767999061413,90.0,90.0,1.0,90.0,0.0,0.0,0.0277493533951098,1.0093010621478775,14.0,90,91,Dongsi,Dongsi,4.092189024716193,0.0277493533951098,9.972219118981339e-08,,4551,temporal_2015_2016,0
PM25,Dongsi_Q1,risk,Logistic IW,0.0054874246172718,0.0027620769390343,0.0027253476782375,1,0.0035726271352109,60.56556475721533,60.56556475721533,3.424627226408467,92.84052307869466,0.0,0.0,0.0109433446555722,0.6148754321086828,14.0,90,91,Dongsi,Dongsi,4.092189024716193,0.0277493533951098,9.972219118981339e-08,,4551,temporal_2015_2016,0
PM25,Dongsi_Q1,risk,KMM,0.0055339883181687,0.0027620769390343,0.0027719113791343,1,0.0053826863400948,20.90204914469605,20.90204914469605,9.710160505457438,387.5218139584725,0.6111111111111112,0.0,0.0013106774583193,0.6582147064752077,14.0,90,91,Dongsi,Dongsi,4.092189024716193,0.0277493533951098,9.972219118981339e-08,,4551,temporal_2015_2016,0
PM25,Dongsi_Q1,risk,KMM + dependence,0.0055339883181687,0.0027620769390343,0.0027719113791343,1,0.0053826863400948,20.90204914469605,20.90204914469605,9.710160505457438,387.5218139584725,0.6111111111111112,0.0,0.0013106774583193,0.6582147064752077,14.0,90,91,Dongsi,Dongsi,4.092189024716193,0.0277493533951098,9.972219118981339e-08,,4551,temporal_2015_2016,0
PM25,Dongsi_Q2,mean,Unweighted,0.1362740869896149,0.1364286837829847,0.0001545967933697,1,0.0179238272242022,91.0,91.0,1.0,91.0,0.0,0.0,0.0104597186464538,1.9341889637747067,14.0,91,90,Dongsi,Dongsi,4.196684665567907,0.0104597186464538,8.397672173911758e-08,,4451,temporal_2015_2016,0
PM25,Dongsi_Q2,mean,Logistic IW,0.1223166658477619,0.1364286837829847,0.0141120179352227,1,0.0167960726478372,57.69413659355347,57.69413659355347,4.208803255448829,131.93089165675406,0.0,0.0,0.0065848013393339,1.506717829749774,14.0,91,90,Dongsi,Dongsi,4.196684665567907,0.0104597186464538,8.397672173911758e-08,,4451,temporal_2015_2016,0
PM25,Dongsi_Q2,mean,KMM,0.1189893415253853,0.1364286837829847,0.0174393422575993,1,0.0274986945761714,19.91355951693013,19.91355951693013,10.0,415.8473020838081,0.5274725274725275,0.0109890109890109,0.0010735473550318,1.4511303786574608,14.0,91,90,Dongsi,Dongsi,4.196684665567907,0.0104597186464538,8.397672173911758e-08,,4451,temporal_2015_2016,0
PM25,Dongsi_Q2,mean,KMM + dependence,0.1189893415253853,0.1364286837829847,0.0174393422575993,1,0.033125717541255,19.91355951693013,13.722791425091325,10.0,415.8473020838081,0.5274725274725275,0.0109890109890109,0.0010735473550318,1.4511303786574608,14.0,91,90,Dongsi,Dongsi,4.196684665567907,0.0104597186464538,8.397672173911758e-08,,4451,temporal_2015_2016,0
PM25,Dongsi_Q2,risk,Unweighted,0.0050475367095925,0.0020843787314578,0.0029631579781346,1,0.0030756817308479,91.0,91.0,1.0,91.0,0.0,0.0,0.0104597186464538,2.0283879790039148,14.0,91,90,Dongsi,Dongsi,4.196684665567907,0.0104597186464538,8.397672173911758e-08,,4451,temporal_2015_2016,0
PM25,Dongsi_Q2,risk,Logistic IW,0.0041798000900861,0.0020843787314578,0.0020954213586282,1,0.0030283205450965,57.69413659355347,57.69413659355347,4.208803255448829,131.93089165675406,0.0,0.0,0.0065848013393339,2.2831830741293384,14.0,91,90,Dongsi,Dongsi,4.196684665567907,0.0104597186464538,8.397672173911758e-08,,4451,temporal_2015_2016,0
PM25,Dongsi_Q2,risk,KMM,0.0034527560793059,0.0020843787314578,0.001368377347848,1,0.0025548065604585,19.91355951693013,19.91355951693013,10.0,415.8473020838081,0.5274725274725275,0.0109890109890109,0.0010735473550318,1.2134150874902498,14.0,91,90,Dongsi,Dongsi,4.196684665567907,0.0104597186464538,8.397672173911758e-08,,4451,temporal_2015_2016,0
PM25,Dongsi_Q2,risk,KMM + dependence,0.0034527560793059,0.0020843787314578,0.001368377347848,1,0.0028142502802979,19.91355951693013,16.411168545891464,10.0,415.8473020838081,0.5274725274725275,0.0109890109890109,0.0010735473550318,1.2134150874902498,14.0,91,90,Dongsi,Dongsi,4.196684665567907,0.0104597186464538,8.397672173911758e-08,,4451,temporal_2015_2016,0
PM25,Dongsi_Q3,mean,Unweighted,0.115494406664539,0.1260004115074404,0.0105060048429014,1,0.0154579294186194,92.0,92.0,1.0,92.0,0.0,0.0,0.0187278364385985,3.916484258454205,14.0,92,90,Dongsi,Dongsi,4.082922295261523,0.0187278364385985,9.896117299191613e-08,,3701,temporal_2015_2016,0
PM25,Dongsi_Q3,mean,Logistic IW,0.1277766949114834,0.1260004115074404,0.0017762834040429,1,0.020918901423198,47.54179089473269,47.54179089473269,5.004901074777205,117.7579966345991,0.0,0.0,0.0096661333450014,2.043985996408775,14.0,92,90,Dongsi,Dongsi,4.082922295261523,0.0187278364385985,9.896117299191613e-08,,3701,temporal_2015_2016,0
PM25,Dongsi_Q3,mean,KMM,0.1311621275429554,0.1260004115074404,0.0051617160355149,1,0.0292515058916245,19.99626330388172,19.99626330388172,8.99125350097447,423.27908326542615,0.6195652173913043,0.0,0.0019545916110876,0.9649008950757872,14.0,92,90,Dongsi,Dongsi,4.082922295261523,0.0187278364385985,9.896117299191613e-08,,3701,temporal_2015_2016,0
PM25,Dongsi_Q3,mean,KMM + dependence,0.1311621275429554,0.1260004115074404,0.0051617160355149,1,0.0292515058916245,19.99626330388172,19.99626330388172,8.99125350097447,423.27908326542615,0.6195652173913043,0.0,0.0019545916110876,0.9649008950757872,14.0,92,90,Dongsi,Dongsi,4.082922295261523,0.0187278364385985,9.896117299191613e-08,,3701,temporal_2015_2016,0
PM25,Dongsi_Q3,risk,Unweighted,0.0016270940169817,0.0032434024839107,0.0016163084669289,0,0.0005973942452654,92.0,92.0,1.0,92.0,0.0,0.0,0.0187278364385985,1.2171154717129042,14.0,92,90,Dongsi,Dongsi,4.082922295261523,0.0187278364385985,9.896117299191613e-08,,3701,temporal_2015_2016,0
PM25,Dongsi_Q3,risk,Logistic IW,0.0022045613568141,0.0032434024839107,0.0010388411270965,1,0.0011679149006583,47.54179089473269,47.54179089473269,5.004901074777205,117.7579966345991,0.0,0.0,0.0096661333450014,1.2109211575723575,14.0,92,90,Dongsi,Dongsi,4.082922295261523,0.0187278364385985,9.896117299191613e-08,,3701,temporal_2015_2016,0
PM25,Dongsi_Q3,risk,KMM,0.0020632029293333,0.0032434024839107,0.0011801995545774,1,0.0012362550643767,19.99626330388172,19.99626330388172,8.99125350097447,423.27908326542615,0.6195652173913043,0.0,0.0019545916110876,0.5261599126587352,14.0,92,90,Dongsi,Dongsi,4.082922295261523,0.0187278364385985,9.896117299191613e-08,,3701,temporal_2015_2016,0
PM25,Dongsi_Q3,risk,KMM + dependence,0.0020632029293333,0.0032434024839107,0.0011801995545774,1,0.0012362550643767,19.99626330388172,19.99626330388172,8.99125350097447,423.27908326542615,0.6195652173913043,0.0,0.0019545916110876,0.5261599126587352,14.0,92,90,Dongsi,Dongsi,4.082922295261523,0.0187278364385985,9.896117299191613e-08,,3701,temporal_2015_2016,0
PM25,Dongsi_Q4,mean,Unweighted,0.2430882522673327,0.2335186675525168,0.0095695847148158,1,0.0471962682245626,92.0,92.0,1.0,92.0,0.0,0.0,0.0109065985432124,1.9018263773656248,14.0,92,92,Dongsi,Dongsi,4.15172617716682,0.0109065985432124,9.918871304117528e-08,,5201,temporal_2015_2016,0
PM25,Dongsi_Q4,mean,Logistic IW,0.2226468127698152,0.2335186675525168,0.0108718547827016,1,0.0563105616126883,53.92195860781507,53.92195860781507,3.864755649373398,141.97566023946013,0.0,0.0,0.0110252641438641,1.1078553666429212,14.0,92,92,Dongsi,Dongsi,4.15172617716682,0.0109065985432124,9.918871304117528e-08,,5201,temporal_2015_2016,0
PM25,Dongsi_Q4,mean,KMM,0.2657997226824777,0.2335186675525168,0.0322810551299609,1,0.0923998064009083,21.62563744536649,21.62563744536649,7.954501068360169,391.38730691214266,0.6521739130434783,0.0,0.0012885951818577,1.2703418752846047,14.0,92,92,Dongsi,Dongsi,4.15172617716682,0.0109065985432124,9.918871304117528e-08,,5201,temporal_2015_2016,0
PM25,Dongsi_Q4,mean,KMM + dependence,0.2657997226824777,0.2335186675525168,0.0322810551299609,1,0.104143307994387,21.62563744536649,17.02347837704832,7.954501068360169,391.38730691214266,0.6521739130434783,0.0,0.0012885951818577,1.2703418752846047,14.0,92,92,Dongsi,Dongsi,4.15172617716682,0.0109065985432124,9.918871304117528e-08,,5201,temporal_2015_2016,0
PM25,Dongsi_Q4,risk,Unweighted,0.0101667016662379,0.0056951338151215,0.0044715678511164,1,0.0061844193225785,92.0,92.0,1.0,92.0,0.0,0.0,0.0109065985432124,1.214937225548515,14.0,92,92,Dongsi,Dongsi,4.15172617716682,0.0109065985432124,9.918871304117528e-08,,5201,temporal_2015_2016,0
PM25,Dongsi_Q4,risk,Logistic IW,0.0082302620180993,0.0056951338151215,0.0025351282029777,1,0.0064494044703088,53.92195860781507,53.92195860781507,3.864755649373398,141.97566023946013,0.0,0.0,0.0110252641438641,1.2683367533958074,14.0,92,92,Dongsi,Dongsi,4.15172617716682,0.0109065985432124,9.918871304117528e-08,,5201,temporal_2015_2016,0
PM25,Dongsi_Q4,risk,KMM,0.0157418409923329,0.0056951338151215,0.0100467071772113,1,0.0158222293312054,21.62563744536649,21.62563744536649,7.954501068360169,391.38730691214266,0.6521739130434783,0.0,0.0012885951818577,0.9223101477622548,14.0,92,92,Dongsi,Dongsi,4.15172617716682,0.0109065985432124,9.918871304117528e-08,,5201,temporal_2015_2016,0
PM25,Dongsi_Q4,risk,KMM + dependence,0.0157418409923329,0.0056951338151215,0.0100467071772113,1,0.0158222293312054,21.62563744536649,21.62563744536649,7.954501068360169,391.38730691214266,0.6521739130434783,0.0,0.0012885951818577,0.9223101477622548,14.0,92,92,Dongsi,Dongsi,4.15172617716682,0.0109065985432124,9.918871304117528e-08,,5201,temporal_2015_2016,0
PM25,Guanyuan_Q1,mean,Unweighted,0.1821355994014461,0.1367138333715973,0.0454217660298487,0,0.0273875693031449,90.0,90.0,1.0,90.0,0.0,0.0,0.0295386137324442,1.122373219617268,14.0,90,91,Guanyuan,Guanyuan,4.070737668113516,0.0295386137324442,8.429234043358333e-08,,3951,temporal_2015_2016,0
PM25,Guanyuan_Q1,mean,Logistic IW,0.1724782615050325,0.1367138333715973,0.0357644281334351,1,0.0546309162919388,57.18477214888674,57.18477214888674,4.453456297318224,130.27146115243164,0.0,0.0,0.0091928557086322,1.021478539063548,14.0,90,91,Guanyuan,Guanyuan,4.070737668113516,0.0295386137324442,8.429234043358333e-08,,3951,temporal_2015_2016,0
PM25,Guanyuan_Q1,mean,KMM,0.1457914558017484,0.1367138333715973,0.009077622430151,1,0.0570193246635202,19.43525143002177,19.43525143002177,10.0,416.76846986848926,0.5777777777777777,0.0111111111111111,0.0009609887949166,0.7119611454191201,14.0,90,91,Guanyuan,Guanyuan,4.070737668113516,0.0295386137324442,8.429234043358333e-08,,3951,temporal_2015_2016,0
PM25,Guanyuan_Q1,mean,KMM + dependence,0.1457914558017484,0.1367138333715973,0.009077622430151,1,0.0570193246635202,19.43525143002177,19.43525143002177,10.0,416.76846986848926,0.5777777777777777,0.0111111111111111,0.0009609887949166,0.7119611454191201,14.0,90,91,Guanyuan,Guanyuan,4.070737668113516,0.0295386137324442,8.429234043358333e-08,,3951,temporal_2015_2016,0
PM25,Guanyuan_Q1,risk,Unweighted,0.0029619999277777,0.0021529957335007,0.000809004194277,1,0.0012322408006085,90.0,90.0,1.0,90.0,0.0,0.0,0.0295386137324442,1.5364536857222175,14.0,90,91,Guanyuan,Guanyuan,4.070737668113516,0.0295386137324442,8.429234043358333e-08,,3951,temporal_2015_2016,0
PM25,Guanyuan_Q1,risk,Logistic IW,0.0031112239458627,0.0021529957335007,0.000958228212362,1,0.0015953289338312,57.18477214888674,57.18477214888674,4.453456297318224,130.27146115243164,0.0,0.0,0.0091928557086322,1.1212760600875082,14.0,90,91,Guanyuan,Guanyuan,4.070737668113516,0.0295386137324442,8.429234043358333e-08,,3951,temporal_2015_2016,0
PM25,Guanyuan_Q1,risk,KMM,0.0025907321361359,0.0021529957335007,0.0004377364026352,1,0.0014449652997967,19.43525143002177,19.43525143002177,10.0,416.76846986848926,0.5777777777777777,0.0111111111111111,0.0009609887949166,0.8859266469187519,14.0,90,91,Guanyuan,Guanyuan,4.070737668113516,0.0295386137324442,8.429234043358333e-08,,3951,temporal_2015_2016,0
PM25,Guanyuan_Q1,risk,KMM + dependence,0.0025907321361359,0.0021529957335007,0.0004377364026352,1,0.0014449652997967,19.43525143002177,19.43525143002177,10.0,416.76846986848926,0.5777777777777777,0.0111111111111111,0.0009609887949166,0.8859266469187519,14.0,90,91,Guanyuan,Guanyuan,4.070737668113516,0.0295386137324442,8.429234043358333e-08,,3951,temporal_2015_2016,0
PM25,Guanyuan_Q2,mean,Unweighted,0.1264612512989385,0.1306662610463525,0.004205009747414,1,0.0168731888881922,91.0,91.0,1.0,91.0,0.0,0.0,0.0087511068567787,2.173165501725936,14.0,91,91,Guanyuan,Guanyuan,4.214085367582618,0.0087511068567787,9.718639391336362e-08,,4351,temporal_2015_2016,0
PM25,Guanyuan_Q2,mean,Logistic IW,0.1223154496457488,0.1306662610463525,0.0083508114006037,1,0.0173496977740065,64.53741367472487,64.53741367472487,3.9004286562561816,125.97222439098232,0.0,0.0,0.0026841740824248,2.16115563449832,14.0,91,91,Guanyuan,Guanyuan,4.214085367582618,0.0087511068567787,9.718639391336362e-08,,4351,temporal_2015_2016,0
PM25,Guanyuan_Q2,mean,KMM,0.1311320426029141,0.1306662610463525,0.0004657815565615,1,0.026015356319094,23.2993970481992,23.2993970481992,8.222209245544843,355.41692271556855,0.4615384615384615,0.0,0.0004331669303712,0.9960711059366804,14.0,91,91,Guanyuan,Guanyuan,4.214085367582618,0.0087511068567787,9.718639391336362e-08,,4351,temporal_2015_2016,0
PM25,Guanyuan_Q2,mean,KMM + dependence,0.1311320426029141,0.1306662610463525,0.0004657815565615,1,0.026015356319094,23.2993970481992,23.2993970481992,8.222209245544843,355.41692271556855,0.4615384615384615,0.0,0.0004331669303712,0.9960711059366804,14.0,91,91,Guanyuan,Guanyuan,4.214085367582618,0.0087511068567787,9.718639391336362e-08,,4351,temporal_2015_2016,0
PM25,Guanyuan_Q2,risk,Unweighted,0.0051654497282997,0.0013836566611603,0.0037817930671393,0,0.0034038045019704,91.0,91.0,1.0,91.0,0.0,0.0,0.0087511068567787,2.564071990992721,14.0,91,91,Guanyuan,Guanyuan,4.214085367582618,0.0087511068567787,9.718639391336362e-08,,4351,temporal_2015_2016,0
PM25,Guanyuan_Q2,risk,Logistic IW,0.0016619721595807,0.0013836566611603,0.0002783154984203,1,0.0006654424381804,64.53741367472487,64.53741367472487,3.9004286562561816,125.97222439098232,0.0,0.0,0.0026841740824248,0.7932936843493686,14.0,91,91,Guanyuan,Guanyuan,4.214085367582618,0.0087511068567787,9.718639391336362e-08,,4351,temporal_2015_2016,0
PM25,Guanyuan_Q2,risk,KMM,0.0020706667380099,0.0013836566611603,0.0006870100768495,1,0.0013405194458996,23.2993970481992,23.2993970481992,8.222209245544843,355.41692271556855,0.4615384615384615,0.0,0.0004331669303712,0.6325213055245684,14.0,91,91,Guanyuan,Guanyuan,4.214085367582618,0.0087511068567787,9.718639391336362e-08,,4351,temporal_2015_2016,0
PM25,Guanyuan_Q2,risk,KMM + dependence,0.0020706667380099,0.0013836566611603,0.0006870100768495,1,0.0013405194458996,23.2993970481992,23.2993970481992,8.222209245544843,355.41692271556855,0.4615384615384615,0.0,0.0004331669303712,0.6325213055245684,14.0,91,91,Guanyuan,Guanyuan,4.214085367582618,0.0087511068567787,9.718639391336362e-08,,4351,temporal_2015_2016,0
PM25,Guanyuan_Q3,mean,Unweighted,0.1151597475224838,0.1234442949133358,0.0082845473908519,1,0.014520858281738,92.0,92.0,1.0,92.0,0.0,0.0,0.0161390365782505,3.8157981247949646,14.0,92,91,Guanyuan,Guanyuan,4.14004970095574,0.0161390365782505,9.840337491588789e-08,,4301,temporal_2015_2016,0
PM25,Guanyuan_Q3,mean,Logistic IW,0.1079004940792098,0.1234442949133358,0.0155438008341259,1,0.0190670012917458,52.23318064761825,52.23318064761825,3.7336297177289146,90.00841577055598,0.0,0.0,0.0139742465220495,3.1571535277349807,14.0,92,91,Guanyuan,Guanyuan,4.14004970095574,0.0161390365782505,9.840337491588789e-08,,4301,temporal_2015_2016,0
PM25,Guanyuan_Q3,mean,KMM,0.1164560079053266,0.1234442949133358,0.0069882870080091,1,0.0303633726553614,16.377480573345803,16.377480573345803,10.0,516.8072074392071,0.6847826086956522,0.0108695652173913,0.0038224986628565,1.4610620710210889,14.0,92,91,Guanyuan,Guanyuan,4.14004970095574,0.0161390365782505,9.840337491588789e-08,,4301,temporal_2015_2016,0
PM25,Guanyuan_Q3,mean,KMM + dependence,0.1164560079053266,0.1234442949133358,0.0069882870080091,1,0.0367015446863033,16.377480573345803,11.209298289360229,10.0,516.8072074392071,0.6847826086956522,0.0108695652173913,0.0038224986628565,1.4610620710210889,14.0,92,91,Guanyuan,Guanyuan,4.14004970095574,0.0161390365782505,9.840337491588789e-08,,4301,temporal_2015_2016,0
PM25,Guanyuan_Q3,risk,Unweighted,0.0015162406760901,0.0023737319397411,0.0008574912636509,0,0.0005191912375449,92.0,92.0,1.0,92.0,0.0,0.0,0.0161390365782505,1.5768970217991485,14.0,92,91,Guanyuan,Guanyuan,4.14004970095574,0.0161390365782505,9.840337491588789e-08,,4301,temporal_2015_2016,0
PM25,Guanyuan_Q3,risk,Logistic IW,0.0011326192337606,0.0023737319397411,0.0012411127059804,0,0.0005132760263029,52.23318064761825,52.23318064761825,3.7336297177289146,90.00841577055598,0.0,0.0,0.0139742465220495,1.881753169784662,14.0,92,91,Guanyuan,Guanyuan,4.14004970095574,0.0161390365782505,9.840337491588789e-08,,4301,temporal_2015_2016,0
PM25,Guanyuan_Q3,risk,KMM,0.0014134902958462,0.0023737319397411,0.0009602416438949,1,0.0011965657696947,16.377480573345803,16.377480573345803,10.0,516.8072074392071,0.6847826086956522,0.0108695652173913,0.0038224986628565,1.2832277131736096,14.0,92,91,Guanyuan,Guanyuan,4.14004970095574,0.0161390365782505,9.840337491588789e-08,,4301,temporal_2015_2016,0
PM25,Guanyuan_Q3,risk,KMM + dependence,0.0014134902958462,0.0023737319397411,0.0009602416438949,1,0.001355465411759,16.377480573345803,12.76272356434845,10.0,516.8072074392071,0.6847826086956522,0.0108695652173913,0.0038224986628565,1.2832277131736096,14.0,92,91,Guanyuan,Guanyuan,4.14004970095574,0.0161390365782505,9.840337491588789e-08,,4301,temporal_2015_2016,0
PM25,Guanyuan_Q4,mean,Unweighted,0.2333748766841058,0.2250514999099828,0.0083233767741229,1,0.0451420103946231,92.0,92.0,1.0,92.0,0.0,0.0,0.0117299519349456,1.9677973728655116,14.0,92,92,Guanyuan,Guanyuan,4.179225396233006,0.0117299519349456,9.623981678723205e-08,,4801,temporal_2015_2016,0
PM25,Guanyuan_Q4,mean,Logistic IW,0.2006426245693445,0.2250514999099828,0.0244088753406383,1,0.042643406026355,56.58987091563825,56.58987091563825,4.004387226696326,136.01699053222143,0.0,0.0,0.0086163645109764,1.679451404455102,14.0,92,92,Guanyuan,Guanyuan,4.179225396233006,0.0117299519349456,9.623981678723205e-08,,4801,temporal_2015_2016,0
PM25,Guanyuan_Q4,mean,KMM,0.2281017896323627,0.2250514999099828,0.0030502897223798,1,0.0830511754417123,20.317823957276747,20.317823957276747,9.319739959284163,416.5800440931646,0.6304347826086957,0.0,0.0010042021691389,1.3920609740695251,14.0,92,92,Guanyuan,Guanyuan,4.179225396233006,0.0117299519349456,9.623981678723205e-08,,4801,temporal_2015_2016,0
PM25,Guanyuan_Q4,mean,KMM + dependence,0.2281017896323627,0.2250514999099828,0.0030502897223798,1,0.0979884555737,20.317823957276747,14.595498570640911,9.319739959284163,416.5800440931646,0.6304347826086957,0.0,0.0010042021691389,1.3920609740695251,14.0,92,92,Guanyuan,Guanyuan,4.179225396233006,0.0117299519349456,9.623981678723205e-08,,4801,temporal_2015_2016,0
PM25,Guanyuan_Q4,risk,Unweighted,0.0086639903893693,0.0063813918670061,0.0022825985223631,1,0.0058662294773642,92.0,92.0,1.0,92.0,0.0,0.0,0.0117299519349456,0.6723808901528946,14.0,92,92,Guanyuan,Guanyuan,4.179225396233006,0.0117299519349456,9.623981678723205e-08,,4801,temporal_2015_2016,0
PM25,Guanyuan_Q4,risk,Logistic IW,0.0059163057109035,0.0063813918670061,0.0004650861561026,1,0.0038151175988866,56.58987091563825,56.58987091563825,4.004387226696326,136.01699053222143,0.0,0.0,0.0086163645109764,0.861988728986566,14.0,92,92,Guanyuan,Guanyuan,4.179225396233006,0.0117299519349456,9.623981678723205e-08,,4801,temporal_2015_2016,0
PM25,Guanyuan_Q4,risk,KMM,0.0148028383403429,0.0063813918670061,0.0084214464733367,1,0.0135135961899578,20.317823957276747,20.317823957276747,9.319739959284163,416.5800440931646,0.6304347826086957,0.0,0.0010042021691389,0.8031947961092546,14.0,92,92,Guanyuan,Guanyuan,4.179225396233006,0.0117299519349456,9.623981678723205e-08,,4801,temporal_2015_2016,0
PM25,Guanyuan_Q4,risk,KMM + dependence,0.0148028383403429,0.0063813918670061,0.0084214464733367,1,0.0135135961899578,20.317823957276747,20.317823957276747,9.319739959284163,416.5800440931646,0.6304347826086957,0.0,0.0010042021691389,0.8031947961092546,14.0,92,92,Guanyuan,Guanyuan,4.179225396233006,0.0117299519349456,9.623981678723205e-08,,4801,temporal_2015_2016,0
PM25,Gucheng_Q1,mean,Unweighted,0.1864093900099392,0.146784819218049,0.0396245707918901,0,0.0270034087466895,90.0,90.0,1.0,90.0,0.0,0.0,0.052433012589496,1.1601303628901631,14.0,90,91,Gucheng,Gucheng,4.094554757990418,0.052433012589496,8.673059842534537e-08,,3451,temporal_2015_2016,0
PM25,Gucheng_Q1,mean,Logistic IW,0.1831758389406424,0.146784819218049,0.0363910197225933,1,0.0504032557297221,22.48017921886328,22.48017921886328,10.0,189.9567216734937,0.0,0.0111111111111111,0.023446613578252,0.5127236607825754,14.0,90,91,Gucheng,Gucheng,4.094554757990418,0.052433012589496,8.673059842534537e-08,,3451,temporal_2015_2016,0
PM25,Gucheng_Q1,mean,KMM,0.1801151816715982,0.146784819218049,0.0333303624535491,1,0.0704796562107494,14.201754492469435,14.201754492469435,10.0,570.3520649012773,0.7333333333333333,0.0222222222222222,0.007482590787095,0.4742160602575303,14.0,90,91,Gucheng,Gucheng,4.094554757990418,0.052433012589496,8.673059842534537e-08,,3451,temporal_2015_2016,0
PM25,Gucheng_Q1,mean,KMM + dependence,0.1801151816715982,0.146784819218049,0.0333303624535491,1,0.0704796562107494,14.201754492469435,14.201754492469432,10.0,570.3520649012773,0.7333333333333333,0.0222222222222222,0.007482590787095,0.4742160602575303,14.0,90,91,Gucheng,Gucheng,4.094554757990418,0.052433012589496,8.673059842534537e-08,,3451,temporal_2015_2016,0
PM25,Gucheng_Q1,risk,Unweighted,0.003297635054848,0.0029682422977712,0.0003293927570767,1,0.0024047829436368,90.0,90.0,1.0,90.0,0.0,0.0,0.052433012589496,1.0009816345236422,14.0,90,91,Gucheng,Gucheng,4.094554757990418,0.052433012589496,8.673059842534537e-08,,3451,temporal_2015_2016,0
PM25,Gucheng_Q1,risk,Logistic IW,0.0037224949491579,0.0029682422977712,0.0007542526513866,1,0.0020598922780143,22.48017921886328,22.48017921886328,10.0,189.9567216734937,0.0,0.0111111111111111,0.023446613578252,0.6971396030393868,14.0,90,91,Gucheng,Gucheng,4.094554757990418,0.052433012589496,8.673059842534537e-08,,3451,temporal_2015_2016,0
PM25,Gucheng_Q1,risk,KMM,0.003697028624524,0.0029682422977712,0.0007287863267527,1,0.0025628371031355,14.201754492469435,14.201754492469435,10.0,570.3520649012773,0.7333333333333333,0.0222222222222222,0.007482590787095,0.7369596527176362,14.0,90,91,Gucheng,Gucheng,4.094554757990418,0.052433012589496,8.673059842534537e-08,,3451,temporal_2015_2016,0
PM25,Gucheng_Q1,risk,KMM + dependence,0.003697028624524,0.0029682422977712,0.0007287863267527,1,0.0025628371031355,14.201754492469435,14.201754492469435,10.0,570.3520649012773,0.7333333333333333,0.0222222222222222,0.007482590787095,0.7369596527176362,14.0,90,91,Gucheng,Gucheng,4.094554757990418,0.052433012589496,8.673059842534537e-08,,3451,temporal_2015_2016,0
PM25,Gucheng_Q2,mean,Unweighted,0.1286374926424779,0.1309849033319621,0.0023474106894842,1,0.0170930379449283,91.0,91.0,1.0,91.0,0.0,0.0,0.0525548065955443,2.117463915281492,14.0,91,91,Gucheng,Gucheng,4.2751905422003205,0.0525548065955443,9.924560924155001e-08,,3051,temporal_2015_2016,0
PM25,Gucheng_Q2,mean,Logistic IW,0.114871840953895,0.1309849033319621,0.0161130623780671,1,0.031504284803066,14.783193647762582,14.783193647762582,5.273989934451668,60.98464990262149,0.0,0.0,0.0752247845654712,0.9206212605690018,14.0,91,91,Gucheng,Gucheng,4.2751905422003205,0.0525548065955443,9.924560924155001e-08,,3051,temporal_2015_2016,0
PM25,Gucheng_Q2,mean,KMM,0.1264211667220677,0.1309849033319621,0.0045637366098943,1,0.0448293730786957,12.858334522882354,12.858334522882354,10.0,644.0180868885456,0.7802197802197802,0.0219780219780219,0.0197205465287622,0.6916848739820705,14.0,91,91,Gucheng,Gucheng,4.2751905422003205,0.0525548065955443,9.924560924155001e-08,,3051,temporal_2015_2016,0
PM25,Gucheng_Q2,mean,KMM + dependence,0.1264211667220677,0.1309849033319621,0.0045637366098943,1,0.0448293730786957,12.858334522882354,12.858334522882354,10.0,644.0180868885456,0.7802197802197802,0.0219780219780219,0.0197205465287622,0.6916848739820705,14.0,91,91,Gucheng,Gucheng,4.2751905422003205,0.0525548065955443,9.924560924155001e-08,,3051,temporal_2015_2016,0
PM25,Gucheng_Q2,risk,Unweighted,0.0043874028283112,0.0015306240304171,0.0028567787978941,0,0.002582502059188,91.0,91.0,1.0,91.0,0.0,0.0,0.0525548065955443,2.664102808513384,14.0,91,91,Gucheng,Gucheng,4.2751905422003205,0.0525548065955443,9.924560924155001e-08,,3051,temporal_2015_2016,0
PM25,Gucheng_Q2,risk,Logistic IW,0.0018870203117545,0.0015306240304171,0.0003563962813374,1,0.0009434003413822,14.783193647762582,14.783193647762582,5.273989934451668,60.98464990262149,0.0,0.0,0.0752247845654712,1.0267146974693089,14.0,91,91,Gucheng,Gucheng,4.2751905422003205,0.0525548065955443,9.924560924155001e-08,,3051,temporal_2015_2016,0
PM25,Gucheng_Q2,risk,KMM,0.0021059685876927,0.0015306240304171,0.0005753445572756,1,0.0015295184831907,12.858334522882354,12.858334522882354,10.0,644.0180868885456,0.7802197802197802,0.0219780219780219,0.0197205465287622,0.616364612220556,14.0,91,91,Gucheng,Gucheng,4.2751905422003205,0.0525548065955443,9.924560924155001e-08,,3051,temporal_2015_2016,0
PM25,Gucheng_Q2,risk,KMM + dependence,0.0021059685876927,0.0015306240304171,0.0005753445572756,1,0.0015295184831907,12.858334522882354,12.858334522882354,10.0,644.0180868885456,0.7802197802197802,0.0219780219780219,0.0197205465287622,0.616364612220556,14.0,91,91,Gucheng,Gucheng,4.2751905422003205,0.0525548065955443,9.924560924155001e-08,,3051,temporal_2015_2016,0
PM25,Gucheng_Q3,mean,Unweighted,0.1051126114589762,0.1195434004065943,0.0144307889476181,0,0.0139161163348596,92.0,92.0,1.0,92.0,0.0,0.0,0.0794207880766153,3.977382376567439,14.0,92,92,Gucheng,Gucheng,4.10250331995444,0.0794207880766153,8.887820587326705e-08,,2401,temporal_2015_2016,0
PM25,Gucheng_Q3,mean,Logistic IW,0.1226443900482093,0.1195434004065943,0.003100989641615,1,0.0301774977558541,33.256957013822344,33.256957013822344,0.8555383478158641,3.308783375954508,0.0,0.0,0.0510625984545514,1.221039733089572,14.0,92,92,Gucheng,Gucheng,4.10250331995444,0.0794207880766153,8.887820587326705e-08,,2401,temporal_2015_2016,0
PM25,Gucheng_Q3,mean,KMM,0.1301205614042897,0.1195434004065943,0.0105771609976953,1,0.0490773752058282,12.046353333315183,12.046353333315183,10.0,702.6192712272765,0.7934782608695652,0.0652173913043478,0.0398230376402373,0.8469151346346918,14.0,92,92,Gucheng,Gucheng,4.10250331995444,0.0794207880766153,8.887820587326705e-08,,2401,temporal_2015_2016,0
PM25,Gucheng_Q3,mean,KMM + dependence,0.1301205614042897,0.1195434004065943,0.0105771609976953,1,0.0490773752058282,12.046353333315183,12.046353333315183,10.0,702.6192712272765,0.7934782608695652,0.0652173913043478,0.0398230376402373,0.8469151346346918,14.0,92,92,Gucheng,Gucheng,4.10250331995444,0.0794207880766153,8.887820587326705e-08,,2401,temporal_2015_2016,0
PM25,Gucheng_Q3,risk,Unweighted,0.0023039607689538,0.0018581028539207,0.000445857915033,1,0.000785898592503,92.0,92.0,1.0,92.0,0.0,0.0,0.0794207880766153,2.2891049485754724,14.0,92,92,Gucheng,Gucheng,4.10250331995444,0.0794207880766153,8.887820587326705e-08,,2401,temporal_2015_2016,0
PM25,Gucheng_Q3,risk,Logistic IW,0.0037462781433746,0.0018581028539207,0.0018881752894539,1,0.0030290483275748,33.256957013822344,33.256957013822344,0.8555383478158641,3.308783375954508,0.0,0.0,0.0510625984545514,1.3517182863759414,14.0,92,92,Gucheng,Gucheng,4.10250331995444,0.0794207880766153,8.887820587326705e-08,,2401,temporal_2015_2016,0
PM25,Gucheng_Q3,risk,KMM,0.0048892370764151,0.0018581028539207,0.0030311342224944,1,0.0052160396533908,12.046353333315183,12.046353333315183,10.0,702.6192712272765,0.7934782608695652,0.0652173913043478,0.0398230376402373,0.9739229716469676,14.0,92,92,Gucheng,Gucheng,4.10250331995444,0.0794207880766153,8.887820587326705e-08,,2401,temporal_2015_2016,0
PM25,Gucheng_Q3,risk,KMM + dependence,0.0048892370764151,0.0018581028539207,0.0030311342224944,1,0.0052160396533908,12.046353333315183,12.046353333315183,10.0,702.6192712272765,0.7934782608695652,0.0652173913043478,0.0398230376402373,0.9739229716469676,14.0,92,92,Gucheng,Gucheng,4.10250331995444,0.0794207880766153,8.887820587326705e-08,,2401,temporal_2015_2016,0
PM25,Gucheng_Q4,mean,Unweighted,0.2497732604876744,0.2220082595806839,0.0277650009069905,1,0.0454690356836125,92.0,92.0,1.0,92.0,0.0,0.0,0.042853782516864,2.0639520629494594,14.0,92,92,Gucheng,Gucheng,4.192298906138734,0.042853782516864,9.471012977237252e-08,,2951,temporal_2015_2016,0
PM25,Gucheng_Q4,mean,Logistic IW,0.240869679976159,0.2220082595806839,0.018861420395475,1,0.1160818895860815,16.937260400143042,16.937260400143042,5.724505905241182,95.21118241333411,0.0,0.0,0.0334540557788025,1.2568799455001871,14.0,92,92,Gucheng,Gucheng,4.192298906138734,0.042853782516864,9.471012977237252e-08,,2951,temporal_2015_2016,0
PM25,Gucheng_Q4,mean,KMM,0.2287035990684138,0.2220082595806839,0.0066953394877299,1,0.1169559776205992,12.943418871085235,12.943418871085235,10.0,653.9230542023183,0.7934782608695652,0.0326086956521739,0.0134627063683332,0.7546513166205605,14.0,92,92,Gucheng,Gucheng,4.192298906138734,0.042853782516864,9.471012977237252e-08,,2951,temporal_2015_2016,0
PM25,Gucheng_Q4,mean,KMM + dependence,0.2287035990684138,0.2220082595806839,0.0066953394877299,1,0.1169559776205992,12.943418871085235,12.943418871085235,10.0,653.9230542023183,0.7934782608695652,0.0326086956521739,0.0134627063683332,0.7546513166205605,14.0,92,92,Gucheng,Gucheng,4.192298906138734,0.042853782516864,9.471012977237252e-08,,2951,temporal_2015_2016,0
PM25,Gucheng_Q4,risk,Unweighted,0.0115730866197625,0.0069410890915297,0.0046319975282328,1,0.0061319416283916,92.0,92.0,1.0,92.0,0.0,0.0,0.042853782516864,1.0805674603107187,14.0,92,92,Gucheng,Gucheng,4.192298906138734,0.042853782516864,9.471012977237252e-08,,2951,temporal_2015_2016,0
PM25,Gucheng_Q4,risk,Logistic IW,0.0137472664401088,0.0069410890915297,0.0068061773485791,1,0.0122918722500752,16.937260400143042,16.937260400143042,5.724505905241182,95.21118241333411,0.0,0.0,0.0334540557788025,0.9156513214951544,14.0,92,92,Gucheng,Gucheng,4.192298906138734,0.042853782516864,9.471012977237252e-08,,2951,temporal_2015_2016,0
PM25,Gucheng_Q4,risk,KMM,0.009008167474937,0.0069410890915297,0.0020670783834073,1,0.0074432923607615,12.943418871085235,12.943418871085235,10.0,653.9230542023183,0.7934782608695652,0.0326086956521739,0.0134627063683332,0.5889811894828404,14.0,92,92,Gucheng,Gucheng,4.192298906138734,0.042853782516864,9.471012977237252e-08,,2951,temporal_2015_2016,0
PM25,Gucheng_Q4,risk,KMM + dependence,0.009008167474937,0.0069410890915297,0.0020670783834073,1,0.0074432923607615,12.943418871085235,12.943418871085235,10.0,653.9230542023183,0.7934782608695652,0.0326086956521739,0.0134627063683332,0.5889811894828404,14.0,92,92,Gucheng,Gucheng,4.192298906138734,0.042853782516864,9.471012977237252e-08,,2951,temporal_2015_2016,0
PM25,Huairou_Q1,mean,Unweighted,0.1650408284848045,0.1214345535151219,0.0436062749696825,0,0.0245552610747257,90.0,90.0,1.0,90.0,0.0,0.0,0.0324093766728232,0.9930845605183511,14.0,90,91,Huairou,Huairou,4.153812891906599,0.0324093766728232,8.882047495123361e-08,,3851,temporal_2015_2016,0
PM25,Huairou_Q1,mean,Logistic IW,0.2023894296293382,0.1214345535151219,0.0809548761142162,0,0.0449488933937507,19.734579489793813,19.734579489793813,10.0,302.838619982104,0.0,0.0222222222222222,0.0539663596350008,0.5572315571936861,14.0,90,91,Huairou,Huairou,4.153812891906599,0.0324093766728232,8.882047495123361e-08,,3851,temporal_2015_2016,0
PM25,Huairou_Q1,mean,KMM,0.1469756806684237,0.1214345535151219,0.0255411271533018,1,0.0601663679235157,13.749915218227722,13.749915218227722,10.0,589.0945414167523,0.7222222222222222,0.0333333333333333,0.0035501149079431,0.5409176775027592,14.0,90,91,Huairou,Huairou,4.153812891906599,0.0324093766728232,8.882047495123361e-08,,3851,temporal_2015_2016,0
PM25,Huairou_Q1,mean,KMM + dependence,0.1469756806684237,0.1214345535151219,0.0255411271533018,1,0.0601663679235157,13.749915218227722,13.749915218227722,10.0,589.0945414167523,0.7222222222222222,0.0333333333333333,0.0035501149079431,0.5409176775027592,14.0,90,91,Huairou,Huairou,4.153812891906599,0.0324093766728232,8.882047495123361e-08,,3851,temporal_2015_2016,0
PM25,Huairou_Q1,risk,Unweighted,0.0050815363917771,0.0041066320231019,0.0009749043686752,1,0.0028485544876467,90.0,90.0,1.0,90.0,0.0,0.0,0.0324093766728232,0.8056979982121679,14.0,90,91,Huairou,Huairou,4.153812891906599,0.0324093766728232,8.882047495123361e-08,,3851,temporal_2015_2016,0
PM25,Huairou_Q1,risk,Logistic IW,0.0048963849945293,0.0041066320231019,0.0007897529714274,1,0.0026811993722474,19.734579489793813,19.734579489793813,10.0,302.838619982104,0.0,0.0222222222222222,0.0539663596350008,1.223592212462709,14.0,90,91,Huairou,Huairou,4.153812891906599,0.0324093766728232,8.882047495123361e-08,,3851,temporal_2015_2016,0
PM25,Huairou_Q1,risk,KMM,0.0052587871768728,0.0041066320231019,0.0011521551537709,1,0.005274677917517,13.749915218227722,13.749915218227722,10.0,589.0945414167523,0.7222222222222222,0.0333333333333333,0.0035501149079431,0.6803546986597695,14.0,90,91,Huairou,Huairou,4.153812891906599,0.0324093766728232,8.882047495123361e-08,,3851,temporal_2015_2016,0
PM25,Huairou_Q1,risk,KMM + dependence,0.0052587871768728,0.0041066320231019,0.0011521551537709,1,0.005274677917517,13.749915218227722,13.749915218227722,10.0,589.0945414167523,0.7222222222222222,0.0333333333333333,0.0035501149079431,0.6803546986597695,14.0,90,91,Huairou,Huairou,4.153812891906599,0.0324093766728232,8.882047495123361e-08,,3851,temporal_2015_2016,0
PM25,Huairou_Q2,mean,Unweighted,0.1172191058596338,0.1014774600506058,0.0157416458090279,1,0.0168129655153424,91.0,91.0,1.0,91.0,0.0,0.0,0.0051414953516917,2.3796616673362507,14.0,91,91,Huairou,Huairou,4.238936700406017,0.0051414953516917,7.500501023614148e-08,,5301,temporal_2015_2016,0
PM25,Huairou_Q2,mean,Logistic IW,0.1129546701498737,0.1014774600506058,0.0114772100992679,1,0.0168669402354053,81.29360769561332,81.29360769561332,2.284622751137792,102.15004688414388,0.0,0.0,0.0032305908991889,2.8003250572270275,14.0,91,91,Huairou,Huairou,4.238936700406017,0.0051414953516917,7.500501023614148e-08,,5301,temporal_2015_2016,0
PM25,Huairou_Q2,mean,KMM,0.1153060495160746,0.1014774600506058,0.0138285894654687,1,0.0266798725856094,29.027819118857828,29.027819118857828,5.713826203937838,285.27806260932425,0.4945054945054945,0.0,0.0008765678829221,1.061565219916215,14.0,91,91,Huairou,Huairou,4.238936700406017,0.0051414953516917,7.500501023614148e-08,,5301,temporal_2015_2016,0
PM25,Huairou_Q2,mean,KMM + dependence,0.1153060495160746,0.1014774600506058,0.0138285894654687,1,0.0274888829385819,29.027819118857828,27.344357722221595,5.713826203937838,285.27806260932425,0.4945054945054945,0.0,0.0008765678829221,1.061565219916215,14.0,91,91,Huairou,Huairou,4.238936700406017,0.0051414953516917,7.500501023614148e-08,,5301,temporal_2015_2016,0
PM25,Huairou_Q2,risk,Unweighted,0.003862961563083,0.0012102430605516,0.0026527185025314,0,0.0022340637796782,91.0,91.0,1.0,91.0,0.0,0.0,0.0051414953516917,2.316446351220556,14.0,91,91,Huairou,Huairou,4.238936700406017,0.0051414953516917,7.500501023614148e-08,,5301,temporal_2015_2016,0
PM25,Huairou_Q2,risk,Logistic IW,0.0021535198526935,0.0012102430605516,0.0009432767921419,0,0.0008318500753903,81.29360769561332,81.29360769561332,2.284622751137792,102.15004688414388,0.0,0.0,0.0032305908991889,1.0254843015539408,14.0,91,91,Huairou,Huairou,4.238936700406017,0.0051414953516917,7.500501023614148e-08,,5301,temporal_2015_2016,0
PM25,Huairou_Q2,risk,KMM,0.0018716232638808,0.0012102430605516,0.0006613802033292,1,0.000871496489805,29.027819118857828,29.027819118857828,5.713826203937838,285.27806260932425,0.4945054945054945,0.0,0.0008765678829221,0.3889659983281901,14.0,91,91,Huairou,Huairou,4.238936700406017,0.0051414953516917,7.500501023614148e-08,,5301,temporal_2015_2016,0
PM25,Huairou_Q2,risk,KMM + dependence,0.0018716232638808,0.0012102430605516,0.0006613802033292,1,0.000871496489805,29.027819118857828,29.02781911885783,5.713826203937838,285.27806260932425,0.4945054945054945,0.0,0.0008765678829221,0.3889659983281901,14.0,91,91,Huairou,Huairou,4.238936700406017,0.0051414953516917,7.500501023614148e-08,,5301,temporal_2015_2016,0
PM25,Huairou_Q3,mean,Unweighted,0.08876461719473111,0.09611159681003725,0.007346979615306143,1,0.013207061098192007,92.0,92.0,1.0,92.0,0.0,0.0,0.019851528685504993,3.1448290046379346,14.0,92,92,Huairou,Huairou,4.176204987938851,0.019851528685504993,1.0720905943778968e-08,,0,temporal_2015_2016,0
PM25,Huairou_Q3,mean,Logistic IW,0.09167803068369568,0.09611159681003725,0.004433566126341576,1,0.017003064460676308,51.89052519539498,51.89052519539498,4.682150636096145,132.7713084109638,0.0,0.0,0.007074492558027945,2.3732963276536814,14.0,92,92,Huairou,Huairou,4.176204987938851,0.019851528685504993,1.0720905943778968e-08,,0,temporal_2015_2016,0
PM25,Huairou_Q3,mean,KMM,0.09883676488782496,0.09611159681003725,0.002725168077787707,1,0.03013855726083566,20.100033774485468,20.100033774485468,9.999999999999998,421.09381978969697,0.5543478260869565,0.010869565217391304,0.0021074951954880294,1.3381892914744646,14.0,92,92,Huairou,Huairou,4.176204987938851,0.019851528685504993,1.0720905943778968e-08,,0,temporal_2015_2016,0
PM25,Huairou_Q3,mean,KMM + dependence,0.09883676488782496,0.09611159681003725,0.002725168077787707,1,0.03486432278993352,20.100033774485468,15.020321790453526,9.999999999999998,421.09381978969697,0.5543478260869565,0.010869565217391304,0.0021074951954880294,1.3381892914744646,14.0,92,92,Huairou,Huairou,4.176204987938851,0.019851528685504993,1.0720905943778968e-08,,0,temporal_2015_2016,0
PM25,Huairou_Q3,risk,Unweighted,0.0010563031161829645,0.0015853749682448106,0.0005290718520618461,0,0.0004893959188601375,92.0,92.0,1.0,92.0,0.0,0.0,0.019851528685504993,1.2068459007740011,14.0,92,92,Huairou,Huairou,4.176204987938851,0.019851528685504993,1.0720905943778968e-08,,0,temporal_2015_2016,0
PM25,Huairou_Q3,risk,Logistic IW,0.0010333038764749312,0.0015853749682448106,0.0005520710917698794,0,0.00047351271241793545,51.89052519539498,51.89052519539498,4.682150636096145,132.7713084109638,0.0,0.0,0.007074492558027945,0.6253344227139221,14.0,92,92,Huairou,Huairou,4.176204987938851,0.019851528685504993,1.0720905943778968e-08,,0,temporal_2015_2016,0
PM25,Huairou_Q3,risk,KMM,0.0008320436078269815,0.0015853749682448106,0.000753331360417829,0,0.0005140908159429429,20.100033774485468,20.100033774485468,9.999999999999998,421.09381978969697,0.5543478260869565,0.010869565217391304,0.0021074951954880294,0.8920633815803449,14.0,92,92,Huairou,Huairou,4.176204987938851,0.019851528685504993,1.0720905943778968e-08,,0,temporal_2015_2016,0
PM25,Huairou_Q3,risk,KMM + dependence,0.0008320436078269815,0.0015853749682448106,0.000753331360417829,0,0.0005140908159429429,20.100033774485468,20.100033774485468,9.999999999999998,421.09381978969697,0.5543478260869565,0.010869565217391304,0.0021074951954880294,0.8920633815803449,14.0,92,92,Huairou,Huairou,4.176204987938851,0.019851528685504993,1.0720905943778968e-08,,0,temporal_2015_2016,0
PM25,Huairou_Q4,mean,Unweighted,0.192682631706005,0.1683620467434267,0.0243205849625783,1,0.03640732892704421,92.0,92.0,1.0,92.0,0.0,0.0,0.013133368347667762,1.7303079199052243,14.0,92,92,Huairou,Huairou,4.228281070244476,0.013133368347667762,1.4867172459485192e-08,,0,temporal_2015_2016,0
PM25,Huairou_Q4,mean,Logistic IW,0.15730412100099592,0.1683620467434267,0.01105792574243078,1,0.04294669258554403,52.14703315185134,52.14703315185134,6.051595790643912,136.58831918769567,0.0,0.0,0.015687534848882523,2.703448472805694,14.0,92,92,Huairou,Huairou,4.228281070244476,0.013133368347667762,1.4867172459485192e-08,,0,temporal_2015_2016,0
PM25,Huairou_Q4,mean,KMM,0.18579182113424228,0.1683620467434267,0.017429774390815583,1,0.07498441217483706,15.65589187763901,15.65589187763901,10.0,540.6271368090473,0.6739130434782609,0.010869565217391304,0.0016657947807119378,1.2480687998187743,14.0,92,92,Huairou,Huairou,4.228281070244476,0.013133368347667762,1.4867172459485192e-08,,0,temporal_2015_2016,0
PM25,Huairou_Q4,mean,KMM + dependence,0.18579182113424228,0.1683620467434267,0.017429774390815583,1,0.08377033544459694,15.65589187763901,12.54409362681955,10.0,540.6271368090473,0.6739130434782609,0.010869565217391304,0.0016657947807119378,1.2480687998187743,14.0,92,92,Huairou,Huairou,4.228281070244476,0.013133368347667762,1.4867172459485192e-08,,0,temporal_2015_2016,0
PM25,Huairou_Q4,risk,Unweighted,0.0061617634004652476,0.004618299643543483,0.001543463756921765,1,0.003115644411007515,92.0,92.0,1.0,92.0,0.0,0.0,0.013133368347667762,1.334081653819013,14.0,92,92,Huairou,Huairou,4.228281070244476,0.013133368347667762,1.4867172459485192e-08,,0,temporal_2015_2016,0
PM25,Huairou_Q4,risk,Logistic IW,0.005684637966512929,0.004618299643543483,0.0010663383229694463,1,0.004989499483624683,52.14703315185134,52.14703315185134,6.051595790643912,136.58831918769567,0.0,0.0,0.015687534848882523,1.6057085146509917,14.0,92,92,Huairou,Huairou,4.228281070244476,0.013133368347667762,1.4867172459485192e-08,,0,temporal_2015_2016,0
PM25,Huairou_Q4,risk,KMM,0.009469868843633756,0.004618299643543483,0.004851569200090273,1,0.007372204462402148,15.65589187763901,15.65589187763901,10.0,540.6271368090473,0.6739130434782609,0.010869565217391304,0.0016657947807119378,1.4299174803684633,14.0,92,92,Huairou,Huairou,4.228281070244476,0.013133368347667762,1.4867172459485192e-08,,0,temporal_2015_2016,0
PM25,Huairou_Q4,risk,KMM + dependence,0.009469868843633756,0.004618299643543483,0.004851569200090273,1,0.008815619953035704,15.65589187763901,10.948807950515281,10.0,540.6271368090473,0.6739130434782609,0.010869565217391304,0.0016657947807119378,1.4299174803684633,14.0,92,92,Huairou,Huairou,4.228281070244476,0.013133368347667762,1.4867172459485192e-08,,0,temporal_2015_2016,0
PM25,Nongzhanguan_Q1,mean,Unweighted,0.20309298074181936,0.13912610288262464,0.06396687785919472,0,0.03067667914579804,90.0,90.0,1.0,90.0,0.0,0.0,0.025392359592955716,1.1695260438905646,14.0,90,91,Nongzhanguan,Nongzhanguan,4.078611089917008,0.025392359592955716,1.6410060667494334e-08,,0,temporal_2015_2016,0
PM25,Nongzhanguan_Q1,mean,Logistic IW,0.16581005206344157,0.13912610288262464,0.02668394918081693,1,0.034625027200248217,62.83915234116066,62.83915234116066,2.6146214919896833,100.13867361114517,0.0,0.0,0.00836791332016884,0.9308468139492472,14.0,90,91,Nongzhanguan,Nongzhanguan,4.078611089917008,0.025392359592955716,1.6410060667494334e-08,,0,temporal_2015_2016,0
PM25,Nongzhanguan_Q1,mean,KMM,0.16585725121143877,0.13912610288262464,0.026731148328814125,1,0.06304132351108725,20.928217503121456,20.928217503121456,9.999999999999998,387.03726195467357,0.5888888888888889,0.011111111111111112,0.0008812490170466702,0.7683355151752043,14.0,90,91,Nongzhanguan,Nongzhanguan,4.078611089917008,0.025392359592955716,1.6410060667494334e-08,,0,temporal_2015_2016,0
PM25,Nongzhanguan_Q1,mean,KMM + dependence,0.16585725121143877,0.13912610288262464,0.026731148328814125,1,0.06304132351108725,20.928217503121456,20.928217503121456,9.999999999999998,387.03726195467357,0.5888888888888889,0.011111111111111112,0.0008812490170466702,0.7683355151752043,14.0,90,91,Nongzhanguan,Nongzhanguan,4.078611089917008,0.025392359592955716,1.6410060667494334e-08,,0,temporal_2015_2016,0
PM25,Nongzhanguan_Q1,risk,Unweighted,0.00478680733077859,0.0017597290023864637,0.0030270783283921263,0,0.002270077670317534,90.0,90.0,1.0,90.0,0.0,0.0,0.025392359592955716,1.0488143680919753,14.0,90,91,Nongzhanguan,Nongzhanguan,4.078611089917008,0.025392359592955716,1.6410060667494334e-08,,0,temporal_2015_2016,0
PM25,Nongzhanguan_Q1,risk,Logistic IW,0.004713965304321983,0.0017597290023864637,0.0029542363019355194,1,0.003094392815714056,62.83915234116066,62.83915234116066,2.6146214919896833,100.13867361114517,0.0,0.0,0.00836791332016884,0.8302541420428953,14.0,90,91,Nongzhanguan,Nongzhanguan,4.078611089917008,0.025392359592955716,1.6410060667494334e-08,,0,temporal_2015_2016,0
PM25,Nongzhanguan_Q1,risk,KMM,0.005379662110436108,0.0017597290023864637,0.003619933108049644,1,0.005250427263450166,20.928217503121456,20.928217503121456,9.999999999999998,387.03726195467357,0.5888888888888889,0.011111111111111112,0.0008812490170466702,0.9240382898821115,14.0,90,91,Nongzhanguan,Nongzhanguan,4.078611089917008,0.025392359592955716,1.6410060667494334e-08,,0,temporal_2015_2016,0
PM25,Nongzhanguan_Q1,risk,KMM + dependence,0.005379662110436108,0.0017597290023864637,0.003619933108049644,1,0.005250427263450166,20.928217503121456,20.928217503121456,9.999999999999998,387.03726195467357,0.5888888888888889,0.011111111111111112,0.0008812490170466702,0.9240382898821115,14.0,90,91,Nongzhanguan,Nongzhanguan,4.078611089917008,0.025392359592955716,1.6410060667494334e-08,,0,temporal_2015_2016,0
PM25,Nongzhanguan_Q2,mean,Unweighted,0.13277160412344802,0.12496991486774096,0.007801689255707053,1,0.017375037772109567,91.0,91.0,1.0,91.0,0.0,0.0,0.013782365162283483,1.9915087326182603,14.0,91,91,Nongzhanguan,Nongzhanguan,4.222575367398008,0.013782365162283483,1.5497281587661235e-08,,0,temporal_2015_2016,0
PM25,Nongzhanguan_Q2,mean,Logistic IW,0.11617800456936346,0.12496991486774096,0.008791910298377503,1,0.01673702806643588,50.80521204310182,50.80521204310182,5.03142216779022,164.95995040213978,0.0,0.0,0.003878324137400968,1.972568099739215,14.0,91,91,Nongzhanguan,Nongzhanguan,4.222575367398008,0.013782365162283483,1.5497281587661235e-08,,0,temporal_2015_2016,0
PM25,Nongzhanguan_Q2,mean,KMM,0.12047220602774816,0.12496991486774096,0.004497708839992801,1,0.02750447162363159,25.232594798373086,25.232594798373086,7.335728122805976,328.18661997195517,0.5054945054945055,0.0,0.000498476374801271,1.6632096372647183,14.0,91,91,Nongzhanguan,Nongzhanguan,4.222575367398008,0.013782365162283483,1.5497281587661235e-08,,0,temporal_2015_2016,0
PM25,Nongzhanguan_Q2,mean,KMM + dependence,0.12047220602774816,0.12496991486774096,0.004497708839992801,1,0.03547127528087369,25.232594798373086,15.171024886477998,7.335728122805976,328.18661997195517,0.5054945054945055,0.0,0.000498476374801271,1.6632096372647183,14.0,91,91,Nongzhanguan,Nongzhanguan,4.222575367398008,0.013782365162283483,1.5497281587661235e-08,,0,temporal_2015_2016,0
PM25,Nongzhanguan_Q2,risk,Unweighted,0.007191292524271305,0.0013489593940249189,0.0058423331302463865,0,0.004183522412106525,91.0,91.0,1.0,91.0,0.0,0.0,0.013782365162283483,1.78081247907565,14.0,91,91,Nongzhanguan,Nongzhanguan,4.222575367398008,0.013782365162283483,1.5497281587661235e-08,,0,temporal_2015_2016,0
PM25,Nongzhanguan_Q2,risk,Logistic IW,0.0015222535979372042,0.0013489593940249189,0.00017329420391228533,1,0.0005704006113443848,50.80521204310182,50.80521204310182,5.03142216779022,164.95995040213978,0.0,0.0,0.003878324137400968,0.581805397346846,14.0,91,91,Nongzhanguan,Nongzhanguan,4.222575367398008,0.013782365162283483,1.5497281587661235e-08,,0,temporal_2015_2016,0
PM25,Nongzhanguan_Q2,risk,KMM,0.0021377621380119977,0.0013489593940249189,0.0007888027439870789,1,0.0014200679233178795,25.232594798373086,25.232594798373086,7.335728122805976,328.18661997195517,0.5054945054945055,0.0,0.000498476374801271,0.6372903640020839,14.0,91,91,Nongzhanguan,Nongzhanguan,4.222575367398008,0.013782365162283483,1.5497281587661235e-08,,0,temporal_2015_2016,0
PM25,Nongzhanguan_Q2,risk,KMM + dependence,0.0021377621380119977,0.0013489593940249189,0.0007888027439870789,1,0.0014200679233178795,25.232594798373086,25.232594798373086,7.335728122805976,328.18661997195517,0.5054945054945055,0.0,0.000498476374801271,0.6372903640020839,14.0,91,91,Nongzhanguan,Nongzhanguan,4.222575367398008,0.013782365162283483,1.5497281587661235e-08,,0,temporal_2015_2016,0
PM25,Nongzhanguan_Q3,mean,Unweighted,0.09969635384874546,0.1198683766742604,0.020172022825514932,0,0.014879504248651646,92.0,92.0,1.0,92.0,0.0,0.0,0.01588815649730857,3.548335608654388,14.0,92,92,Nongzhanguan,Nongzhanguan,4.111772494128719,0.01588815649730857,1.0589029403204419e-08,,0,temporal_2015_2016,0
PM25,Nongzhanguan_Q3,mean,Logistic IW,0.09906433434574535,0.1198683766742604,0.020804042328515043,0,0.020091388446278797,54.498484564725366,54.498484564725366,3.847833563625365,91.35327950973624,0.0,0.0,0.012346419144985799,3.4195133591076345,14.0,92,92,Nongzhanguan,Nongzhanguan,4.111772494128719,0.01588815649730857,1.0589029403204419e-08,,0,temporal_2015_2016,0
PM25,Nongzhanguan_Q3,mean,KMM,0.10528107695216941,0.1198683766742604,0.014587299722090982,1,0.02564061493433798,20.341028624070766,20.341028624070766,10.0,416.10481733377236,0.6086956521739131,0.010869565217391304,0.002453119914694879,1.9074842411894573,14.0,92,92,Nongzhanguan,Nongzhanguan,4.111772494128719,0.01588815649730857,1.0589029403204419e-08,,0,temporal_2015_2016,0
PM25,Nongzhanguan_Q3,mean,KMM + dependence,0.10528107695216941,0.1198683766742604,0.014587299722090982,1,0.035412689858540784,20.341028624070766,10.663799042128199,10.0,416.10481733377236,0.6086956521739131,0.010869565217391304,0.002453119914694879,1.9074842411894573,14.0,92,92,Nongzhanguan,Nongzhanguan,4.111772494128719,0.01588815649730857,1.0589029403204419e-08,,0,temporal_2015_2016,0
PM25,Nongzhanguan_Q3,risk,Unweighted,0.001977510900374079,0.0030482342414145953,0.0010707233410405161,0,0.0005353201661570384,92.0,92.0,1.0,92.0,0.0,0.0,0.01588815649730857,1.9628032126914188,14.0,92,92,Nongzhanguan,Nongzhanguan,4.111772494128719,0.01588815649730857,1.0589029403204419e-08,,0,temporal_2015_2016,0
PM25,Nongzhanguan_Q3,risk,Logistic IW,0.002114021400809347,0.0030482342414145953,0.0009342128406052484,0,0.0007729126890398753,54.498484564725366,54.498484564725366,3.847833563625365,91.35327950973624,0.0,0.0,0.012346419144985799,1.1735255844840027,14.0,92,92,Nongzhanguan,Nongzhanguan,4.111772494128719,0.01588815649730857,1.0589029403204419e-08,,0,temporal_2015_2016,0
PM25,Nongzhanguan_Q3,risk,KMM,0.0028854502255105654,0.0030482342414145953,0.00016278401590402985,1,0.0016423935305014843,20.341028624070766,20.341028624070766,10.0,416.10481733377236,0.6086956521739131,0.010869565217391304,0.002453119914694879,1.4711870842963426,14.0,92,92,Nongzhanguan,Nongzhanguan,4.111772494128719,0.01588815649730857,1.0589029403204419e-08,,0,temporal_2015_2016,0
PM25,Nongzhanguan_Q3,risk,KMM + dependence,0.0028854502255105654,0.0030482342414145953,0.00016278401590402985,1,0.0019921001923951117,20.341028624070766,13.826269168070983,10.0,416.10481733377236,0.6086956521739131,0.010869565217391304,0.002453119914694879,1.4711870842963426,14.0,92,92,Nongzhanguan,Nongzhanguan,4.111772494128719,0.01588815649730857,1.0589029403204419e-08,,0,temporal_2015_2016,0
PM25,Nongzhanguan_Q4,mean,Unweighted,0.24677125649097134,0.22492592922200672,0.021845327268964626,1,0.04697797985834642,91.0,91.0,1.0,91.0,0.0,0.0,0.016236272976516863,1.8787055766475413,14.0,91,92,Nongzhanguan,Nongzhanguan,4.174544423814686,0.016236272976516863,8.187101518315441e-09,,0,temporal_2015_2016,0
PM25,Nongzhanguan_Q4,mean,Logistic IW,0.15878581885392856,0.22492592922200672,0.06614011036807815,0,0.04355192876939524,40.1243522280266,40.1243522280266,6.517589793701318,143.89639540595803,0.0,0.0,0.016965352182941595,3.145795597502536,14.0,91,92,Nongzhanguan,Nongzhanguan,4.174544423814686,0.016236272976516863,8.187101518315441e-09,,0,temporal_2015_2016,0
PM25,Nongzhanguan_Q4,mean,KMM,0.2149474971565487,0.22492592922200672,0.00997843206545801,1,0.10044737675293218,16.66206750585645,16.66206750585645,10.0,496.9971461878523,0.7032967032967034,0.01098901098901099,0.0016426741348178897,1.6772300770389907,14.0,91,92,Nongzhanguan,Nongzhanguan,4.174544423814686,0.016236272976516863,8.187101518315441e-09,,0,temporal_2015_2016,0
PM25,Nongzhanguan_Q4,mean,KMM + dependence,0.2149474971565487,0.22492592922200672,0.00997843206545801,1,0.13008730610774222,16.66206750585645,9.93427659923195,10.0,496.9971461878523,0.7032967032967034,0.01098901098901099,0.0016426741348178897,1.6772300770389907,14.0,91,92,Nongzhanguan,Nongzhanguan,4.174544423814686,0.016236272976516863,8.187101518315441e-09,,0,temporal_2015_2016,0
PM25,Nongzhanguan_Q4,risk,Unweighted,0.009461640797207564,0.004833479908696437,0.004628160888511128,1,0.005811748044619063,91.0,91.0,1.0,91.0,0.0,0.0,0.016236272976516863,1.027907755965628,14.0,91,92,Nongzhanguan,Nongzhanguan,4.174544423814686,0.016236272976516863,8.187101518315441e-09,,0,temporal_2015_2016,0
PM25,Nongzhanguan_Q4,risk,Logistic IW,0.005788037403273068,0.004833479908696437,0.0009545574945766314,1,0.003431054100844524,40.1243522280266,40.1243522280266,6.517589793701318,143.89639540595803,0.0,0.0,0.016965352182941595,1.9763573438915938,14.0,91,92,Nongzhanguan,Nongzhanguan,4.174544423814686,0.016236272976516863,8.187101518315441e-09,,0,temporal_2015_2016,0
PM25,Nongzhanguan_Q4,risk,KMM,0.010244321140237643,0.004833479908696437,0.005410841231541207,1,0.01017224115618216,16.66206750585645,16.66206750585645,10.0,496.9971461878523,0.7032967032967034,0.01098901098901099,0.0016426741348178897,0.8318500127882189,14.0,91,92,Nongzhanguan,Nongzhanguan,4.174544423814686,0.016236272976516863,8.187101518315441e-09,,0,temporal_2015_2016,0
PM25,Nongzhanguan_Q4,risk,KMM + dependence,0.010244321140237643,0.004833479908696437,0.005410841231541207,1,0.01017224115618216,16.66206750585645,16.66206750585645,10.0,496.9971461878523,0.7032967032967034,0.01098901098901099,0.0016426741348178897,0.8318500127882189,14.0,91,92,Nongzhanguan,Nongzhanguan,4.174544423814686,0.016236272976516863,8.187101518315441e-09,,0,temporal_2015_2016,0
PM25,Shunyi_Q1,mean,Unweighted,0.1865628179134339,0.14609096555618292,0.04047185235725098,0,0.027296249002207795,90.0,90.0,1.0,90.0,0.0,0.0,0.02541095965539486,1.0572183376828375,14.0,90,91,Shunyi,Shunyi,4.102131859387125,0.02541095965539486,1.403404718096791e-08,,0,temporal_2015_2016,0
PM25,Shunyi_Q1,mean,Logistic IW,0.17243752998666637,0.14609096555618292,0.026346564430483443,1,0.03123731145590079,67.07926089707098,67.07926089707098,3.0479081886101915,115.64118196415983,0.0,0.0,0.009549561286581687,1.117065081898735,14.0,90,91,Shunyi,Shunyi,4.102131859387125,0.02541095965539486,1.403404718096791e-08,,0,temporal_2015_2016,0
PM25,Shunyi_Q1,mean,KMM,0.1548188250479306,0.14609096555618292,0.008727859491747675,1,0.06072858170897374,22.25610477695322,22.25610477695322,7.960244976925507,363.94508747944803,0.5555555555555556,0.0,0.0011735025747725558,1.230699875760039,14.0,90,91,Shunyi,Shunyi,4.102131859387125,0.02541095965539486,1.403404718096791e-08,,0,temporal_2015_2016,0
PM25,Shunyi_Q1,mean,KMM + dependence,0.1548188250479306,0.14609096555618292,0.008727859491747675,1,0.06737041410741876,22.25610477695322,18.08410418763437,7.960244976925507,363.94508747944803,0.5555555555555556,0.0,0.0011735025747725558,1.230699875760039,14.0,90,91,Shunyi,Shunyi,4.102131859387125,0.02541095965539486,1.403404718096791e-08,,0,temporal_2015_2016,0
PM25,Shunyi_Q1,risk,Unweighted,0.006491672766431148,0.004918925991366453,0.0015727467750646955,1,0.004036932457912722,90.0,90.0,1.0,90.0,0.0,0.0,0.02541095965539486,0.8593589663966746,14.0,90,91,Shunyi,Shunyi,4.102131859387125,0.02541095965539486,1.403404718096791e-08,,0,temporal_2015_2016,0
PM25,Shunyi_Q1,risk,Logistic IW,0.006590896844590657,0.004918925991366453,0.001671970853224204,1,0.004202599415630726,67.07926089707098,67.07926089707098,3.0479081886101915,115.64118196415983,0.0,0.0,0.009549561286581687,1.2391885599797487,14.0,90,91,Shunyi,Shunyi,4.102131859387125,0.02541095965539486,1.403404718096791e-08,,0,temporal_2015_2016,0
PM25,Shunyi_Q1,risk,KMM,0.00935326104171786,0.004918925991366453,0.004434335050351407,1,0.012387617851898774,22.25610477695322,22.25610477695322,7.960244976925507,363.94508747944803,0.5555555555555556,0.0,0.0011735025747725558,1.1835510296280143,14.0,90,91,Shunyi,Shunyi,4.102131859387125,0.02541095965539486,1.403404718096791e-08,,0,temporal_2015_2016,0
PM25,Shunyi_Q1,risk,KMM + dependence,0.00935326104171786,0.004918925991366453,0.004434335050351407,1,0.013476629628815521,22.25610477695322,18.80451642541195,7.960244976925507,363.94508747944803,0.5555555555555556,0.0,0.0011735025747725558,1.1835510296280143,14.0,90,91,Shunyi,Shunyi,4.102131859387125,0.02541095965539486,1.403404718096791e-08,,0,temporal_2015_2016,0
PM25,Shunyi_Q2,mean,Unweighted,0.13098442954560965,0.12218211788306418,0.00880231166254547,1,0.017654247881659122,91.0,91.0,1.0,91.0,0.0,0.0,0.010411345650082504,1.9893254858827392,14.0,91,90,Shunyi,Shunyi,4.237113770953927,0.010411345650082504,9.720009220046247e-09,,0,temporal_2015_2016,0
PM25,Shunyi_Q2,mean,Logistic IW,0.1262752991518799,0.12218211788306418,0.004093181268815721,1,0.01899516450902271,71.92895641285487,71.92895641285487,2.5989513139574205,98.47150377189523,0.0,0.0,0.005612069736036451,1.8773781991841507,14.0,91,90,Shunyi,Shunyi,4.237113770953927,0.010411345650082504,9.720009220046247e-09,,0,temporal_2015_2016,0
PM25,Shunyi_Q2,mean,KMM,0.1161523301488702,0.12218211788306418,0.006029787734193978,1,0.028183228186084004,19.03972034501643,19.03972034501643,10.0,434.9328587784389,0.5934065934065934,0.01098901098901099,0.0008303245118586045,1.171943657710466,14.0,91,90,Shunyi,Shunyi,4.237113770953927,0.010411345650082504,9.720009220046247e-09,,0,temporal_2015_2016,0
PM25,Shunyi_Q2,mean,KMM + dependence,0.1161523301488702,0.12218211788306418,0.006029787734193978,1,0.030510133185495412,19.03972034501643,16.246276192332346,10.0,434.9328587784389,0.5934065934065934,0.01098901098901099,0.0008303245118586045,1.171943657710466,14.0,91,90,Shunyi,Shunyi,4.237113770953927,0.010411345650082504,9.720009220046247e-09,,0,temporal_2015_2016,0
PM25,Shunyi_Q2,risk,Unweighted,0.004097198572959555,0.003977952068652558,0.00011924650430699627,1,0.001903949955183925,91.0,91.0,1.0,91.0,0.0,0.0,0.010411345650082504,2.429596238507475,14.0,91,90,Shunyi,Shunyi,4.237113770953927,0.010411345650082504,9.720009220046247e-09,,0,temporal_2015_2016,0
PM25,Shunyi_Q2,risk,Logistic IW,0.003020902868001151,0.003977952068652558,0.0009570492006514071,1,0.0012914673178036143,71.92895641285487,71.92895641285487,2.5989513139574205,98.47150377189523,0.0,0.0,0.005612069736036451,1.9124202246646245,14.0,91,90,Shunyi,Shunyi,4.237113770953927,0.010411345650082504,9.720009220046247e-09,,0,temporal_2015_2016,0
PM25,Shunyi_Q2,risk,KMM,0.0026703933339618626,0.003977952068652558,0.0013075587346906958,1,0.0018863756294915783,19.03972034501643,19.03972034501643,10.0,434.9328587784389,0.5934065934065934,0.01098901098901099,0.0008303245118586045,1.3430251572426906,14.0,91,90,Shunyi,Shunyi,4.237113770953927,0.010411345650082504,9.720009220046247e-09,,0,temporal_2015_2016,0
PM25,Shunyi_Q2,risk,KMM + dependence,0.0026703933339618626,0.003977952068652558,0.0013075587346906958,1,0.0021861011412397427,19.03972034501643,14.176741397835087,10.0,434.9328587784389,0.5934065934065934,0.01098901098901099,0.0008303245118586045,1.3430251572426906,14.0,91,90,Shunyi,Shunyi,4.237113770953927,0.010411345650082504,9.720009220046247e-09,,0,temporal_2015_2016,0
PM25,Shunyi_Q3,mean,Unweighted,0.10312392337498669,0.11054373765823176,0.007419814283245077,1,0.014970958161932349,92.0,92.0,1.0,92.0,0.0,0.0,0.014718373521759975,3.463785895997768,14.0,92,92,Shunyi,Shunyi,4.075037007442774,0.014718373521759975,1.4373267365422972e-08,,0,temporal_2015_2016,0
PM25,Shunyi_Q3,mean,Logistic IW,0.11326157544120197,0.11054373765823176,0.0027178377829702033,1,0.01950909985459281,69.62631245303464,69.62631245303464,2.427998685143628,101.66638529305166,0.0,0.0,0.007384044772473342,2.492336748463756,14.0,92,92,Shunyi,Shunyi,4.075037007442774,0.014718373521759975,1.4373267365422972e-08,,0,temporal_2015_2016,0
PM25,Shunyi_Q3,mean,KMM,0.12549710551025725,0.11054373765823176,0.014953367852025487,1,0.03549096204444526,19.641218945513703,19.641218945513703,8.220607007546688,430.9304846852842,0.6086956521739131,0.0,0.0021692499569792023,0.9924177350535152,14.0,92,92,Shunyi,Shunyi,4.075037007442774,0.014718373521759975,1.4373267365422972e-08,,0,temporal_2015_2016,0
PM25,Shunyi_Q3,mean,KMM + dependence,0.12549710551025725,0.11054373765823176,0.014953367852025487,1,0.03549096204444526,19.641218945513703,19.641218945513703,8.220607007546688,430.9304846852842,0.6086956521739131,0.0,0.0021692499569792023,0.9924177350535152,14.0,92,92,Shunyi,Shunyi,4.075037007442774,0.014718373521759975,1.4373267365422972e-08,,0,temporal_2015_2016,0
PM25,Shunyi_Q3,risk,Unweighted,0.0023833074332329737,0.002089645613881353,0.0002936618193516206,1,0.0010126160515348363,92.0,92.0,1.0,92.0,0.0,0.0,0.014718373521759975,1.4424924468809852,14.0,92,92,Shunyi,Shunyi,4.075037007442774,0.014718373521759975,1.4373267365422972e-08,,0,temporal_2015_2016,0
PM25,Shunyi_Q3,risk,Logistic IW,0.002426394877947018,0.002089645613881353,0.00033674926406566507,1,0.00129700625955576,69.62631245303464,69.62631245303464,2.427998685143628,101.66638529305166,0.0,0.0,0.007384044772473342,1.6277016131652398,14.0,92,92,Shunyi,Shunyi,4.075037007442774,0.014718373521759975,1.4373267365422972e-08,,0,temporal_2015_2016,0
PM25,Shunyi_Q3,risk,KMM,0.0031134450394423364,0.002089645613881353,0.0010237994255609833,1,0.0020990773396086216,19.641218945513703,19.641218945513703,8.220607007546688,430.9304846852842,0.6086956521739131,0.0,0.0021692499569792023,0.9429259992810036,14.0,92,92,Shunyi,Shunyi,4.075037007442774,0.014718373521759975,1.4373267365422972e-08,,0,temporal_2015_2016,0
PM25,Shunyi_Q3,risk,KMM + dependence,0.0031134450394423364,0.002089645613881353,0.0010237994255609833,1,0.0020990773396086216,19.641218945513703,19.641218945513703,8.220607007546688,430.9304846852842,0.6086956521739131,0.0,0.0021692499569792023,0.9429259992810036,14.0,92,92,Shunyi,Shunyi,4.075037007442774,0.014718373521759975,1.4373267365422972e-08,,0,temporal_2015_2016,0
PM25,Shunyi_Q4,mean,Unweighted,0.2301122830114037,0.19670212681537116,0.03341015619603255,1,0.04230962819608798,92.0,92.0,1.0,92.0,0.0,0.0,0.01626762318793662,1.9019873876376512,14.0,92,92,Shunyi,Shunyi,4.248079486410269,0.01626762318793662,1.3507713790777208e-08,,0,temporal_2015_2016,0
PM25,Shunyi_Q4,mean,Logistic IW,0.2553391414160407,0.19670212681537116,0.05863701460066953,1,0.06195332766785948,48.44905004573258,48.44905004573258,6.980664884820124,152.4509698415677,0.0,0.0,0.01169784231687121,0.9652583561481962,14.0,92,92,Shunyi,Shunyi,4.248079486410269,0.01626762318793662,1.3507713790777208e-08,,0,temporal_2015_2016,0
PM25,Shunyi_Q4,mean,KMM,0.23864965118438933,0.19670212681537116,0.04194752436901816,1,0.08628480566498085,17.26262823631965,17.26262823631965,9.999999999999996,490.3077262703366,0.6847826086956522,0.010869565217391304,0.0023558821132707575,0.8160765455360768,14.0,92,92,Shunyi,Shunyi,4.248079486410269,0.01626762318793662,1.3507713790777208e-08,,0,temporal_2015_2016,0
PM25,Shunyi_Q4,mean,KMM + dependence,0.23864965118438933,0.19670212681537116,0.04194752436901816,1,0.08628480566498085,17.26262823631965,17.26262823631965,9.999999999999996,490.3077262703366,0.6847826086956522,0.010869565217391304,0.0023558821132707575,0.8160765455360768,14.0,92,92,Shunyi,Shunyi,4.248079486410269,0.01626762318793662,1.3507713790777208e-08,,0,temporal_2015_2016,0
PM25,Shunyi_Q4,risk,Unweighted,0.009996905838281884,0.005223398608213562,0.004773507230068322,1,0.00477753945911676,92.0,92.0,1.0,92.0,0.0,0.0,0.01626762318793662,1.4288825212638923,14.0,92,92,Shunyi,Shunyi,4.248079486410269,0.01626762318793662,1.3507713790777208e-08,,0,temporal_2015_2016,0
PM25,Shunyi_Q4,risk,Logistic IW,0.01145338364765571,0.005223398608213562,0.006229985039442148,1,0.0081953197225549,48.44905004573258,48.44905004573258,6.980664884820124,152.4509698415677,0.0,0.0,0.01169784231687121,1.365433762211472,14.0,92,92,Shunyi,Shunyi,4.248079486410269,0.01626762318793662,1.3507713790777208e-08,,0,temporal_2015_2016,0
PM25,Shunyi_Q4,risk,KMM,0.014835195525527783,0.005223398608213562,0.009611796917314222,1,0.010422822216290985,17.26262823631965,17.26262823631965,9.999999999999996,490.3077262703366,0.6847826086956522,0.010869565217391304,0.0023558821132707575,1.1655207108338905,14.0,92,92,Shunyi,Shunyi,4.248079486410269,0.01626762318793662,1.3507713790777208e-08,,0,temporal_2015_2016,0
PM25,Shunyi_Q4,risk,KMM + dependence,0.014835195525527783,0.005223398608213562,0.009611796917314222,1,0.011252404288732688,17.26262823631965,14.811086646387283,9.999999999999996,490.3077262703366,0.6847826086956522,0.010869565217391304,0.0023558821132707575,1.1655207108338905,14.0,92,92,Shunyi,Shunyi,4.248079486410269,0.01626762318793662,1.3507713790777208e-08,,0,temporal_2015_2016,0
PM25,Tiantan_Q1,mean,Unweighted,0.1911655713889467,0.13884607194048187,0.05231949944846481,0,0.02940462139396685,90.0,90.0,1.0,90.0,0.0,0.0,0.018002720491458124,1.1258487650618703,14.0,90,91,Tiantan,Tiantan,4.115168312034838,0.018002720491458124,1.579415431939153e-08,,0,temporal_2015_2016,0
PM25,Tiantan_Q1,mean,Logistic IW,0.1732284287623466,0.13884607194048187,0.03438235682186472,1,0.0412766009598836,55.60505553610335,55.60505553610335,3.965893717570014,115.86370320713446,0.0,0.0,0.0074681161730829615,1.2468492020556055,14.0,90,91,Tiantan,Tiantan,4.115168312034838,0.018002720491458124,1.579415431939153e-08,,0,temporal_2015_2016,0
PM25,Tiantan_Q1,mean,KMM,0.16271121496427007,0.13884607194048187,0.0238651430237882,1,0.05278120144185843,21.337957881163636,21.337957881163636,9.999999999999998,379.605210822465,0.6,0.011111111111111112,0.0008431847750844934,0.746431282429458,14.0,90,91,Tiantan,Tiantan,4.115168312034838,0.018002720491458124,1.579415431939153e-08,,0,temporal_2015_2016,0
PM25,Tiantan_Q1,mean,KMM + dependence,0.16271121496427007,0.13884607194048187,0.0238651430237882,1,0.05278120144185843,21.337957881163636,21.337957881163636,9.999999999999998,379.605210822465,0.6,0.011111111111111112,0.0008431847750844934,0.746431282429458,14.0,90,91,Tiantan,Tiantan,4.115168312034838,0.018002720491458124,1.579415431939153e-08,,0,temporal_2015_2016,0
PM25,Tiantan_Q1,risk,Unweighted,0.004814904576618324,0.002847166812216893,0.0019677377644014313,1,0.001989200478268991,90.0,90.0,1.0,90.0,0.0,0.0,0.018002720491458124,1.2197305473577393,14.0,90,91,Tiantan,Tiantan,4.115168312034838,0.018002720491458124,1.579415431939153e-08,,0,temporal_2015_2016,0
PM25,Tiantan_Q1,risk,Logistic IW,0.004014264570753598,0.002847166812216893,0.001167097758536705,1,0.0021030270345274125,55.60505553610335,55.60505553610335,3.965893717570014,115.86370320713446,0.0,0.0,0.0074681161730829615,0.9657909939566383,14.0,90,91,Tiantan,Tiantan,4.115168312034838,0.018002720491458124,1.579415431939153e-08,,0,temporal_2015_2016,0
PM25,Tiantan_Q1,risk,KMM,0.0034179832006546564,0.002847166812216893,0.0005708163884377633,1,0.0024576674206227144,21.337957881163636,21.337957881163636,9.999999999999998,379.605210822465,0.6,0.011111111111111112,0.0008431847750844934,0.8409331484592596,14.0,90,91,Tiantan,Tiantan,4.115168312034838,0.018002720491458124,1.579415431939153e-08,,0,temporal_2015_2016,0
PM25,Tiantan_Q1,risk,KMM + dependence,0.0034179832006546564,0.002847166812216893,0.0005708163884377633,1,0.0024576674206227144,21.337957881163636,21.337957881163636,9.999999999999998,379.605210822465,0.6,0.011111111111111112,0.0008431847750844934,0.8409331484592596,14.0,90,91,Tiantan,Tiantan,4.115168312034838,0.018002720491458124,1.579415431939153e-08,,0,temporal_2015_2016,0
PM25,Tiantan_Q2,mean,Unweighted,0.12515060270991948,0.11822653045712052,0.006924072252798966,1,0.016848472580314414,91.0,91.0,1.0,91.0,0.0,0.0,0.01366042288667857,2.199226460995635,14.0,91,91,Tiantan,Tiantan,4.210946264713703,0.01366042288667857,1.3762375398477926e-08,,0,temporal_2015_2016,0
PM25,Tiantan_Q2,mean,Logistic IW,0.10794612259786972,0.11822653045712052,0.0102804078592508,1,0.017068596914006508,44.7614612157656,44.7614612157656,5.09911847654651,154.7019134237892,0.0,0.0,0.006167815980601565,2.311702348719864,14.0,91,91,Tiantan,Tiantan,4.210946264713703,0.01366042288667857,1.3762375398477926e-08,,0,temporal_2015_2016,0
PM25,Tiantan_Q2,mean,KMM,0.11604823920597397,0.11822653045712052,0.002178291251146547,1,0.03214317833979346,20.748463178145716,20.748463178145716,7.858258454968507,399.1138972028711,0.5824175824175825,0.0,0.0012400167201223056,1.608453346231189,14.0,91,91,Tiantan,Tiantan,4.210946264713703,0.01366042288667857,1.3762375398477926e-08,,0,temporal_2015_2016,0
PM25,Tiantan_Q2,mean,KMM + dependence,0.11604823920597397,0.11822653045712052,0.002178291251146547,1,0.040765526163631646,20.748463178145716,12.899636303882863,7.858258454968507,399.1138972028711,0.5824175824175825,0.0,0.0012400167201223056,1.608453346231189,14.0,91,91,Tiantan,Tiantan,4.210946264713703,0.01366042288667857,1.3762375398477926e-08,,0,temporal_2015_2016,0
PM25,Tiantan_Q2,risk,Unweighted,0.005409931600408363,0.0016413204641919019,0.0037686111362164616,0,0.003438646444119571,91.0,91.0,1.0,91.0,0.0,0.0,0.01366042288667857,2.6206534603375227,14.0,91,91,Tiantan,Tiantan,4.210946264713703,0.01366042288667857,1.3762375398477926e-08,,0,temporal_2015_2016,0
PM25,Tiantan_Q2,risk,Logistic IW,0.002477668130923687,0.0016413204641919019,0.0008363476667317851,1,0.0017480990735338113,44.7614612157656,44.7614612157656,5.09911847654651,154.7019134237892,0.0,0.0,0.006167815980601565,1.0042689892584327,14.0,91,91,Tiantan,Tiantan,4.210946264713703,0.01366042288667857,1.3762375398477926e-08,,0,temporal_2015_2016,0
PM25,Tiantan_Q2,risk,KMM,0.002242649034794065,0.0016413204641919019,0.0006013285706021631,1,0.0026000571393083637,20.748463178145716,20.748463178145716,7.858258454968507,399.1138972028711,0.5824175824175825,0.0,0.0012400167201223056,0.778661049994386,14.0,91,91,Tiantan,Tiantan,4.210946264713703,0.01366042288667857,1.3762375398477926e-08,,0,temporal_2015_2016,0
PM25,Tiantan_Q2,risk,KMM + dependence,0.002242649034794065,0.0016413204641919019,0.0006013285706021631,1,0.0026000571393083637,20.748463178145716,20.748463178145716,7.858258454968507,399.1138972028711,0.5824175824175825,0.0,0.0012400167201223056,0.778661049994386,14.0,91,91,Tiantan,Tiantan,4.210946264713703,0.01366042288667857,1.3762375398477926e-08,,0,temporal_2015_2016,0
PM25,Tiantan_Q3,mean,Unweighted,0.10705168912689036,0.1174110537776653,0.01035936465077493,1,0.01446134346918855,92.0,92.0,1.0,92.0,0.0,0.0,0.025812508333896478,3.7013328999191617,14.0,92,92,Tiantan,Tiantan,4.0974192476625415,0.025812508333896478,8.413854561516269e-09,,0,temporal_2015_2016,0
PM25,Tiantan_Q3,mean,Logistic IW,0.0844261084145486,0.1174110537776653,0.03298494536311669,0,0.01909048337570669,41.24926958348775,41.24926958348775,4.081289864983484,100.69627052601074,0.0,0.0,0.023085880894830435,3.391185376396608,14.0,92,92,Tiantan,Tiantan,4.0974192476625415,0.025812508333896478,8.413854561516269e-09,,0,temporal_2015_2016,0
PM25,Tiantan_Q3,mean,KMM,0.11064578336716191,0.1174110537776653,0.006765270410503385,1,0.03837231397404091,17.478727966368673,17.478727966368673,9.999999999999998,484.2457652688358,0.6847826086956522,0.010869565217391304,0.004370488692598373,1.995467002143852,14.0,92,92,Tiantan,Tiantan,4.0974192476625415,0.025812508333896478,8.413854561516269e-09,,0,temporal_2015_2016,0
PM25,Tiantan_Q3,mean,KMM + dependence,0.11064578336716191,0.1174110537776653,0.006765270410503385,1,0.0542051143076449,17.478727966368673,8.75921673853299,9.999999999999998,484.2457652688358,0.6847826086956522,0.010869565217391304,0.004370488692598373,1.995467002143852,14.0,92,92,Tiantan,Tiantan,4.0974192476625415,0.025812508333896478,8.413854561516269e-09,,0,temporal_2015_2016,0
PM25,Tiantan_Q3,risk,Unweighted,0.0018257741940342113,0.0023593665540126213,0.00053359235997841,1,0.0005750775600478361,92.0,92.0,1.0,92.0,0.0,0.0,0.025812508333896478,1.5479360419181427,14.0,92,92,Tiantan,Tiantan,4.0974192476625415,0.025812508333896478,8.413854561516269e-09,,0,temporal_2015_2016,0
PM25,Tiantan_Q3,risk,Logistic IW,0.001742609919644545,0.0023593665540126213,0.0006167566343680763,1,0.000741481557565126,41.24926958348775,41.24926958348775,4.081289864983484,100.69627052601074,0.0,0.0,0.023085880894830435,1.5079257389001097,14.0,92,92,Tiantan,Tiantan,4.0974192476625415,0.025812508333896478,8.413854561516269e-09,,0,temporal_2015_2016,0
PM25,Tiantan_Q3,risk,KMM,0.0023055523245882194,0.0023593665540126213,5.3814229424401904e-05,1,0.0016961977110822072,17.478727966368673,17.478727966368673,9.999999999999998,484.2457652688358,0.6847826086956522,0.010869565217391304,0.004370488692598373,1.0711491068471801,14.0,92,92,Tiantan,Tiantan,4.0974192476625415,0.025812508333896478,8.413854561516269e-09,,0,temporal_2015_2016,0
PM25,Tiantan_Q3,risk,KMM + dependence,0.0023055523245882194,0.0023593665540126213,5.3814229424401904e-05,1,0.0017555024415632182,17.478727966368673,16.31773564916238,9.999999999999998,484.2457652688358,0.6847826086956522,0.010869565217391304,0.004370488692598373,1.0711491068471801,14.0,92,92,Tiantan,Tiantan,4.0974192476625415,0.025812508333896478,8.413854561516269e-09,,0,temporal_2015_2016,0
PM25,Tiantan_Q4,mean,Unweighted,0.23377021563223804,0.2158626594734818,0.01790755615875625,1,0.04469953567227919,92.0,92.0,1.0,92.0,0.0,0.0,0.013437193049258944,2.283062244217948,14.0,92,92,Tiantan,Tiantan,4.134753871850428,0.013437193049258944,8.288638904750369e-09,,0,temporal_2015_2016,0
PM25,Tiantan_Q4,mean,Logistic IW,0.19049145998737277,0.2158626594734818,0.025371199486109025,1,0.04423106819954242,54.59708394973236,54.59708394973236,3.7720121286630133,142.06499485546144,0.0,0.0,0.012756964693906303,3.0539423872828366,14.0,92,92,Tiantan,Tiantan,4.134753871850428,0.013437193049258944,8.288638904750369e-09,,0,temporal_2015_2016,0
PM25,Tiantan_Q4,mean,KMM,0.22852077644782204,0.2158626594734818,0.012658116974340244,1,0.08389860444216236,18.568619388017336,18.568619388017336,10.0,455.8227956065476,0.6521739130434783,0.010869565217391304,0.0014377744446307794,1.247212191117847,14.0,92,92,Tiantan,Tiantan,4.134753871850428,0.013437193049258944,8.288638904750369e-09,,0,temporal_2015_2016,0
PM25,Tiantan_Q4,mean,KMM + dependence,0.22852077644782204,0.2158626594734818,0.012658116974340244,1,0.0936968327364661,18.568619388017336,14.88809965157149,10.0,455.8227956065476,0.6521739130434783,0.010869565217391304,0.0014377744446307794,1.247212191117847,14.0,92,92,Tiantan,Tiantan,4.134753871850428,0.013437193049258944,8.288638904750369e-09,,0,temporal_2015_2016,0
PM25,Tiantan_Q4,risk,Unweighted,0.008143342465180493,0.005720035906999901,0.002423306558180592,1,0.005367523988414624,92.0,92.0,1.0,92.0,0.0,0.0,0.013437193049258944,1.0302799475062663,14.0,92,92,Tiantan,Tiantan,4.134753871850428,0.013437193049258944,8.288638904750369e-09,,0,temporal_2015_2016,0
PM25,Tiantan_Q4,risk,Logistic IW,0.006565754873083905,0.005720035906999901,0.0008457189660840041,1,0.005896711903188545,54.59708394973236,54.59708394973236,3.7720121286630133,142.06499485546144,0.0,0.0,0.012756964693906303,1.2088352107469122,14.0,92,92,Tiantan,Tiantan,4.134753871850428,0.013437193049258944,8.288638904750369e-09,,0,temporal_2015_2016,0
PM25,Tiantan_Q4,risk,KMM,0.011390844073517526,0.005720035906999901,0.0056708081665176255,1,0.01321478553275594,18.568619388017336,18.568619388017336,10.0,455.8227956065476,0.6521739130434783,0.010869565217391304,0.0014377744446307794,0.9973007808550158,14.0,92,92,Tiantan,Tiantan,4.134753871850428,0.013437193049258944,8.288638904750369e-09,,0,temporal_2015_2016,0
PM25,Tiantan_Q4,risk,KMM + dependence,0.011390844073517526,0.005720035906999901,0.0056708081665176255,1,0.01321478553275594,18.568619388017336,18.568619388017336,10.0,455.8227956065476,0.6521739130434783,0.010869565217391304,0.0014377744446307794,0.9973007808550158,14.0,92,92,Tiantan,Tiantan,4.134753871850428,0.013437193049258944,8.288638904750369e-09,,0,temporal_2015_2016,0
PM25,Wanliu_Q1,mean,Unweighted,0.1845200615999815,0.13776315282371182,0.04675690877626967,0,0.027337603499661155,90.0,90.0,1.0,90.0,0.0,0.0,0.055236114025409844,1.2430739187940094,14.0,90,91,Wanliu,Wanliu,4.102809496699081,0.055236114025409844,1.2556345140216334e-08,,0,temporal_2015_2016,0
PM25,Wanliu_Q1,mean,Logistic IW,0.22239338099495218,0.13776315282371182,0.08463022817124036,1,0.08788729993085188,36.05530958250432,36.05530958250432,3.8532268843504354,44.491054476332664,0.0,0.0,0.04872579579788083,1.3188149696649534,14.0,90,91,Wanliu,Wanliu,4.102809496699081,0.055236114025409844,1.2556345140216334e-08,,0,temporal_2015_2016,0
PM25,Wanliu_Q1,mean,KMM,0.15269399920768909,0.13776315282371182,0.014930846383977264,1,0.0918776763836168,13.927381636627286,13.927381636627286,9.999999999999986,581.5881413558747,0.7555555555555555,0.022222222222222223,0.011757606568210566,0.9796596571937595,14.0,90,91,Wanliu,Wanliu,4.102809496699081,0.055236114025409844,1.2556345140216334e-08,,0,temporal_2015_2016,0
PM25,Wanliu_Q1,mean,KMM + dependence,0.15269399920768909,0.13776315282371182,0.014930846383977264,1,0.0918776763836168,13.927381636627286,13.927381636627286,9.999999999999986,581.5881413558747,0.7555555555555555,0.022222222222222223,0.011757606568210566,0.9796596571937595,14.0,90,91,Wanliu,Wanliu,4.102809496699081,0.055236114025409844,1.2556345140216334e-08,,0,temporal_2015_2016,0
PM25,Wanliu_Q1,risk,Unweighted,0.004563107473942145,0.002967634775541041,0.0015954726984011044,1,0.0033566558933924105,90.0,90.0,1.0,90.0,0.0,0.0,0.055236114025409844,0.5920332404068134,14.0,90,91,Wanliu,Wanliu,4.102809496699081,0.055236114025409844,1.2556345140216334e-08,,0,temporal_2015_2016,0
PM25,Wanliu_Q1,risk,Logistic IW,0.015387147794104595,0.002967634775541041,0.012419513018563554,1,0.022819033011105057,36.05530958250432,36.05530958250432,3.8532268843504354,44.491054476332664,0.0,0.0,0.04872579579788083,0.9146792776308438,14.0,90,91,Wanliu,Wanliu,4.102809496699081,0.055236114025409844,1.2556345140216334e-08,,0,temporal_2015_2016,0
PM25,Wanliu_Q1,risk,KMM,0.010903603508930743,0.002967634775541041,0.007935968733389701,1,0.01864060673462097,13.927381636627286,13.927381636627286,9.999999999999986,581.5881413558747,0.7555555555555555,0.022222222222222223,0.011757606568210566,1.029966618911795,14.0,90,91,Wanliu,Wanliu,4.102809496699081,0.055236114025409844,1.2556345140216334e-08,,0,temporal_2015_2016,0
PM25,Wanliu_Q1,risk,KMM + dependence,0.010903603508930743,0.002967634775541041,0.007935968733389701,1,0.01891784308574936,13.927381636627286,13.522167981853796,9.999999999999986,581.5881413558747,0.7555555555555555,0.022222222222222223,0.011757606568210566,1.029966618911795,14.0,90,91,Wanliu,Wanliu,4.102809496699081,0.055236114025409844,1.2556345140216334e-08,,0,temporal_2015_2016,0
PM25,Wanliu_Q2,mean,Unweighted,0.12934232837555817,0.11512078294194998,0.014221545433608193,1,0.017155841974384748,91.0,91.0,1.0,91.0,0.0,0.0,0.01698564404092706,2.1827224372802245,14.0,91,91,Wanliu,Wanliu,4.277674895424895,0.01698564404092706,1.31149791266698e-08,,0,temporal_2015_2016,0
PM25,Wanliu_Q2,mean,Logistic IW,0.11253462021501001,0.11512078294194998,0.0025861627269399695,1,0.014348470662725373,34.07938362921609,34.07938362921609,10.0,252.95795012960104,0.0,0.01098901098901099,0.01059162175791939,1.278417366824492,14.0,91,91,Wanliu,Wanliu,4.277674895424895,0.01698564404092706,1.31149791266698e-08,,0,temporal_2015_2016,0
PM25,Wanliu_Q2,mean,KMM,0.1027490920116386,0.11512078294194998,0.012371690930311388,1,0.022953284277674936,20.474629096374994,20.474629096374994,9.748139616658575,404.45177106852407,0.6153846153846154,0.0,0.0016264497687947799,0.8988080762106646,14.0,91,91,Wanliu,Wanliu,4.277674895424895,0.01698564404092706,1.31149791266698e-08,,0,temporal_2015_2016,0
PM25,Wanliu_Q2,mean,KMM + dependence,0.1027490920116386,0.11512078294194998,0.012371690930311388,1,0.022953284277674936,20.474629096374994,20.474629096374994,9.748139616658575,404.45177106852407,0.6153846153846154,0.0,0.0016264497687947799,0.8988080762106646,14.0,91,91,Wanliu,Wanliu,4.277674895424895,0.01698564404092706,1.31149791266698e-08,,0,temporal_2015_2016,0
PM25,Wanliu_Q2,risk,Unweighted,0.005294178420674814,0.0011208840801337856,0.004173294340541028,0,0.0035646952107033602,91.0,91.0,1.0,91.0,0.0,0.0,0.01698564404092706,2.7848281049574832,14.0,91,91,Wanliu,Wanliu,4.277674895424895,0.01698564404092706,1.31149791266698e-08,,0,temporal_2015_2016,0
PM25,Wanliu_Q2,risk,Logistic IW,0.001151115075637892,0.0011208840801337856,3.0230995504106463e-05,1,0.000357652452338224,34.07938362921609,34.07938362921609,10.0,252.95795012960104,0.0,0.01098901098901099,0.01059162175791939,0.871190164915717,14.0,91,91,Wanliu,Wanliu,4.277674895424895,0.01698564404092706,1.31149791266698e-08,,0,temporal_2015_2016,0
PM25,Wanliu_Q2,risk,KMM,0.0010961225584393676,0.0011208840801337856,2.4761521694418014e-05,1,0.00044448328212814335,20.474629096374994,20.474629096374994,9.748139616658575,404.45177106852407,0.6153846153846154,0.0,0.0016264497687947799,0.8020584902626289,14.0,91,91,Wanliu,Wanliu,4.277674895424895,0.01698564404092706,1.31149791266698e-08,,0,temporal_2015_2016,0
PM25,Wanliu_Q2,risk,KMM + dependence,0.0010961225584393676,0.0011208840801337856,2.4761521694418014e-05,1,0.00044448328212814335,20.474629096374994,20.474629096374994,9.748139616658575,404.45177106852407,0.6153846153846154,0.0,0.0016264497687947799,0.8020584902626289,14.0,91,91,Wanliu,Wanliu,4.277674895424895,0.01698564404092706,1.31149791266698e-08,,0,temporal_2015_2016,0
PM25,Wanliu_Q3,mean,Unweighted,0.10735955006250654,0.11286245454818235,0.005502904485675808,1,0.014470293805157615,92.0,92.0,1.0,92.0,0.0,0.0,0.03272479505161141,3.7253265959188617,14.0,92,92,Wanliu,Wanliu,4.129320361106723,0.03272479505161141,7.548639119031425e-09,,0,temporal_2015_2016,0
PM25,Wanliu_Q3,mean,Logistic IW,0.0940599454469753,0.11286245454818235,0.01880250910120705,0,0.014672470916872524,18.871526234936226,18.871526234936226,10.0,414.74776642422677,0.0,0.021739130434782608,0.01785567436428437,1.1174635468374106,14.0,92,92,Wanliu,Wanliu,4.129320361106723,0.03272479505161141,7.548639119031425e-09,,0,temporal_2015_2016,0
PM25,Wanliu_Q3,mean,KMM,0.1046850098764995,0.11286245454818235,0.008177444671682854,1,0.024591233916736635,17.942175332383343,17.942175332383343,10.0,471.7376707786129,0.6630434782608695,0.010869565217391304,0.0031533158212213586,1.347564213140984,14.0,92,92,Wanliu,Wanliu,4.129320361106723,0.03272479505161141,7.548639119031425e-09,,0,temporal_2015_2016,0
PM25,Wanliu_Q3,mean,KMM + dependence,0.1046850098764995,0.11286245454818235,0.008177444671682854,1,0.028546643761749518,17.942175332383343,13.314523461974876,10.0,471.7376707786129,0.6630434782608695,0.010869565217391304,0.0031533158212213586,1.347564213140984,14.0,92,92,Wanliu,Wanliu,4.129320361106723,0.03272479505161141,7.548639119031425e-09,,0,temporal_2015_2016,0
PM25,Wanliu_Q3,risk,Unweighted,0.0015164013831108249,0.001674175203654954,0.0001577738205441291,1,0.00046297749921132375,92.0,92.0,1.0,92.0,0.0,0.0,0.03272479505161141,1.1498703524979985,14.0,92,92,Wanliu,Wanliu,4.129320361106723,0.03272479505161141,7.548639119031425e-09,,0,temporal_2015_2016,0
PM25,Wanliu_Q3,risk,Logistic IW,0.0009360814226773463,0.001674175203654954,0.0007380937809776077,0,0.0003435565466702943,18.871526234936226,18.871526234936226,10.0,414.74776642422677,0.0,0.021739130434782608,0.01785567436428437,0.5884241482518909,14.0,92,92,Wanliu,Wanliu,4.129320361106723,0.03272479505161141,7.548639119031425e-09,,0,temporal_2015_2016,0
PM25,Wanliu_Q3,risk,KMM,0.001321250512587613,0.001674175203654954,0.00035292469106734106,1,0.0005330491528188764,17.942175332383343,17.942175332383343,10.0,471.7376707786129,0.6630434782608695,0.010869565217391304,0.0031533158212213586,0.7265151666012886,14.0,92,92,Wanliu,Wanliu,4.129320361106723,0.03272479505161141,7.548639119031425e-09,,0,temporal_2015_2016,0
PM25,Wanliu_Q3,risk,KMM + dependence,0.001321250512587613,0.001674175203654954,0.00035292469106734106,1,0.0005330491528188764,17.942175332383343,17.942175332383343,10.0,471.7376707786129,0.6630434782608695,0.010869565217391304,0.0031533158212213586,0.7265151666012886,14.0,92,92,Wanliu,Wanliu,4.129320361106723,0.03272479505161141,7.548639119031425e-09,,0,temporal_2015_2016,0
PM25,Wanliu_Q4,mean,Unweighted,0.22134379980116722,0.20532756344159933,0.016016236359567892,1,0.04310915801446982,92.0,92.0,1.0,92.0,0.0,0.0,0.01228255847763804,2.072822099209058,14.0,92,92,Wanliu,Wanliu,4.227890178861758,0.01228255847763804,9.626827519649246e-09,,0,temporal_2015_2016,0
PM25,Wanliu_Q4,mean,Logistic IW,0.3041082199871079,0.20532756344159933,0.09878065654550858,1,0.15587825177720727,31.078293252113152,31.078293252113152,10.0,256.110044171213,0.0,0.010869565217391304,0.008736018646618326,1.7868687954584836,14.0,92,92,Wanliu,Wanliu,4.227890178861758,0.01228255847763804,9.626827519649246e-09,,0,temporal_2015_2016,0
PM25,Wanliu_Q4,mean,KMM,0.24688992570367202,0.20532756344159933,0.04156236226207269,1,0.10885655873027794,18.159992371646215,18.159992371646215,10.0,466.07949093718327,0.6739130434782609,0.010869565217391304,0.0015570077495121737,1.0960878499807807,14.0,92,92,Wanliu,Wanliu,4.227890178861758,0.01228255847763804,9.626827519649246e-09,,0,temporal_2015_2016,0
PM25,Wanliu_Q4,mean,KMM + dependence,0.24688992570367202,0.20532756344159933,0.04156236226207269,1,0.11396651883464247,18.159992371646215,16.56800809530426,10.0,466.07949093718327,0.6739130434782609,0.010869565217391304,0.0015570077495121737,1.0960878499807807,14.0,92,92,Wanliu,Wanliu,4.227890178861758,0.01228255847763804,9.626827519649246e-09,,0,temporal_2015_2016,0
PM25,Wanliu_Q4,risk,Unweighted,0.007588322494406386,0.004929759587428906,0.0026585629069774807,1,0.004606733443374202,92.0,92.0,1.0,92.0,0.0,0.0,0.01228255847763804,0.786258794253947,14.0,92,92,Wanliu,Wanliu,4.227890178861758,0.01228255847763804,9.626827519649246e-09,,0,temporal_2015_2016,0
PM25,Wanliu_Q4,risk,Logistic IW,0.023545003018632604,0.004929759587428906,0.018615243431203698,1,0.03285359421904945,31.078293252113152,31.078293252113152,10.0,256.110044171213,0.0,0.010869565217391304,0.008736018646618326,0.9442847516317487,14.0,92,92,Wanliu,Wanliu,4.227890178861758,0.01228255847763804,9.626827519649246e-09,,0,temporal_2015_2016,0
PM25,Wanliu_Q4,risk,KMM,0.014320178297962524,0.004929759587428906,0.009390418710533619,1,0.018471904143311443,18.159992371646215,18.159992371646215,10.0,466.07949093718327,0.6739130434782609,0.010869565217391304,0.0015570077495121737,0.8941693116687008,14.0,92,92,Wanliu,Wanliu,4.227890178861758,0.01228255847763804,9.626827519649246e-09,,0,temporal_2015_2016,0
PM25,Wanliu_Q4,risk,KMM + dependence,0.014320178297962524,0.004929759587428906,0.009390418710533619,1,0.018471904143311443,18.159992371646215,18.159992371646215,10.0,466.07949093718327,0.6739130434782609,0.010869565217391304,0.0015570077495121737,0.8941693116687008,14.0,92,92,Wanliu,Wanliu,4.227890178861758,0.01228255847763804,9.626827519649246e-09,,0,temporal_2015_2016,0
PM25,Wanshouxigong_Q1,mean,Unweighted,0.19660575440394282,0.14720578079433916,0.04939997360960366,0,0.0302929969951396,90.0,90.0,1.0,90.0,0.0,0.0,0.033870133059141105,1.1441188678343455,14.0,90,91,Wanshouxigong,Wanshouxigong,4.091250916084032,0.033870133059141105,6.287895699064347e-09,,0,temporal_2015_2016,0
PM25,Wanshouxigong_Q1,mean,Logistic IW,0.18728006566984928,0.14720578079433916,0.040074284875510124,1,0.045762794434156366,31.14443075957649,31.14443075957649,8.838084265926346,215.18611124611894,0.0,0.0,0.022524177381224364,0.9475188358850439,14.0,90,91,Wanshouxigong,Wanshouxigong,4.091250916084032,0.033870133059141105,6.287895699064347e-09,,0,temporal_2015_2016,0
PM25,Wanshouxigong_Q1,mean,KMM,0.15828545808410774,0.14720578079433916,0.01107967728976858,1,0.05813908474003949,17.969726859332617,17.969726859332617,9.999999999999998,450.7581035263897,0.6666666666666666,0.011111111111111112,0.0022205329067708224,0.8832839405648129,14.0,90,91,Wanshouxigong,Wanshouxigong,4.091250916084032,0.033870133059141105,6.287895699064347e-09,,0,temporal_2015_2016,0
PM25,Wanshouxigong_Q1,mean,KMM + dependence,0.15828545808410774,0.14720578079433916,0.01107967728976858,1,0.05813908474003949,17.969726859332617,17.969726859332617,9.999999999999998,450.7581035263897,0.6666666666666666,0.011111111111111112,0.0022205329067708224,0.8832839405648129,14.0,90,91,Wanshouxigong,Wanshouxigong,4.091250916084032,0.033870133059141105,6.287895699064347e-09,,0,temporal_2015_2016,0
PM25,Wanshouxigong_Q1,risk,Unweighted,0.004330222769237284,0.003360023085795635,0.0009701996834416489,1,0.0019487745937543318,90.0,90.0,1.0,90.0,0.0,0.0,0.033870133059141105,1.333647855728083,14.0,90,91,Wanshouxigong,Wanshouxigong,4.091250916084032,0.033870133059141105,6.287895699064347e-09,,0,temporal_2015_2016,0
PM25,Wanshouxigong_Q1,risk,Logistic IW,0.006620555262794578,0.003360023085795635,0.003260532176998943,1,0.004492878548398379,31.14443075957649,31.14443075957649,8.838084265926346,215.18611124611894,0.0,0.0,0.022524177381224364,1.31439167752867,14.0,90,91,Wanshouxigong,Wanshouxigong,4.091250916084032,0.033870133059141105,6.287895699064347e-09,,0,temporal_2015_2016,0
PM25,Wanshouxigong_Q1,risk,KMM,0.0024278809214390994,0.003360023085795635,0.0009321421643565357,1,0.0015171651921521364,17.969726859332617,17.969726859332617,9.999999999999998,450.7581035263897,0.6666666666666666,0.011111111111111112,0.0022205329067708224,1.0643112724322603,14.0,90,91,Wanshouxigong,Wanshouxigong,4.091250916084032,0.033870133059141105,6.287895699064347e-09,,0,temporal_2015_2016,0
PM25,Wanshouxigong_Q1,risk,KMM + dependence,0.0024278809214390994,0.003360023085795635,0.0009321421643565357,1,0.0015651904926290096,17.969726859332617,16.883901659959474,9.999999999999998,450.7581035263897,0.6666666666666666,0.011111111111111112,0.0022205329067708224,1.0643112724322603,14.0,90,91,Wanshouxigong,Wanshouxigong,4.091250916084032,0.033870133059141105,6.287895699064347e-09,,0,temporal_2015_2016,0
PM25,Wanshouxigong_Q2,mean,Unweighted,0.12281031471877289,0.12435444939047878,0.001544134671705888,1,0.01666729557622207,91.0,91.0,1.0,91.0,0.0,0.0,0.012106223346522338,2.181193232248152,14.0,91,90,Wanshouxigong,Wanshouxigong,4.197838215779122,0.012106223346522338,1.360500053024171e-08,,0,temporal_2015_2016,0
PM25,Wanshouxigong_Q2,mean,Logistic IW,0.10756173770871982,0.12435444939047878,0.016792711681758957,1,0.021483449147865725,46.18962168126041,46.18962168126041,7.606714640748752,165.9714184853884,0.0,0.0,0.005746783198441685,1.4827264411905319,14.0,91,90,Wanshouxigong,Wanshouxigong,4.197838215779122,0.012106223346522338,1.360500053024171e-08,,0,temporal_2015_2016,0
PM25,Wanshouxigong_Q2,mean,KMM,0.11592337774056635,0.12435444939047878,0.008431071649912428,1,0.03453208923539007,16.945774553843084,16.945774553843084,8.883630791805817,488.6763938519398,0.6703296703296703,0.0,0.0013470640520403254,0.7885040698020495,14.0,91,90,Wanshouxigong,Wanshouxigong,4.197838215779122,0.012106223346522338,1.360500053024171e-08,,0,temporal_2015_2016,0
PM25,Wanshouxigong_Q2,mean,KMM + dependence,0.11592337774056635,0.12435444939047878,0.008431071649912428,1,0.03453208923539007,16.945774553843084,16.945774553843084,8.883630791805817,488.6763938519398,0.6703296703296703,0.0,0.0013470640520403254,0.7885040698020495,14.0,91,90,Wanshouxigong,Wanshouxigong,4.197838215779122,0.012106223346522338,1.360500053024171e-08,,0,temporal_2015_2016,0
PM25,Wanshouxigong_Q2,risk,Unweighted,0.003522364508090365,0.0012658943869124127,0.0022564701211779522,0,0.0022409740529113235,91.0,91.0,1.0,91.0,0.0,0.0,0.012106223346522338,1.075792530899999,14.0,91,90,Wanshouxigong,Wanshouxigong,4.197838215779122,0.012106223346522338,1.360500053024171e-08,,0,temporal_2015_2016,0
PM25,Wanshouxigong_Q2,risk,Logistic IW,0.004580253770037558,0.0012658943869124127,0.0033143593831251456,1,0.005263800066693505,46.18962168126041,46.18962168126041,7.606714640748752,165.9714184853884,0.0,0.0,0.005746783198441685,0.9204585029439604,14.0,91,90,Wanshouxigong,Wanshouxigong,4.197838215779122,0.012106223346522338,1.360500053024171e-08,,0,temporal_2015_2016,0
PM25,Wanshouxigong_Q2,risk,KMM,0.003229200976411538,0.0012658943869124127,0.0019633065894991255,1,0.002438581160903566,16.945774553843084,16.945774553843084,8.883630791805817,488.6763938519398,0.6703296703296703,0.0,0.0013470640520403254,0.4493088165554797,14.0,91,90,Wanshouxigong,Wanshouxigong,4.197838215779122,0.012106223346522338,1.360500053024171e-08,,0,temporal_2015_2016,0
PM25,Wanshouxigong_Q2,risk,KMM + dependence,0.003229200976411538,0.0012658943869124127,0.0019633065894991255,1,0.002438581160903566,16.945774553843084,16.945774553843084,8.883630791805817,488.6763938519398,0.6703296703296703,0.0,0.0013470640520403254,0.4493088165554797,14.0,91,90,Wanshouxigong,Wanshouxigong,4.197838215779122,0.012106223346522338,1.360500053024171e-08,,0,temporal_2015_2016,0
PM25,Wanshouxigong_Q3,mean,Unweighted,0.10721743658567853,0.12230292174875113,0.015085485163072593,0,0.014396515082491472,92.0,92.0,1.0,92.0,0.0,0.0,0.02320162743522114,3.6167804718918783,14.0,92,92,Wanshouxigong,Wanshouxigong,4.111159585528412,0.02320162743522114,1.4513545553891503e-08,,0,temporal_2015_2016,0
PM25,Wanshouxigong_Q3,mean,Logistic IW,0.11008286713101398,0.12230292174875113,0.012220054617737147,1,0.01982162075549568,39.26643104949852,39.26643104949852,5.842093866449208,139.01650052281417,0.0,0.0,0.008709464713955617,2.2408559625953637,14.0,92,92,Wanshouxigong,Wanshouxigong,4.111159585528412,0.02320162743522114,1.4513545553891503e-08,,0,temporal_2015_2016,0
PM25,Wanshouxigong_Q3,mean,KMM,0.11970951983410555,0.12230292174875113,0.0025934019146455767,1,0.03433295948574967,17.571782117014585,17.571782117014585,9.190237683591462,481.6813652500499,0.6847826086956522,0.0,0.002914630054099865,0.9850042249716804,14.0,92,92,Wanshouxigong,Wanshouxigong,4.111159585528412,0.02320162743522114,1.4513545553891503e-08,,0,temporal_2015_2016,0
PM25,Wanshouxigong_Q3,mean,KMM + dependence,0.11970951983410555,0.12230292174875113,0.0025934019146455767,1,0.03433295948574967,17.571782117014585,17.571782117014585,9.190237683591462,481.6813652500499,0.6847826086956522,0.0,0.002914630054099865,0.9850042249716804,14.0,92,92,Wanshouxigong,Wanshouxigong,4.111159585528412,0.02320162743522114,1.4513545553891503e-08,,0,temporal_2015_2016,0
PM25,Wanshouxigong_Q3,risk,Unweighted,0.002207286228683004,0.0026118080311244825,0.0004045218024414784,1,0.000686375856625766,92.0,92.0,1.0,92.0,0.0,0.0,0.02320162743522114,1.8226536285597787,14.0,92,92,Wanshouxigong,Wanshouxigong,4.111159585528412,0.02320162743522114,1.4513545553891503e-08,,0,temporal_2015_2016,0
PM25,Wanshouxigong_Q3,risk,Logistic IW,0.0025206815418143337,0.0026118080311244825,9.112648931014879e-05,1,0.001656130491713826,39.26643104949852,39.26643104949852,5.842093866449208,139.01650052281417,0.0,0.0,0.008709464713955617,1.4094168099668893,14.0,92,92,Wanshouxigong,Wanshouxigong,4.111159585528412,0.02320162743522114,1.4513545553891503e-08,,0,temporal_2015_2016,0
PM25,Wanshouxigong_Q3,risk,KMM,0.0020674548108085724,0.0026118080311244825,0.0005443532203159101,1,0.0011212164329558467,17.571782117014585,17.571782117014585,9.190237683591462,481.6813652500499,0.6847826086956522,0.0,0.002914630054099865,0.9340614865813851,14.0,92,92,Wanshouxigong,Wanshouxigong,4.111159585528412,0.02320162743522114,1.4513545553891503e-08,,0,temporal_2015_2016,0
PM25,Wanshouxigong_Q3,risk,KMM + dependence,0.0020674548108085724,0.0026118080311244825,0.0005443532203159101,1,0.0011212164329558467,17.571782117014585,17.571782117014585,9.190237683591462,481.6813652500499,0.6847826086956522,0.0,0.002914630054099865,0.9340614865813851,14.0,92,92,Wanshouxigong,Wanshouxigong,4.111159585528412,0.02320162743522114,1.4513545553891503e-08,,0,temporal_2015_2016,0
PM25,Wanshouxigong_Q4,mean,Unweighted,0.25092193167648236,0.23173633683581701,0.019185594840665343,1,0.04832486629229154,92.0,92.0,1.0,92.0,0.0,0.0,0.020219695451334507,2.5419580600704834,14.0,92,92,Wanshouxigong,Wanshouxigong,4.178072144343487,0.020219695451334507,8.100306235453623e-09,,0,temporal_2015_2016,0
PM25,Wanshouxigong_Q4,mean,Logistic IW,0.21186390662259522,0.23173633683581701,0.019872430213221798,1,0.06317566737472732,28.628318324217172,28.628318324217172,7.99700172185856,238.9927549670468,0.0,0.0,0.03322927847647161,0.6059167149567031,14.0,92,92,Wanshouxigong,Wanshouxigong,4.178072144343487,0.020219695451334507,8.100306235453623e-09,,0,temporal_2015_2016,0
PM25,Wanshouxigong_Q4,mean,KMM,0.2377618509557614,0.23173633683581701,0.006025514119944397,1,0.09942795993686933,16.642165145589846,16.642165145589846,9.627825621803627,508.58767029138335,0.717391304347826,0.0,0.0027841112837443394,0.9842408531413638,14.0,92,92,Wanshouxigong,Wanshouxigong,4.178072144343487,0.020219695451334507,8.100306235453623e-09,,0,temporal_2015_2016,0
PM25,Wanshouxigong_Q4,mean,KMM + dependence,0.2377618509557614,0.23173633683581701,0.006025514119944397,1,0.09942795993686933,16.642165145589846,16.642165145589846,9.627825621803627,508.58767029138335,0.717391304347826,0.0,0.0027841112837443394,0.9842408531413638,14.0,92,92,Wanshouxigong,Wanshouxigong,4.178072144343487,0.020219695451334507,8.100306235453623e-09,,0,temporal_2015_2016,0
PM25,Wanshouxigong_Q4,risk,Unweighted,0.01101857989377733,0.007538169193142776,0.0034804107006345545,1,0.006030179567517725,92.0,92.0,1.0,92.0,0.0,0.0,0.020219695451334507,1.4042185434927619,14.0,92,92,Wanshouxigong,Wanshouxigong,4.178072144343487,0.020219695451334507,8.100306235453623e-09,,0,temporal_2015_2016,0
PM25,Wanshouxigong_Q4,risk,Logistic IW,0.005325461817525544,0.007538169193142776,0.002212707375617232,1,0.0032247073575656414,28.628318324217172,28.628318324217172,7.99700172185856,238.9927549670468,0.0,0.0,0.03322927847647161,1.7719969455554092,14.0,92,92,Wanshouxigong,Wanshouxigong,4.178072144343487,0.020219695451334507,8.100306235453623e-09,,0,temporal_2015_2016,0
PM25,Wanshouxigong_Q4,risk,KMM,0.011121472966078821,0.007538169193142776,0.0035833037729360454,1,0.014651590417770213,16.642165145589846,16.642165145589846,9.627825621803627,508.58767029138335,0.717391304347826,0.0,0.0027841112837443394,0.7405309358008942,14.0,92,92,Wanshouxigong,Wanshouxigong,4.178072144343487,0.020219695451334507,8.100306235453623e-09,,0,temporal_2015_2016,0
PM25,Wanshouxigong_Q4,risk,KMM + dependence,0.011121472966078821,0.007538169193142776,0.0035833037729360454,1,0.014651590417770213,16.642165145589846,16.642165145589846,9.627825621803627,508.58767029138335,0.717391304347826,0.0,0.0027841112837443394,0.7405309358008942,14.0,92,92,Wanshouxigong,Wanshouxigong,4.178072144343487,0.020219695451334507,8.100306235453623e-09,,0,temporal_2015_2016,0
