dataset,task_id,estimand,method,estimate,true_target,absolute_error,coverage,half_width,nominal_ess,adjusted_ess,max_weight,sum_squared_weights,zero_weight_fraction,upper_bound_fraction,mmd2_after,dependence_variance_ratio,dependence_bandwidth,n_source,n_target,source_domain,target_domain,bandwidth,mmd2_before,kmm_projected_residual,solver_objective_relative_difference,kmm_iterations,regime,replicate,distance_km
NOAA,USW00012972_mild_Q1,mean,Unweighted,0.6089466292134831,0.6403571428571428,0.0314105136436597,0,0.0236760334167654,89.0,89.0,1.0,89.0,0.0,0.0,0.0564454604389901,6.302652437612712,14.0,89,77,USW00093984,USW00012972,2.1794253743565326,0.0564454604389901,1.0841827770546997e-07,1.9193834844284183e-08,6000,mild,0,342.8380522058386
NOAA,USW00012972_mild_Q1,mean,Logistic IW,0.6675604542866885,0.6403571428571428,0.0272033114295456,0,0.0225078282497256,34.28999911381227,34.28999911381227,7.923269991810749,251.61944323216045,0.0,0.0,0.0071384944899097,3.2860999514742657,14.0,89,77,USW00093984,USW00012972,2.1794253743565326,0.0564454604389901,1.0841827770546997e-07,1.9193834844284183e-08,6000,mild,0,342.8380522058386
NOAA,USW00012972_mild_Q1,mean,KMM,0.6618095730432769,0.6403571428571428,0.021452430186134,1,0.0498410798302162,13.260470667457064,13.260470667457064,10.0,597.3392799276103,0.7528089887640449,0.0337078651685393,3.0875591201295904e-05,1.464600255398137,14.0,89,77,USW00093984,USW00012972,2.1794253743565326,0.0564454604389901,1.0841827770546997e-07,1.9193834844284183e-08,6000,mild,0,342.8380522058386
NOAA,USW00012972_mild_Q1,mean,KMM + dependence,0.6618095730432769,0.6403571428571428,0.021452430186134,1,0.060318008718442,13.260470667457064,9.053986313727862,10.0,597.3392799276103,0.7528089887640449,0.0337078651685393,3.0875591201295904e-05,1.464600255398137,14.0,89,77,USW00093984,USW00012972,2.1794253743565326,0.0564454604389901,1.0841827770546997e-07,1.9193834844284183e-08,6000,mild,0,342.8380522058386
NOAA,USW00012972_mild_Q1,risk,Unweighted,0.0058534613284444,0.0026995925592318,0.0031538687692126,0,0.0012899467298163,89.0,89.0,1.0,89.0,0.0,0.0,0.0564454604389901,0.5695395793713979,14.0,89,77,USW00093984,USW00012972,2.1794253743565326,0.0564454604389901,1.0841827770546997e-07,1.9193834844284183e-08,6000,mild,0,342.8380522058386
NOAA,USW00012972_mild_Q1,risk,Logistic IW,0.0040028836140471,0.0026995925592318,0.0013032910548153,0,0.0012761622235635,34.28999911381227,34.28999911381227,7.923269991810749,251.61944323216045,0.0,0.0,0.0071384944899097,0.7411915738614088,14.0,89,77,USW00093984,USW00012972,2.1794253743565326,0.0564454604389901,1.0841827770546997e-07,1.9193834844284183e-08,6000,mild,0,342.8380522058386
NOAA,USW00012972_mild_Q1,risk,KMM,0.0038035836520928,0.0026995925592318,0.001103991092861,1,0.0018347324017687,13.260470667457064,13.260470667457064,10.0,597.3392799276103,0.7528089887640449,0.0337078651685393,3.0875591201295904e-05,0.7643674229664468,14.0,89,77,USW00093984,USW00012972,2.1794253743565326,0.0564454604389901,1.0841827770546997e-07,1.9193834844284183e-08,6000,mild,0,342.8380522058386
NOAA,USW00012972_mild_Q1,risk,KMM + dependence,0.0038035836520928,0.0026995925592318,0.001103991092861,1,0.0018347324017687,13.260470667457064,13.260470667457064,10.0,597.3392799276103,0.7528089887640449,0.0337078651685393,3.0875591201295904e-05,0.7643674229664468,14.0,89,77,USW00093984,USW00012972,2.1794253743565326,0.0564454604389901,1.0841827770546997e-07,1.9193834844284183e-08,6000,mild,0,342.8380522058386
NOAA,USW00012972_mild_Q2,mean,Unweighted,0.751661931818182,0.7507554945054946,0.0009064373126873,1,0.0112857280845541,88.0,88.0,1.0,88.0,0.0,0.0,0.0898376399342955,5.20252035230802,14.0,88,91,USW00093984,USW00012972,2.2109599738579826,0.0898376399342955,9.65519924519359e-08,,2451,mild,0,342.8380522058386
NOAA,USW00012972_mild_Q2,mean,Logistic IW,0.7616349937974111,0.7507554945054946,0.0108794992919164,1,0.0164658241378411,27.73260783791388,27.73260783791388,8.519223283904877,148.7383021607074,0.0,0.0,0.0300784563222393,2.27722271280556,14.0,88,91,USW00093984,USW00012972,2.2109599738579826,0.0898376399342955,9.65519924519359e-08,,2451,mild,0,342.8380522058386
NOAA,USW00012972_mild_Q2,mean,KMM,0.7622095021374357,0.7507554945054946,0.011454007631941,1,0.027492542323321,10.214521467368684,10.214521467368684,10.0,758.1363478200444,0.8068181818181818,0.0795454545454545,0.0050003980173249,1.677076044917681,14.0,88,91,USW00093984,USW00012972,2.2109599738579826,0.0898376399342955,9.65519924519359e-08,,2451,mild,0,342.8380522058386
NOAA,USW00012972_mild_Q2,mean,KMM + dependence,0.7622095021374357,0.7507554945054946,0.011454007631941,1,0.035603384140315,10.214521467368684,6.09067281017067,10.0,758.1363478200444,0.8068181818181818,0.0795454545454545,0.0050003980173249,1.677076044917681,14.0,88,91,USW00093984,USW00012972,2.2109599738579826,0.0898376399342955,9.65519924519359e-08,,2451,mild,0,342.8380522058386
NOAA,USW00012972_mild_Q2,risk,Unweighted,0.0014653523731253,0.0013187547837779,0.0001465975893474,1,0.0003905077176841,88.0,88.0,1.0,88.0,0.0,0.0,0.0898376399342955,2.72903972064016,14.0,88,91,USW00093984,USW00012972,2.2109599738579826,0.0898376399342955,9.65519924519359e-08,,2451,mild,0,342.8380522058386
NOAA,USW00012972_mild_Q2,risk,Logistic IW,0.0011076889577456,0.0013187547837779,0.0002110658260322,1,0.00053412207383,27.73260783791388,27.73260783791388,8.519223283904877,148.7383021607074,0.0,0.0,0.0300784563222393,1.564278657175305,14.0,88,91,USW00093984,USW00012972,2.2109599738579826,0.0898376399342955,9.65519924519359e-08,,2451,mild,0,342.8380522058386
NOAA,USW00012972_mild_Q2,risk,KMM,0.0006926458337924,0.0013187547837779,0.0006261089499854,0,0.0003371120319871,10.214521467368684,10.214521467368684,10.0,758.1363478200444,0.8068181818181818,0.0795454545454545,0.0050003980173249,0.6046039689342225,14.0,88,91,USW00093984,USW00012972,2.2109599738579826,0.0898376399342955,9.65519924519359e-08,,2451,mild,0,342.8380522058386
NOAA,USW00012972_mild_Q2,risk,KMM + dependence,0.0006926458337924,0.0013187547837779,0.0006261089499854,0,0.0003371120319871,10.214521467368684,10.214521467368684,10.0,758.1363478200444,0.8068181818181818,0.0795454545454545,0.0050003980173249,0.6046039689342225,14.0,88,91,USW00093984,USW00012972,2.2109599738579826,0.0898376399342955,9.65519924519359e-08,,2451,mild,0,342.8380522058386
NOAA,USW00012972_mild_Q3,mean,Unweighted,0.7986789772727275,0.7889697802197803,0.0097091970529472,0,0.0073956578650294,88.0,88.0,1.0,88.0,0.0,0.0,0.1658104374635183,3.6484777590755537,14.0,88,91,USW00093984,USW00012972,2.201901459862268,0.1658104374635183,9.93154493976232e-08,,1401,mild,0,342.8380522058386
NOAA,USW00012972_mild_Q3,mean,Logistic IW,0.8165631515381243,0.7889697802197803,0.027593371318344,0,0.0106231570726731,12.565804179260727,12.565804179260727,9.803729724647908,191.6570707779082,0.0,0.0,0.0913289393219818,1.2671513823039755,14.0,88,91,USW00093984,USW00012972,2.201901459862268,0.1658104374635183,9.93154493976232e-08,,1401,mild,0,342.8380522058386
NOAA,USW00012972_mild_Q3,mean,KMM,0.814117026537808,0.7889697802197803,0.0251472463180277,0,0.0141589262172328,9.603830705443029,9.603830705443029,10.0,806.3449093923219,0.8522727272727273,0.0681818181818181,0.0224883352824454,1.6573389669299847,14.0,88,91,USW00093984,USW00012972,2.201901459862268,0.1658104374635183,9.93154493976232e-08,,1401,mild,0,342.8380522058386
NOAA,USW00012972_mild_Q3,mean,KMM + dependence,0.814117026537808,0.7889697802197803,0.0251472463180277,0,0.0182278728046621,9.603830705443029,5.7947293203592105,10.0,806.3449093923219,0.8522727272727273,0.0681818181818181,0.0224883352824454,1.6573389669299847,14.0,88,91,USW00093984,USW00012972,2.201901459862268,0.1658104374635183,9.93154493976232e-08,,1401,mild,0,342.8380522058386
NOAA,USW00012972_mild_Q3,risk,Unweighted,0.002430092633656,0.0019544591193433,0.0004756335143126,1,0.0005093680807695,88.0,88.0,1.0,88.0,0.0,0.0,0.1658104374635183,2.355510698355293,14.0,88,91,USW00093984,USW00012972,2.201901459862268,0.1658104374635183,9.93154493976232e-08,,1401,mild,0,342.8380522058386
NOAA,USW00012972_mild_Q3,risk,Logistic IW,0.0025034713541814,0.0019544591193433,0.000549012234838,1,0.0010830330275966,12.565804179260727,12.565804179260727,9.803729724647908,191.6570707779082,0.0,0.0,0.0913289393219818,1.343283127477985,14.0,88,91,USW00093984,USW00012972,2.201901459862268,0.1658104374635183,9.93154493976232e-08,,1401,mild,0,342.8380522058386
NOAA,USW00012972_mild_Q3,risk,KMM,0.0018704163682474,0.0019544591193433,8.404275109598954e-05,1,0.0010408724643006,9.603830705443029,9.603830705443029,10.0,806.3449093923219,0.8522727272727273,0.0681818181818181,0.0224883352824454,1.2362991094636748,14.0,88,91,USW00093984,USW00012972,2.201901459862268,0.1658104374635183,9.93154493976232e-08,,1401,mild,0,342.8380522058386
NOAA,USW00012972_mild_Q3,risk,KMM + dependence,0.0018704163682474,0.0019544591193433,8.404275109598954e-05,1,0.0011573355614005,9.603830705443029,7.768209676709477,10.0,806.3449093923219,0.8522727272727273,0.0681818181818181,0.0224883352824454,1.2362991094636748,14.0,88,91,USW00093984,USW00012972,2.201901459862268,0.1658104374635183,9.93154493976232e-08,,1401,mild,0,342.8380522058386
NOAA,USW00012972_mild_Q4,mean,Unweighted,0.6827445652173914,0.7026086956521739,0.0198641304347825,0,0.0178615451526844,92.0,92.0,1.0,92.0,0.0,0.0,0.0759831933897927,8.008988184686595,14.0,92,92,USW00093984,USW00012972,2.1847120734532632,0.0759831933897927,9.650129090680869e-08,,4351,mild,0,342.8380522058386
NOAA,USW00012972_mild_Q4,mean,Logistic IW,0.7158706091546102,0.7026086956521739,0.0132619135024363,0,0.0113703947017977,34.84879051823885,34.84879051823885,6.767706098299691,220.8248549894216,0.0,0.0,0.0196943921822827,5.227249396597683,14.0,92,92,USW00093984,USW00012972,2.1847120734532632,0.0759831933897927,9.650129090680869e-08,,4351,mild,0,342.8380522058386
NOAA,USW00012972_mild_Q4,mean,KMM,0.710918838359056,0.7026086956521739,0.0083101427068821,1,0.0399679974928754,12.319612905399188,12.319612905399188,10.0,687.0345736504784,0.8043478260869565,0.0434782608695652,0.0010686991964929,1.847197749259595,14.0,92,92,USW00093984,USW00012972,2.1847120734532632,0.0759831933897927,9.650129090680869e-08,,4351,mild,0,342.8380522058386
NOAA,USW00012972_mild_Q4,mean,KMM + dependence,0.710918838359056,0.7026086956521739,0.0083101427068821,1,0.054321166168555,12.319612905399188,6.669352488295966,10.0,687.0345736504784,0.8043478260869565,0.0434782608695652,0.0010686991964929,1.847197749259595,14.0,92,92,USW00093984,USW00012972,2.1847120734532632,0.0759831933897927,9.650129090680869e-08,,4351,mild,0,342.8380522058386
NOAA,USW00012972_mild_Q4,risk,Unweighted,0.0037889878700577,0.0011641461041643,0.0026248417658934,0,0.0008651713651241,92.0,92.0,1.0,92.0,0.0,0.0,0.0759831933897927,2.428406119965417,14.0,92,92,USW00093984,USW00012972,2.1847120734532632,0.0759831933897927,9.650129090680869e-08,,4351,mild,0,342.8380522058386
NOAA,USW00012972_mild_Q4,risk,Logistic IW,0.0022510373742453,0.0011641461041643,0.001086891270081,0,0.0007197113478774,34.84879051823885,34.84879051823885,6.767706098299691,220.8248549894216,0.0,0.0,0.0196943921822827,3.03117769941846,14.0,92,92,USW00093984,USW00012972,2.1847120734532632,0.0759831933897927,9.650129090680869e-08,,4351,mild,0,342.8380522058386
NOAA,USW00012972_mild_Q4,risk,KMM,0.0020052089854897,0.0011641461041643,0.0008410628813254,1,0.0011542242073283,12.319612905399188,12.319612905399188,10.0,687.0345736504784,0.8043478260869565,0.0434782608695652,0.0010686991964929,0.8140465054420469,14.0,92,92,USW00093984,USW00012972,2.1847120734532632,0.0759831933897927,9.650129090680869e-08,,4351,mild,0,342.8380522058386
NOAA,USW00012972_mild_Q4,risk,KMM + dependence,0.0020052089854897,0.0011641461041643,0.0008410628813254,1,0.0011542242073283,12.319612905399188,12.31961290539919,10.0,687.0345736504784,0.8043478260869565,0.0434782608695652,0.0010686991964929,0.8140465054420469,14.0,92,92,USW00093984,USW00012972,2.1847120734532632,0.0759831933897927,9.650129090680869e-08,,4351,mild,0,342.8380522058386
NOAA,USW00012972_medium_Q1,mean,Unweighted,0.6468333333333334,0.6403571428571428,0.0064761904761905,1,0.0211731875030355,90.0,90.0,1.0,90.0,0.0,0.0,0.0555724503233754,6.313042679993938,14.0,90,77,USW00022016,USW00012972,2.1009587706659394,0.0555724503233754,9.619080619822548e-08,,5101,medium,0,617.1097083482621
NOAA,USW00012972_medium_Q1,mean,Logistic IW,0.6984257763715396,0.6403571428571428,0.0580686335143967,0,0.0193915792548255,44.78726130542434,44.78726130542434,4.869074745319252,148.12491419222627,0.0,0.0,0.0101568728511651,3.922374986002098,14.0,90,77,USW00022016,USW00012972,2.1009587706659394,0.0555724503233754,9.619080619822548e-08,,5101,medium,0,617.1097083482621
NOAA,USW00012972_medium_Q1,mean,KMM,0.6917999742769878,0.6403571428571428,0.0514428314198449,0,0.0355723939094073,11.30010391080745,11.30010391080745,10.0,716.8075677829632,0.7888888888888889,0.0666666666666666,0.0007416464652547,1.377018136492193,14.0,90,77,USW00022016,USW00012972,2.1009587706659394,0.0555724503233754,9.619080619822548e-08,,5101,medium,0,617.1097083482621
NOAA,USW00012972_medium_Q1,mean,KMM + dependence,0.6917999742769878,0.6403571428571428,0.0514428314198449,0,0.0417429293636721,11.30010391080745,8.206212838701793,10.0,716.8075677829632,0.7888888888888889,0.0666666666666666,0.0007416464652547,1.377018136492193,14.0,90,77,USW00022016,USW00012972,2.1009587706659394,0.0555724503233754,9.619080619822548e-08,,5101,medium,0,617.1097083482621
NOAA,USW00012972_medium_Q1,risk,Unweighted,0.0065501139180608,0.0026995925592318,0.003850521358829,0,0.0015064360490374,90.0,90.0,1.0,90.0,0.0,0.0,0.0555724503233754,0.945832228330466,14.0,90,77,USW00022016,USW00012972,2.1009587706659394,0.0555724503233754,9.619080619822548e-08,,5101,medium,0,617.1097083482621
NOAA,USW00012972_medium_Q1,risk,Logistic IW,0.0066623611515117,0.0026995925592318,0.0039627685922799,0,0.0019810198228411,44.78726130542434,44.78726130542434,4.869074745319252,148.12491419222627,0.0,0.0,0.0101568728511651,1.6121846588852329,14.0,90,77,USW00022016,USW00012972,2.1009587706659394,0.0555724503233754,9.619080619822548e-08,,5101,medium,0,617.1097083482621
NOAA,USW00012972_medium_Q1,risk,KMM,0.0047622648503659,0.0026995925592318,0.0020626722911341,1,0.0031766513922704,11.30010391080745,11.30010391080745,10.0,716.8075677829632,0.7888888888888889,0.0666666666666666,0.0007416464652547,1.0310861378066498,14.0,90,77,USW00022016,USW00012972,2.1009587706659394,0.0555724503233754,9.619080619822548e-08,,5101,medium,0,617.1097083482621
NOAA,USW00012972_medium_Q1,risk,KMM + dependence,0.0047622648503659,0.0026995925592318,0.0020626722911341,1,0.0032256484356722,11.30010391080745,10.95941793461145,10.0,716.8075677829632,0.7888888888888889,0.0666666666666666,0.0007416464652547,1.0310861378066498,14.0,90,77,USW00022016,USW00012972,2.1009587706659394,0.0555724503233754,9.619080619822548e-08,,5101,medium,0,617.1097083482621
NOAA,USW00012972_medium_Q2,mean,Unweighted,0.7951666666666667,0.7507554945054946,0.044411172161172,0,0.0124288625021009,90.0,90.0,1.0,90.0,0.0,0.0,0.0978098911144713,3.993005055094774,14.0,90,91,USW00022016,USW00012972,2.207170839691423,0.0978098911144713,7.371520193791104e-08,,3601,medium,0,617.1097083482621
NOAA,USW00012972_medium_Q2,mean,Logistic IW,0.8113356876943851,0.7507554945054946,0.0605801931888905,0,0.0138574966666732,21.32659045551277,21.32659045551277,10.0,229.5569509000765,0.0,0.0111111111111111,0.0595459685603922,1.765147932351336,14.0,90,91,USW00022016,USW00012972,2.207170839691423,0.0978098911144713,7.371520193791104e-08,,3601,medium,0,617.1097083482621
NOAA,USW00012972_medium_Q2,mean,KMM,0.8102068083557433,0.7507554945054946,0.0594513138502487,0,0.0233629736511048,10.98849191682806,10.98849191682806,10.0,737.1348189823699,0.8444444444444444,0.0555555555555555,0.0060300484675752,1.9567837157924848,14.0,90,91,USW00022016,USW00012972,2.207170839691423,0.0978098911144713,7.371520193791104e-08,,3601,medium,0,617.1097083482621
NOAA,USW00012972_medium_Q2,mean,KMM + dependence,0.8102068083557433,0.7507554945054946,0.0594513138502487,0,0.0326813156776978,10.98849191682806,5.615588390348899,10.0,737.1348189823699,0.8444444444444444,0.0555555555555555,0.0060300484675752,1.9567837157924848,14.0,90,91,USW00022016,USW00012972,2.207170839691423,0.0978098911144713,7.371520193791104e-08,,3601,medium,0,617.1097083482621
NOAA,USW00012972_medium_Q2,risk,Unweighted,0.0044845111593839,0.0013187547837779,0.0031657563756059,0,0.0010092019843017,90.0,90.0,1.0,90.0,0.0,0.0,0.0978098911144713,1.9956848103609552,14.0,90,91,USW00022016,USW00012972,2.207170839691423,0.0978098911144713,7.371520193791104e-08,,3601,medium,0,617.1097083482621
NOAA,USW00012972_medium_Q2,risk,Logistic IW,0.0060092198466254,0.0013187547837779,0.0046904650628474,0,0.0021689652855936,21.32659045551277,21.32659045551277,10.0,229.5569509000765,0.0,0.0111111111111111,0.0595459685603922,0.9268556267068092,14.0,90,91,USW00022016,USW00012972,2.207170839691423,0.0978098911144713,7.371520193791104e-08,,3601,medium,0,617.1097083482621
NOAA,USW00012972_medium_Q2,risk,KMM,0.0049275374043044,0.0013187547837779,0.0036087826205265,0,0.0029543306190392,10.98849191682806,10.98849191682806,10.0,737.1348189823699,0.8444444444444444,0.0555555555555555,0.0060300484675752,0.613415796825959,14.0,90,91,USW00022016,USW00012972,2.207170839691423,0.0978098911144713,7.371520193791104e-08,,3601,medium,0,617.1097083482621
NOAA,USW00012972_medium_Q2,risk,KMM + dependence,0.0049275374043044,0.0013187547837779,0.0036087826205265,0,0.0029543306190392,10.98849191682806,10.98849191682806,10.0,737.1348189823699,0.8444444444444444,0.0555555555555555,0.0060300484675752,0.613415796825959,14.0,90,91,USW00022016,USW00012972,2.207170839691423,0.0978098911144713,7.371520193791104e-08,,3601,medium,0,617.1097083482621
NOAA,USW00012972_medium_Q3,mean,Unweighted,0.798967391304348,0.7889697802197803,0.0099976110845677,0,0.0063623697043674,92.0,92.0,1.0,92.0,0.0,0.0,0.2449731208101004,4.816777372178612,14.0,92,91,USW00022016,USW00012972,2.207827754260503,0.2449731208101004,8.62806298391896e-08,,1501,medium,0,617.1097083482621
NOAA,USW00012972_medium_Q3,mean,Logistic IW,0.8197072399705418,0.7889697802197803,0.0307374597507615,0,0.0269046050699459,7.945052350540673,7.945052350540673,10.0,248.9836739887952,0.0,0.0217391304347826,0.0387016498797438,1.3596120770463531,14.0,92,91,USW00022016,USW00012972,2.207827754260503,0.2449731208101004,8.62806298391896e-08,,1501,medium,0,617.1097083482621
NOAA,USW00012972_medium_Q3,mean,KMM,0.8051572430841893,0.7889697802197803,0.016187462864409,1,0.0232798885950423,10.088031797370776,10.088031797370776,10.0,839.014008877891,0.8586956521739131,0.0760869565217391,0.0335295502751689,1.796948762849731,14.0,92,91,USW00022016,USW00012972,2.207827754260503,0.2449731208101004,8.62806298391896e-08,,1501,medium,0,617.1097083482621
NOAA,USW00012972_medium_Q3,mean,KMM + dependence,0.8051572430841893,0.7889697802197803,0.016187462864409,1,0.0312067645810718,10.088031797370776,5.613978542923198,10.0,839.014008877891,0.8586956521739131,0.0760869565217391,0.0335295502751689,1.796948762849731,14.0,92,91,USW00022016,USW00012972,2.207827754260503,0.2449731208101004,8.62806298391896e-08,,1501,medium,0,617.1097083482621
NOAA,USW00012972_medium_Q3,risk,Unweighted,0.0023755207529999,0.0019544591193433,0.0004210616336565,1,0.0004908590749413,92.0,92.0,1.0,92.0,0.0,0.0,0.2449731208101004,1.878111944688687,14.0,92,91,USW00022016,USW00012972,2.207827754260503,0.2449731208101004,8.62806298391896e-08,,1501,medium,0,617.1097083482621
NOAA,USW00012972_medium_Q3,risk,Logistic IW,0.0017896210271539,0.0019544591193433,0.0001648380921894,1,0.0007101500398892,7.945052350540673,7.945052350540673,10.0,248.9836739887952,0.0,0.0217391304347826,0.0387016498797438,0.8747991647170898,14.0,92,91,USW00022016,USW00012972,2.207827754260503,0.2449731208101004,8.62806298391896e-08,,1501,medium,0,617.1097083482621
NOAA,USW00012972_medium_Q3,risk,KMM,0.0016432916857558,0.0019544591193433,0.0003111674335875,1,0.0005904972423448,10.088031797370776,10.088031797370776,10.0,839.014008877891,0.8586956521739131,0.0760869565217391,0.0335295502751689,1.1097297209174517,14.0,92,91,USW00022016,USW00012972,2.207827754260503,0.2449731208101004,8.62806298391896e-08,,1501,medium,0,617.1097083482621
NOAA,USW00012972_medium_Q3,risk,KMM + dependence,0.0016432916857558,0.0019544591193433,0.0003111674335875,1,0.0006220517017661,10.088031797370776,9.090530430266078,10.0,839.014008877891,0.8586956521739131,0.0760869565217391,0.0335295502751689,1.1097297209174517,14.0,92,91,USW00022016,USW00012972,2.207827754260503,0.2449731208101004,8.62806298391896e-08,,1501,medium,0,617.1097083482621
NOAA,USW00012972_medium_Q4,mean,Unweighted,0.7035597826086957,0.7026086956521739,0.0009510869565217,1,0.0134969268505157,92.0,92.0,1.0,92.0,0.0,0.0,0.1094457808990194,6.87133476058334,14.0,92,92,USW00022016,USW00012972,2.174331738823078,0.1094457808990194,5.9582017468300064e-08,,1751,medium,0,617.1097083482621
NOAA,USW00012972_medium_Q4,mean,Logistic IW,0.7223915116330197,0.7026086956521739,0.0197828159808458,0,0.0104669189127503,47.85228252643588,47.85228252643588,2.860593721730038,69.32821678274614,0.0,0.0,0.0537158450262782,6.538746922545782,14.0,92,92,USW00022016,USW00012972,2.174331738823078,0.1094457808990194,5.9582017468300064e-08,,1751,medium,0,617.1097083482621
NOAA,USW00012972_medium_Q4,mean,KMM,0.7376012968409529,0.7026086956521739,0.034992601188779,0,0.0184903141953276,10.68773284193264,10.68773284193264,10.0,791.9359629567331,0.8586956521739131,0.0760869565217391,0.0158430412885641,2.1242401685900045,14.0,92,92,USW00022016,USW00012972,2.174331738823078,0.1094457808990194,5.9582017468300064e-08,,1751,medium,0,617.1097083482621
NOAA,USW00012972_medium_Q4,mean,KMM + dependence,0.7376012968409529,0.7026086956521739,0.034992601188779,0,0.0269492137714102,10.68773284193264,5.031320375147025,10.0,791.9359629567331,0.8586956521739131,0.0760869565217391,0.0158430412885641,2.1242401685900045,14.0,92,92,USW00022016,USW00012972,2.174331738823078,0.1094457808990194,5.9582017468300064e-08,,1751,medium,0,617.1097083482621
NOAA,USW00012972_medium_Q4,risk,Unweighted,0.0057042385603821,0.0011641461041643,0.0045400924562178,0,0.0010530297758984,92.0,92.0,1.0,92.0,0.0,0.0,0.1094457808990194,1.98392303645144,14.0,92,92,USW00022016,USW00012972,2.174331738823078,0.1094457808990194,5.9582017468300064e-08,,1751,medium,0,617.1097083482621
NOAA,USW00012972_medium_Q4,risk,Logistic IW,0.0047319344174068,0.0011641461041643,0.0035677883132425,0,0.0009874308437753,47.85228252643588,47.85228252643588,2.860593721730038,69.32821678274614,0.0,0.0,0.0537158450262782,1.91539067783946,14.0,92,92,USW00022016,USW00012972,2.174331738823078,0.1094457808990194,5.9582017468300064e-08,,1751,medium,0,617.1097083482621
NOAA,USW00012972_medium_Q4,risk,KMM,0.0029358986250255,0.0011641461041643,0.0017717525208612,0,0.001255193402475,10.68773284193264,10.68773284193264,10.0,791.9359629567331,0.8586956521739131,0.0760869565217391,0.0158430412885641,0.5160915978096088,14.0,92,92,USW00022016,USW00012972,2.174331738823078,0.1094457808990194,5.9582017468300064e-08,,1751,medium,0,617.1097083482621
NOAA,USW00012972_medium_Q4,risk,KMM + dependence,0.0029358986250255,0.0011641461041643,0.0017717525208612,0,0.001255193402475,10.68773284193264,10.68773284193264,10.0,791.9359629567331,0.8586956521739131,0.0760869565217391,0.0158430412885641,0.5160915978096088,14.0,92,92,USW00022016,USW00012972,2.174331738823078,0.1094457808990194,5.9582017468300064e-08,,1751,medium,0,617.1097083482621
NOAA,USW00012972_severe_Q1,mean,Unweighted,0.620379213483146,0.6403571428571428,0.0199779293739968,0,0.0119431863984316,89.0,89.0,1.0,89.0,0.0,0.0,0.0211976177257691,6.312695007012732,14.0,89,77,USW00012832,USW00012972,2.278785500078795,0.0211976177257691,3.080562348521724e-07,,6000,severe,0,1183.8557337094912
NOAA,USW00012972_severe_Q1,mean,Logistic IW,0.6362376378349776,0.6403571428571428,0.0041195050221652,1,0.0100188736956152,63.274798529154346,63.274798529154346,3.0223083801989743,121.5262429112177,0.0,0.0,0.0050496164382183,5.725998136920596,14.0,89,77,USW00012832,USW00012972,2.278785500078795,0.0211976177257691,3.080562348521724e-07,,6000,severe,0,1183.8557337094912
NOAA,USW00012972_severe_Q1,mean,KMM,0.6319677018951744,0.6403571428571428,0.0083894409619684,1,0.0239137041359672,12.230635972490564,12.230635972490564,10.0,647.6359870259931,0.6629213483146067,0.0449438202247191,4.103721973414132e-05,1.6159932848570369,14.0,89,77,USW00012832,USW00012972,2.278785500078795,0.0211976177257691,3.080562348521724e-07,,6000,severe,0,1183.8557337094912
NOAA,USW00012972_severe_Q1,mean,KMM + dependence,0.6319677018951744,0.6403571428571428,0.0083894409619684,1,0.0303995130976679,12.230635972490564,7.568494304462768,10.0,647.6359870259931,0.6629213483146067,0.0449438202247191,4.103721973414132e-05,1.6159932848570369,14.0,89,77,USW00012832,USW00012972,2.278785500078795,0.0211976177257691,3.080562348521724e-07,,6000,severe,0,1183.8557337094912
NOAA,USW00012972_severe_Q1,risk,Unweighted,0.0021949279359459,0.0026995925592318,0.0005046646232858,1,0.0008615664049356,89.0,89.0,1.0,89.0,0.0,0.0,0.0211976177257691,1.9515881010197265,14.0,89,77,USW00012832,USW00012972,2.278785500078795,0.0211976177257691,3.080562348521724e-07,,6000,severe,0,1183.8557337094912
NOAA,USW00012972_severe_Q1,risk,Logistic IW,0.0016655873458456,0.0026995925592318,0.0010340052133861,0,0.0004921582202541,63.274798529154346,63.274798529154346,3.0223083801989743,121.5262429112177,0.0,0.0,0.0050496164382183,0.9647952937806528,14.0,89,77,USW00012832,USW00012972,2.278785500078795,0.0211976177257691,3.080562348521724e-07,,6000,severe,0,1183.8557337094912
NOAA,USW00012972_severe_Q1,risk,KMM,0.0009756046711388,0.0026995925592318,0.0017239878880929,0,0.0006682656383874,12.230635972490564,12.230635972490564,10.0,647.6359870259931,0.6629213483146067,0.0449438202247191,4.103721973414132e-05,0.777384709842704,14.0,89,77,USW00012832,USW00012972,2.278785500078795,0.0211976177257691,3.080562348521724e-07,,6000,severe,0,1183.8557337094912
NOAA,USW00012972_severe_Q1,risk,KMM + dependence,0.0009756046711388,0.0026995925592318,0.0017239878880929,0,0.0006682656383874,12.230635972490564,12.230635972490564,10.0,647.6359870259931,0.6629213483146067,0.0449438202247191,4.103721973414132e-05,0.777384709842704,14.0,89,77,USW00012832,USW00012972,2.278785500078795,0.0211976177257691,3.080562348521724e-07,,6000,severe,0,1183.8557337094912
NOAA,USW00012972_severe_Q2,mean,Unweighted,0.7332967032967034,0.7507554945054946,0.0174587912087912,0,0.0074028104947759,91.0,91.0,1.0,91.0,0.0,0.0,0.0779448263128743,11.050951954560386,14.0,91,91,USW00012832,USW00012972,2.233268798524675,0.0779448263128743,8.24350302299214e-08,,3001,severe,0,1183.8557337094912
NOAA,USW00012972_severe_Q2,mean,Logistic IW,0.7327851911000522,0.7507554945054946,0.0179703034054423,0,0.0110938677625688,24.876421095842908,24.876421095842908,8.909627819355375,305.0810027673336,0.0,0.0,0.0461732419485449,5.779896864736318,14.0,91,91,USW00012832,USW00012972,2.233268798524675,0.0779448263128743,8.24350302299214e-08,,3001,severe,0,1183.8557337094912
NOAA,USW00012972_severe_Q2,mean,KMM,0.736868235065198,0.7507554945054946,0.0138872594402965,1,0.0186047629138553,11.371012398276871,11.371012398276871,10.0,728.2552960064689,0.7912087912087912,0.0549450549450549,0.0010788754731378,2.429001690988156,14.0,91,91,USW00012832,USW00012972,2.233268798524675,0.0779448263128743,8.24350302299214e-08,,3001,severe,0,1183.8557337094912
NOAA,USW00012972_severe_Q2,mean,KMM + dependence,0.736868235065198,0.7507554945054946,0.0138872594402965,1,0.0289959971650759,11.371012398276871,4.681352195210274,10.0,728.2552960064689,0.7912087912087912,0.0549450549450549,0.0010788754731378,2.429001690988156,14.0,91,91,USW00012832,USW00012972,2.233268798524675,0.0779448263128743,8.24350302299214e-08,,3001,severe,0,1183.8557337094912
NOAA,USW00012972_severe_Q2,risk,Unweighted,0.0006789938145193,0.0013187547837779,0.0006397609692585,0,0.0001891269130655,91.0,91.0,1.0,91.0,0.0,0.0,0.0779448263128743,0.9635331754677904,14.0,91,91,USW00012832,USW00012972,2.233268798524675,0.0779448263128743,8.24350302299214e-08,,3001,severe,0,1183.8557337094912
NOAA,USW00012972_severe_Q2,risk,Logistic IW,0.0005143641385747,0.0013187547837779,0.0008043906452032,0,0.0001597925991169,24.876421095842908,24.876421095842908,8.909627819355375,305.0810027673336,0.0,0.0,0.0461732419485449,1.2525526122151345,14.0,91,91,USW00012832,USW00012972,2.233268798524675,0.0779448263128743,8.24350302299214e-08,,3001,severe,0,1183.8557337094912
NOAA,USW00012972_severe_Q2,risk,KMM,0.0006137371259748,0.0013187547837779,0.000705017657803,0,0.0002985397920602,11.371012398276871,11.371012398276871,10.0,728.2552960064689,0.7912087912087912,0.0549450549450549,0.0010788754731378,1.7143430587890482,14.0,91,91,USW00012832,USW00012972,2.233268798524675,0.0779448263128743,8.24350302299214e-08,,3001,severe,0,1183.8557337094912
NOAA,USW00012972_severe_Q2,risk,KMM + dependence,0.0006137371259748,0.0013187547837779,0.000705017657803,0,0.0003908868790559,11.371012398276871,6.632868689834433,10.0,728.2552960064689,0.7912087912087912,0.0549450549450549,0.0010788754731378,1.7143430587890482,14.0,91,91,USW00012832,USW00012972,2.233268798524675,0.0779448263128743,8.24350302299214e-08,,3001,severe,0,1183.8557337094912
NOAA,USW00012972_severe_Q3,mean,Unweighted,0.7723888888888885,0.7889697802197803,0.0165808913308918,0,0.0045380405798168,90.0,90.0,1.0,90.0,0.0,0.0,0.1064523652680242,3.482241970788311,14.0,90,91,USW00012832,USW00012972,2.3306070547559736,0.1064523652680242,6.816452710976764e-08,,2551,severe,0,1183.8557337094912
NOAA,USW00012972_severe_Q3,mean,Logistic IW,0.7823134792613402,0.7889697802197803,0.00665630095844,0,0.0062434795936819,30.36514542377305,30.36514542377305,5.33328228839565,130.30011059819338,0.0,0.0,0.0193112790671545,3.4144279983798462,14.0,90,91,USW00012832,USW00012972,2.3306070547559736,0.1064523652680242,6.816452710976764e-08,,2551,severe,0,1183.8557337094912
NOAA,USW00012972_severe_Q3,mean,KMM,0.7852098383738065,0.7889697802197803,0.0037599418459737,1,0.0073272583817184,10.4071997396224,10.4071997396224,10.0,778.3073451700401,0.8333333333333334,0.0777777777777777,0.005013902101155,1.3902989622368445,14.0,90,91,USW00012832,USW00012972,2.3306070547559736,0.1064523652680242,6.816452710976764e-08,,2551,severe,0,1183.8557337094912
NOAA,USW00012972_severe_Q3,mean,KMM + dependence,0.7852098383738065,0.7889697802197803,0.0037599418459737,1,0.008639639187719,10.4071997396224,7.485584052280605,10.0,778.3073451700401,0.8333333333333334,0.0777777777777777,0.005013902101155,1.3902989622368445,14.0,90,91,USW00012832,USW00012972,2.3306070547559736,0.1064523652680242,6.816452710976764e-08,,2551,severe,0,1183.8557337094912
NOAA,USW00012972_severe_Q3,risk,Unweighted,0.0006867534993044,0.0019544591193433,0.0012677056200389,0,0.0001949499913289,90.0,90.0,1.0,90.0,0.0,0.0,0.1064523652680242,1.1496857173864652,14.0,90,91,USW00012832,USW00012972,2.3306070547559736,0.1064523652680242,6.816452710976764e-08,,2551,severe,0,1183.8557337094912
NOAA,USW00012972_severe_Q3,risk,Logistic IW,0.0004713785307854,0.0019544591193433,0.0014830805885579,0,0.000162026965287,30.36514542377305,30.36514542377305,5.33328228839565,130.30011059819338,0.0,0.0,0.0193112790671545,1.4070281991233673,14.0,90,91,USW00012832,USW00012972,2.3306070547559736,0.1064523652680242,6.816452710976764e-08,,2551,severe,0,1183.8557337094912
NOAA,USW00012972_severe_Q3,risk,KMM,0.0003461618652511,0.0019544591193433,0.0016082972540922,0,0.0003194155936035,10.4071997396224,10.4071997396224,10.0,778.3073451700401,0.8333333333333334,0.0777777777777777,0.005013902101155,1.0342542800187196,14.0,90,91,USW00012832,USW00012972,2.3306070547559736,0.1064523652680242,6.816452710976764e-08,,2551,severe,0,1183.8557337094912
NOAA,USW00012972_severe_Q3,risk,KMM + dependence,0.0003461618652511,0.0019544591193433,0.0016082972540922,0,0.0003248402062875,10.4071997396224,10.06251551546302,10.0,778.3073451700401,0.8333333333333334,0.0777777777777777,0.005013902101155,1.0342542800187196,14.0,90,91,USW00012832,USW00012972,2.3306070547559736,0.1064523652680242,6.816452710976764e-08,,2551,severe,0,1183.8557337094912
NOAA,USW00012972_severe_Q4,mean,Unweighted,0.6612912087912088,0.7026086956521739,0.041317486860965,0,0.0123707650162567,91.0,91.0,1.0,91.0,0.0,0.0,0.0695129218802557,6.532842649718537,14.0,91,92,USW00012832,USW00012972,2.22491390856868,0.0695129218802557,9.17418077707683e-08,,2401,severe,0,1183.8557337094912
NOAA,USW00012972_severe_Q4,mean,Logistic IW,0.681871060328536,0.7026086956521739,0.0207376353236379,0,0.0111536953188103,50.75208755119168,50.75208755119168,3.094214178186577,111.02163010681704,0.0,0.0,0.0239394183430008,4.732393055674665,14.0,91,92,USW00012832,USW00012972,2.22491390856868,0.0695129218802557,9.17418077707683e-08,,2401,severe,0,1183.8557337094912
NOAA,USW00012972_severe_Q4,mean,KMM,0.6832963567998523,0.7026086956521739,0.0193123388523215,1,0.0277643706706851,10.990060221274437,10.990060221274437,10.0,753.4990558076531,0.7912087912087912,0.0769230769230769,0.002000740832375,1.6709643228850204,14.0,91,92,USW00012832,USW00012972,2.22491390856868,0.0695129218802557,9.17418077707683e-08,,2401,severe,0,1183.8557337094912
NOAA,USW00012972_severe_Q4,mean,KMM + dependence,0.6832963567998523,0.7026086956521739,0.0193123388523215,1,0.0358898317591822,10.990060221274437,6.577076524470274,10.0,753.4990558076531,0.7912087912087912,0.0769230769230769,0.002000740832375,1.6709643228850204,14.0,91,92,USW00012832,USW00012972,2.22491390856868,0.0695129218802557,9.17418077707683e-08,,2401,severe,0,1183.8557337094912
NOAA,USW00012972_severe_Q4,risk,Unweighted,0.0017129724744775,0.0011641461041643,0.0005488263703132,0,0.0005196583355148,91.0,91.0,1.0,91.0,0.0,0.0,0.0695129218802557,0.9940599753771798,14.0,91,92,USW00012832,USW00012972,2.22491390856868,0.0695129218802557,9.17418077707683e-08,,2401,severe,0,1183.8557337094912
NOAA,USW00012972_severe_Q4,risk,Logistic IW,0.001342891969627,0.0011641461041643,0.0001787458654627,1,0.0004712976999464,50.75208755119168,50.75208755119168,3.094214178186577,111.02163010681704,0.0,0.0,0.0239394183430008,1.7718832506142406,14.0,91,92,USW00012832,USW00012972,2.22491390856868,0.0695129218802557,9.17418077707683e-08,,2401,severe,0,1183.8557337094912
NOAA,USW00012972_severe_Q4,risk,KMM,0.0012745465377763,0.0011641461041643,0.000110400433612,1,0.0009395163219211,10.990060221274437,10.990060221274437,10.0,753.4990558076531,0.7912087912087912,0.0769230769230769,0.002000740832375,1.4689843103119202,14.0,91,92,USW00012832,USW00012972,2.22491390856868,0.0695129218802557,9.17418077707683e-08,,2401,severe,0,1183.8557337094912
NOAA,USW00012972_severe_Q4,risk,KMM + dependence,0.0012745465377763,0.0011641461041643,0.000110400433612,1,0.0011387094059044,10.990060221274437,7.481400682176677,10.0,753.4990558076531,0.7912087912087912,0.0769230769230769,0.002000740832375,1.4689843103119202,14.0,91,92,USW00012832,USW00012972,2.22491390856868,0.0695129218802557,9.17418077707683e-08,,2401,severe,0,1183.8557337094912
NOAA,USW00094240_mild_Q1,mean,Unweighted,0.4765277777777776,0.4971947674418605,0.0206669896640828,0,0.0163474939655619,90.0,90.0,1.0,90.0,0.0,0.0,0.0636374193822044,9.65347366048996,14.0,90,86,USW00024162,USW00094240,2.325676484705151,0.0636374193822044,8.732862999993411e-08,,5501,mild,0,727.8656410172222
NOAA,USW00094240_mild_Q1,mean,Logistic IW,0.4717165837739403,0.4971947674418605,0.0254781836679201,0,0.0188423598016638,38.059487051757536,38.059487051757536,7.714186096351853,155.79245290164422,0.0,0.0,0.0163748660193299,5.34535971971613,14.0,90,86,USW00024162,USW00094240,2.325676484705151,0.0636374193822044,8.732862999993411e-08,,5501,mild,0,727.8656410172222
NOAA,USW00094240_mild_Q1,mean,KMM,0.4793337322191406,0.4971947674418605,0.0178610352227198,1,0.034118484992512,11.00793040584682,11.00793040584682,10.0,735.8331404146788,0.8111111111111111,0.0555555555555555,0.0026521942120074,1.4733170151183923,14.0,90,86,USW00024162,USW00094240,2.325676484705151,0.0636374193822044,8.732862999993411e-08,,5501,mild,0,727.8656410172222
NOAA,USW00094240_mild_Q1,mean,KMM + dependence,0.4793337322191406,0.4971947674418605,0.0178610352227198,1,0.0414131094932157,11.00793040584682,7.471528729315768,10.0,735.8331404146788,0.8111111111111111,0.0555555555555555,0.0026521942120074,1.4733170151183923,14.0,90,86,USW00024162,USW00094240,2.325676484705151,0.0636374193822044,8.732862999993411e-08,,5501,mild,0,727.8656410172222
NOAA,USW00094240_mild_Q1,risk,Unweighted,0.0017686440573175,0.0011182833386223,0.0006503607186952,0,0.0004586567460318,90.0,90.0,1.0,90.0,0.0,0.0,0.0636374193822044,1.2300790429523392,14.0,90,86,USW00024162,USW00094240,2.325676484705151,0.0636374193822044,8.732862999993411e-08,,5501,mild,0,727.8656410172222
NOAA,USW00094240_mild_Q1,risk,Logistic IW,0.0017465558857404,0.0011182833386223,0.000628272547118,0,0.0004725040819062,38.059487051757536,38.059487051757536,7.714186096351853,155.79245290164422,0.0,0.0,0.0163748660193299,0.9698283678708658,14.0,90,86,USW00024162,USW00094240,2.325676484705151,0.0636374193822044,8.732862999993411e-08,,5501,mild,0,727.8656410172222
NOAA,USW00094240_mild_Q1,risk,KMM,0.0010586677564217,0.0011182833386223,5.961558220057774e-05,1,0.0005083985464193,11.00793040584682,11.00793040584682,10.0,735.8331404146788,0.8111111111111111,0.0555555555555555,0.0026521942120074,1.0144892954062328,14.0,90,86,USW00024162,USW00094240,2.325676484705151,0.0636374193822044,8.732862999993411e-08,,5501,mild,0,727.8656410172222
NOAA,USW00094240_mild_Q1,risk,KMM + dependence,0.0010586677564217,0.0011182833386223,5.961558220057774e-05,1,0.0005120684689412,11.00793040584682,10.850711245246709,10.0,735.8331404146788,0.8111111111111111,0.0555555555555555,0.0026521942120074,1.0144892954062328,14.0,90,86,USW00024162,USW00094240,2.325676484705151,0.0636374193822044,8.732862999993411e-08,,5501,mild,0,727.8656410172222
NOAA,USW00094240_mild_Q2,mean,Unweighted,0.6849725274725275,0.5725474683544304,0.112425059118097,0,0.0163036451093836,91.0,91.0,1.0,91.0,0.0,0.0,0.0563633915921204,7.929258797049061,14.0,91,79,USW00024162,USW00094240,2.137541960776305,0.0563633915921204,7.972803274795212e-08,,3851,mild,0,727.8656410172222
NOAA,USW00094240_mild_Q2,mean,Logistic IW,0.6553037585825928,0.5725474683544304,0.0827562902281624,0,0.0162780904267185,44.27542987708824,44.27542987708824,3.6578476663524166,113.22892162212916,0.0,0.0,0.0188999258166435,4.413001526106041,14.0,91,79,USW00024162,USW00094240,2.137541960776305,0.0563633915921204,7.972803274795212e-08,,3851,mild,0,727.8656410172222
NOAA,USW00094240_mild_Q2,mean,KMM,0.6477669285317231,0.5725474683544304,0.0752194601772927,0,0.0354066717854965,11.243117535197593,11.243117535197593,10.0,736.5394850739617,0.8461538461538461,0.0549450549450549,0.0084518769649875,1.2815033319659013,14.0,91,79,USW00024162,USW00094240,2.137541960776305,0.0563633915921204,7.972803274795212e-08,,3851,mild,0,727.8656410172222
NOAA,USW00094240_mild_Q2,mean,KMM + dependence,0.6477669285317231,0.5725474683544304,0.0752194601772927,0,0.0400815931137466,11.243117535197593,8.77338143003498,10.0,736.5394850739617,0.8461538461538461,0.0549450549450549,0.0084518769649875,1.2815033319659013,14.0,91,79,USW00024162,USW00094240,2.137541960776305,0.0563633915921204,7.972803274795212e-08,,3851,mild,0,727.8656410172222
NOAA,USW00094240_mild_Q2,risk,Unweighted,0.0028807615127804,0.0042529680843992,0.0013722065716188,0,0.0007780931525621,91.0,91.0,1.0,91.0,0.0,0.0,0.0563633915921204,1.339453012520868,14.0,91,79,USW00024162,USW00094240,2.137541960776305,0.0563633915921204,7.972803274795212e-08,,3851,mild,0,727.8656410172222
NOAA,USW00094240_mild_Q2,risk,Logistic IW,0.002685293792629,0.0042529680843992,0.0015676742917701,0,0.0008747338538513,44.27542987708824,44.27542987708824,3.6578476663524166,113.22892162212916,0.0,0.0,0.0188999258166435,0.8523735767615427,14.0,91,79,USW00024162,USW00094240,2.137541960776305,0.0563633915921204,7.972803274795212e-08,,3851,mild,0,727.8656410172222
NOAA,USW00094240_mild_Q2,risk,KMM,0.0034712513540449,0.0042529680843992,0.0007817167303542,1,0.0024039956823258,11.243117535197593,11.243117535197593,10.0,736.5394850739617,0.8461538461538461,0.0549450549450549,0.0084518769649875,0.7875300944730662,14.0,91,79,USW00024162,USW00094240,2.137541960776305,0.0563633915921204,7.972803274795212e-08,,3851,mild,0,727.8656410172222
NOAA,USW00094240_mild_Q2,risk,KMM + dependence,0.0034712513540449,0.0042529680843992,0.0007817167303542,1,0.0024039956823258,11.243117535197593,11.243117535197593,10.0,736.5394850739617,0.8461538461538461,0.0549450549450549,0.0084518769649875,0.7875300944730662,14.0,91,79,USW00024162,USW00094240,2.137541960776305,0.0563633915921204,7.972803274795212e-08,,3851,mild,0,727.8656410172222
NOAA,USW00094240_mild_Q4,mean,Unweighted,0.5305163043478263,0.5246103896103896,0.0059059147374366,1,0.0146809245326145,92.0,92.0,1.0,92.0,0.0,0.0,0.1396241886541478,9.21573300053588,14.0,92,77,USW00024162,USW00094240,2.40361297255126,0.1396241886541478,7.194627519204318e-08,,1851,mild,0,727.8656410172222
NOAA,USW00094240_mild_Q4,mean,Logistic IW,0.5385891207790083,0.5246103896103896,0.0139787311686186,1,0.0448404775944635,23.54418413304256,23.54418413304256,10.0,168.58905637736518,0.0,0.0108695652173913,0.0466034705546032,2.25987290570195,14.0,92,77,USW00024162,USW00094240,2.40361297255126,0.1396241886541478,7.194627519204318e-08,,1851,mild,0,727.8656410172222
NOAA,USW00094240_mild_Q4,mean,KMM,0.5298797307949306,0.5246103896103896,0.0052693411845409,1,0.0452716951164482,10.412270282769576,10.412270282769576,10.0,812.8870813127596,0.8586956521739131,0.0760869565217391,0.0254397371823775,1.2000286352178997,14.0,92,77,USW00024162,USW00094240,2.40361297255126,0.1396241886541478,7.194627519204318e-08,,1851,mild,0,727.8656410172222
NOAA,USW00094240_mild_Q4,mean,KMM + dependence,0.5298797307949306,0.5246103896103896,0.0052693411845409,1,0.0495932489669149,10.412270282769576,8.676684853340129,10.0,812.8870813127596,0.8586956521739131,0.0760869565217391,0.0254397371823775,1.2000286352178997,14.0,92,77,USW00024162,USW00094240,2.40361297255126,0.1396241886541478,7.194627519204318e-08,,1851,mild,0,727.8656410172222
NOAA,USW00094240_mild_Q4,risk,Unweighted,0.0017571209893707,0.0010020797890478,0.0007550412003228,0,0.0004317730221103,92.0,92.0,1.0,92.0,0.0,0.0,0.1396241886541478,1.2722490249394165,14.0,92,77,USW00024162,USW00094240,2.40361297255126,0.1396241886541478,7.194627519204318e-08,,1851,mild,0,727.8656410172222
NOAA,USW00094240_mild_Q4,risk,Logistic IW,0.0027904179727037,0.0010020797890478,0.0017883381836558,0,0.0014669835834463,23.54418413304256,23.54418413304256,10.0,168.58905637736518,0.0,0.0108695652173913,0.0466034705546032,0.8655781268002037,14.0,92,77,USW00024162,USW00094240,2.40361297255126,0.1396241886541478,7.194627519204318e-08,,1851,mild,0,727.8656410172222
NOAA,USW00094240_mild_Q4,risk,KMM,0.0022667001099713,0.0010020797890478,0.0012646203209235,1,0.0018308747362268,10.412270282769576,10.412270282769576,10.0,812.8870813127596,0.8586956521739131,0.0760869565217391,0.0254397371823775,1.02225107185735,14.0,92,77,USW00024162,USW00094240,2.40361297255126,0.1396241886541478,7.194627519204318e-08,,1851,mild,0,727.8656410172222
NOAA,USW00094240_mild_Q4,risk,KMM + dependence,0.0022667001099713,0.0010020797890478,0.0012646203209235,1,0.0018511321316693,10.412270282769576,10.185629117366735,10.0,812.8870813127596,0.8586956521739131,0.0760869565217391,0.0254397371823775,1.02225107185735,14.0,92,77,USW00024162,USW00094240,2.40361297255126,0.1396241886541478,7.194627519204318e-08,,1851,mild,0,727.8656410172222
NOAA,USW00094240_medium_Q1,mean,Unweighted,0.4765277777777776,0.4971947674418605,0.0206669896640828,0,0.0163474939655619,90.0,90.0,1.0,90.0,0.0,0.0,0.0636374193822044,9.65347366048996,14.0,90,86,USW00024162,USW00094240,2.325676484705151,0.0636374193822044,8.732862999993411e-08,,5501,medium,0,727.8656410172222
NOAA,USW00094240_medium_Q1,mean,Logistic IW,0.4717165837739403,0.4971947674418605,0.0254781836679201,0,0.0188423598016638,38.059487051757536,38.059487051757536,7.714186096351853,155.79245290164422,0.0,0.0,0.0163748660193299,5.34535971971613,14.0,90,86,USW00024162,USW00094240,2.325676484705151,0.0636374193822044,8.732862999993411e-08,,5501,medium,0,727.8656410172222
NOAA,USW00094240_medium_Q1,mean,KMM,0.4793337322191406,0.4971947674418605,0.0178610352227198,1,0.034118484992512,11.00793040584682,11.00793040584682,10.0,735.8331404146788,0.8111111111111111,0.0555555555555555,0.0026521942120074,1.4733170151183923,14.0,90,86,USW00024162,USW00094240,2.325676484705151,0.0636374193822044,8.732862999993411e-08,,5501,medium,0,727.8656410172222
NOAA,USW00094240_medium_Q1,mean,KMM + dependence,0.4793337322191406,0.4971947674418605,0.0178610352227198,1,0.0414131094932157,11.00793040584682,7.471528729315768,10.0,735.8331404146788,0.8111111111111111,0.0555555555555555,0.0026521942120074,1.4733170151183923,14.0,90,86,USW00024162,USW00094240,2.325676484705151,0.0636374193822044,8.732862999993411e-08,,5501,medium,0,727.8656410172222
NOAA,USW00094240_medium_Q1,risk,Unweighted,0.0017686440573175,0.0011182833386223,0.0006503607186952,0,0.0004586567460318,90.0,90.0,1.0,90.0,0.0,0.0,0.0636374193822044,1.2300790429523392,14.0,90,86,USW00024162,USW00094240,2.325676484705151,0.0636374193822044,8.732862999993411e-08,,5501,medium,0,727.8656410172222
NOAA,USW00094240_medium_Q1,risk,Logistic IW,0.0017465558857404,0.0011182833386223,0.000628272547118,0,0.0004725040819062,38.059487051757536,38.059487051757536,7.714186096351853,155.79245290164422,0.0,0.0,0.0163748660193299,0.9698283678708658,14.0,90,86,USW00024162,USW00094240,2.325676484705151,0.0636374193822044,8.732862999993411e-08,,5501,medium,0,727.8656410172222
NOAA,USW00094240_medium_Q1,risk,KMM,0.0010586677564217,0.0011182833386223,5.961558220057774e-05,1,0.0005083985464193,11.00793040584682,11.00793040584682,10.0,735.8331404146788,0.8111111111111111,0.0555555555555555,0.0026521942120074,1.0144892954062328,14.0,90,86,USW00024162,USW00094240,2.325676484705151,0.0636374193822044,8.732862999993411e-08,,5501,medium,0,727.8656410172222
NOAA,USW00094240_medium_Q1,risk,KMM + dependence,0.0010586677564217,0.0011182833386223,5.961558220057774e-05,1,0.0005120684689412,11.00793040584682,10.850711245246709,10.0,735.8331404146788,0.8111111111111111,0.0555555555555555,0.0026521942120074,1.0144892954062328,14.0,90,86,USW00024162,USW00094240,2.325676484705151,0.0636374193822044,8.732862999993411e-08,,5501,medium,0,727.8656410172222
NOAA,USW00094240_medium_Q2,mean,Unweighted,0.6849725274725275,0.5725474683544304,0.112425059118097,0,0.0163036451093836,91.0,91.0,1.0,91.0,0.0,0.0,0.0563633915921204,7.929258797049061,14.0,91,79,USW00024162,USW00094240,2.137541960776305,0.0563633915921204,7.972803274795212e-08,,3851,medium,0,727.8656410172222
NOAA,USW00094240_medium_Q2,mean,Logistic IW,0.6553037585825928,0.5725474683544304,0.0827562902281624,0,0.0162780904267185,44.27542987708824,44.27542987708824,3.6578476663524166,113.22892162212916,0.0,0.0,0.0188999258166435,4.413001526106041,14.0,91,79,USW00024162,USW00094240,2.137541960776305,0.0563633915921204,7.972803274795212e-08,,3851,medium,0,727.8656410172222
NOAA,USW00094240_medium_Q2,mean,KMM,0.6477669285317231,0.5725474683544304,0.0752194601772927,0,0.0354066717854965,11.243117535197593,11.243117535197593,10.0,736.5394850739617,0.8461538461538461,0.0549450549450549,0.0084518769649875,1.2815033319659013,14.0,91,79,USW00024162,USW00094240,2.137541960776305,0.0563633915921204,7.972803274795212e-08,,3851,medium,0,727.8656410172222
NOAA,USW00094240_medium_Q2,mean,KMM + dependence,0.6477669285317231,0.5725474683544304,0.0752194601772927,0,0.0400815931137466,11.243117535197593,8.77338143003498,10.0,736.5394850739617,0.8461538461538461,0.0549450549450549,0.0084518769649875,1.2815033319659013,14.0,91,79,USW00024162,USW00094240,2.137541960776305,0.0563633915921204,7.972803274795212e-08,,3851,medium,0,727.8656410172222
NOAA,USW00094240_medium_Q2,risk,Unweighted,0.0028807615127804,0.0042529680843992,0.0013722065716188,0,0.0007780931525621,91.0,91.0,1.0,91.0,0.0,0.0,0.0563633915921204,1.339453012520868,14.0,91,79,USW00024162,USW00094240,2.137541960776305,0.0563633915921204,7.972803274795212e-08,,3851,medium,0,727.8656410172222
NOAA,USW00094240_medium_Q2,risk,Logistic IW,0.002685293792629,0.0042529680843992,0.0015676742917701,0,0.0008747338538513,44.27542987708824,44.27542987708824,3.6578476663524166,113.22892162212916,0.0,0.0,0.0188999258166435,0.8523735767615427,14.0,91,79,USW00024162,USW00094240,2.137541960776305,0.0563633915921204,7.972803274795212e-08,,3851,medium,0,727.8656410172222
NOAA,USW00094240_medium_Q2,risk,KMM,0.0034712513540449,0.0042529680843992,0.0007817167303542,1,0.0024039956823258,11.243117535197593,11.243117535197593,10.0,736.5394850739617,0.8461538461538461,0.0549450549450549,0.0084518769649875,0.7875300944730662,14.0,91,79,USW00024162,USW00094240,2.137541960776305,0.0563633915921204,7.972803274795212e-08,,3851,medium,0,727.8656410172222
NOAA,USW00094240_medium_Q2,risk,KMM + dependence,0.0034712513540449,0.0042529680843992,0.0007817167303542,1,0.0024039956823258,11.243117535197593,11.243117535197593,10.0,736.5394850739617,0.8461538461538461,0.0549450549450549,0.0084518769649875,0.7875300944730662,14.0,91,79,USW00024162,USW00094240,2.137541960776305,0.0563633915921204,7.972803274795212e-08,,3851,medium,0,727.8656410172222
NOAA,USW00094240_medium_Q4,mean,Unweighted,0.5305163043478263,0.5246103896103896,0.0059059147374366,1,0.0146809245326145,92.0,92.0,1.0,92.0,0.0,0.0,0.1396241886541478,9.21573300053588,14.0,92,77,USW00024162,USW00094240,2.40361297255126,0.1396241886541478,7.194627519204318e-08,,1851,medium,0,727.8656410172222
NOAA,USW00094240_medium_Q4,mean,Logistic IW,0.5385891207790083,0.5246103896103896,0.0139787311686186,1,0.0448404775944635,23.54418413304256,23.54418413304256,10.0,168.58905637736518,0.0,0.0108695652173913,0.0466034705546032,2.25987290570195,14.0,92,77,USW00024162,USW00094240,2.40361297255126,0.1396241886541478,7.194627519204318e-08,,1851,medium,0,727.8656410172222
NOAA,USW00094240_medium_Q4,mean,KMM,0.5298797307949306,0.5246103896103896,0.0052693411845409,1,0.0452716951164482,10.412270282769576,10.412270282769576,10.0,812.8870813127596,0.8586956521739131,0.0760869565217391,0.0254397371823775,1.2000286352178997,14.0,92,77,USW00024162,USW00094240,2.40361297255126,0.1396241886541478,7.194627519204318e-08,,1851,medium,0,727.8656410172222
NOAA,USW00094240_medium_Q4,mean,KMM + dependence,0.5298797307949306,0.5246103896103896,0.0052693411845409,1,0.0495932489669149,10.412270282769576,8.676684853340129,10.0,812.8870813127596,0.8586956521739131,0.0760869565217391,0.0254397371823775,1.2000286352178997,14.0,92,77,USW00024162,USW00094240,2.40361297255126,0.1396241886541478,7.194627519204318e-08,,1851,medium,0,727.8656410172222
NOAA,USW00094240_medium_Q4,risk,Unweighted,0.0017571209893707,0.0010020797890478,0.0007550412003228,0,0.0004317730221103,92.0,92.0,1.0,92.0,0.0,0.0,0.1396241886541478,1.2722490249394165,14.0,92,77,USW00024162,USW00094240,2.40361297255126,0.1396241886541478,7.194627519204318e-08,,1851,medium,0,727.8656410172222
NOAA,USW00094240_medium_Q4,risk,Logistic IW,0.0027904179727037,0.0010020797890478,0.0017883381836558,0,0.0014669835834463,23.54418413304256,23.54418413304256,10.0,168.58905637736518,0.0,0.0108695652173913,0.0466034705546032,0.8655781268002037,14.0,92,77,USW00024162,USW00094240,2.40361297255126,0.1396241886541478,7.194627519204318e-08,,1851,medium,0,727.8656410172222
NOAA,USW00094240_medium_Q4,risk,KMM,0.0022667001099713,0.0010020797890478,0.0012646203209235,1,0.0018308747362268,10.412270282769576,10.412270282769576,10.0,812.8870813127596,0.8586956521739131,0.0760869565217391,0.0254397371823775,1.02225107185735,14.0,92,77,USW00024162,USW00094240,2.40361297255126,0.1396241886541478,7.194627519204318e-08,,1851,medium,0,727.8656410172222
NOAA,USW00094240_medium_Q4,risk,KMM + dependence,0.0022667001099713,0.0010020797890478,0.0012646203209235,1,0.0018511321316693,10.412270282769576,10.185629117366735,10.0,812.8870813127596,0.8586956521739131,0.0760869565217391,0.0254397371823775,1.02225107185735,14.0,92,77,USW00024162,USW00094240,2.40361297255126,0.1396241886541478,7.194627519204318e-08,,1851,medium,0,727.8656410172222
NOAA,USW00094240_severe_Q1,mean,Unweighted,0.4679722222222222,0.4971947674418605,0.0292225452196382,0,0.0119159385399836,90.0,90.0,1.0,90.0,0.0,0.0,0.0186292160727667,3.105524669610214,14.0,90,86,USW00053150,USW00094240,2.4055751792539137,0.0186292160727667,9.867454157476825e-08,,4551,severe,0,1195.170400897327
NOAA,USW00094240_severe_Q1,mean,Logistic IW,0.4835608069970033,0.4971947674418605,0.0136339604448571,0,0.0124253449225852,80.40498993345739,80.40498993345739,1.7711204227176112,99.89380336631793,0.0,0.0,0.0132188337387992,3.043176155056813,14.0,90,86,USW00053150,USW00094240,2.4055751792539137,0.0186292160727667,9.867454157476825e-08,,4551,severe,0,1195.170400897327
NOAA,USW00094240_severe_Q1,mean,KMM,0.4765123358854128,0.4971947674418605,0.0206824315564476,1,0.0370467693106237,13.144760224105744,13.144760224105744,10.0,616.2151200861279,0.8,0.0111111111111111,0.0040218478068678,1.3829427627582251,14.0,90,86,USW00053150,USW00094240,2.4055751792539137,0.0186292160727667,9.867454157476825e-08,,4551,severe,0,1195.170400897327
NOAA,USW00094240_severe_Q1,mean,KMM + dependence,0.4765123358854128,0.4971947674418605,0.0206824315564476,1,0.0435664771804555,13.144760224105744,9.504919927335992,10.0,616.2151200861279,0.8,0.0111111111111111,0.0040218478068678,1.3829427627582251,14.0,90,86,USW00053150,USW00094240,2.4055751792539137,0.0186292160727667,9.867454157476825e-08,,4551,severe,0,1195.170400897327
NOAA,USW00094240_severe_Q1,risk,Unweighted,0.0040298324448454,0.0011182833386223,0.0029115491062231,0,0.0008694650681852,90.0,90.0,1.0,90.0,0.0,0.0,0.0186292160727667,3.452097754377052,14.0,90,86,USW00053150,USW00094240,2.4055751792539137,0.0186292160727667,9.867454157476825e-08,,4551,severe,0,1195.170400897327
NOAA,USW00094240_severe_Q1,risk,Logistic IW,0.003959961511392,0.0011182833386223,0.0028416781727696,0,0.0008063202396342,80.40498993345739,80.40498993345739,1.7711204227176112,99.89380336631793,0.0,0.0,0.0132188337387992,3.009988196856875,14.0,90,86,USW00053150,USW00094240,2.4055751792539137,0.0186292160727667,9.867454157476825e-08,,4551,severe,0,1195.170400897327
NOAA,USW00094240_severe_Q1,risk,KMM,0.0017233142722265,0.0011182833386223,0.0006050309336041,1,0.0010868415378518,13.144760224105744,13.144760224105744,10.0,616.2151200861279,0.8,0.0111111111111111,0.0040218478068678,0.7819064598192135,14.0,90,86,USW00053150,USW00094240,2.4055751792539137,0.0186292160727667,9.867454157476825e-08,,4551,severe,0,1195.170400897327
NOAA,USW00094240_severe_Q1,risk,KMM + dependence,0.0017233142722265,0.0011182833386223,0.0006050309336041,1,0.0010868415378518,13.144760224105744,13.144760224105744,10.0,616.2151200861279,0.8,0.0111111111111111,0.0040218478068678,0.7819064598192135,14.0,90,86,USW00053150,USW00094240,2.4055751792539137,0.0186292160727667,9.867454157476825e-08,,4551,severe,0,1195.170400897327
NOAA,USW00094240_severe_Q2,mean,Unweighted,0.5817307692307693,0.5725474683544304,0.0091833008763388,1,0.01649438156689,91.0,91.0,1.0,91.0,0.0,0.0,0.0480004107713945,6.608867273765525,14.0,91,79,USW00053150,USW00094240,2.1653908726262863,0.0480004107713945,4.976172713464182e-07,,6000,severe,0,1195.170400897327
NOAA,USW00094240_severe_Q2,mean,Logistic IW,0.501935838230229,0.5725474683544304,0.0706116301242013,0,0.0409684613600899,34.00696378496781,34.00696378496781,10.0,333.9931369430881,0.0,0.0109890109890109,0.0458473178858233,2.25752244009889,14.0,91,79,USW00053150,USW00094240,2.1653908726262863,0.0480004107713945,4.976172713464182e-07,,6000,severe,0,1195.170400897327
NOAA,USW00094240_severe_Q2,mean,KMM,0.5462101243588124,0.5725474683544304,0.0263373439956179,0,0.0239692521733193,12.82397155759886,12.82397155759886,10.0,645.7437902763643,0.7692307692307693,0.0329670329670329,0.0030811148630132,1.7412375914541869,14.0,91,79,USW00053150,USW00094240,2.1653908726262863,0.0480004107713945,4.976172713464182e-07,,6000,severe,0,1195.170400897327
NOAA,USW00094240_severe_Q2,mean,KMM + dependence,0.5462101243588124,0.5725474683544304,0.0263373439956179,1,0.0316288572960454,12.82397155759886,7.364860269809003,10.0,645.7437902763643,0.7692307692307693,0.0329670329670329,0.0030811148630132,1.7412375914541869,14.0,91,79,USW00053150,USW00094240,2.1653908726262863,0.0480004107713945,4.976172713464182e-07,,6000,severe,0,1195.170400897327
NOAA,USW00094240_severe_Q2,risk,Unweighted,0.006000355566675,0.0042529680843992,0.0017473874822758,0,0.0007023196864636,91.0,91.0,1.0,91.0,0.0,0.0,0.0480004107713945,1.019989300651844,14.0,91,79,USW00053150,USW00094240,2.1653908726262863,0.0480004107713945,4.976172713464182e-07,,6000,severe,0,1195.170400897327
NOAA,USW00094240_severe_Q2,risk,Logistic IW,0.0055916388160395,0.0042529680843992,0.0013386707316403,0,0.0012158273749453,34.00696378496781,34.00696378496781,10.0,333.9931369430881,0.0,0.0109890109890109,0.0458473178858233,1.2751112655175938,14.0,91,79,USW00053150,USW00094240,2.1653908726262863,0.0480004107713945,4.976172713464182e-07,,6000,severe,0,1195.170400897327
NOAA,USW00094240_severe_Q2,risk,KMM,0.0049589717748138,0.0042529680843992,0.0007060036904146,1,0.0022563506785652,12.82397155759886,12.82397155759886,10.0,645.7437902763643,0.7692307692307693,0.0329670329670329,0.0030811148630132,0.9488620066359944,14.0,91,79,USW00053150,USW00094240,2.1653908726262863,0.0480004107713945,4.976172713464182e-07,,6000,severe,0,1195.170400897327
NOAA,USW00094240_severe_Q2,risk,KMM + dependence,0.0049589717748138,0.0042529680843992,0.0007060036904146,1,0.0022563506785652,12.82397155759886,12.82397155759886,10.0,645.7437902763643,0.7692307692307693,0.0329670329670329,0.0030811148630132,0.9488620066359944,14.0,91,79,USW00053150,USW00094240,2.1653908726262863,0.0480004107713945,4.976172713464182e-07,,6000,severe,0,1195.170400897327
NOAA,USW00094240_severe_Q4,mean,Unweighted,0.5280163043478261,0.5246103896103896,0.0034059147374364,1,0.0134258343343643,92.0,92.0,1.0,92.0,0.0,0.0,0.0441151352823758,3.9830282573119136,14.0,92,77,USW00053150,USW00094240,2.490701263239788,0.0441151352823758,8.580256209412196e-09,,0,severe,0,1195.170400897327
NOAA,USW00094240_severe_Q4,mean,Logistic IW,0.4870335513303245,0.5246103896103896,0.0375768382800651,0,0.021647556374235,32.60515821473251,32.60515821473251,10.0,336.3700876155898,0.0,0.0217391304347826,0.0436451413815841,2.298951992406718,14.0,92,77,USW00053150,USW00094240,2.490701263239788,0.0441151352823758,8.580256209412196e-09,,0,severe,0,1195.170400897327
NOAA,USW00094240_severe_Q4,mean,KMM,0.5150817795187799,0.5246103896103896,0.0095286100916097,1,0.0217091734170487,12.097123970185589,12.097123970185589,10.0,699.6704357879012,0.75,0.0543478260869565,0.0024880850304154,0.6578395929518615,14.0,92,77,USW00053150,USW00094240,2.490701263239788,0.0441151352823758,8.580256209412196e-09,,0,severe,0,1195.170400897327
NOAA,USW00094240_severe_Q4,mean,KMM + dependence,0.5150817795187799,0.5246103896103896,0.0095286100916097,1,0.0217091734170487,12.097123970185589,12.097123970185589,10.0,699.6704357879012,0.75,0.0543478260869565,0.0024880850304154,0.6578395929518615,14.0,92,77,USW00053150,USW00094240,2.490701263239788,0.0441151352823758,8.580256209412196e-09,,0,severe,0,1195.170400897327
NOAA,USW00094240_severe_Q4,risk,Unweighted,0.0045949298607549,0.0010020797890478,0.003592850071707,0,0.0008834217997116,92.0,92.0,1.0,92.0,0.0,0.0,0.0441151352823758,1.3908885631312988,14.0,92,77,USW00053150,USW00094240,2.490701263239788,0.0441151352823758,8.580256209412196e-09,,0,severe,0,1195.170400897327
NOAA,USW00094240_severe_Q4,risk,Logistic IW,0.0046043864102629,0.0010020797890478,0.0036023066212151,0,0.0009618478594892,32.60515821473251,32.60515821473251,10.0,336.3700876155898,0.0,0.0217391304347826,0.0436451413815841,0.7598403837098666,14.0,92,77,USW00053150,USW00094240,2.490701263239788,0.0441151352823758,8.580256209412196e-09,,0,severe,0,1195.170400897327
NOAA,USW00094240_severe_Q4,risk,KMM,0.00359261391044,0.0010020797890478,0.0025905341213921,0,0.001820251455222,12.097123970185589,12.097123970185589,10.0,699.6704357879012,0.75,0.0543478260869565,0.0024880850304154,1.115214010649766,14.0,92,77,USW00053150,USW00094240,2.490701263239788,0.0441151352823758,8.580256209412196e-09,,0,severe,0,1195.170400897327
NOAA,USW00094240_severe_Q4,risk,KMM + dependence,0.00359261391044,0.0010020797890478,0.0025905341213921,0,0.001922252769913,12.097123970185589,10.847356520509768,10.0,699.6704357879012,0.75,0.0543478260869565,0.0024880850304154,1.115214010649766,14.0,92,77,USW00053150,USW00094240,2.490701263239788,0.0441151352823758,8.580256209412196e-09,,0,severe,0,1195.170400897327
NOAA,USW00054773_mild_Q1,mean,Unweighted,0.4342222222222221,0.4050702247191011,0.0291519975031209,0,0.0204278795509737,90.0,90.0,1.0,90.0,0.0,0.0,0.0183494247690352,8.71657793415812,14.0,90,89,USW00014777,USW00054773,2.372400523603784,0.0183494247690352,5.03876389404561e-10,,0,mild,0,230.71774955197003
NOAA,USW00054773_mild_Q1,mean,Logistic IW,0.424234686938146,0.4050702247191011,0.0191644622190448,1,0.0278486654483084,63.521179018315294,63.521179018315294,3.586366109928788,116.06930828731728,0.0,0.0,0.0080513126298589,5.888682439042484,14.0,90,89,USW00014777,USW00054773,2.372400523603784,0.0183494247690352,5.03876389404561e-10,,0,mild,0,230.71774955197003
NOAA,USW00054773_mild_Q1,mean,KMM,0.4223939726498391,0.4050702247191011,0.0173237479307379,1,0.0411962795386781,13.631006862443,13.631006862443,10.0,594.2334327713992,0.7777777777777778,0.0333333333333333,0.0008727618234207,1.6307701850179543,14.0,90,89,USW00014777,USW00054773,2.372400523603784,0.0183494247690352,5.03876389404561e-10,,0,mild,0,230.71774955197003
NOAA,USW00054773_mild_Q1,mean,KMM + dependence,0.4223939726498391,0.4050702247191011,0.0173237479307379,1,0.0526083132852224,13.631006862443,8.358631392499321,10.0,594.2334327713992,0.7777777777777778,0.0333333333333333,0.0008727618234207,1.6307701850179543,14.0,90,89,USW00014777,USW00054773,2.372400523603784,0.0183494247690352,5.03876389404561e-10,,0,mild,0,230.71774955197003
NOAA,USW00054773_mild_Q1,risk,Unweighted,0.0032365797376762,0.0040041051291105,0.0007675253914343,0,0.000640236972767,90.0,90.0,1.0,90.0,0.0,0.0,0.0183494247690352,1.1413656861320758,14.0,90,89,USW00014777,USW00054773,2.372400523603784,0.0183494247690352,5.03876389404561e-10,,0,mild,0,230.71774955197003
NOAA,USW00054773_mild_Q1,risk,Logistic IW,0.0028901600029596,0.0040041051291105,0.0011139451261509,0,0.0006949415182275,63.521179018315294,63.521179018315294,3.586366109928788,116.06930828731728,0.0,0.0,0.0080513126298589,0.8400324507565322,14.0,90,89,USW00014777,USW00054773,2.372400523603784,0.0183494247690352,5.03876389404561e-10,,0,mild,0,230.71774955197003
NOAA,USW00054773_mild_Q1,risk,KMM,0.002523897947181,0.0040041051291105,0.0014802071819295,0,0.0010835425478569,13.631006862443,13.631006862443,10.0,594.2334327713992,0.7777777777777778,0.0333333333333333,0.0008727618234207,0.6178235581078667,14.0,90,89,USW00014777,USW00054773,2.372400523603784,0.0183494247690352,5.03876389404561e-10,,0,mild,0,230.71774955197003
NOAA,USW00054773_mild_Q1,risk,KMM + dependence,0.002523897947181,0.0040041051291105,0.0014802071819295,0,0.0010835425478569,13.631006862443,13.631006862443,10.0,594.2334327713992,0.7777777777777778,0.0333333333333333,0.0008727618234207,0.6178235581078667,14.0,90,89,USW00014777,USW00054773,2.372400523603784,0.0183494247690352,5.03876389404561e-10,,0,mild,0,230.71774955197003
NOAA,USW00054773_mild_Q2,mean,Unweighted,0.6345879120879119,0.6062637362637363,0.0283241758241755,0,0.0188562374733198,91.0,91.0,1.0,91.0,0.0,0.0,0.0141223519616004,6.6865644901346,14.0,91,91,USW00014777,USW00054773,2.330792970023763,0.0141223519616004,5.838427007764482e-09,,0,mild,0,230.71774955197003
NOAA,USW00054773_mild_Q2,mean,Logistic IW,0.617616720359935,0.6062637362637363,0.0113529840961986,1,0.0213529554604628,70.60354180485169,70.60354180485169,2.582667643213571,112.8628899460604,0.0,0.0,0.0021789164340098,6.241873900348557,14.0,91,91,USW00014777,USW00054773,2.330792970023763,0.0141223519616004,5.838427007764482e-09,,0,mild,0,230.71774955197003
NOAA,USW00054773_mild_Q2,mean,KMM,0.6188698761827982,0.6062637362637363,0.0126061399190618,1,0.0493701224382582,16.40341880652588,16.40341880652588,9.999999999999996,504.8337848147556,0.6923076923076923,0.0109890109890109,2.0192184643441635e-05,2.5455171459954884,14.0,91,91,USW00014777,USW00054773,2.330792970023763,0.0141223519616004,5.838427007764482e-09,,0,mild,0,230.71774955197003
NOAA,USW00054773_mild_Q2,mean,KMM + dependence,0.6188698761827982,0.6062637362637363,0.0126061399190618,1,0.0787684351421966,16.40341880652588,6.444041766652847,9.999999999999996,504.8337848147556,0.6923076923076923,0.0109890109890109,2.0192184643441635e-05,2.5455171459954884,14.0,91,91,USW00014777,USW00054773,2.330792970023763,0.0141223519616004,5.838427007764482e-09,,0,mild,0,230.71774955197003
NOAA,USW00054773_mild_Q2,risk,Unweighted,0.0027792447617031,0.0036602550397819,0.0008810102780787,0,0.000795666435535,91.0,91.0,1.0,91.0,0.0,0.0,0.0141223519616004,1.2296354182897116,14.0,91,91,USW00014777,USW00054773,2.330792970023763,0.0141223519616004,5.838427007764482e-09,,0,mild,0,230.71774955197003
NOAA,USW00054773_mild_Q2,risk,Logistic IW,0.0030018201693091,0.0036602550397819,0.0006584348704728,1,0.0008977705216415,70.60354180485169,70.60354180485169,2.582667643213571,112.8628899460604,0.0,0.0,0.0021789164340098,1.5537631829926672,14.0,91,91,USW00014777,USW00054773,2.330792970023763,0.0141223519616004,5.838427007764482e-09,,0,mild,0,230.71774955197003
NOAA,USW00054773_mild_Q2,risk,KMM,0.0022868796974544,0.0036602550397819,0.0013733753423275,0,0.001056003767314,16.40341880652588,16.40341880652588,9.999999999999996,504.8337848147556,0.6923076923076923,0.0109890109890109,2.0192184643441635e-05,2.3451582741717525,14.0,91,91,USW00014777,USW00054773,2.330792970023763,0.0141223519616004,5.838427007764482e-09,,0,mild,0,230.71774955197003
NOAA,USW00054773_mild_Q2,risk,KMM + dependence,0.0022868796974544,0.0036602550397819,0.0013733753423275,1,0.0016171546236119,16.40341880652588,6.994589229726565,9.999999999999996,504.8337848147556,0.6923076923076923,0.0109890109890109,2.0192184643441635e-05,2.3451582741717525,14.0,91,91,USW00014777,USW00054773,2.330792970023763,0.0141223519616004,5.838427007764482e-09,,0,mild,0,230.71774955197003
NOAA,USW00054773_mild_Q3,mean,Unweighted,0.7147418478260871,0.7006657608695651,0.0140760869565219,0,0.0086452837078046,92.0,92.0,1.0,92.0,0.0,0.0,0.0191973604434922,5.922635182451995,14.0,92,92,USW00014777,USW00054773,2.1991531280060403,0.0191973604434922,1.0812184730132296e-08,,0,mild,0,230.71774955197003
NOAA,USW00054773_mild_Q3,mean,Logistic IW,0.7033036030908008,0.7006657608695651,0.0026378422212356,1,0.0091666741544068,66.79076184160674,66.79076184160674,2.7191103211775056,126.88705186449224,0.0,0.0,0.0019591544481938,5.50369640644305,14.0,92,92,USW00014777,USW00054773,2.1991531280060403,0.0191973604434922,1.0812184730132296e-08,,0,mild,0,230.71774955197003
NOAA,USW00054773_mild_Q3,mean,KMM,0.7106548288330053,0.7006657608695651,0.0099890679634402,1,0.0216071907261921,15.125987738627437,15.125987738627437,10.0,559.5667632590612,0.717391304347826,0.0326086956521739,0.0001166661385447,1.5026585157964762,14.0,92,92,USW00014777,USW00054773,2.1991531280060403,0.0191973604434922,1.0812184730132296e-08,,0,mild,0,230.71774955197003
NOAA,USW00054773_mild_Q3,mean,KMM + dependence,0.7106548288330053,0.7006657608695651,0.0099890679634402,1,0.0264867366756308,15.125987738627437,10.066151144533316,10.0,559.5667632590612,0.717391304347826,0.0326086956521739,0.0001166661385447,1.5026585157964762,14.0,92,92,USW00014777,USW00054773,2.1991531280060403,0.0191973604434922,1.0812184730132296e-08,,0,mild,0,230.71774955197003
NOAA,USW00054773_mild_Q3,risk,Unweighted,0.0009088177202651,0.0014333844722665,0.0005245667520014,0,0.0002379415624905,92.0,92.0,1.0,92.0,0.0,0.0,0.0191973604434922,0.9718479317093068,14.0,92,92,USW00014777,USW00054773,2.1991531280060403,0.0191973604434922,1.0812184730132296e-08,,0,mild,0,230.71774955197003
NOAA,USW00054773_mild_Q3,risk,Logistic IW,0.0008588839482492,0.0014333844722665,0.0005745005240173,0,0.0002345288616605,66.79076184160674,66.79076184160674,2.7191103211775056,126.88705186449224,0.0,0.0,0.0019591544481938,0.6617297267197015,14.0,92,92,USW00014777,USW00054773,2.1991531280060403,0.0191973604434922,1.0812184730132296e-08,,0,mild,0,230.71774955197003
NOAA,USW00054773_mild_Q3,risk,KMM,0.0006419087610629,0.0014333844722665,0.0007914757112036,0,0.0003443603478966,15.125987738627437,15.125987738627437,10.0,559.5667632590612,0.717391304347826,0.0326086956521739,0.0001166661385447,1.9655785303930555,14.0,92,92,USW00014777,USW00054773,2.1991531280060403,0.0191973604434922,1.0812184730132296e-08,,0,mild,0,230.71774955197003
NOAA,USW00054773_mild_Q3,risk,KMM + dependence,0.0006419087610629,0.0014333844722665,0.0007914757112036,0,0.0004827900798084,15.125987738627437,7.695438012137171,10.0,559.5667632590612,0.717391304347826,0.0326086956521739,0.0001166661385447,1.9655785303930555,14.0,92,92,USW00014777,USW00054773,2.1991531280060403,0.0191973604434922,1.0812184730132296e-08,,0,mild,0,230.71774955197003
NOAA,USW00054773_mild_Q4,mean,Unweighted,0.4898641304347826,0.4752445652173913,0.0146195652173912,1,0.020289357123558,92.0,92.0,1.0,92.0,0.0,0.0,0.0086718492093604,9.85095252750901,14.0,92,92,USW00014777,USW00054773,2.3035181368719857,0.0086718492093604,1.5330334391664084e-10,,0,mild,0,230.71774955197003
NOAA,USW00054773_mild_Q4,mean,Logistic IW,0.4858370756439852,0.4752445652173913,0.0105925104265938,1,0.0236291227844513,74.04883848877967,74.04883848877967,3.885351928224916,111.45728715669247,0.0,0.0,0.0023343888561806,8.341752640995297,14.0,92,92,USW00014777,USW00054773,2.3035181368719857,0.0086718492093604,1.5330334391664084e-10,,0,mild,0,230.71774955197003
NOAA,USW00054773_mild_Q4,mean,KMM,0.4696447157634682,0.4752445652173913,0.0055998494539231,1,0.0454383430293385,16.22112149348518,16.22112149348518,10.0,521.7888296687354,0.6956521739130435,0.0108695652173913,0.0001375527122264,2.521982901981028,14.0,92,92,USW00014777,USW00054773,2.3035181368719857,0.0086718492093604,1.5330334391664084e-10,,0,mild,0,230.71774955197003
NOAA,USW00054773_mild_Q4,mean,KMM + dependence,0.4696447157634682,0.4752445652173913,0.0055998494539231,1,0.0721595065684602,16.22112149348518,6.431891937389197,10.0,521.7888296687354,0.6956521739130435,0.0108695652173913,0.0001375527122264,2.521982901981028,14.0,92,92,USW00014777,USW00054773,2.3035181368719857,0.0086718492093604,1.5330334391664084e-10,,0,mild,0,230.71774955197003
NOAA,USW00054773_mild_Q4,risk,Unweighted,0.0033340588650932,0.0028778697427451,0.000456189122348,1,0.0007790255603765,92.0,92.0,1.0,92.0,0.0,0.0,0.0086718492093604,0.8268710022126614,14.0,92,92,USW00014777,USW00054773,2.3035181368719857,0.0086718492093604,1.5330334391664084e-10,,0,mild,0,230.71774955197003
NOAA,USW00054773_mild_Q4,risk,Logistic IW,0.0028828906842879,0.0028778697427451,5.020941542790459e-06,1,0.0007841649348649,74.04883848877967,74.04883848877967,3.885351928224916,111.45728715669247,0.0,0.0,0.0023343888561806,0.9115671002713468,14.0,92,92,USW00014777,USW00054773,2.3035181368719857,0.0086718492093604,1.5330334391664084e-10,,0,mild,0,230.71774955197003
NOAA,USW00054773_mild_Q4,risk,KMM,0.0035931486130634,0.0028778697427451,0.0007152788703183,1,0.0015118095922733,16.22112149348518,16.22112149348518,10.0,521.7888296687354,0.6956521739130435,0.0108695652173913,0.0001375527122264,1.0286714757945998,14.0,92,92,USW00014777,USW00054773,2.3035181368719857,0.0086718492093604,1.5330334391664084e-10,,0,mild,0,230.71774955197003
NOAA,USW00054773_mild_Q4,risk,KMM + dependence,0.0035931486130634,0.0028778697427451,0.0007152788703183,1,0.0015333293377008,16.22112149348518,15.769000964039694,10.0,521.7888296687354,0.6956521739130435,0.0108695652173913,0.0001375527122264,1.0286714757945998,14.0,92,92,USW00014777,USW00054773,2.3035181368719857,0.0086718492093604,1.5330334391664084e-10,,0,mild,0,230.71774955197003
NOAA,USW00054773_medium_Q1,mean,Unweighted,0.472861111111111,0.4050702247191011,0.0677908863920098,0,0.0242381929106725,90.0,90.0,1.0,90.0,0.0,0.0,0.0072308965973502,7.715464176015734,14.0,90,89,USW00013729,USW00054773,2.3420521404338186,0.0072308965973502,1.111733424337075e-08,,0,medium,0,574.8377844975137
NOAA,USW00054773_medium_Q1,mean,Logistic IW,0.4728214918665194,0.4050702247191011,0.0677512671474183,0,0.0243919560844446,89.8379746064463,89.8379746064463,1.0320860702052703,90.19763455281068,0.0,0.0,0.0071031578448268,7.747133428023399,14.0,90,89,USW00013729,USW00054773,2.3420521404338186,0.0072308965973502,1.111733424337075e-08,,0,medium,0,574.8377844975137
NOAA,USW00054773_medium_Q1,mean,KMM,0.4487303347985336,0.4050702247191011,0.0436601100794324,1,0.0474734137787902,16.71261011877395,16.71261011877395,10.0,484.6639718412952,0.6222222222222222,0.0222222222222222,6.177128182871527e-05,1.8978400705988177,14.0,90,89,USW00013729,USW00054773,2.3420521404338186,0.0072308965973502,1.111733424337075e-08,,0,medium,0,574.8377844975137
NOAA,USW00054773_medium_Q1,mean,KMM + dependence,0.4487303347985336,0.4050702247191011,0.0436601100794324,1,0.0654003795334507,16.71261011877395,8.806121431244039,10.0,484.6639718412952,0.6222222222222222,0.0222222222222222,6.177128182871527e-05,1.8978400705988177,14.0,90,89,USW00013729,USW00054773,2.3420521404338186,0.0072308965973502,1.111733424337075e-08,,0,medium,0,574.8377844975137
NOAA,USW00054773_medium_Q1,risk,Unweighted,0.0048314074691518,0.0040041051291105,0.0008273023400412,1,0.0012577325218779,90.0,90.0,1.0,90.0,0.0,0.0,0.0072308965973502,0.6885693887579305,14.0,90,89,USW00013729,USW00054773,2.3420521404338186,0.0072308965973502,1.111733424337075e-08,,0,medium,0,574.8377844975137
NOAA,USW00054773_medium_Q1,risk,Logistic IW,0.0048353521222021,0.0040041051291105,0.0008312469930916,1,0.0012654351132535,89.8379746064463,89.8379746064463,1.0320860702052703,90.19763455281068,0.0,0.0,0.0071031578448268,0.694889679485078,14.0,90,89,USW00013729,USW00054773,2.3420521404338186,0.0072308965973502,1.111733424337075e-08,,0,medium,0,574.8377844975137
NOAA,USW00054773_medium_Q1,risk,KMM,0.003607902252397,0.0040041051291105,0.0003962028767135,1,0.0016592211601468,16.71261011877395,16.71261011877395,10.0,484.6639718412952,0.6222222222222222,0.0222222222222222,6.177128182871527e-05,1.028647733574403,14.0,90,89,USW00013729,USW00054773,2.3420521404338186,0.0072308965973502,1.111733424337075e-08,,0,medium,0,574.8377844975137
NOAA,USW00054773_medium_Q1,risk,KMM + dependence,0.003607902252397,0.0040041051291105,0.0003962028767135,1,0.0016828198045142,16.71261011877395,16.247165646007915,10.0,484.6639718412952,0.6222222222222222,0.0222222222222222,6.177128182871527e-05,1.028647733574403,14.0,90,89,USW00013729,USW00054773,2.3420521404338186,0.0072308965973502,1.111733424337075e-08,,0,medium,0,574.8377844975137
NOAA,USW00054773_medium_Q2,mean,Unweighted,0.6642719780219781,0.6062637362637363,0.0580082417582418,0,0.0167854443985105,91.0,91.0,1.0,91.0,0.0,0.0,0.0152609185480676,6.4079534492972,14.0,91,91,USW00013729,USW00054773,2.40957359167712,0.0152609185480676,1.538823745683622e-08,,0,medium,0,574.8377844975137
NOAA,USW00054773_medium_Q2,mean,Logistic IW,0.6494012481266518,0.6062637362637363,0.0431375118629154,0,0.0206270799557398,68.74058278427167,68.74058278427167,2.907525574250521,124.98586187022974,0.0,0.0,0.0020616474957373,5.615401269914481,14.0,91,91,USW00013729,USW00054773,2.40957359167712,0.0152609185480676,1.538823745683622e-08,,0,medium,0,574.8377844975137
NOAA,USW00054773_medium_Q2,mean,KMM,0.6590376759127423,0.6062637362637363,0.052773939649006,0,0.0333060534838411,17.232437449512474,17.232437449512474,9.678428246358074,480.5472252118506,0.6483516483516484,0.0,4.433591253549807e-05,1.443800378299121,14.0,91,91,USW00013729,USW00054773,2.40957359167712,0.0152609185480676,1.538823745683622e-08,,0,medium,0,574.8377844975137
NOAA,USW00054773_medium_Q2,mean,KMM + dependence,0.6590376759127423,0.6062637362637363,0.052773939649006,0,0.0400199692638837,17.232437449512474,11.93547093387887,9.678428246358074,480.5472252118506,0.6483516483516484,0.0,4.433591253549807e-05,1.443800378299121,14.0,91,91,USW00013729,USW00054773,2.40957359167712,0.0152609185480676,1.538823745683622e-08,,0,medium,0,574.8377844975137
NOAA,USW00054773_medium_Q2,risk,Unweighted,0.0025977941915861,0.0036602550397819,0.0010624608481958,0,0.0010086566998423,91.0,91.0,1.0,91.0,0.0,0.0,0.0152609185480676,1.9773254196370984,14.0,91,91,USW00013729,USW00054773,2.40957359167712,0.0152609185480676,1.538823745683622e-08,,0,medium,0,574.8377844975137
NOAA,USW00054773_medium_Q2,risk,Logistic IW,0.0029624504219973,0.0036602550397819,0.0006978046177846,1,0.0011830445854658,68.74058278427167,68.74058278427167,2.907525574250521,124.98586187022974,0.0,0.0,0.0020616474957373,1.4724365871307283,14.0,91,91,USW00013729,USW00054773,2.40957359167712,0.0152609185480676,1.538823745683622e-08,,0,medium,0,574.8377844975137
NOAA,USW00054773_medium_Q2,risk,KMM,0.0030235219145507,0.0036602550397819,0.0006367331252312,1,0.0028082917738587,17.232437449512474,17.232437449512474,9.678428246358074,480.5472252118506,0.6483516483516484,0.0,4.433591253549807e-05,0.9777787044711866,14.0,91,91,USW00013729,USW00054773,2.40957359167712,0.0152609185480676,1.538823745683622e-08,,0,medium,0,574.8377844975137
NOAA,USW00054773_medium_Q2,risk,KMM + dependence,0.0030235219145507,0.0036602550397819,0.0006367331252312,1,0.0028082917738587,17.232437449512474,17.232437449512474,9.678428246358074,480.5472252118506,0.6483516483516484,0.0,4.433591253549807e-05,0.9777787044711866,14.0,91,91,USW00013729,USW00054773,2.40957359167712,0.0152609185480676,1.538823745683622e-08,,0,medium,0,574.8377844975137
NOAA,USW00054773_medium_Q3,mean,Unweighted,0.722758152173913,0.7006657608695651,0.0220923913043479,0,0.0084135331413268,92.0,92.0,1.0,92.0,0.0,0.0,0.0087523949541918,5.9042051772929485,14.0,92,92,USW00013729,USW00054773,2.3128306974732875,0.0087523949541918,7.819157354060506e-09,,0,medium,0,574.8377844975137
NOAA,USW00054773_medium_Q3,mean,Logistic IW,0.7172475123375961,0.7006657608695651,0.0165817514680309,0,0.0090956134378554,83.0256203842813,83.0256203842813,2.0269889079081995,103.32709459860445,0.0,0.0,0.0067254484749761,6.3967349013491495,14.0,92,92,USW00013729,USW00054773,2.3128306974732875,0.0087523949541918,7.819157354060506e-09,,0,medium,0,574.8377844975137
NOAA,USW00054773_medium_Q3,mean,KMM,0.7242864638852217,0.7006657608695651,0.0236207030156565,0,0.0235196801084061,15.322397386092844,15.322397386092844,10.0,552.3939750891877,0.7065217391304348,0.0108695652173913,0.0001132557591476,1.3865581874056516,14.0,92,92,USW00013729,USW00054773,2.3128306974732875,0.0087523949541918,7.819157354060506e-09,,0,medium,0,574.8377844975137
NOAA,USW00054773_medium_Q3,mean,KMM + dependence,0.7242864638852217,0.7006657608695651,0.0236207030156565,1,0.0276949420281693,15.322397386092844,11.050670303827737,10.0,552.3939750891877,0.7065217391304348,0.0108695652173913,0.0001132557591476,1.3865581874056516,14.0,92,92,USW00013729,USW00054773,2.3128306974732875,0.0087523949541918,7.819157354060506e-09,,0,medium,0,574.8377844975137
NOAA,USW00054773_medium_Q3,risk,Unweighted,0.0010457390843631,0.0014333844722665,0.0003876453879034,0,0.0002553504121894,92.0,92.0,1.0,92.0,0.0,0.0,0.0087523949541918,2.225916101961213,14.0,92,92,USW00013729,USW00054773,2.3128306974732875,0.0087523949541918,7.819157354060506e-09,,0,medium,0,574.8377844975137
NOAA,USW00054773_medium_Q3,risk,Logistic IW,0.0011063633736577,0.0014333844722665,0.0003270210986088,0,0.0002844392355801,83.0256203842813,83.0256203842813,2.0269889079081995,103.32709459860445,0.0,0.0,0.0067254484749761,2.585500607151713,14.0,92,92,USW00013729,USW00054773,2.3128306974732875,0.0087523949541918,7.819157354060506e-09,,0,medium,0,574.8377844975137
NOAA,USW00054773_medium_Q3,risk,KMM,0.0011049340306921,0.0014333844722665,0.0003284504415744,1,0.0008601789192898,15.322397386092844,15.322397386092844,10.0,552.3939750891877,0.7065217391304348,0.0108695652173913,0.0001132557591476,1.3007923087983042,14.0,92,92,USW00013729,USW00054773,2.3128306974732875,0.0087523949541918,7.819157354060506e-09,,0,medium,0,574.8377844975137
NOAA,USW00054773_medium_Q3,risk,KMM + dependence,0.0011049340306921,0.0014333844722665,0.0003284504415744,1,0.0009810536889419,15.322397386092844,11.779280429669788,10.0,552.3939750891877,0.7065217391304348,0.0108695652173913,0.0001132557591476,1.3007923087983042,14.0,92,92,USW00013729,USW00054773,2.3128306974732875,0.0087523949541918,7.819157354060506e-09,,0,medium,0,574.8377844975137
NOAA,USW00054773_medium_Q4,mean,Unweighted,0.531725543478261,0.47524456521739133,0.05648097826086962,0,0.019941243954488243,92.0,92.0,1.0,92.0,0.0,0.0,0.006066302672681934,7.351507987992179,14.0,92,92,USW00013729,USW00054773,2.303628264712315,0.006066302672681934,3.350675878952584e-08,,0,medium,0,574.8377844975137
NOAA,USW00054773_medium_Q4,mean,Logistic IW,0.5313750007923352,0.47524456521739133,0.056130435574943904,0,0.022639141140400786,82.67537108682929,82.67537108682929,3.1369960221213087,102.5622145220575,0.0,0.0,0.0019306242637382454,6.598048944409114,14.0,92,92,USW00013729,USW00054773,2.303628264712315,0.006066302672681934,3.350675878952584e-08,,0,medium,0,574.8377844975137
NOAA,USW00054773_medium_Q4,mean,KMM,0.538833548422678,0.47524456521739133,0.06358898320528672,0,0.03665824527603585,21.81702495797907,21.81702495797907,10.0,387.95390371978704,0.6521739130434783,0.010869565217391304,0.00011165628328435595,2.9850583858080446,14.0,92,92,USW00013729,USW00054773,2.303628264712315,0.006066302672681934,3.350675878952584e-08,,0,medium,0,574.8377844975137
NOAA,USW00054773_medium_Q4,mean,KMM + dependence,0.538833548422678,0.47524456521739133,0.06358898320528672,0,0.06333562896486782,21.81702495797907,7.308743125998616,10.0,387.95390371978704,0.6521739130434783,0.010869565217391304,0.00011165628328435595,2.9850583858080446,14.0,92,92,USW00013729,USW00054773,2.303628264712315,0.006066302672681934,3.350675878952584e-08,,0,medium,0,574.8377844975137
NOAA,USW00054773_medium_Q4,risk,Unweighted,0.004313262096545529,0.002877869742745188,0.0014353923538003412,0,0.0013422257715673767,92.0,92.0,1.0,92.0,0.0,0.0,0.006066302672681934,1.1604824152037527,14.0,92,92,USW00013729,USW00054773,2.303628264712315,0.006066302672681934,3.350675878952584e-08,,0,medium,0,574.8377844975137
NOAA,USW00054773_medium_Q4,risk,Logistic IW,0.004525339775537581,0.002877869742745188,0.0016474700327923928,0,0.00164263964412134,82.67537108682929,82.67537108682929,3.1369960221213087,102.5622145220575,0.0,0.0,0.0019306242637382454,0.984510689499126,14.0,92,92,USW00013729,USW00054773,2.303628264712315,0.006066302672681934,3.350675878952584e-08,,0,medium,0,574.8377844975137
NOAA,USW00054773_medium_Q4,risk,KMM,0.006181329482045212,0.002877869742745188,0.003303459739300024,1,0.005593593347865146,21.81702495797907,21.81702495797907,10.0,387.95390371978704,0.6521739130434783,0.010869565217391304,0.00011165628328435595,1.0890838262964666,14.0,92,92,USW00013729,USW00054773,2.303628264712315,0.006066302672681934,3.350675878952584e-08,,0,medium,0,574.8377844975137
NOAA,USW00054773_medium_Q4,risk,KMM + dependence,0.006181329482045212,0.002877869742745188,0.003303459739300024,1,0.005837428100168669,21.81702495797907,20.032457035166836,10.0,387.95390371978704,0.6521739130434783,0.010869565217391304,0.00011165628328435595,1.0890838262964666,14.0,92,92,USW00013729,USW00054773,2.303628264712315,0.006066302672681934,3.350675878952584e-08,,0,medium,0,574.8377844975137
NOAA,USW00054773_severe_Q1,mean,Unweighted,0.3536235955056179,0.40507022471910115,0.05144662921348325,0,0.017711828460365637,89.0,89.0,1.0,89.0,0.0,0.0,0.08065633456017096,6.144464407717586,14.0,89,89,USW00094992,USW00054773,2.3917706064590414,0.08065633456017096,1.0580394649604386e-08,,0,severe,0,1189.803323893449
NOAA,USW00054773_severe_Q1,mean,Logistic IW,0.40261071299424095,0.40507022471910115,0.002459511724860197,1,0.019072272813835736,29.8585469698251,29.8585469698251,9.857353326443143,235.69540308317085,0.0,0.0,0.021482120808103078,3.3725613784342396,14.0,89,89,USW00094992,USW00054773,2.3917706064590414,0.08065633456017096,1.0580394649604386e-08,,0,severe,0,1189.803323893449
NOAA,USW00054773_severe_Q1,mean,KMM,0.3880778007969288,0.40507022471910115,0.016992423922172373,1,0.030490952118771536,12.303289944015662,12.303289944015662,10.0,643.8115362674021,0.797752808988764,0.033707865168539325,0.0043989214085267125,1.223718280078639,14.0,89,89,USW00094992,USW00054773,2.3917706064590414,0.08065633456017096,1.0580394649604386e-08,,0,severe,0,1189.803323893449
NOAA,USW00054773_severe_Q1,mean,KMM + dependence,0.3880778007969288,0.40507022471910115,0.016992423922172373,1,0.03372964029907295,12.303289944015662,10.054021537722738,10.0,643.8115362674021,0.797752808988764,0.033707865168539325,0.0043989214085267125,1.223718280078639,14.0,89,89,USW00094992,USW00054773,2.3917706064590414,0.08065633456017096,1.0580394649604386e-08,,0,severe,0,1189.803323893449
NOAA,USW00054773_severe_Q1,risk,Unweighted,0.00383249868695573,0.004004105129110578,0.00017160644215484825,1,0.0010224753929781074,89.0,89.0,1.0,89.0,0.0,0.0,0.08065633456017096,1.9768880994281925,14.0,89,89,USW00094992,USW00054773,2.3917706064590414,0.08065633456017096,1.0580394649604386e-08,,0,severe,0,1189.803323893449
NOAA,USW00054773_severe_Q1,risk,Logistic IW,0.004590479982442937,0.004004105129110578,0.0005863748533323585,1,0.0015889892802508027,29.8585469698251,29.8585469698251,9.857353326443143,235.69540308317085,0.0,0.0,0.021482120808103078,0.6120706226237813,14.0,89,89,USW00094992,USW00054773,2.3917706064590414,0.08065633456017096,1.0580394649604386e-08,,0,severe,0,1189.803323893449
NOAA,USW00054773_severe_Q1,risk,KMM,0.0020119973588501585,0.004004105129110578,0.0019921077702604196,0,0.0009978547584173839,12.303289944015662,12.303289944015662,10.0,643.8115362674021,0.797752808988764,0.033707865168539325,0.0043989214085267125,1.129775617422445,14.0,89,89,USW00094992,USW00054773,2.3917706064590414,0.08065633456017096,1.0580394649604386e-08,,0,severe,0,1189.803323893449
NOAA,USW00054773_severe_Q1,risk,KMM + dependence,0.0020119973588501585,0.004004105129110578,0.0019921077702604196,0,0.001060628838685908,12.303289944015662,10.890029625604166,10.0,643.8115362674021,0.797752808988764,0.033707865168539325,0.0043989214085267125,1.129775617422445,14.0,89,89,USW00094992,USW00054773,2.3917706064590414,0.08065633456017096,1.0580394649604386e-08,,0,severe,0,1189.803323893449
NOAA,USW00054773_severe_Q2,mean,Unweighted,0.5323749999999998,0.6062637362637363,0.07388873626373649,0,0.017064144334800427,90.0,90.0,1.0,90.0,0.0,0.0,0.07293802884004164,7.04824603505691,14.0,90,91,USW00094992,USW00054773,2.265760451097454,0.07293802884004164,1.903524140284154e-08,,0,severe,0,1189.803323893449
NOAA,USW00054773_severe_Q2,mean,Logistic IW,0.519497495863968,0.6062637362637363,0.08676624039976832,0,0.017782832922438548,39.93816047025261,39.93816047025261,3.399081654396289,67.1210814079972,0.0,0.0,0.09673751662548646,5.488022089663237,14.0,90,91,USW00094992,USW00054773,2.265760451097454,0.07293802884004164,1.903524140284154e-08,,0,severe,0,1189.803323893449
NOAA,USW00054773_severe_Q2,mean,KMM,0.5430108897656721,0.6062637362637363,0.06325284649806417,0,0.03605211428093016,10.764283662852366,10.764283662852366,10.0,752.4885309324609,0.8333333333333334,0.05555555555555555,0.024834425982912745,2.050647720744736,14.0,90,91,USW00094992,USW00054773,2.265760451097454,0.07293802884004164,1.903524140284154e-08,,0,severe,0,1189.803323893449
NOAA,USW00054773_severe_Q2,mean,KMM + dependence,0.5430108897656721,0.6062637362637363,0.06325284649806417,0,0.05162692624684471,10.764283662852366,5.249211531536528,10.0,752.4885309324609,0.8333333333333334,0.05555555555555555,0.024834425982912745,2.050647720744736,14.0,90,91,USW00094992,USW00054773,2.265760451097454,0.07293802884004164,1.903524140284154e-08,,0,severe,0,1189.803323893449
NOAA,USW00054773_severe_Q2,risk,Unweighted,0.0077088583681094395,0.0036602550397819536,0.004048603328327486,0,0.0014422681908792458,90.0,90.0,1.0,90.0,0.0,0.0,0.07293802884004164,1.1175511926662618,14.0,90,91,USW00094992,USW00054773,2.265760451097454,0.07293802884004164,1.903524140284154e-08,,0,severe,0,1189.803323893449
NOAA,USW00054773_severe_Q2,risk,Logistic IW,0.007611446892079384,0.0036602550397819536,0.00395119185229743,0,0.0024751276354394894,39.93816047025261,39.93816047025261,3.399081654396289,67.1210814079972,0.0,0.0,0.09673751662548646,0.6635532521912617,14.0,90,91,USW00094992,USW00054773,2.265760451097454,0.07293802884004164,1.903524140284154e-08,,0,severe,0,1189.803323893449
NOAA,USW00054773_severe_Q2,risk,KMM,0.00722588581664382,0.0036602550397819536,0.0035656307768618663,1,0.004991931640260803,10.764283662852366,10.764283662852366,10.0,752.4885309324609,0.8333333333333334,0.05555555555555555,0.024834425982912745,0.8538228645872976,14.0,90,91,USW00094992,USW00054773,2.265760451097454,0.07293802884004164,1.903524140284154e-08,,0,severe,0,1189.803323893449
NOAA,USW00054773_severe_Q2,risk,KMM + dependence,0.00722588581664382,0.0036602550397819536,0.0035656307768618663,1,0.004991931640260803,10.764283662852366,10.764283662852364,10.0,752.4885309324609,0.8333333333333334,0.05555555555555555,0.024834425982912745,0.8538228645872976,14.0,90,91,USW00094992,USW00054773,2.265760451097454,0.07293802884004164,1.903524140284154e-08,,0,severe,0,1189.803323893449
NOAA,USW00054773_severe_Q3,mean,Unweighted,0.6270926966292134,0.7006657608695651,0.0735730642403517,0,0.008200256699618073,89.0,89.0,1.0,89.0,0.0,0.0,0.009048522784046664,5.594243979392671,14.0,89,92,USW00094992,USW00054773,2.291515021387416,0.009048522784046664,1.4830734207439601e-08,,0,severe,0,1189.803323893449
NOAA,USW00054773_severe_Q3,mean,Logistic IW,0.6298740412781009,0.7006657608695651,0.07079171959146424,0,0.007818177972645045,83.96336000546302,83.96336000546302,1.5429776236133421,94.49695436640994,0.0,0.0,0.00910361021622097,5.160754527102286,14.0,89,92,USW00094992,USW00054773,2.291515021387416,0.009048522784046664,1.4830734207439601e-08,,0,severe,0,1189.803323893449
NOAA,USW00054773_severe_Q3,mean,KMM,0.6391308572860714,0.7006657608695651,0.06153490358349367,0,0.014798839708553852,12.286184313908988,12.286184313908988,9.999999999999998,644.707892834781,0.7528089887640449,0.033707865168539325,0.0005207704022147652,1.8236328029959883,14.0,89,92,USW00094992,USW00054773,2.291515021387416,0.009048522784046664,1.4830734207439601e-08,,0,severe,0,1189.803323893449
NOAA,USW00054773_severe_Q3,mean,KMM + dependence,0.6391308572860714,0.7006657608695651,0.06153490358349367,0,0.019984641593866648,12.286184313908988,6.737202957593441,9.999999999999998,644.707892834781,0.7528089887640449,0.033707865168539325,0.0005207704022147652,1.8236328029959883,14.0,89,92,USW00094992,USW00054773,2.291515021387416,0.009048522784046664,1.4830734207439601e-08,,0,severe,0,1189.803323893449
NOAA,USW00054773_severe_Q3,risk,Unweighted,0.007697238655783696,0.0014333844722665891,0.006263854183517107,0,0.0011642511866092704,89.0,89.0,1.0,89.0,0.0,0.0,0.009048522784046664,1.1569580610707988,14.0,89,92,USW00094992,USW00054773,2.291515021387416,0.009048522784046664,1.4830734207439601e-08,,0,severe,0,1189.803323893449
NOAA,USW00054773_severe_Q3,risk,Logistic IW,0.00807180557130551,0.0014333844722665891,0.0066384210990389205,0,0.0012104078354738472,83.96336000546302,83.96336000546302,1.5429776236133421,94.49695436640994,0.0,0.0,0.00910361021622097,1.0789214123119133,14.0,89,92,USW00094992,USW00054773,2.291515021387416,0.009048522784046664,1.4830734207439601e-08,,0,severe,0,1189.803323893449
NOAA,USW00054773_severe_Q3,risk,KMM,0.005848387257764691,0.0014333844722665891,0.004415002785498102,0,0.0023115202374704206,12.286184313908988,12.286184313908988,9.999999999999998,644.707892834781,0.7528089887640449,0.033707865168539325,0.0005207704022147652,1.2302623215884065,14.0,89,92,USW00094992,USW00054773,2.291515021387416,0.009048522784046664,1.4830734207439601e-08,,0,severe,0,1189.803323893449
NOAA,USW00054773_severe_Q3,risk,KMM + dependence,0.005848387257764691,0.0014333844722665891,0.004415002785498102,0,0.0025638733122715913,12.286184313908988,9.986637888776556,9.999999999999998,644.707892834781,0.7528089887640449,0.033707865168539325,0.0005207704022147652,1.2302623215884065,14.0,89,92,USW00094992,USW00054773,2.291515021387416,0.009048522784046664,1.4830734207439601e-08,,0,severe,0,1189.803323893449
NOAA,USW00054773_severe_Q4,mean,Unweighted,0.4223125,0.47524456521739133,0.052932065217391355,0,0.022922876785918585,80.0,80.0,1.0,80.0,0.0,0.0,0.04644054842974077,8.082757630245302,14.0,80,92,USW00094992,USW00054773,2.2554764985417455,0.04644054842974077,4.883735295939981e-08,,0,severe,0,1189.803323893449
NOAA,USW00054773_severe_Q4,mean,Logistic IW,0.4687037086141731,0.47524456521739133,0.006540856603218237,1,0.029967417732319243,45.04105525686265,45.04105525686265,5.125730305524532,116.15074478071818,0.0,0.0,0.014841486975969431,5.807182314090474,14.0,80,92,USW00094992,USW00054773,2.2554764985417455,0.04644054842974077,4.883735295939981e-08,,0,severe,0,1189.803323893449
NOAA,USW00054773_severe_Q4,mean,KMM,0.45143968206169993,0.47524456521739133,0.023804883155691403,1,0.045454792605653785,13.463234301791514,13.463234301791514,10.0,475.36868604807484,0.75,0.025,0.004115523629081519,1.5807015074292514,14.0,80,92,USW00094992,USW00054773,2.2554764985417455,0.04644054842974077,4.883735295939981e-08,,0,severe,0,1189.803323893449
NOAA,USW00054773_severe_Q4,mean,KMM + dependence,0.45143968206169993,0.47524456521739133,0.023804883155691403,1,0.05714847085598204,13.463234301791514,8.517252775754754,10.0,475.36868604807484,0.75,0.025,0.004115523629081519,1.5807015074292514,14.0,80,92,USW00094992,USW00054773,2.2554764985417455,0.04644054842974077,4.883735295939981e-08,,0,severe,0,1189.803323893449
NOAA,USW00054773_severe_Q4,risk,Unweighted,0.004243373436074201,0.002877869742745188,0.0013655036933290128,0,0.0009499745831624141,80.0,80.0,1.0,80.0,0.0,0.0,0.04644054842974077,1.098170449799687,14.0,80,92,USW00094992,USW00054773,2.2554764985417455,0.04644054842974077,4.883735295939981e-08,,0,severe,0,1189.803323893449
NOAA,USW00054773_severe_Q4,risk,Logistic IW,0.005550036428791832,0.002877869742745188,0.002672166686046644,0,0.0018621458608299672,45.04105525686265,45.04105525686265,5.125730305524532,116.15074478071818,0.0,0.0,0.014841486975969431,0.48410892167536373,14.0,80,92,USW00094992,USW00054773,2.2554764985417455,0.04644054842974077,4.883735295939981e-08,,0,severe,0,1189.803323893449
NOAA,USW00054773_severe_Q4,risk,KMM,0.004842018362964673,0.002877869742745188,0.001964148620219485,1,0.00250801850933833,13.463234301791514,13.463234301791514,10.0,475.36868604807484,0.75,0.025,0.004115523629081519,0.7000002391651102,14.0,80,92,USW00094992,USW00054773,2.2554764985417455,0.04644054842974077,4.883735295939981e-08,,0,severe,0,1189.803323893449
NOAA,USW00054773_severe_Q4,risk,KMM + dependence,0.004842018362964673,0.002877869742745188,0.001964148620219485,1,0.00250801850933833,13.463234301791514,13.463234301791514,10.0,475.36868604807484,0.75,0.025,0.004115523629081519,0.7000002391651102,14.0,80,92,USW00094992,USW00054773,2.2554764985417455,0.04644054842974077,4.883735295939981e-08,,0,severe,0,1189.803323893449
NOAA,USW00013866_mild_Q1,mean,Unweighted,0.472861111111111,0.5011388888888888,0.02827777777777779,0,0.024238192910672522,90.0,90.0,1.0,90.0,0.0,0.0,0.01737292964027337,7.715464176015734,14.0,90,90,USW00013729,USW00013866,2.278655048622476,0.01737292964027337,3.7275961228659575e-08,,0,mild,0,161.07807842400658
NOAA,USW00013866_mild_Q1,mean,Logistic IW,0.49741328702976434,0.5011388888888888,0.003725601859124461,1,0.025104995153501654,67.00991553271967,67.00991553271967,3.095109234076026,117.28328356020683,0.0,0.0,0.0011980613310977883,6.047928964071623,14.0,90,90,USW00013729,USW00013866,2.278655048622476,0.01737292964027337,3.7275961228659575e-08,,0,mild,0,161.07807842400658
NOAA,USW00013866_mild_Q1,mean,KMM,0.4921899190070323,0.5011388888888888,0.008948969881856506,1,0.034011159269703765,23.257698474029358,23.257698474029358,6.571812372377583,348.2717780112613,0.5777777777777777,0.0,3.8002524818558925e-05,2.253394056395229,14.0,90,90,USW00013729,USW00013866,2.278655048622476,0.01737292964027337,3.7275961228659575e-08,,0,mild,0,161.07807842400658
NOAA,USW00013866_mild_Q1,mean,KMM + dependence,0.4921899190070323,0.5011388888888888,0.008948969881856506,1,0.05105520300208504,23.257698474029358,10.321185683446272,6.571812372377583,348.2717780112613,0.5777777777777777,0.0,3.8002524818558925e-05,2.253394056395229,14.0,90,90,USW00013729,USW00013866,2.278655048622476,0.01737292964027337,3.7275961228659575e-08,,0,mild,0,161.07807842400658
NOAA,USW00013866_mild_Q1,risk,Unweighted,0.004831407469151844,0.004505224812597033,0.00032618265655481177,1,0.0012577325218779618,90.0,90.0,1.0,90.0,0.0,0.0,0.01737292964027337,0.6885693887579305,14.0,90,90,USW00013729,USW00013866,2.278655048622476,0.01737292964027337,3.7275961228659575e-08,,0,mild,0,161.07807842400658
NOAA,USW00013866_mild_Q1,risk,Logistic IW,0.00429182603370982,0.004505224812597033,0.0002133987788872126,1,0.0011645571238468344,67.00991553271967,67.00991553271967,3.095109234076026,117.28328356020683,0.0,0.0,0.0011980613310977883,0.6633104047105987,14.0,90,90,USW00013729,USW00013866,2.278655048622476,0.01737292964027337,3.7275961228659575e-08,,0,mild,0,161.07807842400658
NOAA,USW00013866_mild_Q1,risk,KMM,0.0031192421167750644,0.004505224812597033,0.0013859826958219682,0,0.0012941197693785707,23.257698474029358,23.257698474029358,6.571812372377583,348.2717780112613,0.5777777777777777,0.0,3.8002524818558925e-05,0.5089318103082873,14.0,90,90,USW00013729,USW00013866,2.278655048622476,0.01737292964027337,3.7275961228659575e-08,,0,mild,0,161.07807842400658
NOAA,USW00013866_mild_Q1,risk,KMM + dependence,0.0031192421167750644,0.004505224812597033,0.0013859826958219682,0,0.0012941197693785707,23.257698474029358,23.257698474029358,6.571812372377583,348.2717780112613,0.5777777777777777,0.0,3.8002524818558925e-05,0.5089318103082873,14.0,90,90,USW00013729,USW00013866,2.278655048622476,0.01737292964027337,3.7275961228659575e-08,,0,mild,0,161.07807842400658
NOAA,USW00013866_mild_Q2,mean,Unweighted,0.6642719780219781,0.6878846153846153,0.02361263736263719,0,0.016785444398510572,91.0,91.0,1.0,91.0,0.0,0.0,0.016801855986221526,6.4079534492972,14.0,91,91,USW00013729,USW00013866,2.3481289838506187,0.016801855986221526,1.0895396559851313e-08,,0,mild,0,161.07807842400658
NOAA,USW00013866_mild_Q2,mean,Logistic IW,0.6851769188452802,0.6878846153846153,0.002707696539335114,1,0.013044608780618578,60.15858287949749,60.15858287949749,3.872139739792445,140.08629082095834,0.0,0.0,0.00560497710961827,5.234343071012589,14.0,91,91,USW00013729,USW00013866,2.3481289838506187,0.016801855986221526,1.0895396559851313e-08,,0,mild,0,161.07807842400658
NOAA,USW00013866_mild_Q2,mean,KMM,0.690440598062116,0.6878846153846153,0.002555982677500679,1,0.027611709547702524,14.807155665703025,14.807155665703025,10.0,559.2566315204487,0.7252747252747253,0.01098901098901099,0.00033696382523040747,1.3062497317143364,14.0,91,91,USW00013729,USW00013866,2.3481289838506187,0.016801855986221526,1.0895396559851313e-08,,0,mild,0,161.07807842400658
NOAA,USW00013866_mild_Q2,mean,KMM + dependence,0.690440598062116,0.6878846153846153,0.002555982677500679,1,0.031557777036712746,14.807155665703025,11.33562389044088,10.0,559.2566315204487,0.7252747252747253,0.01098901098901099,0.00033696382523040747,1.3062497317143364,14.0,91,91,USW00013729,USW00013866,2.3481289838506187,0.016801855986221526,1.0895396559851313e-08,,0,mild,0,161.07807842400658
NOAA,USW00013866_mild_Q2,risk,Unweighted,0.002597794191586103,0.0024668093871650586,0.00013098480442104432,1,0.0010086566998423507,91.0,91.0,1.0,91.0,0.0,0.0,0.016801855986221526,1.9773254196370984,14.0,91,91,USW00013729,USW00013866,2.3481289838506187,0.016801855986221526,1.0895396559851313e-08,,0,mild,0,161.07807842400658
NOAA,USW00013866_mild_Q2,risk,Logistic IW,0.0019281544560722187,0.0024668093871650586,0.0005386549310928399,1,0.0007620594936186665,60.15858287949749,60.15858287949749,3.872139739792445,140.08629082095834,0.0,0.0,0.00560497710961827,1.4719455840553302,14.0,91,91,USW00013729,USW00013866,2.3481289838506187,0.016801855986221526,1.0895396559851313e-08,,0,mild,0,161.07807842400658
NOAA,USW00013866_mild_Q2,risk,KMM,0.0026654535475169328,0.0024668093871650586,0.00019864416035187413,1,0.002993830935621522,14.807155665703025,14.807155665703025,10.0,559.2566315204487,0.7252747252747253,0.01098901098901099,0.00033696382523040747,0.8557486591847271,14.0,91,91,USW00013729,USW00013866,2.3481289838506187,0.016801855986221526,1.0895396559851313e-08,,0,mild,0,161.07807842400658
NOAA,USW00013866_mild_Q2,risk,KMM + dependence,0.0026654535475169328,0.0024668093871650586,0.00019864416035187413,1,0.002993830935621522,14.807155665703025,14.807155665703027,10.0,559.2566315204487,0.7252747252747253,0.01098901098901099,0.00033696382523040747,0.8557486591847271,14.0,91,91,USW00013729,USW00013866,2.3481289838506187,0.016801855986221526,1.0895396559851313e-08,,0,mild,0,161.07807842400658
NOAA,USW00013866_mild_Q3,mean,Unweighted,0.722758152173913,0.749470108695652,0.026711956521738967,0,0.008413533141326838,92.0,92.0,1.0,92.0,0.0,0.0,0.03655660058625365,5.9042051772929485,14.0,92,92,USW00013729,USW00013866,2.331287722807394,0.03655660058625365,2.2965975219042544e-09,,0,mild,0,161.07807842400658
NOAA,USW00013866_mild_Q3,mean,Logistic IW,0.7323339102485172,0.749470108695652,0.017136198447134765,0,0.01018941525473814,57.24752610314781,57.24752610314781,2.990380536940367,132.94969798262332,0.0,0.0,0.004605387516672721,4.31295387977872,14.0,92,92,USW00013729,USW00013866,2.331287722807394,0.03655660058625365,2.2965975219042544e-09,,0,mild,0,161.07807842400658
NOAA,USW00013866_mild_Q3,mean,KMM,0.730616819217653,0.749470108695652,0.018853289477999025,0,0.01787409170862172,11.740596529758632,11.740596529758632,10.0,720.9173723453052,0.782608695652174,0.05434782608695652,0.00018665791113159358,1.4786727601190153,14.0,92,92,USW00013729,USW00013866,2.331287722807394,0.03655660058625365,2.2965975219042544e-09,,0,mild,0,161.07807842400658
NOAA,USW00013866_mild_Q3,mean,KMM + dependence,0.730616819217653,0.749470108695652,0.018853289477999025,1,0.021735018696571934,11.740596529758632,7.939955916151222,10.0,720.9173723453052,0.782608695652174,0.05434782608695652,0.00018665791113159358,1.4786727601190153,14.0,92,92,USW00013729,USW00013866,2.331287722807394,0.03655660058625365,2.2965975219042544e-09,,0,mild,0,161.07807842400658
NOAA,USW00013866_mild_Q3,risk,Unweighted,0.001045739084363105,0.0010705726588818368,2.483357451873178e-05,1,0.0002553504121894829,92.0,92.0,1.0,92.0,0.0,0.0,0.03655660058625365,2.225916101961213,14.0,92,92,USW00013729,USW00013866,2.331287722807394,0.03655660058625365,2.2965975219042544e-09,,0,mild,0,161.07807842400658
NOAA,USW00013866_mild_Q3,risk,Logistic IW,0.000876742439632586,0.0010705726588818368,0.0001938302192492508,1,0.0002594647129193336,57.24752610314781,57.24752610314781,2.990380536940367,132.94969798262332,0.0,0.0,0.004605387516672721,1.2093891237519618,14.0,92,92,USW00013729,USW00013866,2.331287722807394,0.03655660058625365,2.2965975219042544e-09,,0,mild,0,161.07807842400658
NOAA,USW00013866_mild_Q3,risk,KMM,0.0005333994169258208,0.0010705726588818368,0.0005371732419560159,0,0.00031276804137927153,11.740596529758632,11.740596529758632,10.0,720.9173723453052,0.782608695652174,0.05434782608695652,0.00018665791113159358,1.257134411176717,14.0,92,92,USW00013729,USW00013866,2.331287722807394,0.03655660058625365,2.2965975219042544e-09,,0,mild,0,161.07807842400658
NOAA,USW00013866_mild_Q3,risk,KMM + dependence,0.0005333994169258208,0.0010705726588818368,0.0005371732419560159,0,0.00035068180047975283,11.740596529758632,9.339173620081775,10.0,720.9173723453052,0.782608695652174,0.05434782608695652,0.00018665791113159358,1.257134411176717,14.0,92,92,USW00013729,USW00013866,2.331287722807394,0.03655660058625365,2.2965975219042544e-09,,0,mild,0,161.07807842400658
NOAA,USW00013866_mild_Q4,mean,Unweighted,0.531725543478261,0.5538994565217391,0.022173913043478155,0,0.019941243954488243,92.0,92.0,1.0,92.0,0.0,0.0,0.023056314978317838,7.351507987992179,14.0,92,92,USW00013729,USW00013866,2.3257033589308667,0.023056314978317838,2.061416494912627e-08,,0,mild,0,161.07807842400658
NOAA,USW00013866_mild_Q4,mean,Logistic IW,0.5454886928940201,0.5538994565217391,0.008410763627718976,1,0.016834475406832798,60.1037372988576,60.1037372988576,4.396515061728687,138.24364963141522,0.0,0.0,0.006406966419808757,5.897089836847796,14.0,92,92,USW00013729,USW00013866,2.3257033589308667,0.023056314978317838,2.061416494912627e-08,,0,mild,0,161.07807842400658
NOAA,USW00013866_mild_Q4,mean,KMM,0.5413413079252887,0.5538994565217391,0.012558148596450436,1,0.04293587496323798,13.303723059455562,13.303723059455562,10.0,636.2128828278825,0.717391304347826,0.021739130434782608,5.8227986281522703e-05,1.885129068541475,14.0,92,92,USW00013729,USW00013866,2.3257033589308667,0.023056314978317838,2.061416494912627e-08,,0,mild,0,161.07807842400658
NOAA,USW00013866_mild_Q4,mean,KMM + dependence,0.5413413079252887,0.5538994565217391,0.012558148596450436,1,0.05895095739622574,13.303723059455562,7.057194799796206,10.0,636.2128828278825,0.717391304347826,0.021739130434782608,5.8227986281522703e-05,1.885129068541475,14.0,92,92,USW00013729,USW00013866,2.3257033589308667,0.023056314978317838,2.061416494912627e-08,,0,mild,0,161.07807842400658
NOAA,USW00013866_mild_Q4,risk,Unweighted,0.004313262096545529,0.003379605853965234,0.0009336562425802954,1,0.0013422257715673767,92.0,92.0,1.0,92.0,0.0,0.0,0.023056314978317838,1.1604824152037527,14.0,92,92,USW00013729,USW00013866,2.3257033589308667,0.023056314978317838,2.061416494912627e-08,,0,mild,0,161.07807842400658
NOAA,USW00013866_mild_Q4,risk,Logistic IW,0.0039584013469159225,0.003379605853965234,0.0005787954929506885,1,0.0011323040503429425,60.1037372988576,60.1037372988576,4.396515061728687,138.24364963141522,0.0,0.0,0.006406966419808757,1.3799087725235444,14.0,92,92,USW00013729,USW00013866,2.3257033589308667,0.023056314978317838,2.061416494912627e-08,,0,mild,0,161.07807842400658
NOAA,USW00013866_mild_Q4,risk,KMM,0.003287249908321604,0.003379605853965234,9.235594564362994e-05,1,0.0019406707696601677,13.303723059455562,13.303723059455562,10.0,636.2128828278825,0.717391304347826,0.021739130434782608,5.8227986281522703e-05,0.8856690196670702,14.0,92,92,USW00013729,USW00013866,2.3257033589308667,0.023056314978317838,2.061416494912627e-08,,0,mild,0,161.07807842400658
NOAA,USW00013866_mild_Q4,risk,KMM + dependence,0.003287249908321604,0.003379605853965234,9.235594564362994e-05,1,0.0019406707696601677,13.303723059455562,13.303723059455562,10.0,636.2128828278825,0.717391304347826,0.021739130434782608,5.8227986281522703e-05,0.8856690196670702,14.0,92,92,USW00013729,USW00013866,2.3257033589308667,0.023056314978317838,2.061416494912627e-08,,0,mild,0,161.07807842400658
NOAA,USW00013866_medium_Q1,mean,Unweighted,0.4342222222222221,0.5011388888888888,0.06691666666666668,0,0.02042787955097375,90.0,90.0,1.0,90.0,0.0,0.0,0.0171703130905434,8.71657793415812,14.0,90,90,USW00014777,USW00013866,2.2143861641321694,0.0171703130905434,2.2616162312145383e-08,,0,medium,0,598.7972164888342
NOAA,USW00013866_medium_Q1,mean,Logistic IW,0.45474228578884746,0.5011388888888888,0.046396603100041345,0,0.024258468843447883,71.2075009495619,71.2075009495619,3.544114839153983,107.62609049000726,0.0,0.0,0.005677912816863806,6.908066333423947,14.0,90,90,USW00014777,USW00013866,2.2143861641321694,0.0171703130905434,2.2616162312145383e-08,,0,medium,0,598.7972164888342
NOAA,USW00013866_medium_Q1,mean,KMM,0.45702595839000076,0.5011388888888888,0.04411293049888804,1,0.058148797096130814,14.192555348818246,14.192555348818246,10.0,570.7217481927564,0.7777777777777778,0.022222222222222223,0.001957434071625297,1.153058832050801,14.0,90,90,USW00014777,USW00013866,2.2143861641321694,0.0171703130905434,2.2616162312145383e-08,,0,medium,0,598.7972164888342
NOAA,USW00013866_medium_Q1,mean,KMM + dependence,0.45702595839000076,0.5011388888888888,0.04411293049888804,1,0.06244051385028102,14.192555348818246,12.308613363271093,10.0,570.7217481927564,0.7777777777777778,0.022222222222222223,0.001957434071625297,1.153058832050801,14.0,90,90,USW00014777,USW00013866,2.2143861641321694,0.0171703130905434,2.2616162312145383e-08,,0,medium,0,598.7972164888342
NOAA,USW00013866_medium_Q1,risk,Unweighted,0.0032365797376762125,0.004505224812597033,0.00126864507492082,0,0.0006402369727670967,90.0,90.0,1.0,90.0,0.0,0.0,0.0171703130905434,1.1413656861320758,14.0,90,90,USW00014777,USW00013866,2.2143861641321694,0.0171703130905434,2.2616162312145383e-08,,0,medium,0,598.7972164888342
NOAA,USW00013866_medium_Q1,risk,Logistic IW,0.0030512273893449206,0.004505224812597033,0.001453997423252112,0,0.0006988211381685025,71.2075009495619,71.2075009495619,3.544114839153983,107.62609049000726,0.0,0.0,0.005677912816863806,1.4182369819316611,14.0,90,90,USW00014777,USW00013866,2.2143861641321694,0.0171703130905434,2.2616162312145383e-08,,0,medium,0,598.7972164888342
NOAA,USW00013866_medium_Q1,risk,KMM,0.0035176011983070487,0.004505224812597033,0.0009876236142899839,1,0.001574566800694072,14.192555348818246,14.192555348818246,10.0,570.7217481927564,0.7777777777777778,0.022222222222222223,0.001957434071625297,1.0627726629668413,14.0,90,90,USW00014777,USW00013866,2.2143861641321694,0.0171703130905434,2.2616162312145383e-08,,0,medium,0,598.7972164888342
NOAA,USW00013866_medium_Q1,risk,KMM + dependence,0.0035176011983070487,0.004505224812597033,0.0009876236142899839,1,0.0016232345488304877,14.192555348818246,13.354272125515763,10.0,570.7217481927564,0.7777777777777778,0.022222222222222223,0.001957434071625297,1.0627726629668413,14.0,90,90,USW00014777,USW00013866,2.2143861641321694,0.0171703130905434,2.2616162312145383e-08,,0,medium,0,598.7972164888342
NOAA,USW00013866_medium_Q2,mean,Unweighted,0.6345879120879119,0.6878846153846153,0.05329670329670344,0,0.018856237473319812,91.0,91.0,1.0,91.0,0.0,0.0,0.01558411868503784,6.6865644901346,14.0,91,91,USW00014777,USW00013866,2.3186483954239923,0.01558411868503784,4.400910419121393e-08,,0,medium,0,598.7972164888342
NOAA,USW00013866_medium_Q2,mean,Logistic IW,0.6591880993110072,0.6878846153846153,0.028696516073608125,0,0.0175717031654523,63.09592427513332,63.09592427513332,3.300527032140499,125.55012746989176,0.0,0.0,0.002991743453424789,4.749655752719659,14.0,91,91,USW00014777,USW00013866,2.3186483954239923,0.01558411868503784,4.400910419121393e-08,,0,medium,0,598.7972164888342
NOAA,USW00013866_medium_Q2,mean,KMM,0.6636707184472113,0.6878846153846153,0.024213896937404056,1,0.04337156003300006,16.271716144251847,16.271716144251847,9.999999999999998,508.91989059957587,0.6813186813186813,0.03296703296703297,0.0002643199222598369,1.69740716883752,14.0,91,91,USW00014777,USW00013866,2.3186483954239923,0.01558411868503784,4.400910419121393e-08,,0,medium,0,598.7972164888342
NOAA,USW00013866_medium_Q2,mean,KMM + dependence,0.6636707184472113,0.6878846153846153,0.024213896937404056,1,0.056506454666318345,16.271716144251847,9.586218582660772,9.999999999999998,508.91989059957587,0.6813186813186813,0.03296703296703297,0.0002643199222598369,1.69740716883752,14.0,91,91,USW00014777,USW00013866,2.3186483954239923,0.01558411868503784,4.400910419121393e-08,,0,medium,0,598.7972164888342
NOAA,USW00013866_medium_Q2,risk,Unweighted,0.002779244761703179,0.0024668093871650586,0.00031243537453812037,1,0.0007956664355350449,91.0,91.0,1.0,91.0,0.0,0.0,0.01558411868503784,1.2296354182897116,14.0,91,91,USW00014777,USW00013866,2.3186483954239923,0.01558411868503784,4.400910419121393e-08,,0,medium,0,598.7972164888342
NOAA,USW00013866_medium_Q2,risk,Logistic IW,0.002315854749302593,0.0024668093871650586,0.00015095463786246556,1,0.0006638212168384428,63.09592427513332,63.09592427513332,3.300527032140499,125.55012746989176,0.0,0.0,0.002991743453424789,1.2107088828078931,14.0,91,91,USW00014777,USW00013866,2.3186483954239923,0.01558411868503784,4.400910419121393e-08,,0,medium,0,598.7972164888342
NOAA,USW00013866_medium_Q2,risk,KMM,0.0029306103284300884,0.0024668093871650586,0.0004638009412650298,1,0.0020937027589156723,16.271716144251847,16.271716144251847,9.999999999999998,508.91989059957587,0.6813186813186813,0.03296703296703297,0.0002643199222598369,1.2936464687264335,14.0,91,91,USW00014777,USW00013866,2.3186483954239923,0.01558411868503784,4.400910419121393e-08,,0,medium,0,598.7972164888342
NOAA,USW00013866_medium_Q2,risk,KMM + dependence,0.0029306103284300884,0.0024668093871650586,0.0004638009412650298,1,0.002381347797245807,16.271716144251847,12.578178457265064,9.999999999999998,508.91989059957587,0.6813186813186813,0.03296703296703297,0.0002643199222598369,1.2936464687264335,14.0,91,91,USW00014777,USW00013866,2.3186483954239923,0.01558411868503784,4.400910419121393e-08,,0,medium,0,598.7972164888342
NOAA,USW00013866_medium_Q3,mean,Unweighted,0.7147418478260871,0.749470108695652,0.03472826086956493,0,0.008645283707804647,92.0,92.0,1.0,92.0,0.0,0.0,0.028530726689247166,5.922635182451995,14.0,92,92,USW00014777,USW00013866,2.257415208067166,0.028530726689247166,2.4343056067161153e-08,,0,medium,0,598.7972164888342
NOAA,USW00013866_medium_Q3,mean,Logistic IW,0.7264725849492022,0.749470108695652,0.02299752374644981,0,0.010420040478755702,65.94635500126923,65.94635500126923,2.726693650007958,121.48287047656376,0.0,0.0,0.0037541329397274836,4.94363931961079,14.0,92,92,USW00014777,USW00013866,2.257415208067166,0.028530726689247166,2.4343056067161153e-08,,0,medium,0,598.7972164888342
NOAA,USW00013866_medium_Q3,mean,KMM,0.7262535080843956,0.749470108695652,0.02321660061125641,1,0.0240757775116317,15.384182918730401,15.384182918730401,10.0,550.1754655877755,0.75,0.021739130434782608,0.0008140266620602077,1.9340074683947166,14.0,92,92,USW00014777,USW00013866,2.257415208067166,0.028530726689247166,2.4343056067161153e-08,,0,medium,0,598.7972164888342
NOAA,USW00013866_medium_Q3,mean,KMM + dependence,0.7262535080843956,0.749470108695652,0.02321660061125641,1,0.03348184601300017,15.384182918730401,7.95456231174729,10.0,550.1754655877755,0.75,0.021739130434782608,0.0008140266620602077,1.9340074683947166,14.0,92,92,USW00014777,USW00013866,2.257415208067166,0.028530726689247166,2.4343056067161153e-08,,0,medium,0,598.7972164888342
NOAA,USW00013866_medium_Q3,risk,Unweighted,0.0009088177202651359,0.0010705726588818368,0.00016175493861670092,1,0.00023794156249054194,92.0,92.0,1.0,92.0,0.0,0.0,0.028530726689247166,0.9718479317093068,14.0,92,92,USW00014777,USW00013866,2.257415208067166,0.028530726689247166,2.4343056067161153e-08,,0,medium,0,598.7972164888342
NOAA,USW00013866_medium_Q3,risk,Logistic IW,0.0009029565119449813,0.0010705726588818368,0.00016761614693685547,1,0.0002860725459279541,65.94635500126923,65.94635500126923,2.726693650007958,121.48287047656376,0.0,0.0,0.0037541329397274836,1.008016175964918,14.0,92,92,USW00014777,USW00013866,2.257415208067166,0.028530726689247166,2.4343056067161153e-08,,0,medium,0,598.7972164888342
NOAA,USW00013866_medium_Q3,risk,KMM,0.0009964566298710418,0.0010705726588818368,7.411602901079501e-05,1,0.000749595966017657,15.384182918730401,15.384182918730401,10.0,550.1754655877755,0.75,0.021739130434782608,0.0008140266620602077,0.8066377289097356,14.0,92,92,USW00014777,USW00013866,2.257415208067166,0.028530726689247166,2.4343056067161153e-08,,0,medium,0,598.7972164888342
NOAA,USW00013866_medium_Q3,risk,KMM + dependence,0.0009964566298710418,0.0010705726588818368,7.411602901079501e-05,1,0.000749595966017657,15.384182918730401,15.384182918730401,10.0,550.1754655877755,0.75,0.021739130434782608,0.0008140266620602077,0.8066377289097356,14.0,92,92,USW00014777,USW00013866,2.257415208067166,0.028530726689247166,2.4343056067161153e-08,,0,medium,0,598.7972164888342
NOAA,USW00013866_medium_Q4,mean,Unweighted,0.4898641304347826,0.5538994565217391,0.0640353260869565,0,0.020289357123558067,92.0,92.0,1.0,92.0,0.0,0.0,0.017567862533698575,9.85095252750901,14.0,92,92,USW00014777,USW00013866,2.3338627559320866,0.017567862533698575,4.865376074996666e-08,,0,medium,0,598.7972164888342
NOAA,USW00013866_medium_Q4,mean,Logistic IW,0.5082263779534533,0.5538994565217391,0.04567307856828584,0,0.021381565876649477,71.76126132783742,71.76126132783742,2.436619931787915,105.81534539330562,0.0,0.0,0.00344521264932518,7.472181210366695,14.0,92,92,USW00014777,USW00013866,2.3338627559320866,0.017567862533698575,4.865376074996666e-08,,0,medium,0,598.7972164888342
NOAA,USW00013866_medium_Q4,mean,KMM,0.5245746678746612,0.5538994565217391,0.029324788647077882,1,0.045652823879336224,14.725095753360273,14.725095753360273,10.0,574.8010160184197,0.7391304347826086,0.021739130434782608,0.00022972056178915956,2.316874687677968,14.0,92,92,USW00014777,USW00013866,2.3338627559320866,0.017567862533698575,4.865376074996666e-08,,0,medium,0,598.7972164888342
NOAA,USW00013866_medium_Q4,mean,KMM + dependence,0.5245746678746612,0.5538994565217391,0.029324788647077882,1,0.0694894570914532,14.725095753360273,6.3555857516481185,10.0,574.8010160184197,0.7391304347826086,0.021739130434782608,0.00022972056178915956,2.316874687677968,14.0,92,92,USW00014777,USW00013866,2.3338627559320866,0.017567862533698575,4.865376074996666e-08,,0,medium,0,598.7972164888342
NOAA,USW00013866_medium_Q4,risk,Unweighted,0.003334058865093277,0.003379605853965234,4.554698887195702e-05,1,0.0007790255603765613,92.0,92.0,1.0,92.0,0.0,0.0,0.017567862533698575,0.8268710022126614,14.0,92,92,USW00014777,USW00013866,2.3338627559320866,0.017567862533698575,4.865376074996666e-08,,0,medium,0,598.7972164888342
NOAA,USW00013866_medium_Q4,risk,Logistic IW,0.0036513525043430813,0.003379605853965234,0.0002717466503778473,1,0.000949482502155012,71.76126132783742,71.76126132783742,2.436619931787915,105.81534539330562,0.0,0.0,0.00344521264932518,1.0007609975985314,14.0,92,92,USW00014777,USW00013866,2.3338627559320866,0.017567862533698575,4.865376074996666e-08,,0,medium,0,598.7972164888342
NOAA,USW00013866_medium_Q4,risk,KMM,0.0034588457793929897,0.003379605853965234,7.923992542775574e-05,1,0.0023471094395010796,14.725095753360273,14.725095753360273,10.0,574.8010160184197,0.7391304347826086,0.021739130434782608,0.00022972056178915956,0.9391111934045943,14.0,92,92,USW00014777,USW00013866,2.3338627559320866,0.017567862533698575,4.865376074996666e-08,,0,medium,0,598.7972164888342
NOAA,USW00013866_medium_Q4,risk,KMM + dependence,0.0034588457793929897,0.003379605853965234,7.923992542775574e-05,1,0.0023471094395010796,14.725095753360273,14.725095753360273,10.0,574.8010160184197,0.7391304347826086,0.021739130434782608,0.00022972056178915956,0.9391111934045943,14.0,92,92,USW00014777,USW00013866,2.3338627559320866,0.017567862533698575,4.865376074996666e-08,,0,medium,0,598.7972164888342
NOAA,USW00013866_severe_Q1,mean,Unweighted,0.3856805555555554,0.5011388888888888,0.11545833333333338,0,0.026109354574022334,90.0,90.0,1.0,90.0,0.0,0.0,0.08098236051519714,7.9947599666799105,14.0,90,90,USW00094960,USW00013866,2.26786548484302,0.08098236051519714,1.3652803383814628e-08,,0,severe,0,1224.6121245214833
NOAA,USW00013866_severe_Q1,mean,Logistic IW,0.4721254848317173,0.5011388888888888,0.02901340405717151,1,0.04965950941240406,30.074214895364726,30.074214895364726,9.56439086843573,244.3169734964496,0.0,0.0,0.006470061827590801,2.0911132522743743,14.0,90,90,USW00094960,USW00013866,2.26786548484302,0.08098236051519714,1.3652803383814628e-08,,0,severe,0,1224.6121245214833
NOAA,USW00013866_severe_Q1,mean,KMM,0.4559354940969595,0.5011388888888888,0.04520339479192931,1,0.06241546992946717,11.391219435974726,11.391219435974726,10.0,711.0740027024069,0.8,0.044444444444444446,0.004647401143684338,1.3150503971812615,14.0,90,90,USW00094960,USW00013866,2.26786548484302,0.08098236051519714,1.3652803383814628e-08,,0,severe,0,1224.6121245214833
NOAA,USW00013866_severe_Q1,mean,KMM + dependence,0.4559354940969595,0.5011388888888888,0.04520339479192931,1,0.07157534385253471,11.391219435974726,8.662192308668306,10.0,711.0740027024069,0.8,0.044444444444444446,0.004647401143684338,1.3150503971812615,14.0,90,90,USW00094960,USW00013866,2.26786548484302,0.08098236051519714,1.3652803383814628e-08,,0,severe,0,1224.6121245214833
NOAA,USW00013866_severe_Q1,risk,Unweighted,0.0030161873130589863,0.004505224812597033,0.0014890374995380463,0,0.0008119754881312215,90.0,90.0,1.0,90.0,0.0,0.0,0.08098236051519714,0.3694645089315633,14.0,90,90,USW00094960,USW00013866,2.26786548484302,0.08098236051519714,1.3652803383814628e-08,,0,severe,0,1224.6121245214833
NOAA,USW00013866_severe_Q1,risk,Logistic IW,0.004461504264901707,0.004505224812597033,4.372054769532542e-05,1,0.0013285642538540762,30.074214895364726,30.074214895364726,9.56439086843573,244.3169734964496,0.0,0.0,0.006470061827590801,0.6646888448705562,14.0,90,90,USW00094960,USW00013866,2.26786548484302,0.08098236051519714,1.3652803383814628e-08,,0,severe,0,1224.6121245214833
NOAA,USW00013866_severe_Q1,risk,KMM,0.005172445773013953,0.004505224812597033,0.0006672209604169201,1,0.002055385241700912,11.391219435974726,11.391219435974726,10.0,711.0740027024069,0.8,0.044444444444444446,0.004647401143684338,0.8275558132251303,14.0,90,90,USW00094960,USW00013866,2.26786548484302,0.08098236051519714,1.3652803383814628e-08,,0,severe,0,1224.6121245214833
NOAA,USW00013866_severe_Q1,risk,KMM + dependence,0.005172445773013953,0.004505224812597033,0.0006672209604169201,1,0.002055385241700912,11.391219435974726,11.391219435974726,10.0,711.0740027024069,0.8,0.044444444444444446,0.004647401143684338,0.8275558132251303,14.0,90,90,USW00094960,USW00013866,2.26786548484302,0.08098236051519714,1.3652803383814628e-08,,0,severe,0,1224.6121245214833
NOAA,USW00013866_severe_Q2,mean,Unweighted,0.6341011235955057,0.6878846153846153,0.05378349178910957,0,0.018994612328547076,89.0,89.0,1.0,89.0,0.0,0.0,0.03198133957689975,5.584269310539138,14.0,89,91,USW00094960,USW00013866,2.219880023987388,0.03198133957689975,1.6650546720357342e-08,,0,severe,0,1224.6121245214833
NOAA,USW00013866_severe_Q2,mean,Logistic IW,0.6845558501913968,0.6878846153846153,0.0033287651932185636,1,0.03268427713844907,38.82895226327856,38.82895226327856,7.461466918703907,204.59719687276,0.0,0.0,0.0076953317742951555,3.183569130796756,14.0,89,91,USW00094960,USW00013866,2.219880023987388,0.03198133957689975,1.6650546720357342e-08,,0,severe,0,1224.6121245214833
NOAA,USW00013866_severe_Q2,mean,KMM,0.6736072597429037,0.6878846153846153,0.01427735564171162,1,0.037489076750763815,12.826434789576407,12.826434789576407,10.0,617.5527439968838,0.7640449438202247,0.033707865168539325,0.0009077883463410874,1.3745237939296293,14.0,89,91,USW00094960,USW00013866,2.219880023987388,0.03198133957689975,1.6650546720357342e-08,,0,severe,0,1224.6121245214833
NOAA,USW00013866_severe_Q2,mean,KMM + dependence,0.6736072597429037,0.6878846153846153,0.01427735564171162,1,0.043952226101409794,12.826434789576407,9.33154802137465,10.0,617.5527439968838,0.7640449438202247,0.033707865168539325,0.0009077883463410874,1.3745237939296293,14.0,89,91,USW00094960,USW00013866,2.219880023987388,0.03198133957689975,1.6650546720357342e-08,,0,severe,0,1224.6121245214833
NOAA,USW00013866_severe_Q2,risk,Unweighted,0.0033375086946354614,0.0024668093871650586,0.0008706993074704028,1,0.0010191569791358703,89.0,89.0,1.0,89.0,0.0,0.0,0.03198133957689975,1.1271146523310256,14.0,89,91,USW00094960,USW00013866,2.219880023987388,0.03198133957689975,1.6650546720357342e-08,,0,severe,0,1224.6121245214833
NOAA,USW00013866_severe_Q2,risk,Logistic IW,0.002962545366214976,0.0024668093871650586,0.0004957359790499173,1,0.000782000874015717,38.82895226327856,38.82895226327856,7.461466918703907,204.59719687276,0.0,0.0,0.0076953317742951555,0.9878278983363308,14.0,89,91,USW00094960,USW00013866,2.219880023987388,0.03198133957689975,1.6650546720357342e-08,,0,severe,0,1224.6121245214833
NOAA,USW00013866_severe_Q2,risk,KMM,0.002255546046625097,0.0024668093871650586,0.0002112633405399614,1,0.0017326552183911223,12.826434789576407,12.826434789576407,10.0,617.5527439968838,0.7640449438202247,0.033707865168539325,0.0009077883463410874,1.5267959118533398,14.0,89,91,USW00094960,USW00013866,2.219880023987388,0.03198133957689975,1.6650546720357342e-08,,0,severe,0,1224.6121245214833
NOAA,USW00013866_severe_Q2,risk,KMM + dependence,0.002255546046625097,0.0024668093871650586,0.0002112633405399614,1,0.0021409308741203933,12.826434789576407,8.400883634805332,10.0,617.5527439968838,0.7640449438202247,0.033707865168539325,0.0009077883463410874,1.5267959118533398,14.0,89,91,USW00094960,USW00013866,2.219880023987388,0.03198133957689975,1.6650546720357342e-08,,0,severe,0,1224.6121245214833
NOAA,USW00013866_severe_Q3,mean,Unweighted,0.7104454022988506,0.749470108695652,0.039024706396801445,0,0.010893211439677707,87.0,87.0,1.0,87.0,0.0,0.0,0.009110118430998293,4.349956122646163,14.0,87,92,USW00094960,USW00013866,2.3995570886545288,0.009110118430998293,3.759969163671982e-08,,0,severe,0,1224.6121245214833
NOAA,USW00013866_severe_Q3,mean,Logistic IW,0.7196054957967466,0.749470108695652,0.029864612898905407,0,0.00952546858331198,75.13048997408285,75.13048997408285,2.4510676715285884,102.39541816087569,0.0,0.0,0.0040736256021667305,2.9244876851693276,14.0,87,92,USW00094960,USW00013866,2.3995570886545288,0.009110118430998293,3.759969163671982e-08,,0,severe,0,1224.6121245214833
NOAA,USW00013866_severe_Q3,mean,KMM,0.7251833266538138,0.749470108695652,0.024286782041838206,0,0.02012018381497158,23.587043381682154,23.587043381682154,6.09910050429965,320.89651413784816,0.5632183908045977,0.0,0.00010599134388855624,2.5518945817148646,14.0,87,92,USW00094960,USW00013866,2.3995570886545288,0.009110118430998293,3.759969163671982e-08,,0,severe,0,1224.6121245214833
NOAA,USW00013866_severe_Q3,mean,KMM + dependence,0.7251833266538138,0.749470108695652,0.024286782041838206,1,0.03214129041718644,23.587043381682154,9.242953666930763,6.09910050429965,320.89651413784816,0.5632183908045977,0.0,0.00010599134388855624,2.5518945817148646,14.0,87,92,USW00094960,USW00013866,2.3995570886545288,0.009110118430998293,3.759969163671982e-08,,0,severe,0,1224.6121245214833
NOAA,USW00013866_severe_Q3,risk,Unweighted,0.0015186308551309478,0.0010705726588818368,0.000448058196249111,1,0.00047170784163729905,87.0,87.0,1.0,87.0,0.0,0.0,0.009110118430998293,1.9793244275115343,14.0,87,92,USW00094960,USW00013866,2.3995570886545288,0.009110118430998293,3.759969163671982e-08,,0,severe,0,1224.6121245214833
NOAA,USW00013866_severe_Q3,risk,Logistic IW,0.001426606926309707,0.0010705726588818368,0.0003560342674278703,1,0.00043913005790962407,75.13048997408285,75.13048997408285,2.4510676715285884,102.39541816087569,0.0,0.0,0.0040736256021667305,1.004402631717533,14.0,87,92,USW00094960,USW00013866,2.3995570886545288,0.009110118430998293,3.759969163671982e-08,,0,severe,0,1224.6121245214833
NOAA,USW00013866_severe_Q3,risk,KMM,0.0013340588100052998,0.0010705726588818368,0.000263486151123463,1,0.0009859943929392905,23.587043381682154,23.587043381682154,6.09910050429965,320.89651413784816,0.5632183908045977,0.0,0.00010599134388855624,0.994444500015086,14.0,87,92,USW00094960,USW00013866,2.3995570886545288,0.009110118430998293,3.759969163671982e-08,,0,severe,0,1224.6121245214833
NOAA,USW00013866_severe_Q3,risk,KMM + dependence,0.0013340588100052998,0.0010705726588818368,0.000263486151123463,1,0.0009859943929392905,23.587043381682154,23.587043381682154,6.09910050429965,320.89651413784816,0.5632183908045977,0.0,0.00010599134388855624,0.994444500015086,14.0,87,92,USW00094960,USW00013866,2.3995570886545288,0.009110118430998293,3.759969163671982e-08,,0,severe,0,1224.6121245214833
NOAA,USW00013866_severe_Q4,mean,Unweighted,0.46155898876404483,0.5538994565217391,0.09234046775769428,0,0.027378351195268817,89.0,89.0,1.0,89.0,0.0,0.0,0.055158094127879975,9.180114147296008,14.0,89,92,USW00094960,USW00013866,2.264449476945326,0.055158094127879975,1.2194223473999103e-08,,0,severe,0,1224.6121245214833
NOAA,USW00013866_severe_Q4,mean,Logistic IW,0.5344700908222669,0.5538994565217391,0.01942936569947218,1,0.04576458365256882,44.5877901365773,44.5877901365773,5.4197550729228166,148.89730136050167,0.0,0.0,0.027890292126337535,4.347755743915032,14.0,89,92,USW00094960,USW00013866,2.264449476945326,0.055158094127879975,1.2194223473999103e-08,,0,severe,0,1224.6121245214833
NOAA,USW00013866_severe_Q4,mean,KMM,0.5071739715238484,0.5538994565217391,0.046725484997890754,0,0.044670515610179894,12.071497664036919,12.071497664036919,10.0,656.1737590852567,0.797752808988764,0.056179775280898875,0.0023113579734683753,2.100210837174076,14.0,89,92,USW00094960,USW00013866,2.264449476945326,0.055158094127879975,1.2194223473999103e-08,,0,severe,0,1224.6121245214833
NOAA,USW00013866_severe_Q4,mean,KMM + dependence,0.5071739715238484,0.5538994565217391,0.046725484997890754,1,0.06473697662335162,12.071497664036919,5.74775515408712,10.0,656.1737590852567,0.797752808988764,0.056179775280898875,0.0023113579734683753,2.100210837174076,14.0,89,92,USW00094960,USW00013866,2.264449476945326,0.055158094127879975,1.2194223473999103e-08,,0,severe,0,1224.6121245214833
NOAA,USW00013866_severe_Q4,risk,Unweighted,0.0038059743884501186,0.003379605853965234,0.0004263685344848846,1,0.0010357619703503793,89.0,89.0,1.0,89.0,0.0,0.0,0.055158094127879975,0.45417559487301296,14.0,89,92,USW00094960,USW00013866,2.264449476945326,0.055158094127879975,1.2194223473999103e-08,,0,severe,0,1224.6121245214833
NOAA,USW00013866_severe_Q4,risk,Logistic IW,0.0030000277779309984,0.003379605853965234,0.00037957807603423554,1,0.0008953803205787838,44.5877901365773,44.5877901365773,5.4197550729228166,148.89730136050167,0.0,0.0,0.027890292126337535,0.9982796827661412,14.0,89,92,USW00094960,USW00013866,2.264449476945326,0.055158094127879975,1.2194223473999103e-08,,0,severe,0,1224.6121245214833
NOAA,USW00013866_severe_Q4,risk,KMM,0.0020779140158086714,0.003379605853965234,0.0013016918381565626,1,0.001731675086558536,12.071497664036919,12.071497664036919,10.0,656.1737590852567,0.797752808988764,0.056179775280898875,0.0023113579734683753,1.003872529926641,14.0,89,92,USW00094960,USW00013866,2.264449476945326,0.055158094127879975,1.2194223473999103e-08,,0,severe,0,1224.6121245214833
NOAA,USW00013866_severe_Q4,risk,KMM + dependence,0.0020779140158086714,0.003379605853965234,0.0013016918381565626,1,0.0017350248284961026,12.071497664036919,12.024930759803793,10.0,656.1737590852567,0.797752808988764,0.056179775280898875,0.0023113579734683753,1.003872529926641,14.0,89,92,USW00094960,USW00013866,2.264449476945326,0.055158094127879975,1.2194223473999103e-08,,0,severe,0,1224.6121245214833
NOAA,USW00013973_mild_Q1,mean,Unweighted,0.6089466292134831,0.6324722222222222,0.023525593008739132,1,0.023676033416765406,89.0,89.0,1.0,89.0,0.0,0.0,0.004032869974790909,6.302652437612712,14.0,89,90,USW00093984,USW00013973,2.2126222771171693,0.004032869974790909,3.161550763276963e-08,,0,mild,0,235.3435592368906
NOAA,USW00013973_mild_Q1,mean,Logistic IW,0.5981849252567527,0.6324722222222222,0.034287296965469505,0,0.026060141451978353,83.62928753696926,83.62928753696926,1.6038428202675046,94.52959323918962,0.0,0.0,0.00043066055615237353,5.948209029097669,14.0,89,90,USW00093984,USW00013973,2.2126222771171693,0.004032869974790909,3.161550763276963e-08,,0,mild,0,235.3435592368906
NOAA,USW00013973_mild_Q1,mean,KMM,0.5929099055830779,0.6324722222222222,0.039562316639144335,1,0.04284667419546183,23.915080237119472,23.915080237119472,8.377056343096317,331.21360754230415,0.4606741573033708,0.0,1.1294635733571923e-05,2.6625811887105724,14.0,89,90,USW00093984,USW00013973,2.2126222771171693,0.004032869974790909,3.161550763276963e-08,,0,mild,0,235.3435592368906
NOAA,USW00013973_mild_Q1,mean,KMM + dependence,0.5929099055830779,0.6324722222222222,0.039562316639144335,1,0.06991470779006874,23.915080237119472,8.981915871155463,8.377056343096317,331.21360754230415,0.4606741573033708,0.0,1.1294635733571923e-05,2.6625811887105724,14.0,89,90,USW00093984,USW00013973,2.2126222771171693,0.004032869974790909,3.161550763276963e-08,,0,mild,0,235.3435592368906
NOAA,USW00013973_mild_Q1,risk,Unweighted,0.005853461328444411,0.01085550228056533,0.005002040952120918,0,0.00128994672981635,89.0,89.0,1.0,89.0,0.0,0.0,0.004032869974790909,0.5695395793713979,14.0,89,90,USW00093984,USW00013973,2.2126222771171693,0.004032869974790909,3.161550763276963e-08,,0,mild,0,235.3435592368906
NOAA,USW00013973_mild_Q1,risk,Logistic IW,0.006274875859557778,0.01085550228056533,0.004580626421007551,0,0.0013886686400927243,83.62928753696926,83.62928753696926,1.6038428202675046,94.52959323918962,0.0,0.0,0.00043066055615237353,0.4521374919487536,14.0,89,90,USW00093984,USW00013973,2.2126222771171693,0.004032869974790909,3.161550763276963e-08,,0,mild,0,235.3435592368906
NOAA,USW00013973_mild_Q1,risk,KMM,0.005591414094644688,0.01085550228056533,0.005264088185920641,0,0.001901930668185338,23.915080237119472,23.915080237119472,8.377056343096317,331.21360754230415,0.4606741573033708,0.0,1.1294635733571923e-05,0.7140990327592346,14.0,89,90,USW00093984,USW00013973,2.2126222771171693,0.004032869974790909,3.161550763276963e-08,,0,mild,0,235.3435592368906
NOAA,USW00013973_mild_Q1,risk,KMM + dependence,0.005591414094644688,0.01085550228056533,0.005264088185920641,0,0.001901930668185338,23.915080237119472,23.915080237119472,8.377056343096317,331.21360754230415,0.4606741573033708,0.0,1.1294635733571923e-05,0.7140990327592346,14.0,89,90,USW00093984,USW00013973,2.2126222771171693,0.004032869974790909,3.161550763276963e-08,,0,mild,0,235.3435592368906
NOAA,USW00013973_mild_Q2,mean,Unweighted,0.751661931818182,0.7713676470588234,0.019705715240641464,0,0.011285728084554102,88.0,88.0,1.0,88.0,0.0,0.0,0.003338949279366732,5.20252035230802,14.0,88,85,USW00093984,USW00013973,2.2214863913167817,0.003338949279366732,6.981512717503911e-08,,0,mild,0,235.3435592368906
NOAA,USW00013973_mild_Q2,mean,Logistic IW,0.7464293622712137,0.7713676470588234,0.024938284787609732,0,0.013840708302884724,83.36562338462755,83.36562338462755,1.8351825341406405,93.286527545814,0.0,0.0,0.0013117493933199054,4.74486918260783,14.0,88,85,USW00093984,USW00013973,2.2214863913167817,0.003338949279366732,6.981512717503911e-08,,0,mild,0,235.3435592368906
NOAA,USW00013973_mild_Q2,mean,KMM,0.7482138591110638,0.7713676470588234,0.023153787947759685,0,0.022801707575025663,27.621317461649678,27.621317461649678,8.614503169634448,280.3631655424119,0.5,0.0,4.586515068538688e-05,1.9421824610177931,14.0,88,85,USW00093984,USW00013973,2.2214863913167817,0.003338949279366732,6.981512717503911e-08,,0,mild,0,235.3435592368906
NOAA,USW00013973_mild_Q2,mean,KMM + dependence,0.7482138591110638,0.7713676470588234,0.023153787947759685,1,0.031776962804110874,27.621317461649678,14.221793274342945,8.614503169634448,280.3631655424119,0.5,0.0,4.586515068538688e-05,1.9421824610177931,14.0,88,85,USW00093984,USW00013973,2.2214863913167817,0.003338949279366732,6.981512717503911e-08,,0,mild,0,235.3435592368906
NOAA,USW00013973_mild_Q2,risk,Unweighted,0.0014653523731253768,0.004559502653230216,0.003094150280104839,0,0.0003905077176841096,88.0,88.0,1.0,88.0,0.0,0.0,0.003338949279366732,2.72903972064016,14.0,88,85,USW00093984,USW00013973,2.2214863913167817,0.003338949279366732,6.981512717503911e-08,,0,mild,0,235.3435592368906
NOAA,USW00013973_mild_Q2,risk,Logistic IW,0.001530234604605825,0.004559502653230216,0.003029268048624391,0,0.0004375833635184246,83.36562338462755,83.36562338462755,1.8351825341406405,93.286527545814,0.0,0.0,0.0013117493933199054,2.5228764150385192,14.0,88,85,USW00093984,USW00013973,2.2214863913167817,0.003338949279366732,6.981512717503911e-08,,0,mild,0,235.3435592368906
NOAA,USW00013973_mild_Q2,risk,KMM,0.0013856889236549903,0.004559502653230216,0.003173813729575225,0,0.0008005140543569146,27.621317461649678,27.621317461649678,8.614503169634448,280.3631655424119,0.5,0.0,4.586515068538688e-05,1.1136751381386705,14.0,88,85,USW00093984,USW00013973,2.2214863913167817,0.003338949279366732,6.981512717503911e-08,,0,mild,0,235.3435592368906
NOAA,USW00013973_mild_Q2,risk,KMM + dependence,0.0013856889236549903,0.004559502653230216,0.003173813729575225,0,0.000844788947602072,27.621317461649678,24.80195212745279,8.614503169634448,280.3631655424119,0.5,0.0,4.586515068538688e-05,1.1136751381386705,14.0,88,85,USW00093984,USW00013973,2.2214863913167817,0.003338949279366732,6.981512717503911e-08,,0,mild,0,235.3435592368906
NOAA,USW00013973_mild_Q3,mean,Unweighted,0.7986789772727275,0.8007967032967032,0.0021177260239756412,1,0.007395657865029478,88.0,88.0,1.0,88.0,0.0,0.0,0.01944129135675121,3.6484777590755537,14.0,88,91,USW00093984,USW00013973,2.2184223623419443,0.01944129135675121,3.267764148216221e-08,,0,mild,0,235.3435592368906
NOAA,USW00013973_mild_Q3,mean,Logistic IW,0.795436321031111,0.8007967032967032,0.005360382265592212,1,0.008015960101312307,67.28285845517917,67.28285845517917,3.1492838066502,104.4411850291488,0.0,0.0,0.006331186234329156,3.5915482741503606,14.0,88,91,USW00093984,USW00013973,2.2184223623419443,0.01944129135675121,3.267764148216221e-08,,0,mild,0,235.3435592368906
NOAA,USW00013973_mild_Q3,mean,KMM,0.8019843473379753,0.8007967032967032,0.00118764404127214,1,0.02203092942222113,13.02497815374262,13.02497815374262,10.0,594.5499415501769,0.7159090909090909,0.03409090909090909,0.00014014114948923684,1.5016217292838228,14.0,88,91,USW00093984,USW00013973,2.2184223623419443,0.01944129135675121,3.267764148216221e-08,,0,mild,0,235.3435592368906
NOAA,USW00013973_mild_Q3,mean,KMM + dependence,0.8019843473379753,0.8007967032967032,0.00118764404127214,1,0.026996849859524087,13.02497815374262,8.673940913171721,10.0,594.5499415501769,0.7159090909090909,0.03409090909090909,0.00014014114948923684,1.5016217292838228,14.0,88,91,USW00093984,USW00013973,2.2184223623419443,0.01944129135675121,3.267764148216221e-08,,0,mild,0,235.3435592368906
NOAA,USW00013973_mild_Q3,risk,Unweighted,0.002430092633656065,0.0033952865940931817,0.0009651939604371166,0,0.0005093680807695909,88.0,88.0,1.0,88.0,0.0,0.0,0.01944129135675121,2.355510698355293,14.0,88,91,USW00093984,USW00013973,2.2184223623419443,0.01944129135675121,3.267764148216221e-08,,0,mild,0,235.3435592368906
NOAA,USW00013973_mild_Q3,risk,Logistic IW,0.002250697246638564,0.0033952865940931817,0.0011445893474546177,0,0.0005774962375873321,67.28285845517917,67.28285845517917,3.1492838066502,104.4411850291488,0.0,0.0,0.006331186234329156,1.483391187945528,14.0,88,91,USW00093984,USW00013973,2.2184223623419443,0.01944129135675121,3.267764148216221e-08,,0,mild,0,235.3435592368906
NOAA,USW00013973_mild_Q3,risk,KMM,0.0022301017326460002,0.0033952865940931817,0.0011651848614471815,0,0.0008166189357032201,13.02497815374262,13.02497815374262,10.0,594.5499415501769,0.7159090909090909,0.03409090909090909,0.00014014114948923684,0.5251972798909353,14.0,88,91,USW00093984,USW00013973,2.2184223623419443,0.01944129135675121,3.267764148216221e-08,,0,mild,0,235.3435592368906
NOAA,USW00013973_mild_Q3,risk,KMM + dependence,0.0022301017326460002,0.0033952865940931817,0.0011651848614471815,0,0.0008166189357032201,13.02497815374262,13.02497815374262,10.0,594.5499415501769,0.7159090909090909,0.03409090909090909,0.00014014114948923684,0.5251972798909353,14.0,88,91,USW00093984,USW00013973,2.2184223623419443,0.01944129135675121,3.267764148216221e-08,,0,mild,0,235.3435592368906
NOAA,USW00013973_mild_Q4,mean,Unweighted,0.6827445652173914,0.7000000000000001,0.017255434782608714,1,0.017861545152684424,92.0,92.0,1.0,92.0,0.0,0.0,0.01135879673885376,8.008988184686595,14.0,92,92,USW00093984,USW00013973,2.165293277448943,0.01135879673885376,4.588661077743307e-08,,0,mild,0,235.3435592368906
NOAA,USW00013973_mild_Q4,mean,Logistic IW,0.6625025436330323,0.7000000000000001,0.037497456366967774,0,0.020992595075153834,79.08525119718882,79.08525119718882,2.1084744567252205,107.9957680772526,0.0,0.0,0.0016010256491023611,7.097497262452138,14.0,92,92,USW00093984,USW00013973,2.165293277448943,0.01135879673885376,4.588661077743307e-08,,0,mild,0,235.3435592368906
NOAA,USW00013973_mild_Q4,mean,KMM,0.6699050935874578,0.7000000000000001,0.03009490641254231,0,0.025933826101041127,38.16312762467096,38.16312762467096,5.7950576031266925,221.78475735118633,0.30434782608695654,0.0,4.168417958716475e-05,3.7634826238892454,14.0,92,92,USW00093984,USW00013973,2.165293277448943,0.01135879673885376,4.588661077743307e-08,,0,mild,0,235.3435592368906
NOAA,USW00013973_mild_Q4,mean,KMM + dependence,0.6699050935874578,0.7000000000000001,0.03009490641254231,1,0.05031083809081911,38.16312762467096,10.140375667586463,5.7950576031266925,221.78475735118633,0.30434782608695654,0.0,4.168417958716475e-05,3.7634826238892454,14.0,92,92,USW00093984,USW00013973,2.165293277448943,0.01135879673885376,4.588661077743307e-08,,0,mild,0,235.3435592368906
NOAA,USW00013973_mild_Q4,risk,Unweighted,0.00378898787005773,0.008628983097732676,0.004839995227674946,0,0.0008651713651241078,92.0,92.0,1.0,92.0,0.0,0.0,0.01135879673885376,2.4284061199654174,14.0,92,92,USW00093984,USW00013973,2.165293277448943,0.01135879673885376,4.588661077743307e-08,,0,mild,0,235.3435592368906
NOAA,USW00013973_mild_Q4,risk,Logistic IW,0.004081139521567429,0.008628983097732676,0.004547843576165247,0,0.0010303004063953903,79.08525119718882,79.08525119718882,2.1084744567252205,107.9957680772526,0.0,0.0,0.0016010256491023611,1.8663731184822807,14.0,92,92,USW00093984,USW00013973,2.165293277448943,0.01135879673885376,4.588661077743307e-08,,0,mild,0,235.3435592368906
NOAA,USW00013973_mild_Q4,risk,KMM,0.004118252304248824,0.008628983097732676,0.004510730793483852,0,0.0011453865311855116,38.16312762467096,38.16312762467096,5.7950576031266925,221.78475735118633,0.30434782608695654,0.0,4.168417958716475e-05,1.073655017096616,14.0,92,92,USW00093984,USW00013973,2.165293277448943,0.01135879673885376,4.588661077743307e-08,,0,mild,0,235.3435592368906
NOAA,USW00013973_mild_Q4,risk,KMM + dependence,0.004118252304248824,0.008628983097732676,0.004510730793483852,0,0.00118681889175462,38.16312762467096,35.54505592296482,5.7950576031266925,221.78475735118633,0.30434782608695654,0.0,4.168417958716475e-05,1.073655017096616,14.0,92,92,USW00093984,USW00013973,2.165293277448943,0.01135879673885376,4.588661077743307e-08,,0,mild,0,235.3435592368906
NOAA,USW00013973_medium_Q1,mean,Unweighted,0.5689999999999997,0.6324722222222222,0.06347222222222249,0,0.021065176697298064,90.0,90.0,1.0,90.0,0.0,0.0,0.017193695726379188,7.279807741888128,14.0,90,90,USW00053925,USW00013973,2.292071847538366,0.017193695726379188,4.128566604250939e-08,,0,medium,0,639.4143844761676
NOAA,USW00013973_medium_Q1,mean,Logistic IW,0.5933235155336067,0.6324722222222222,0.039148706688615476,0,0.02212453719766489,65.76672379916627,65.76672379916627,3.4591064495491595,118.28116666867122,0.0,0.0,0.0010007839557468756,5.4739066517788535,14.0,90,90,USW00053925,USW00013973,2.292071847538366,0.017193695726379188,4.128566604250939e-08,,0,medium,0,639.4143844761676
NOAA,USW00013973_medium_Q1,mean,KMM,0.5936414660610189,0.6324722222222222,0.03883075616120335,1,0.04440463980945976,19.18910278177892,19.18910278177892,10.0,422.1145768050908,0.6,0.011111111111111112,1.7508797465648485e-05,1.558919428544938,14.0,90,90,USW00053925,USW00013973,2.292071847538366,0.017193695726379188,4.128566604250939e-08,,0,medium,0,639.4143844761676
NOAA,USW00013973_medium_Q1,mean,KMM + dependence,0.5936414660610189,0.6324722222222222,0.03883075616120335,1,0.055442165691192216,19.18910278177892,12.309233197311306,10.0,422.1145768050908,0.6,0.011111111111111112,1.7508797465648485e-05,1.558919428544938,14.0,90,90,USW00053925,USW00013973,2.292071847538366,0.017193695726379188,4.128566604250939e-08,,0,medium,0,639.4143844761676
NOAA,USW00013973_medium_Q1,risk,Unweighted,0.004172606609938176,0.01085550228056533,0.006682895670627153,0,0.0010508612019126502,90.0,90.0,1.0,90.0,0.0,0.0,0.017193695726379188,1.117134574155007,14.0,90,90,USW00053925,USW00013973,2.292071847538366,0.017193695726379188,4.128566604250939e-08,,0,medium,0,639.4143844761676
NOAA,USW00013973_medium_Q1,risk,Logistic IW,0.00426672391736666,0.01085550228056533,0.006588778363198669,0,0.001188254898907255,65.76672379916627,65.76672379916627,3.4591064495491595,118.28116666867122,0.0,0.0,0.0010007839557468756,1.1143720003479174,14.0,90,90,USW00053925,USW00013973,2.292071847538366,0.017193695726379188,4.128566604250939e-08,,0,medium,0,639.4143844761676
NOAA,USW00013973_medium_Q1,risk,KMM,0.0033095543986802175,0.01085550228056533,0.007545947881885112,0,0.0015433792508685912,19.18910278177892,19.18910278177892,10.0,422.1145768050908,0.6,0.011111111111111112,1.7508797465648485e-05,0.9376844838375463,14.0,90,90,USW00053925,USW00013973,2.292071847538366,0.017193695726379188,4.128566604250939e-08,,0,medium,0,639.4143844761676
NOAA,USW00013973_medium_Q1,risk,KMM + dependence,0.0033095543986802175,0.01085550228056533,0.007545947881885112,0,0.0015433792508685912,19.18910278177892,19.18910278177892,10.0,422.1145768050908,0.6,0.011111111111111112,1.7508797465648485e-05,0.9376844838375463,14.0,90,90,USW00053925,USW00013973,2.292071847538366,0.017193695726379188,4.128566604250939e-08,,0,medium,0,639.4143844761676
NOAA,USW00013973_medium_Q2,mean,Unweighted,0.7222664835164837,0.7713676470588234,0.04910116354233973,0,0.011277002512517419,91.0,91.0,1.0,91.0,0.0,0.0,0.01166302142648834,6.580861000007693,14.0,91,85,USW00053925,USW00013973,2.231477929549028,0.01166302142648834,2.5957451162155167e-08,,0,medium,0,639.4143844761676
NOAA,USW00013973_medium_Q2,mean,Logistic IW,0.7250489349994053,0.7713676470588234,0.04631871205941818,0,0.010204242881955107,74.80354575366921,74.80354575366921,3.0179938738874714,106.79273505710474,0.0,0.0,0.002700908468209251,6.433031504391341,14.0,91,85,USW00053925,USW00013973,2.231477929549028,0.01166302142648834,2.5957451162155167e-08,,0,medium,0,639.4143844761676
NOAA,USW00013973_medium_Q2,mean,KMM,0.7273053906886771,0.7713676470588234,0.04406225637014638,0,0.021366216983578816,14.74251088123404,14.74251088123404,9.999999999999998,561.7089291445607,0.7142857142857143,0.01098901098901099,2.4792496860381874e-05,1.8545806809143193,14.0,91,85,USW00053925,USW00013973,2.231477929549028,0.01166302142648834,2.5957451162155167e-08,,0,medium,0,639.4143844761676
NOAA,USW00013973_medium_Q2,mean,KMM + dependence,0.7273053906886771,0.7713676470588234,0.04406225637014638,0,0.029097153172487532,14.74251088123404,7.94924212947473,9.999999999999998,561.7089291445607,0.7142857142857143,0.01098901098901099,2.4792496860381874e-05,1.8545806809143193,14.0,91,85,USW00053925,USW00013973,2.231477929549028,0.01166302142648834,2.5957451162155167e-08,,0,medium,0,639.4143844761676
NOAA,USW00013973_medium_Q2,risk,Unweighted,0.0014796387016074788,0.004559502653230216,0.0030798639516227367,0,0.0004178363050409743,91.0,91.0,1.0,91.0,0.0,0.0,0.01166302142648834,1.0668947262165596,14.0,91,85,USW00053925,USW00013973,2.231477929549028,0.01166302142648834,2.5957451162155167e-08,,0,medium,0,639.4143844761676
NOAA,USW00013973_medium_Q2,risk,Logistic IW,0.0013789408444954806,0.004559502653230216,0.0031805618087347347,0,0.00040946503768730876,74.80354575366921,74.80354575366921,3.0179938738874714,106.79273505710474,0.0,0.0,0.002700908468209251,0.8517838611787267,14.0,91,85,USW00053925,USW00013973,2.231477929549028,0.01166302142648834,2.5957451162155167e-08,,0,medium,0,639.4143844761676
NOAA,USW00013973_medium_Q2,risk,KMM,0.0010451536565870354,0.004559502653230216,0.00351434899664318,0,0.000534826272484526,14.74251088123404,14.74251088123404,9.999999999999998,561.7089291445607,0.7142857142857143,0.01098901098901099,2.4792496860381874e-05,0.47176205283805356,14.0,91,85,USW00053925,USW00013973,2.231477929549028,0.01166302142648834,2.5957451162155167e-08,,0,medium,0,639.4143844761676
NOAA,USW00013973_medium_Q2,risk,KMM + dependence,0.0010451536565870354,0.004559502653230216,0.00351434899664318,0,0.000534826272484526,14.74251088123404,14.742510881234042,9.999999999999998,561.7089291445607,0.7142857142857143,0.01098901098901099,2.4792496860381874e-05,0.47176205283805356,14.0,91,85,USW00053925,USW00013973,2.231477929549028,0.01166302142648834,2.5957451162155167e-08,,0,medium,0,639.4143844761676
NOAA,USW00013973_medium_Q3,mean,Unweighted,0.7831657608695651,0.8007967032967032,0.01763094242713803,0,0.00883120198160524,92.0,92.0,1.0,92.0,0.0,0.0,0.0048472148193183795,4.912091048173378,14.0,92,91,USW00053925,USW00013973,2.2755902846848075,0.0048472148193183795,3.966810030505427e-09,,0,medium,0,639.4143844761676
NOAA,USW00013973_medium_Q3,mean,Logistic IW,0.7873599615843817,0.8007967032967032,0.013436741712321454,0,0.007961433587334801,89.07764863001991,89.07764863001991,1.287935115386257,94.24282803767291,0.0,0.0,0.0028023044903315864,4.896456211904647,14.0,92,91,USW00053925,USW00013973,2.2755902846848075,0.0048472148193183795,3.966810030505427e-09,,0,medium,0,639.4143844761676
NOAA,USW00013973_medium_Q3,mean,KMM,0.7781308875011631,0.8007967032967032,0.022665815795540056,0,0.013690465462205878,13.571179651827045,13.571179651827045,10.0,623.6745969876333,0.7608695652173914,0.021739130434782608,7.044242185405558e-05,1.1273555111356666,14.0,92,91,USW00053925,USW00013973,2.2755902846848075,0.0048472148193183795,3.966810030505427e-09,,0,medium,0,639.4143844761676
NOAA,USW00013973_medium_Q3,mean,KMM + dependence,0.7781308875011631,0.8007967032967032,0.022665815795540056,0,0.014536125373491648,13.571179651827045,12.038065648125334,10.0,623.6745969876333,0.7608695652173914,0.021739130434782608,7.044242185405558e-05,1.1273555111356666,14.0,92,91,USW00053925,USW00013973,2.2755902846848075,0.0048472148193183795,3.966810030505427e-09,,0,medium,0,639.4143844761676
NOAA,USW00013973_medium_Q3,risk,Unweighted,0.0020056684806287564,0.0033952865940931817,0.0013896181134644254,0,0.0004835195161327555,92.0,92.0,1.0,92.0,0.0,0.0,0.0048472148193183795,3.4615532686837036,14.0,92,91,USW00053925,USW00013973,2.2755902846848075,0.0048472148193183795,3.966810030505427e-09,,0,medium,0,639.4143844761676
NOAA,USW00013973_medium_Q3,risk,Logistic IW,0.002083517485870383,0.0033952865940931817,0.0013117691082227987,0,0.0005022237672178758,89.07764863001991,89.07764863001991,1.287935115386257,94.24282803767291,0.0,0.0,0.0028023044903315864,3.544750587326692,14.0,92,91,USW00053925,USW00013973,2.2755902846848075,0.0048472148193183795,3.966810030505427e-09,,0,medium,0,639.4143844761676
NOAA,USW00013973_medium_Q3,risk,KMM,0.002009917021529551,0.0033952865940931817,0.0013853695725636306,0,0.001039806611989455,13.571179651827045,13.571179651827045,10.0,623.6745969876333,0.7608695652173914,0.021739130434782608,7.044242185405558e-05,0.9001223694972703,14.0,92,91,USW00053925,USW00013973,2.2755902846848075,0.0048472148193183795,3.966810030505427e-09,,0,medium,0,639.4143844761676
NOAA,USW00013973_medium_Q3,risk,KMM + dependence,0.002009917021529551,0.0033952865940931817,0.0013853695725636306,0,0.001039806611989455,13.571179651827045,13.571179651827045,10.0,623.6745969876333,0.7608695652173914,0.021739130434782608,7.044242185405558e-05,0.9001223694972703,14.0,92,91,USW00053925,USW00013973,2.2755902846848075,0.0048472148193183795,3.966810030505427e-09,,0,medium,0,639.4143844761676
NOAA,USW00013973_medium_Q4,mean,Unweighted,0.6318206521739133,0.7000000000000001,0.06817934782608681,0,0.020105510221799912,92.0,92.0,1.0,92.0,0.0,0.0,0.010129601276257283,8.528064620722441,14.0,92,92,USW00053925,USW00013973,2.1871052179745156,0.010129601276257283,3.239772358643069e-08,,0,medium,0,639.4143844761676
NOAA,USW00013973_medium_Q4,mean,Logistic IW,0.6526982172424659,0.7000000000000001,0.04730178275753416,0,0.018794677999053287,76.37232595121858,76.37232595121858,2.5872206314251316,112.2858398775637,0.0,0.0,0.001619670541893381,7.736689529678104,14.0,92,92,USW00053925,USW00013973,2.1871052179745156,0.010129601276257283,3.239772358643069e-08,,0,medium,0,639.4143844761676
NOAA,USW00013973_medium_Q4,mean,KMM,0.6503087516599548,0.7000000000000001,0.049691248340045235,0,0.030781235193541763,22.9894077068738,22.9894077068738,9.864572658608193,368.1695547758406,0.42391304347826086,0.0,1.6502196968026794e-05,2.337715550640627,14.0,92,92,USW00053925,USW00013973,2.1871052179745156,0.010129601276257283,3.239772358643069e-08,,0,medium,0,639.4143844761676
NOAA,USW00013973_medium_Q4,mean,KMM + dependence,0.6503087516599548,0.7000000000000001,0.049691248340045235,0,0.04706324584505246,22.9894077068738,9.834133883642853,9.864572658608193,368.1695547758406,0.42391304347826086,0.0,1.6502196968026794e-05,2.337715550640627,14.0,92,92,USW00053925,USW00013973,2.1871052179745156,0.010129601276257283,3.239772358643069e-08,,0,medium,0,639.4143844761676
NOAA,USW00013973_medium_Q4,risk,Unweighted,0.003143378587634694,0.008628983097732676,0.005485604510097982,0,0.0009776995623920074,92.0,92.0,1.0,92.0,0.0,0.0,0.010129601276257283,1.0073554287210125,14.0,92,92,USW00053925,USW00013973,2.1871052179745156,0.010129601276257283,3.239772358643069e-08,,0,medium,0,639.4143844761676
NOAA,USW00013973_medium_Q4,risk,Logistic IW,0.0029444400493220026,0.008628983097732676,0.005684543048410673,0,0.0009006616543603699,76.37232595121858,76.37232595121858,2.5872206314251316,112.2858398775637,0.0,0.0,0.001619670541893381,0.8925195155734099,14.0,92,92,USW00053925,USW00013973,2.1871052179745156,0.010129601276257283,3.239772358643069e-08,,0,medium,0,639.4143844761676
NOAA,USW00013973_medium_Q4,risk,KMM,0.004088528084604175,0.008628983097732676,0.0045404550131285006,0,0.0033552587706612404,22.9894077068738,22.9894077068738,9.864572658608193,368.1695547758406,0.42391304347826086,0.0,1.6502196968026794e-05,0.9715896088929822,14.0,92,92,USW00053925,USW00013973,2.1871052179745156,0.010129601276257283,3.239772358643069e-08,,0,medium,0,639.4143844761676
NOAA,USW00013973_medium_Q4,risk,KMM + dependence,0.004088528084604175,0.008628983097732676,0.0045404550131285006,0,0.0033552587706612404,22.9894077068738,22.9894077068738,9.864572658608193,368.1695547758406,0.42391304347826086,0.0,1.6502196968026794e-05,0.9715896088929822,14.0,92,92,USW00053925,USW00013973,2.1871052179745156,0.010129601276257283,3.239772358643069e-08,,0,medium,0,639.4143844761676
NOAA,USW00013973_severe_Q1,mean,Unweighted,0.5905972222222221,0.6324722222222222,0.04187500000000011,0,0.01913421987164377,90.0,90.0,1.0,90.0,0.0,0.0,0.01294066800330862,6.458704935004819,14.0,90,90,USW00063892,USW00013973,2.3596542677561994,0.01294066800330862,3.155654672728929e-08,,0,severe,0,1129.7998469934962
NOAA,USW00013973_severe_Q1,mean,Logistic IW,0.5939203551748593,0.6324722222222222,0.03855186704736291,0,0.020991718568364324,78.21466216103227,78.21466216103227,1.4862109260742442,102.91557676870477,0.0,0.0,0.0003868243287330486,6.128598742426959,14.0,90,90,USW00063892,USW00013973,2.3596542677561994,0.01294066800330862,3.155654672728929e-08,,0,severe,0,1129.7998469934962
NOAA,USW00013973_severe_Q1,mean,KMM,0.590548145580977,0.6324722222222222,0.0419240766412452,0,0.03944730808813889,20.55854324363684,20.55854324363684,8.889237909220846,393.9967878077678,0.5888888888888889,0.0,3.367016736754991e-06,1.8429851277948253,14.0,90,90,USW00063892,USW00013973,2.3596542677561994,0.01294066800330862,3.155654672728929e-08,,0,severe,0,1129.7998469934962
NOAA,USW00013973_severe_Q1,mean,KMM + dependence,0.590548145580977,0.6324722222222222,0.0419240766412452,1,0.05355231965276336,20.55854324363684,11.155023951948879,8.889237909220846,393.9967878077678,0.5888888888888889,0.0,3.367016736754991e-06,1.8429851277948253,14.0,90,90,USW00063892,USW00013973,2.3596542677561994,0.01294066800330862,3.155654672728929e-08,,0,severe,0,1129.7998469934962
NOAA,USW00013973_severe_Q1,risk,Unweighted,0.003913027739723805,0.01085550228056533,0.006942474540841524,0,0.0009420005034212644,90.0,90.0,1.0,90.0,0.0,0.0,0.01294066800330862,0.6674308446663939,14.0,90,90,USW00063892,USW00013973,2.3596542677561994,0.01294066800330862,3.155654672728929e-08,,0,severe,0,1129.7998469934962
NOAA,USW00013973_severe_Q1,risk,Logistic IW,0.0035362155443304515,0.01085550228056533,0.007319286736234878,0,0.0008880972630662876,78.21466216103227,78.21466216103227,1.4862109260742442,102.91557676870477,0.0,0.0,0.0003868243287330486,0.8462964025571837,14.0,90,90,USW00063892,USW00013973,2.3596542677561994,0.01294066800330862,3.155654672728929e-08,,0,severe,0,1129.7998469934962
NOAA,USW00013973_severe_Q1,risk,KMM,0.002781588895982187,0.01085550228056533,0.008073913384583142,0,0.0012602120029070435,20.55854324363684,20.55854324363684,8.889237909220846,393.9967878077678,0.5888888888888889,0.0,3.367016736754991e-06,1.0281009757267932,14.0,90,90,USW00063892,USW00013973,2.3596542677561994,0.01294066800330862,3.155654672728929e-08,,0,severe,0,1129.7998469934962
NOAA,USW00013973_severe_Q1,risk,KMM + dependence,0.002781588895982187,0.01085550228056533,0.008073913384583142,0,0.0012777959209001163,20.55854324363684,19.996618745647464,8.889237909220846,393.9967878077678,0.5888888888888889,0.0,3.367016736754991e-06,1.0281009757267932,14.0,90,90,USW00063892,USW00013973,2.3596542677561994,0.01294066800330862,3.155654672728929e-08,,0,severe,0,1129.7998469934962
NOAA,USW00013973_severe_Q2,mean,Unweighted,0.7278267045454545,0.7713676470588234,0.04354094251336893,0,0.009727932212814686,88.0,88.0,1.0,88.0,0.0,0.0,0.015127835355102315,5.578788918969615,14.0,88,85,USW00063892,USW00013973,2.2530200135592873,0.015127835355102315,2.5417601227581687e-08,,0,severe,0,1129.7998469934962
NOAA,USW00013973_severe_Q2,mean,Logistic IW,0.7259415798016914,0.7713676470588234,0.04542606725713205,0,0.011275602887897666,75.16112264657959,75.16112264657959,1.4064994839253555,103.00930086939361,0.0,0.0,0.001404824192170695,4.7095068768786446,14.0,88,85,USW00063892,USW00013973,2.2530200135592873,0.015127835355102315,2.5417601227581687e-08,,0,severe,0,1129.7998469934962
NOAA,USW00013973_severe_Q2,mean,KMM,0.7392433250755782,0.7713676470588234,0.03212432198324522,0,0.01938105148194751,13.951012903353485,13.951012903353485,9.999999999999998,555.0851435409776,0.7159090909090909,0.011363636363636364,5.03577312163106e-05,1.3824982727616797,14.0,88,85,USW00063892,USW00013973,2.2530200135592873,0.015127835355102315,2.5417601227581687e-08,,0,severe,0,1129.7998469934962
NOAA,USW00013973_severe_Q2,mean,KMM + dependence,0.7392433250755782,0.7713676470588234,0.03212432198324522,0,0.022788179614232944,13.951012903353485,10.091161181333652,9.999999999999998,555.0851435409776,0.7159090909090909,0.011363636363636364,5.03577312163106e-05,1.3824982727616797,14.0,88,85,USW00063892,USW00013973,2.2530200135592873,0.015127835355102315,2.5417601227581687e-08,,0,severe,0,1129.7998469934962
NOAA,USW00013973_severe_Q2,risk,Unweighted,0.0013176147002909359,0.004559502653230216,0.0032418879529392797,0,0.0006387473536809259,88.0,88.0,1.0,88.0,0.0,0.0,0.015127835355102315,1.7859665359743373,14.0,88,85,USW00063892,USW00013973,2.2530200135592873,0.015127835355102315,2.5417601227581687e-08,,0,severe,0,1129.7998469934962
NOAA,USW00013973_severe_Q2,risk,Logistic IW,0.0014826480221071714,0.004559502653230216,0.003076854631123044,0,0.000695896456586724,75.16112264657959,75.16112264657959,1.4064994839253555,103.00930086939361,0.0,0.0,0.001404824192170695,1.829917383776038,14.0,88,85,USW00063892,USW00013973,2.2530200135592873,0.015127835355102315,2.5417601227581687e-08,,0,severe,0,1129.7998469934962
NOAA,USW00013973_severe_Q2,risk,KMM,0.0027387366007098107,0.004559502653230216,0.0018207660525204048,1,0.0028456607553138365,13.951012903353485,13.951012903353485,9.999999999999998,555.0851435409776,0.7159090909090909,0.011363636363636364,5.03577312163106e-05,0.9078359143434847,14.0,88,85,USW00063892,USW00013973,2.2530200135592873,0.015127835355102315,2.5417601227581687e-08,,0,severe,0,1129.7998469934962
NOAA,USW00013973_severe_Q2,risk,KMM + dependence,0.0027387366007098107,0.004559502653230216,0.0018207660525204048,1,0.0028456607553138365,13.951012903353485,13.951012903353485,9.999999999999998,555.0851435409776,0.7159090909090909,0.011363636363636364,5.03577312163106e-05,0.9078359143434847,14.0,88,85,USW00063892,USW00013973,2.2530200135592873,0.015127835355102315,2.5417601227581687e-08,,0,severe,0,1129.7998469934962
NOAA,USW00013973_severe_Q3,mean,Unweighted,0.7832065217391305,0.8007967032967032,0.017590181557572637,0,0.005687981811450591,92.0,92.0,1.0,92.0,0.0,0.0,0.011048989993420522,2.111072170189125,14.0,92,91,USW00063892,USW00013973,2.15132558439402,0.011048989993420522,1.2415175829574713e-08,,0,severe,0,1129.7998469934962
NOAA,USW00013973_severe_Q3,mean,Logistic IW,0.7781921060699667,0.8007967032967032,0.022604597226736467,0,0.007036446617789508,60.598109652460415,60.598109652460415,7.22645077025354,139.4727219665855,0.0,0.0,0.007749317046648274,2.100710536434862,14.0,92,91,USW00063892,USW00013973,2.15132558439402,0.011048989993420522,1.2415175829574713e-08,,0,severe,0,1129.7998469934962
NOAA,USW00013973_severe_Q3,mean,KMM,0.7713030955321035,0.8007967032967032,0.02949360776459964,0,0.02175610267590858,13.197243255901729,13.197243255901729,9.999999999999993,641.3460626494817,0.8260869565217391,0.010869565217391304,0.0009934068978136867,0.8343622235825835,14.0,92,91,USW00063892,USW00013973,2.15132558439402,0.011048989993420522,1.2415175829574713e-08,,0,severe,0,1129.7998469934962
NOAA,USW00013973_severe_Q3,mean,KMM + dependence,0.7713030955321035,0.8007967032967032,0.02949360776459964,0,0.02175610267590858,13.197243255901729,13.197243255901729,9.999999999999993,641.3460626494817,0.8260869565217391,0.010869565217391304,0.0009934068978136867,0.8343622235825835,14.0,92,91,USW00063892,USW00013973,2.15132558439402,0.011048989993420522,1.2415175829574713e-08,,0,severe,0,1129.7998469934962
NOAA,USW00013973_severe_Q3,risk,Unweighted,0.0019330174455186166,0.0033952865940931817,0.0014622691485745652,0,0.0005334496961159487,92.0,92.0,1.0,92.0,0.0,0.0,0.011048989993420522,3.1875987094728577,14.0,92,91,USW00063892,USW00013973,2.15132558439402,0.011048989993420522,1.2415175829574713e-08,,0,severe,0,1129.7998469934962
NOAA,USW00013973_severe_Q3,risk,Logistic IW,0.0018128994013994482,0.0033952865940931817,0.0015823871926937336,0,0.0005702505323216272,60.598109652460415,60.598109652460415,7.22645077025354,139.4727219665855,0.0,0.0,0.007749317046648274,2.6705318196241503,14.0,92,91,USW00063892,USW00013973,2.15132558439402,0.011048989993420522,1.2415175829574713e-08,,0,severe,0,1129.7998469934962
NOAA,USW00013973_severe_Q3,risk,KMM,0.0035258882345450262,0.0033952865940931817,0.0001306016404518445,1,0.0028774508434708046,13.197243255901729,13.197243255901729,9.999999999999993,641.3460626494817,0.8260869565217391,0.010869565217391304,0.0009934068978136867,0.8055408152130711,14.0,92,91,USW00063892,USW00013973,2.15132558439402,0.011048989993420522,1.2415175829574713e-08,,0,severe,0,1129.7998469934962
NOAA,USW00013973_severe_Q3,risk,KMM + dependence,0.0035258882345450262,0.0033952865940931817,0.0001306016404518445,1,0.0028774508434708046,13.197243255901729,13.197243255901729,9.999999999999993,641.3460626494817,0.8260869565217391,0.010869565217391304,0.0009934068978136867,0.8055408152130711,14.0,92,91,USW00063892,USW00013973,2.15132558439402,0.011048989993420522,1.2415175829574713e-08,,0,severe,0,1129.7998469934962
NOAA,USW00013973_severe_Q4,mean,Unweighted,0.6336820652173915,0.7000000000000001,0.06631793478260861,0,0.018803842191787785,92.0,92.0,1.0,92.0,0.0,0.0,0.005071813304673212,8.081121429900156,14.0,92,92,USW00063892,USW00013973,2.1652054559792924,0.005071813304673212,3.6498330997840824e-08,,0,severe,0,1129.7998469934962
NOAA,USW00013973_severe_Q4,mean,Logistic IW,0.6444974446848972,0.7000000000000001,0.05550255531510284,0,0.01823644329981644,84.72288623825278,84.72288623825278,1.7930258576897824,99.7921865141218,0.0,0.0,0.0015152243944902555,8.118437882896975,14.0,92,92,USW00063892,USW00013973,2.1652054559792924,0.005071813304673212,3.6498330997840824e-08,,0,severe,0,1129.7998469934962
NOAA,USW00013973_severe_Q4,mean,KMM,0.6566461300687262,0.7000000000000001,0.04335386993127388,0,0.03565712138393088,28.447865707602002,28.447865707602002,6.872168635256969,297.52671384898315,0.41304347826086957,0.0,9.165823183088229e-05,3.349057420927295,14.0,92,92,USW00063892,USW00013973,2.1652054559792924,0.005071813304673212,3.6498330997840824e-08,,0,severe,0,1129.7998469934962
NOAA,USW00013973_severe_Q4,mean,KMM + dependence,0.6566461300687262,0.7000000000000001,0.04335386993127388,1,0.06525406576951978,28.447865707602002,8.494290223225045,6.872168635256969,297.52671384898315,0.41304347826086957,0.0,9.165823183088229e-05,3.349057420927295,14.0,92,92,USW00063892,USW00013973,2.1652054559792924,0.005071813304673212,3.6498330997840824e-08,,0,severe,0,1129.7998469934962
NOAA,USW00013973_severe_Q4,risk,Unweighted,0.003197130735413742,0.008628983097732676,0.0054318523623189344,0,0.0007491763020762175,92.0,92.0,1.0,92.0,0.0,0.0,0.005071813304673212,1.5090606690461073,14.0,92,92,USW00063892,USW00013973,2.1652054559792924,0.005071813304673212,3.6498330997840824e-08,,0,severe,0,1129.7998469934962
NOAA,USW00013973_severe_Q4,risk,Logistic IW,0.00300626513959858,0.008628983097732676,0.005622717958134096,0,0.0007250530283259146,84.72288623825278,84.72288623825278,1.7930258576897824,99.7921865141218,0.0,0.0,0.0015152243944902555,1.662020540622786,14.0,92,92,USW00063892,USW00013973,2.1652054559792924,0.005071813304673212,3.6498330997840824e-08,,0,severe,0,1129.7998469934962
NOAA,USW00013973_severe_Q4,risk,KMM,0.004157583449827951,0.008628983097732676,0.004471399647904725,0,0.001616847779843224,28.447865707602002,28.447865707602002,6.872168635256969,297.52671384898315,0.41304347826086957,0.0,9.165823183088229e-05,1.3583699691741868,14.0,92,92,USW00063892,USW00013973,2.1652054559792924,0.005071813304673212,3.6498330997840824e-08,,0,severe,0,1129.7998469934962
NOAA,USW00013973_severe_Q4,risk,KMM + dependence,0.004157583449827951,0.008628983097732676,0.004471399647904725,0,0.00188442201999819,28.447865707602002,20.942649170090764,6.872168635256969,297.52671384898315,0.41304347826086957,0.0,9.165823183088229e-05,1.3583699691741868,14.0,92,92,USW00063892,USW00013973,2.1652054559792924,0.005071813304673212,3.6498330997840824e-08,,0,severe,0,1129.7998469934962
NOAA,USW00012834_mild_Q1,mean,Unweighted,0.6978611111111108,0.6517916666666667,0.04606944444444416,0,0.008150431386112015,90.0,90.0,1.0,90.0,0.0,0.0,0.08742586934918317,4.532821600801679,14.0,90,90,USW00012844,USW00012834,2.384844888864114,0.08742586934918317,2.681979862208425e-08,,0,mild,0,292.7509366396562
NOAA,USW00012834_mild_Q1,mean,Logistic IW,0.6774223401675827,0.6517916666666667,0.02563067350091608,0,0.012317080827335455,36.06726196083187,36.06726196083187,5.979945431948088,153.82332635345685,0.0,0.0,0.01445337726085083,3.7801111214356684,14.0,90,90,USW00012844,USW00012834,2.384844888864114,0.08742586934918317,2.681979862208425e-08,,0,mild,0,292.7509366396562
NOAA,USW00012834_mild_Q1,mean,KMM,0.6621805255485488,0.6517916666666667,0.010388858881882124,1,0.021054827345182565,11.821110739359748,11.821110739359748,10.0,685.2147973734923,0.8,0.05555555555555555,0.0013485373863564298,1.7138181283385023,14.0,90,90,USW00012844,USW00012834,2.384844888864114,0.08742586934918317,2.681979862208425e-08,,0,mild,0,292.7509366396562
NOAA,USW00012834_mild_Q1,mean,KMM + dependence,0.6621805255485488,0.6517916666666667,0.010388858881882124,1,0.027563480159798908,11.821110739359748,6.897529290823862,10.0,685.2147973734923,0.8,0.05555555555555555,0.0013485373863564298,1.7138181283385023,14.0,90,90,USW00012844,USW00012834,2.384844888864114,0.08742586934918317,2.681979862208425e-08,,0,mild,0,292.7509366396562
NOAA,USW00012834_mild_Q1,risk,Unweighted,0.0008770813886140095,0.0019530074190819934,0.0010759260304679839,0,0.00024622874590410034,90.0,90.0,1.0,90.0,0.0,0.0,0.08742586934918317,1.3334884650698282,14.0,90,90,USW00012844,USW00012834,2.384844888864114,0.08742586934918317,2.681979862208425e-08,,0,mild,0,292.7509366396562
NOAA,USW00012834_mild_Q1,risk,Logistic IW,0.0010936865301380922,0.0019530074190819934,0.0008593208889439011,0,0.0004063049253552756,36.06726196083187,36.06726196083187,5.979945431948088,153.82332635345685,0.0,0.0,0.01445337726085083,0.8190902435424071,14.0,90,90,USW00012844,USW00012834,2.384844888864114,0.08742586934918317,2.681979862208425e-08,,0,mild,0,292.7509366396562
NOAA,USW00012834_mild_Q1,risk,KMM,0.0009786045120543467,0.0019530074190819934,0.0009744029070276466,0,0.0005178785353260804,11.821110739359748,11.821110739359748,10.0,685.2147973734923,0.8,0.05555555555555555,0.0013485373863564298,0.5019127257150526,14.0,90,90,USW00012844,USW00012834,2.384844888864114,0.08742586934918317,2.681979862208425e-08,,0,mild,0,292.7509366396562
NOAA,USW00012834_mild_Q1,risk,KMM + dependence,0.0009786045120543467,0.0019530074190819934,0.0009744029070276466,0,0.0005178785353260804,11.821110739359748,11.821110739359748,10.0,685.2147973734923,0.8,0.05555555555555555,0.0013485373863564298,0.5019127257150526,14.0,90,90,USW00012844,USW00012834,2.384844888864114,0.08742586934918317,2.681979862208425e-08,,0,mild,0,292.7509366396562
NOAA,USW00012834_mild_Q2,mean,Unweighted,0.7618406593406596,0.7552472527472527,0.006593406593406903,0,0.005029951676950022,91.0,91.0,1.0,91.0,0.0,0.0,0.09204361158102992,9.7263651279792,14.0,91,91,USW00012844,USW00012834,2.2801271519255186,0.09204361158102992,6.872885780416906e-09,,0,mild,0,292.7509366396562
NOAA,USW00012834_mild_Q2,mean,Logistic IW,0.7458175082926158,0.7552472527472527,0.009429744454636846,1,0.010401896773290136,23.163791755951035,23.163791755951035,10.0,298.78448100726354,0.0,0.01098901098901099,0.02961592909822275,4.364573537366572,14.0,91,91,USW00012844,USW00012834,2.2801271519255186,0.09204361158102992,6.872885780416906e-09,,0,mild,0,292.7509366396562
NOAA,USW00012834_mild_Q2,mean,KMM,0.7570803772460178,0.7552472527472527,0.0018331244987651596,1,0.015317590345263357,11.039987224038457,11.039987224038457,10.0,750.0914477481422,0.8131868131868132,0.054945054945054944,0.0008831343778679113,1.4924064194817734,14.0,91,91,USW00012844,USW00012834,2.2801271519255186,0.09204361158102992,6.872885780416906e-09,,0,mild,0,292.7509366396562
NOAA,USW00012834_mild_Q2,mean,KMM + dependence,0.7570803772460178,0.7552472527472527,0.0018331244987651596,1,0.01871259442219394,11.039987224038457,7.397440187822301,10.0,750.0914477481422,0.8131868131868132,0.054945054945054944,0.0008831343778679113,1.4924064194817734,14.0,91,91,USW00012844,USW00012834,2.2801271519255186,0.09204361158102992,6.872885780416906e-09,,0,mild,0,292.7509366396562
NOAA,USW00012834_mild_Q2,risk,Unweighted,0.00042139159788727936,0.0014018360313339463,0.000980444433446667,0,0.00014911375183617248,91.0,91.0,1.0,91.0,0.0,0.0,0.09204361158102992,0.8113387851530712,14.0,91,91,USW00012844,USW00012834,2.2801271519255186,0.09204361158102992,6.872885780416906e-09,,0,mild,0,292.7509366396562
NOAA,USW00012834_mild_Q2,risk,Logistic IW,0.0003289319403230053,0.0014018360313339463,0.001072904091010941,0,0.00015581804183455248,23.163791755951035,23.163791755951035,10.0,298.78448100726354,0.0,0.01098901098901099,0.02961592909822275,0.7356595110440239,14.0,91,91,USW00012844,USW00012834,2.2801271519255186,0.09204361158102992,6.872885780416906e-09,,0,mild,0,292.7509366396562
NOAA,USW00012834_mild_Q2,risk,KMM,0.0005428527097947528,0.0014018360313339463,0.0008589833215391935,0,0.0004495440675417772,11.039987224038457,11.039987224038457,10.0,750.0914477481422,0.8131868131868132,0.054945054945054944,0.0008831343778679113,1.004271514393941,14.0,91,91,USW00012844,USW00012834,2.2801271519255186,0.09204361158102992,6.872885780416906e-09,,0,mild,0,292.7509366396562
NOAA,USW00012834_mild_Q2,risk,KMM + dependence,0.0005428527097947528,0.0014018360313339463,0.0008589833215391935,0,0.0004505031614149509,11.039987224038457,10.99303033672212,10.0,750.0914477481422,0.8131868131868132,0.054945054945054944,0.0008831343778679113,1.004271514393941,14.0,91,91,USW00012844,USW00012834,2.2801271519255186,0.09204361158102992,6.872885780416906e-09,,0,mild,0,292.7509366396562
NOAA,USW00012834_mild_Q3,mean,Unweighted,0.7891576086956522,0.7727989130434786,0.016358695652173627,0,0.003659870217768098,92.0,92.0,1.0,92.0,0.0,0.0,0.060445434635068906,5.950705021292847,14.0,92,92,USW00012844,USW00012834,2.3979967156400654,0.060445434635068906,1.6680045503778381e-09,,0,mild,0,292.7509366396562
NOAA,USW00012834_mild_Q3,mean,Logistic IW,0.7875417088443764,0.7727989130434786,0.014742795800897768,0,0.004989605827562637,40.10867040439584,40.10867040439584,7.416369117565303,164.44424904557192,0.0,0.0,0.008412730008392266,3.4716739469319333,14.0,92,92,USW00012844,USW00012834,2.3979967156400654,0.060445434635068906,1.6680045503778381e-09,,0,mild,0,292.7509366396562
NOAA,USW00012834_mild_Q3,mean,KMM,0.7935842461784558,0.7727989130434786,0.020785333134977213,0,0.009185815953313128,12.993114013855813,12.993114013855813,10.0,651.4219755921501,0.782608695652174,0.03260869565217391,0.0012007482176015216,2.091104197284515,14.0,92,92,USW00012844,USW00012834,2.3979967156400654,0.060445434635068906,1.6680045503778381e-09,,0,mild,0,292.7509366396562
NOAA,USW00012834_mild_Q3,mean,KMM + dependence,0.7935842461784558,0.7727989130434786,0.020785333134977213,0,0.013283287623235033,12.993114013855813,6.213518212401145,10.0,651.4219755921501,0.782608695652174,0.03260869565217391,0.0012007482176015216,2.091104197284515,14.0,92,92,USW00012844,USW00012834,2.3979967156400654,0.060445434635068906,1.6680045503778381e-09,,0,mild,0,292.7509366396562
NOAA,USW00012834_mild_Q3,risk,Unweighted,0.0007371481889989015,0.0005561537391215418,0.00018099444987735962,1,0.00025766981037866974,92.0,92.0,1.0,92.0,0.0,0.0,0.060445434635068906,1.4522397673049892,14.0,92,92,USW00012844,USW00012834,2.3979967156400654,0.060445434635068906,1.6680045503778381e-09,,0,mild,0,292.7509366396562
NOAA,USW00012834_mild_Q3,risk,Logistic IW,0.0007092465519062452,0.0005561537391215418,0.00015309281278470333,1,0.0002947248099800002,40.10867040439584,40.10867040439584,7.416369117565303,164.44424904557192,0.0,0.0,0.008412730008392266,1.7944074930687688,14.0,92,92,USW00012844,USW00012834,2.3979967156400654,0.060445434635068906,1.6680045503778381e-09,,0,mild,0,292.7509366396562
NOAA,USW00012834_mild_Q3,risk,KMM,0.0008844868797799843,0.0005561537391215418,0.00032833314065844246,1,0.0006610187583947662,12.993114013855813,12.993114013855813,10.0,651.4219755921501,0.782608695652174,0.03260869565217391,0.0012007482176015216,1.5706310455965107,14.0,92,92,USW00012844,USW00012834,2.3979967156400654,0.060445434635068906,1.6680045503778381e-09,,0,mild,0,292.7509366396562
NOAA,USW00012834_mild_Q3,risk,KMM + dependence,0.0008844868797799843,0.0005561537391215418,0.00032833314065844246,1,0.0008284205677513455,12.993114013855813,8.272543733478255,10.0,651.4219755921501,0.782608695652174,0.03260869565217391,0.0012007482176015216,1.5706310455965107,14.0,92,92,USW00012844,USW00012834,2.3979967156400654,0.060445434635068906,1.6680045503778381e-09,,0,mild,0,292.7509366396562
NOAA,USW00012834_mild_Q4,mean,Unweighted,0.7257608695652175,0.6877445652173914,0.0380163043478261,0,0.00680814394252398,92.0,92.0,1.0,92.0,0.0,0.0,0.09057891657081041,4.540267377055287,14.0,92,92,USW00012844,USW00012834,2.2150003730773746,0.09057891657081041,2.6529697158787374e-09,,0,mild,0,292.7509366396562
NOAA,USW00012834_mild_Q4,mean,Logistic IW,0.6847923669114588,0.6877445652173914,0.0029521983059325185,1,0.02458389288581758,19.993192925474105,19.993192925474105,10.0,431.04721392747,0.0,0.03260869565217391,0.00904041703302405,1.3133814174346152,14.0,92,92,USW00012844,USW00012834,2.2150003730773746,0.09057891657081041,2.6529697158787374e-09,,0,mild,0,292.7509366396562
NOAA,USW00012834_mild_Q4,mean,KMM,0.6904696826291546,0.6877445652173914,0.0027251174117632893,1,0.023682232375635083,12.19115801118635,12.19115801118635,10.0,694.2736688535751,0.782608695652174,0.043478260869565216,0.000364964016946967,1.1425882096396336,14.0,92,92,USW00012844,USW00012834,2.2150003730773746,0.09057891657081041,2.6529697158787374e-09,,0,mild,0,292.7509366396562
NOAA,USW00012834_mild_Q4,mean,KMM + dependence,0.6904696826291546,0.6877445652173914,0.0027251174117632893,1,0.02531439237018886,12.19115801118635,10.66977403436657,10.0,694.2736688535751,0.782608695652174,0.043478260869565216,0.000364964016946967,1.1425882096396336,14.0,92,92,USW00012844,USW00012834,2.2150003730773746,0.09057891657081041,2.6529697158787374e-09,,0,mild,0,292.7509366396562
NOAA,USW00012834_mild_Q4,risk,Unweighted,0.0006003467504662162,0.0008883564571865039,0.00028800970672028775,0,0.0001586944960629864,92.0,92.0,1.0,92.0,0.0,0.0,0.09057891657081041,0.6369906134576211,14.0,92,92,USW00012844,USW00012834,2.2150003730773746,0.09057891657081041,2.6529697158787374e-09,,0,mild,0,292.7509366396562
NOAA,USW00012834_mild_Q4,risk,Logistic IW,0.0008760990157834313,0.0008883564571865039,1.2257441403072623e-05,1,0.0004951037184672205,19.993192925474105,19.993192925474105,10.0,431.04721392747,0.0,0.03260869565217391,0.00904041703302405,0.6430598355394566,14.0,92,92,USW00012844,USW00012834,2.2150003730773746,0.09057891657081041,2.6529697158787374e-09,,0,mild,0,292.7509366396562
NOAA,USW00012834_mild_Q4,risk,KMM,0.0007554500198811195,0.0008883564571865039,0.00013290643730538441,1,0.0006015849115544905,12.19115801118635,12.19115801118635,10.0,694.2736688535751,0.782608695652174,0.043478260869565216,0.000364964016946967,1.1773713070333711,14.0,92,92,USW00012844,USW00012834,2.2150003730773746,0.09057891657081041,2.6529697158787374e-09,,0,mild,0,292.7509366396562
NOAA,USW00012834_mild_Q4,risk,KMM + dependence,0.0007554500198811195,0.0008883564571865039,0.00013290643730538441,1,0.0006527601881929408,12.19115801118635,10.354556747186642,10.0,694.2736688535751,0.782608695652174,0.043478260869565216,0.000364964016946967,1.1773713070333711,14.0,92,92,USW00012844,USW00012834,2.2150003730773746,0.09057891657081041,2.6529697158787374e-09,,0,mild,0,292.7509366396562
NOAA,USW00012834_medium_Q1,mean,Unweighted,0.5633194444444443,0.6517916666666667,0.0884722222222224,0,0.019571807825681416,90.0,90.0,1.0,90.0,0.0,0.0,0.14034510860382454,7.097360548000643,14.0,90,90,USW00053872,USW00012834,2.385318441815719,0.14034510860382454,3.307027987287265e-08,,0,medium,0,650.8659102052627
NOAA,USW00012834_medium_Q1,mean,Logistic IW,0.6407101231122659,0.6517916666666667,0.011081543554400719,1,0.025883157936803465,18.210155506047432,18.210155506047432,10.0,292.8765212913282,0.0,0.011111111111111112,0.007177156814538677,1.1802556780916191,14.0,90,90,USW00053872,USW00012834,2.385318441815719,0.14034510860382454,3.307027987287265e-08,,0,medium,0,650.8659102052627
NOAA,USW00012834_medium_Q1,mean,KMM,0.6491185334748303,0.6517916666666667,0.0026731331918363743,1,0.03611648928499435,10.733409498812106,10.733409498812106,10.0,754.6530299525466,0.8222222222222222,0.06666666666666667,0.0014197168605569743,1.1975859365939485,14.0,90,90,USW00053872,USW00012834,2.385318441815719,0.14034510860382454,3.307027987287265e-08,,0,medium,0,650.8659102052627
NOAA,USW00012834_medium_Q1,mean,KMM + dependence,0.6491185334748303,0.6517916666666667,0.0026731331918363743,1,0.039523816259235366,10.733409498812106,8.96253802824286,10.0,754.6530299525466,0.8222222222222222,0.06666666666666667,0.0014197168605569743,1.1975859365939485,14.0,90,90,USW00053872,USW00012834,2.385318441815719,0.14034510860382454,3.307027987287265e-08,,0,medium,0,650.8659102052627
NOAA,USW00012834_medium_Q1,risk,Unweighted,0.0025721200145132554,0.0019530074190819934,0.000619112595431262,1,0.0006255123156889671,90.0,90.0,1.0,90.0,0.0,0.0,0.14034510860382454,1.1584615649312686,14.0,90,90,USW00053872,USW00012834,2.385318441815719,0.14034510860382454,3.307027987287265e-08,,0,medium,0,650.8659102052627
NOAA,USW00012834_medium_Q1,risk,Logistic IW,0.0020205025254601185,0.0019530074190819934,6.749510637812516e-05,1,0.0007969368111629374,18.210155506047432,18.210155506047432,10.0,292.8765212913282,0.0,0.011111111111111112,0.007177156814538677,1.3714003070619198,14.0,90,90,USW00053872,USW00012834,2.385318441815719,0.14034510860382454,3.307027987287265e-08,,0,medium,0,650.8659102052627
NOAA,USW00012834_medium_Q1,risk,KMM,0.0015704032637585774,0.0019530074190819934,0.00038260415532341595,1,0.0010095147790167517,10.733409498812106,10.733409498812106,10.0,754.6530299525466,0.8222222222222222,0.06666666666666667,0.0014197168605569743,1.3331153045524173,14.0,90,90,USW00053872,USW00012834,2.385318441815719,0.14034510860382454,3.307027987287265e-08,,0,medium,0,650.8659102052627
NOAA,USW00012834_medium_Q1,risk,KMM + dependence,0.0015704032637585774,0.0019530074190819934,0.00038260415532341595,1,0.001165591947421437,10.733409498812106,8.051373697503054,10.0,754.6530299525466,0.8222222222222222,0.06666666666666667,0.0014197168605569743,1.3331153045524173,14.0,90,90,USW00053872,USW00012834,2.385318441815719,0.14034510860382454,3.307027987287265e-08,,0,medium,0,650.8659102052627
NOAA,USW00012834_medium_Q2,mean,Unweighted,0.7165247252747252,0.7552472527472527,0.03872252747252747,0,0.01177899299053775,91.0,91.0,1.0,91.0,0.0,0.0,0.06579731888640583,6.543732529057027,14.0,91,91,USW00053872,USW00012834,2.3558516445391584,0.06579731888640583,1.6926874853904872e-08,,0,medium,0,650.8659102052627
NOAA,USW00012834_medium_Q2,mean,Logistic IW,0.7423646504948451,0.7552472527472527,0.01288260225240756,0,0.008306076810486056,21.283126989745668,21.283126989745668,10.0,383.5534878605034,0.0,0.02197802197802198,0.04599255651022438,2.668799055357562,14.0,91,91,USW00053872,USW00012834,2.3558516445391584,0.06579731888640583,1.6926874853904872e-08,,0,medium,0,650.8659102052627
NOAA,USW00012834_medium_Q2,mean,KMM,0.7493557503545216,0.7552472527472527,0.005891502392731063,1,0.013532332417494807,10.873491209691316,10.873491209691316,10.0,761.5769250467893,0.8131868131868132,0.04395604395604396,0.00046236518464426446,1.6092846122086244,14.0,91,91,USW00053872,USW00012834,2.3558516445391584,0.06579731888640583,1.6926874853904872e-08,,0,medium,0,650.8659102052627
NOAA,USW00012834_medium_Q2,mean,KMM + dependence,0.7493557503545216,0.7552472527472527,0.005891502392731063,1,0.017166789699009515,10.873491209691316,6.756723532432372,10.0,761.5769250467893,0.8131868131868132,0.04395604395604396,0.00046236518464426446,1.6092846122086244,14.0,91,91,USW00053872,USW00012834,2.3558516445391584,0.06579731888640583,1.6926874853904872e-08,,0,medium,0,650.8659102052627
NOAA,USW00012834_medium_Q2,risk,Unweighted,0.001395981220223985,0.0014018360313339463,5.85481110996133e-06,1,0.00042258105545986153,91.0,91.0,1.0,91.0,0.0,0.0,0.06579731888640583,0.6207977969571905,14.0,91,91,USW00053872,USW00012834,2.3558516445391584,0.06579731888640583,1.6926874853904872e-08,,0,medium,0,650.8659102052627
NOAA,USW00012834_medium_Q2,risk,Logistic IW,0.0013221051923244793,0.0014018360313339463,7.973083900946702e-05,1,0.000544312910673158,21.283126989745668,21.283126989745668,10.0,383.5534878605034,0.0,0.02197802197802198,0.04599255651022438,0.7519704567837683,14.0,91,91,USW00053872,USW00012834,2.3558516445391584,0.06579731888640583,1.6926874853904872e-08,,0,medium,0,650.8659102052627
NOAA,USW00012834_medium_Q2,risk,KMM,0.0018580521827904991,0.0014018360313339463,0.00045621615145655277,1,0.001493141545687585,10.873491209691316,10.873491209691316,10.0,761.5769250467893,0.8131868131868132,0.04395604395604396,0.00046236518464426446,1.183855970144887,14.0,91,91,USW00053872,USW00012834,2.3558516445391584,0.06579731888640583,1.6926874853904872e-08,,0,medium,0,650.8659102052627
NOAA,USW00012834_medium_Q2,risk,KMM + dependence,0.0018580521827904991,0.0014018360313339463,0.00045621615145655277,1,0.0016246148322787912,10.873491209691316,9.18480920306594,10.0,761.5769250467893,0.8131868131868132,0.04395604395604396,0.00046236518464426446,1.183855970144887,14.0,91,91,USW00053872,USW00012834,2.3558516445391584,0.06579731888640583,1.6926874853904872e-08,,0,medium,0,650.8659102052627
NOAA,USW00012834_medium_Q3,mean,Unweighted,0.7566805555555552,0.7727989130434786,0.01611835748792334,0,0.009554302840286476,90.0,90.0,1.0,90.0,0.0,0.0,0.1502338808727084,5.4947477512687355,14.0,90,92,USW00053872,USW00012834,2.3833959580142716,0.1502338808727084,1.0907356443511724e-08,,0,medium,0,650.8659102052627
NOAA,USW00012834_medium_Q3,mean,Logistic IW,0.7866442699118229,0.7727989130434786,0.013845356868344316,1,0.016643032198437917,27.56898475670112,27.56898475670112,4.800252880332734,110.62689803713724,0.0,0.0,0.02800309935794565,3.1382034053722263,14.0,90,92,USW00053872,USW00012834,2.3833959580142716,0.1502338808727084,1.0907356443511724e-08,,0,medium,0,650.8659102052627
NOAA,USW00012834_medium_Q3,mean,KMM,0.7784398196385345,0.7727989130434786,0.0056409065950558945,1,0.02514045422253536,9.954051902253337,9.954051902253337,10.0,813.7389758000376,0.8666666666666667,0.06666666666666667,0.007016448437127343,1.0403478257887668,14.0,90,92,USW00053872,USW00012834,2.3833959580142716,0.1502338808727084,1.0907356443511724e-08,,0,medium,0,650.8659102052627
NOAA,USW00012834_medium_Q3,mean,KMM + dependence,0.7784398196385345,0.7727989130434786,0.0056409065950558945,1,0.02564262031688109,9.954051902253337,9.568003753654613,10.0,813.7389758000376,0.8666666666666667,0.06666666666666667,0.007016448437127343,1.0403478257887668,14.0,90,92,USW00053872,USW00012834,2.3833959580142716,0.1502338808727084,1.0907356443511724e-08,,0,medium,0,650.8659102052627
NOAA,USW00012834_medium_Q3,risk,Unweighted,0.001534999310511964,0.0005561537391215418,0.0009788455713904223,0,0.00044070699393372115,90.0,90.0,1.0,90.0,0.0,0.0,0.1502338808727084,2.159868232381231,14.0,90,92,USW00053872,USW00012834,2.3833959580142716,0.1502338808727084,1.0907356443511724e-08,,0,medium,0,650.8659102052627
NOAA,USW00012834_medium_Q3,risk,Logistic IW,0.0019788389625029134,0.0005561537391215418,0.0014226852233813715,0,0.0009405013656806138,27.56898475670112,27.56898475670112,4.800252880332734,110.62689803713724,0.0,0.0,0.02800309935794565,1.1516518158833544,14.0,90,92,USW00053872,USW00012834,2.3833959580142716,0.1502338808727084,1.0907356443511724e-08,,0,medium,0,650.8659102052627
NOAA,USW00012834_medium_Q3,risk,KMM,0.001867530696819433,0.0005561537391215418,0.001311376957697891,0,0.001065422354745264,9.954051902253337,9.954051902253337,10.0,813.7389758000376,0.8666666666666667,0.06666666666666667,0.007016448437127343,0.24955339209375912,14.0,90,92,USW00053872,USW00012834,2.3833959580142716,0.1502338808727084,1.0907356443511724e-08,,0,medium,0,650.8659102052627
NOAA,USW00012834_medium_Q3,risk,KMM + dependence,0.001867530696819433,0.0005561537391215418,0.001311376957697891,0,0.001065422354745264,9.954051902253337,9.954051902253337,10.0,813.7389758000376,0.8666666666666667,0.06666666666666667,0.007016448437127343,0.24955339209375912,14.0,90,92,USW00053872,USW00012834,2.3833959580142716,0.1502338808727084,1.0907356443511724e-08,,0,medium,0,650.8659102052627
NOAA,USW00012834_medium_Q4,mean,Unweighted,0.5970926966292134,0.6877445652173914,0.09065186858817798,0,0.017194531224061282,89.0,89.0,1.0,89.0,0.0,0.0,0.16055885416249582,6.841873849624373,14.0,89,92,USW00053872,USW00012834,2.205922357722936,0.16055885416249582,3.113315505988538e-08,,0,medium,0,650.8659102052627
NOAA,USW00012834_medium_Q4,mean,Logistic IW,0.6615668023703154,0.6877445652173914,0.026177762847075958,0,0.017667741838708784,12.311016749369779,12.311016749369779,10.0,295.8236353936555,0.0,0.02247191011235955,0.023044337352749134,0.6085868348384678,14.0,89,92,USW00053872,USW00012834,2.205922357722936,0.16055885416249582,3.113315505988538e-08,,0,medium,0,650.8659102052627
NOAA,USW00012834_medium_Q4,mean,KMM,0.6603063128715755,0.6877445652173914,0.027438252345815872,1,0.032889923108981416,10.555476976627679,10.555476976627679,10.0,750.4161126530817,0.8651685393258427,0.056179775280898875,0.004679640083244507,0.8515109498390182,14.0,89,92,USW00053872,USW00012834,2.205922357722936,0.16055885416249582,3.113315505988538e-08,,0,medium,0,650.8659102052627
NOAA,USW00012834_medium_Q4,mean,KMM + dependence,0.6603063128715755,0.6877445652173914,0.027438252345815872,1,0.032889923108981416,10.555476976627679,10.555476976627679,10.0,750.4161126530817,0.8651685393258427,0.056179775280898875,0.004679640083244507,0.8515109498390182,14.0,89,92,USW00053872,USW00012834,2.205922357722936,0.16055885416249582,3.113315505988538e-08,,0,medium,0,650.8659102052627
NOAA,USW00012834_medium_Q4,risk,Unweighted,0.002421422661887362,0.0008883564571865039,0.0015330662047008583,0,0.0006710461763005823,89.0,89.0,1.0,89.0,0.0,0.0,0.16055885416249582,1.8113656323872207,14.0,89,92,USW00053872,USW00012834,2.205922357722936,0.16055885416249582,3.113315505988538e-08,,0,medium,0,650.8659102052627
NOAA,USW00012834_medium_Q4,risk,Logistic IW,0.0019937490359885294,0.0008883564571865039,0.0011053925788020256,0,0.0005140861162975717,12.311016749369779,12.311016749369779,10.0,295.8236353936555,0.0,0.02247191011235955,0.023044337352749134,1.512407147252133,14.0,89,92,USW00053872,USW00012834,2.205922357722936,0.16055885416249582,3.113315505988538e-08,,0,medium,0,650.8659102052627
NOAA,USW00012834_medium_Q4,risk,KMM,0.0018175051332217946,0.0008883564571865039,0.0009291486760352907,1,0.0009392735829513245,10.555476976627679,10.555476976627679,10.0,750.4161126530817,0.8651685393258427,0.056179775280898875,0.004679640083244507,1.1206515961669032,14.0,89,92,USW00053872,USW00012834,2.205922357722936,0.16055885416249582,3.113315505988538e-08,,0,medium,0,650.8659102052627
NOAA,USW00012834_medium_Q4,risk,KMM + dependence,0.0018175051332217946,0.0008883564571865039,0.0009291486760352907,1,0.0009943228389820355,10.555476976627679,9.419053176501796,10.0,750.4161126530817,0.8651685393258427,0.056179775280898875,0.004679640083244507,1.1206515961669032,14.0,89,92,USW00053872,USW00012834,2.205922357722936,0.16055885416249582,3.113315505988538e-08,,0,medium,0,650.8659102052627
NOAA,USW00012834_severe_Q1,mean,Unweighted,0.5086797752808989,0.6517916666666667,0.14311189138576774,0,0.023767609463884756,89.0,89.0,1.0,89.0,0.0,0.0,0.19061729526655813,7.9830134646597415,14.0,89,90,USW00003975,USW00012834,2.268196431838655,0.19061729526655813,4.1840775252088905e-08,,0,severe,0,1206.3010213297505
NOAA,USW00012834_severe_Q1,mean,Logistic IW,0.594567676192079,0.6517916666666667,0.057223990474587705,0,0.029687752270763684,11.599930054708178,11.599930054708178,10.0,266.1215770836923,0.0,0.011235955056179775,0.030251214303338214,3.4535618933302774,14.0,89,90,USW00003975,USW00012834,2.268196431838655,0.19061729526655813,4.1840775252088905e-08,,0,severe,0,1206.3010213297505
NOAA,USW00012834_severe_Q1,mean,KMM,0.5749785223042274,0.6517916666666667,0.07681314436243925,0,0.046607683585109416,9.945590370841957,9.945590370841957,10.0,796.4333644006498,0.8426966292134831,0.07865168539325842,0.014890544924431204,1.5823035027511096,14.0,89,90,USW00003975,USW00012834,2.268196431838655,0.19061729526655813,4.1840775252088905e-08,,0,severe,0,1206.3010213297505
NOAA,USW00012834_severe_Q1,mean,KMM + dependence,0.5749785223042274,0.6517916666666667,0.07681314436243925,0,0.05862764016588031,9.945590370841957,6.285513716900595,10.0,796.4333644006498,0.8426966292134831,0.07865168539325842,0.014890544924431204,1.5823035027511096,14.0,89,90,USW00003975,USW00012834,2.268196431838655,0.19061729526655813,4.1840775252088905e-08,,0,severe,0,1206.3010213297505
NOAA,USW00012834_severe_Q1,risk,Unweighted,0.002640037060843972,0.0019530074190819934,0.0006870296417619784,0,0.0006551822025785619,89.0,89.0,1.0,89.0,0.0,0.0,0.19061729526655813,0.5086603673335803,14.0,89,90,USW00003975,USW00012834,2.268196431838655,0.19061729526655813,4.1840775252088905e-08,,0,severe,0,1206.3010213297505
NOAA,USW00012834_severe_Q1,risk,Logistic IW,0.0025582481768619924,0.0019530074190819934,0.0006052407577799991,1,0.0012734418042726517,11.599930054708178,11.599930054708178,10.0,266.1215770836923,0.0,0.011235955056179775,0.030251214303338214,0.6103557991683505,14.0,89,90,USW00003975,USW00012834,2.268196431838655,0.19061729526655813,4.1840775252088905e-08,,0,severe,0,1206.3010213297505
NOAA,USW00012834_severe_Q1,risk,KMM,0.0023434486054233488,0.0019530074190819934,0.0003904411863413554,1,0.002507781021605479,9.945590370841957,9.945590370841957,10.0,796.4333644006498,0.8426966292134831,0.07865168539325842,0.014890544924431204,0.8062634390500519,14.0,89,90,USW00003975,USW00012834,2.268196431838655,0.19061729526655813,4.1840775252088905e-08,,0,severe,0,1206.3010213297505
NOAA,USW00012834_severe_Q1,risk,KMM + dependence,0.0023434486054233488,0.0019530074190819934,0.0003904411863413554,1,0.002507781021605479,9.945590370841957,9.945590370841956,10.0,796.4333644006498,0.8426966292134831,0.07865168539325842,0.014890544924431204,0.8062634390500519,14.0,89,90,USW00003975,USW00012834,2.268196431838655,0.19061729526655813,4.1840775252088905e-08,,0,severe,0,1206.3010213297505
NOAA,USW00012834_severe_Q2,mean,Unweighted,0.6963186813186815,0.7552472527472527,0.05892857142857122,0,0.013575875628465113,91.0,91.0,1.0,91.0,0.0,0.0,0.07869449171284959,7.5301731297954655,14.0,91,91,USW00003975,USW00012834,2.182871032607737,0.07869449171284959,6.292395060381494e-09,,0,severe,0,1206.3010213297505
NOAA,USW00012834_severe_Q2,mean,Logistic IW,0.7287441925674187,0.7552472527472527,0.026503060179833948,0,0.013365846146702644,25.372730339465416,25.372730339465416,10.0,228.0777768836161,0.0,0.01098901098901099,0.01010965278290854,5.771115155653941,14.0,91,91,USW00003975,USW00012834,2.182871032607737,0.07869449171284959,6.292395060381494e-09,,0,severe,0,1206.3010213297505
NOAA,USW00012834_severe_Q2,mean,KMM,0.726790738870373,0.7552472527472527,0.02845651387687964,0,0.02190449529533994,10.49724420483418,10.49724420483418,10.0,788.8737118439564,0.7802197802197802,0.054945054945054944,0.00041835789911526255,1.8859501074811897,14.0,91,91,USW00003975,USW00012834,2.182871032607737,0.07869449171284959,6.292395060381494e-09,,0,severe,0,1206.3010213297505
NOAA,USW00012834_severe_Q2,mean,KMM + dependence,0.726790738870373,0.7552472527472527,0.02845651387687964,1,0.030081421198129635,10.49724420483418,5.5660243413617865,10.0,788.8737118439564,0.7802197802197802,0.054945054945054944,0.00041835789911526255,1.8859501074811897,14.0,91,91,USW00003975,USW00012834,2.182871032607737,0.07869449171284959,6.292395060381494e-09,,0,severe,0,1206.3010213297505
NOAA,USW00012834_severe_Q2,risk,Unweighted,0.0011947765363497808,0.0014018360313339463,0.00020705949498416552,1,0.00033239212511295096,91.0,91.0,1.0,91.0,0.0,0.0,0.07869449171284959,1.753745648090302,14.0,91,91,USW00003975,USW00012834,2.182871032607737,0.07869449171284959,6.292395060381494e-09,,0,severe,0,1206.3010213297505
NOAA,USW00012834_severe_Q2,risk,Logistic IW,0.0007635510862521283,0.0014018360313339463,0.0006382849450818181,0,0.00026430281509711535,25.372730339465416,25.372730339465416,10.0,228.0777768836161,0.0,0.01098901098901099,0.01010965278290854,0.7463586528713512,14.0,91,91,USW00003975,USW00012834,2.182871032607737,0.07869449171284959,6.292395060381494e-09,,0,severe,0,1206.3010213297505
NOAA,USW00012834_severe_Q2,risk,KMM,0.0005425775022650812,0.0014018360313339463,0.0008592585290688651,0,0.00024902276341262034,10.49724420483418,10.49724420483418,10.0,788.8737118439564,0.7802197802197802,0.054945054945054944,0.00041835789911526255,0.7806910635529277,14.0,91,91,USW00003975,USW00012834,2.182871032607737,0.07869449171284959,6.292395060381494e-09,,0,severe,0,1206.3010213297505
NOAA,USW00012834_severe_Q2,risk,KMM + dependence,0.0005425775022650812,0.0014018360313339463,0.0008592585290688651,0,0.00024902276341262034,10.49724420483418,10.49724420483418,10.0,788.8737118439564,0.7802197802197802,0.054945054945054944,0.00041835789911526255,0.7806910635529277,14.0,91,91,USW00003975,USW00012834,2.182871032607737,0.07869449171284959,6.292395060381494e-09,,0,severe,0,1206.3010213297505
NOAA,USW00012834_severe_Q3,mean,Unweighted,0.7710597826086956,0.7727989130434786,0.0017391304347830205,1,0.007689891137884852,92.0,92.0,1.0,92.0,0.0,0.0,0.15457314213226425,3.676713120173329,14.0,92,92,USW00003975,USW00012834,2.2668718335552507,0.15457314213226425,2.1291613306049913e-08,,0,severe,0,1206.3010213297505
NOAA,USW00012834_severe_Q3,mean,Logistic IW,0.7902274480322655,0.7727989130434786,0.017428534988786937,0,0.016491788697056427,22.80399951159194,22.80399951159194,5.268019764964577,131.81330756908247,0.0,0.0,0.10337536804478953,2.2382468984594017,14.0,92,92,USW00003975,USW00012834,2.2668718335552507,0.15457314213226425,2.1291613306049913e-08,,0,severe,0,1206.3010213297505
NOAA,USW00012834_severe_Q3,mean,KMM,0.8003483094970847,0.7727989130434786,0.0275493964536061,0,0.02094698711805314,10.268161217287421,10.268161217287421,10.0,824.295589141133,0.8695652173913043,0.06521739130434782,0.01666443658376049,2.1088947875751303,14.0,92,92,USW00003975,USW00012834,2.2668718335552507,0.15457314213226425,2.1291613306049913e-08,,0,severe,0,1206.3010213297505
NOAA,USW00012834_severe_Q3,mean,KMM + dependence,0.8003483094970847,0.7727989130434786,0.0275493964536061,1,0.030419286436220046,10.268161217287421,4.86897747473408,10.0,824.295589141133,0.8695652173913043,0.06521739130434782,0.01666443658376049,2.1088947875751303,14.0,92,92,USW00003975,USW00012834,2.2668718335552507,0.15457314213226425,2.1291613306049913e-08,,0,severe,0,1206.3010213297505
NOAA,USW00012834_severe_Q3,risk,Unweighted,0.0012589581100385663,0.0005561537391215418,0.0007028043709170244,0,0.00038054207859803454,92.0,92.0,1.0,92.0,0.0,0.0,0.15457314213226425,3.377178104430284,14.0,92,92,USW00003975,USW00012834,2.2668718335552507,0.15457314213226425,2.1291613306049913e-08,,0,severe,0,1206.3010213297505
NOAA,USW00012834_severe_Q3,risk,Logistic IW,0.0011436591110177644,0.0005561537391215418,0.0005875053718962226,1,0.0006095677264572277,22.80399951159194,22.80399951159194,5.268019764964577,131.81330756908247,0.0,0.0,0.10337536804478953,1.8223292051843067,14.0,92,92,USW00003975,USW00012834,2.2668718335552507,0.15457314213226425,2.1291613306049913e-08,,0,severe,0,1206.3010213297505
NOAA,USW00012834_severe_Q3,risk,KMM,0.0027469644459242187,0.0005561537391215418,0.0021908107068026768,0,0.0016077474733670822,10.268161217287421,10.268161217287421,10.0,824.295589141133,0.8695652173913043,0.06521739130434782,0.01666443658376049,1.1381009729404343,14.0,92,92,USW00003975,USW00012834,2.2668718335552507,0.15457314213226425,2.1291613306049913e-08,,0,severe,0,1206.3010213297505
NOAA,USW00012834_severe_Q3,risk,KMM + dependence,0.0027469644459242187,0.0005561537391215418,0.0021908107068026768,0,0.0017151741910602938,10.268161217287421,9.022188242892252,10.0,824.295589141133,0.8695652173913043,0.06521739130434782,0.01666443658376049,1.1381009729404343,14.0,92,92,USW00003975,USW00012834,2.2668718335552507,0.15457314213226425,2.1291613306049913e-08,,0,severe,0,1206.3010213297505
NOAA,USW00012834_severe_Q4,mean,Unweighted,0.5817391304347826,0.6877445652173914,0.10600543478260871,0,0.02225016770134806,92.0,92.0,1.0,92.0,0.0,0.0,0.14279213142285885,8.534130720969241,14.0,92,92,USW00003975,USW00012834,2.2821960959608445,0.14279213142285885,5.634826618976148e-08,,0,severe,0,1206.3010213297505
NOAA,USW00012834_severe_Q4,mean,Logistic IW,0.6501770439835951,0.6877445652173914,0.03756752123379625,0,0.018374117166914297,15.025470280636569,15.025470280636569,10.0,396.57083889864873,0.0,0.010869565217391304,0.05921745055016814,1.2079591395561062,14.0,92,92,USW00003975,USW00012834,2.2821960959608445,0.14279213142285885,5.634826618976148e-08,,0,severe,0,1206.3010213297505
NOAA,USW00012834_severe_Q4,mean,KMM,0.6656506618039697,0.6877445652173914,0.022093903413421656,1,0.03508600737053496,11.10922699857833,11.10922699857833,10.0,761.8891936480518,0.8369565217391305,0.06521739130434782,0.004461772958908039,1.5343477618998735,14.0,92,92,USW00003975,USW00012834,2.2821960959608445,0.14279213142285885,5.634826618976148e-08,,0,severe,0,1206.3010213297505
NOAA,USW00012834_severe_Q4,mean,KMM + dependence,0.6656506618039697,0.6877445652173914,0.022093903413421656,1,0.04346061347315201,11.10922699857833,7.240357938686968,10.0,761.8891936480518,0.8369565217391305,0.06521739130434782,0.004461772958908039,1.5343477618998735,14.0,92,92,USW00003975,USW00012834,2.2821960959608445,0.14279213142285885,5.634826618976148e-08,,0,severe,0,1206.3010213297505
NOAA,USW00012834_severe_Q4,risk,Unweighted,0.00236248732926303,0.0008883564571865039,0.0014741308720765262,0,0.0007949074026567799,92.0,92.0,1.0,92.0,0.0,0.0,0.14279213142285885,1.2142702563042735,14.0,92,92,USW00003975,USW00012834,2.2821960959608445,0.14279213142285885,5.634826618976148e-08,,0,severe,0,1206.3010213297505
NOAA,USW00012834_severe_Q4,risk,Logistic IW,0.0012196073072973793,0.0008883564571865039,0.0003312508501108754,1,0.0005768767901906649,15.025470280636569,15.025470280636569,10.0,396.57083889864873,0.0,0.010869565217391304,0.05921745055016814,0.4888330568391843,14.0,92,92,USW00003975,USW00012834,2.2821960959608445,0.14279213142285885,5.634826618976148e-08,,0,severe,0,1206.3010213297505
NOAA,USW00012834_severe_Q4,risk,KMM,0.0013700663766272882,0.0008883564571865039,0.00048170991944078434,1,0.0010070043596921631,11.10922699857833,11.10922699857833,10.0,761.8891936480518,0.8369565217391305,0.06521739130434782,0.004461772958908039,0.7828479646622145,14.0,92,92,USW00003975,USW00012834,2.2821960959608445,0.14279213142285885,5.634826618976148e-08,,0,severe,0,1206.3010213297505
NOAA,USW00012834_severe_Q4,risk,KMM + dependence,0.0013700663766272882,0.0008883564571865039,0.00048170991944078434,1,0.0010070043596921631,11.10922699857833,11.10922699857833,10.0,761.8891936480518,0.8369565217391305,0.06521739130434782,0.004461772958908039,0.7828479646622145,14.0,92,92,USW00003975,USW00012834,2.2821960959608445,0.14279213142285885,5.634826618976148e-08,,0,severe,0,1206.3010213297505
NOAA,USW00053965_mild_Q1,mean,Unweighted,0.6089466292134831,0.5866569767441862,0.022289652469296928,1,0.023676033416765406,89.0,89.0,1.0,89.0,0.0,0.0,0.01379726924014002,6.302652437612712,14.0,89,86,USW00093984,USW00053965,2.1690265750874906,0.01379726924014002,2.2926930167097692e-08,,0,mild,0,242.88153976076225
NOAA,USW00053965_mild_Q1,mean,Logistic IW,0.5831440634134045,0.5866569767441862,0.0035129133307816307,1,0.029039032336901624,73.93687382230928,73.93687382230928,2.3666552123283595,106.53757877723177,0.0,0.0,0.0003705333335373151,5.087997115061526,14.0,89,86,USW00093984,USW00053965,2.1690265750874906,0.01379726924014002,2.2926930167097692e-08,,0,mild,0,242.88153976076225
NOAA,USW00053965_mild_Q1,mean,KMM,0.5722078000143891,0.5866569767441862,0.014449176729797064,1,0.0735992081535038,14.257650199672291,14.257650199672291,10.0,555.561392590629,0.6292134831460674,0.02247191011235955,2.3641117239403542e-05,1.4753100569482755,14.0,89,86,USW00093984,USW00053965,2.1690265750874906,0.01379726924014002,2.2926930167097692e-08,,0,mild,0,242.88153976076225
NOAA,USW00053965_mild_Q1,mean,KMM + dependence,0.5722078000143891,0.5866569767441862,0.014449176729797064,1,0.08939532205412178,14.257650199672291,9.6641720379543,10.0,555.561392590629,0.6292134831460674,0.02247191011235955,2.3641117239403542e-05,1.4753100569482755,14.0,89,86,USW00093984,USW00053965,2.1690265750874906,0.01379726924014002,2.2926930167097692e-08,,0,mild,0,242.88153976076225
NOAA,USW00053965_mild_Q1,risk,Unweighted,0.005853461328444411,0.00653898586619754,0.0006855245377531283,1,0.00128994672981635,89.0,89.0,1.0,89.0,0.0,0.0,0.01379726924014002,0.5695395793713979,14.0,89,86,USW00093984,USW00053965,2.1690265750874906,0.01379726924014002,2.2926930167097692e-08,,0,mild,0,242.88153976076225
NOAA,USW00053965_mild_Q1,risk,Logistic IW,0.00658145599742438,0.00653898586619754,4.247013122684034e-05,1,0.0014948984620088903,73.93687382230928,73.93687382230928,2.3666552123283595,106.53757877723177,0.0,0.0,0.0003705333335373151,0.3482279793805069,14.0,89,86,USW00093984,USW00053965,2.1690265750874906,0.01379726924014002,2.2926930167097692e-08,,0,mild,0,242.88153976076225
NOAA,USW00053965_mild_Q1,risk,KMM,0.005312545187637514,0.00653898586619754,0.0012264406785600255,1,0.0033995242300727535,14.257650199672291,14.257650199672291,10.0,555.561392590629,0.6292134831460674,0.02247191011235955,2.3641117239403542e-05,0.8519801116370623,14.0,89,86,USW00093984,USW00053965,2.1690265750874906,0.01379726924014002,2.2926930167097692e-08,,0,mild,0,242.88153976076225
NOAA,USW00053965_mild_Q1,risk,KMM + dependence,0.005312545187637514,0.00653898586619754,0.0012264406785600255,1,0.0033995242300727535,14.257650199672291,14.257650199672291,10.0,555.561392590629,0.6292134831460674,0.02247191011235955,2.3641117239403542e-05,0.8519801116370623,14.0,89,86,USW00093984,USW00053965,2.1690265750874906,0.01379726924014002,2.2926930167097692e-08,,0,mild,0,242.88153976076225
NOAA,USW00053965_mild_Q2,mean,Unweighted,0.751661931818182,0.7330255681818181,0.018636363636363895,0,0.011285728084554102,88.0,88.0,1.0,88.0,0.0,0.0,0.014506641329957493,5.20252035230802,14.0,88,88,USW00093984,USW00053965,2.1117806263935885,0.014506641329957493,4.1331756294019e-08,,0,mild,0,242.88153976076225
NOAA,USW00053965_mild_Q2,mean,Logistic IW,0.7422671676625304,0.7330255681818181,0.009241599480712348,1,0.017999381071999998,65.8041719003409,65.8041719003409,3.325453511766038,119.95232394760355,0.0,0.0,0.004819406237293267,4.0748285147400445,14.0,88,88,USW00093984,USW00053965,2.1117806263935885,0.014506641329957493,4.1331756294019e-08,,0,mild,0,242.88153976076225
NOAA,USW00053965_mild_Q2,mean,KMM,0.7462375567595347,0.7330255681818181,0.01321198857771666,1,0.02180203428510171,16.159711328424386,16.159711328424386,10.0,479.21648119905245,0.5568181818181818,0.022727272727272728,1.8010885382002684e-05,1.7918785073865668,14.0,88,88,USW00093984,USW00053965,2.1117806263935885,0.014506641329957493,4.1331756294019e-08,,0,mild,0,242.88153976076225
NOAA,USW00053965_mild_Q2,mean,KMM + dependence,0.7462375567595347,0.7330255681818181,0.01321198857771666,1,0.029184435571484393,16.159711328424386,9.018307469959629,10.0,479.21648119905245,0.5568181818181818,0.022727272727272728,1.8010885382002684e-05,1.7918785073865668,14.0,88,88,USW00093984,USW00053965,2.1117806263935885,0.014506641329957493,4.1331756294019e-08,,0,mild,0,242.88153976076225
NOAA,USW00053965_mild_Q2,risk,Unweighted,0.0014653523731253768,0.0018831398549700757,0.0004177874818446989,0,0.0003905077176841096,88.0,88.0,1.0,88.0,0.0,0.0,0.014506641329957493,2.72903972064016,14.0,88,88,USW00093984,USW00053965,2.1117806263935885,0.014506641329957493,4.1331756294019e-08,,0,mild,0,242.88153976076225
NOAA,USW00053965_mild_Q2,risk,Logistic IW,0.0015480816788800875,0.0018831398549700757,0.00033505817608998813,1,0.0005531896160309087,65.8041719003409,65.8041719003409,3.325453511766038,119.95232394760355,0.0,0.0,0.004819406237293267,2.1368579511673182,14.0,88,88,USW00093984,USW00053965,2.1117806263935885,0.014506641329957493,4.1331756294019e-08,,0,mild,0,242.88153976076225
NOAA,USW00053965_mild_Q2,risk,KMM,0.001424679855225422,0.0018831398549700757,0.00045845999974465364,1,0.000979678573754626,16.159711328424386,16.159711328424386,10.0,479.21648119905245,0.5568181818181818,0.022727272727272728,1.8010885382002684e-05,0.7556777125082269,14.0,88,88,USW00093984,USW00053965,2.1117806263935885,0.014506641329957493,4.1331756294019e-08,,0,mild,0,242.88153976076225
NOAA,USW00053965_mild_Q2,risk,KMM + dependence,0.001424679855225422,0.0018831398549700757,0.00045845999974465364,1,0.000979678573754626,16.159711328424386,16.159711328424386,10.0,479.21648119905245,0.5568181818181818,0.022727272727272728,1.8010885382002684e-05,0.7556777125082269,14.0,88,88,USW00093984,USW00053965,2.1117806263935885,0.014506641329957493,4.1331756294019e-08,,0,mild,0,242.88153976076225
NOAA,USW00053965_mild_Q3,mean,Unweighted,0.7986789772727275,0.8023749999999998,0.003696022727272319,1,0.007395657865029478,88.0,88.0,1.0,88.0,0.0,0.0,0.003592714091762206,3.6484777590755537,14.0,88,90,USW00093984,USW00053965,2.221835534860258,0.003592714091762206,4.598520649366288e-08,,0,mild,0,242.88153976076225
NOAA,USW00053965_mild_Q3,mean,Logistic IW,0.7997286340710679,0.8023749999999998,0.0026463659289319708,1,0.006879485041278145,83.12096583227334,83.12096583227334,1.6023393957645005,92.31975860618877,0.0,0.0,0.0010023482056289446,4.072496586343573,14.0,88,90,USW00093984,USW00053965,2.221835534860258,0.003592714091762206,4.598520649366288e-08,,0,mild,0,242.88153976076225
NOAA,USW00053965_mild_Q3,mean,KMM,0.7996140772604992,0.8023749999999998,0.002760922739500682,1,0.01349179421908212,26.902200581111074,26.902200581111074,7.734788635347684,287.85749242525975,0.375,0.0,6.202006363298374e-05,1.2036733228111156,14.0,88,90,USW00093984,USW00053965,2.221835534860258,0.003592714091762206,4.598520649366288e-08,,0,mild,0,242.88153976076225
NOAA,USW00053965_mild_Q3,mean,KMM + dependence,0.7996140772604992,0.8023749999999998,0.002760922739500682,1,0.014802123597062603,26.902200581111074,22.350084587969768,7.734788635347684,287.85749242525975,0.375,0.0,6.202006363298374e-05,1.2036733228111156,14.0,88,90,USW00093984,USW00053965,2.221835534860258,0.003592714091762206,4.598520649366288e-08,,0,mild,0,242.88153976076225
NOAA,USW00053965_mild_Q3,risk,Unweighted,0.002430092633656065,0.0029812042096159057,0.0005511115759598405,0,0.0005093680807695909,88.0,88.0,1.0,88.0,0.0,0.0,0.003592714091762206,2.355510698355293,14.0,88,90,USW00093984,USW00053965,2.221835534860258,0.003592714091762206,4.598520649366288e-08,,0,mild,0,242.88153976076225
NOAA,USW00053965_mild_Q3,risk,Logistic IW,0.0023198127931764122,0.0029812042096159057,0.0006613914164394935,0,0.0005307636621919957,83.12096583227334,83.12096583227334,1.6023393957645005,92.31975860618877,0.0,0.0,0.0010023482056289446,2.2017709740993654,14.0,88,90,USW00093984,USW00053965,2.221835534860258,0.003592714091762206,4.598520649366288e-08,,0,mild,0,242.88153976076225
NOAA,USW00053965_mild_Q3,risk,KMM,0.002428397457072309,0.0029812042096159057,0.0005528067525435968,1,0.001391399617806798,26.902200581111074,26.902200581111074,7.734788635347684,287.85749242525975,0.375,0.0,6.202006363298374e-05,1.1707315731996037,14.0,88,90,USW00093984,USW00053965,2.221835534860258,0.003592714091762206,4.598520649366288e-08,,0,mild,0,242.88153976076225
NOAA,USW00053965_mild_Q3,risk,KMM + dependence,0.002428397457072309,0.0029812042096159057,0.0005528067525435968,1,0.0015054992558431078,26.902200581111074,22.97896562880549,7.734788635347684,287.85749242525975,0.375,0.0,6.202006363298374e-05,1.1707315731996037,14.0,88,90,USW00093984,USW00053965,2.221835534860258,0.003592714091762206,4.598520649366288e-08,,0,mild,0,242.88153976076225
NOAA,USW00053965_mild_Q4,mean,Unweighted,0.6827445652173914,0.6729076086956521,0.009836956521739215,1,0.017861545152684424,92.0,92.0,1.0,92.0,0.0,0.0,0.013755446179790853,8.008988184686595,14.0,92,92,USW00093984,USW00053965,2.134751378593143,0.013755446179790853,3.1680866630074326e-08,,0,mild,0,242.88153976076225
NOAA,USW00053965_mild_Q4,mean,Logistic IW,0.6654783077659315,0.6729076086956521,0.007429300929720606,1,0.021252547269650753,77.891163506286,77.891163506286,2.1906748719206925,106.51199241595124,0.0,0.0,0.00115419983138354,7.227844568045004,14.0,92,92,USW00093984,USW00053965,2.134751378593143,0.013755446179790853,3.1680866630074326e-08,,0,mild,0,242.88153976076225
NOAA,USW00053965_mild_Q4,mean,KMM,0.655008595392921,0.6729076086956521,0.017899013302731137,1,0.043564796130129875,18.925202020473023,18.925202020473023,10.0,447.23432758306984,0.5543478260869565,0.010869565217391304,0.00012198728228596245,1.9197531941500632,14.0,92,92,USW00093984,USW00053965,2.134751378593143,0.013755446179790853,3.1680866630074326e-08,,0,mild,0,242.88153976076225
NOAA,USW00053965_mild_Q4,mean,KMM + dependence,0.655008595392921,0.6729076086956521,0.017899013302731137,1,0.060361272319720397,18.925202020473023,9.858143264531368,10.0,447.23432758306984,0.5543478260869565,0.010869565217391304,0.00012198728228596245,1.9197531941500632,14.0,92,92,USW00093984,USW00053965,2.134751378593143,0.013755446179790853,3.1680866630074326e-08,,0,mild,0,242.88153976076225
NOAA,USW00053965_mild_Q4,risk,Unweighted,0.00378898787005773,0.005686113502826296,0.0018971256327685658,0,0.0008651713651241078,92.0,92.0,1.0,92.0,0.0,0.0,0.013755446179790853,2.4284061199654174,14.0,92,92,USW00093984,USW00053965,2.134751378593143,0.013755446179790853,3.1680866630074326e-08,,0,mild,0,242.88153976076225
NOAA,USW00053965_mild_Q4,risk,Logistic IW,0.004093813994760499,0.005686113502826296,0.001592299508065797,0,0.0010104945733086113,77.891163506286,77.891163506286,2.1906748719206925,106.51199241595124,0.0,0.0,0.00115419983138354,1.812077875019547,14.0,92,92,USW00093984,USW00053965,2.134751378593143,0.013755446179790853,3.1680866630074326e-08,,0,mild,0,242.88153976076225
NOAA,USW00053965_mild_Q4,risk,KMM,0.003472594381442757,0.005686113502826296,0.002213519121383539,0,0.0017824942636367762,18.925202020473023,18.925202020473023,10.0,447.23432758306984,0.5543478260869565,0.010869565217391304,0.00012198728228596245,0.8169198858812794,14.0,92,92,USW00093984,USW00053965,2.134751378593143,0.013755446179790853,3.1680866630074326e-08,,0,mild,0,242.88153976076225
NOAA,USW00053965_mild_Q4,risk,KMM + dependence,0.003472594381442757,0.005686113502826296,0.002213519121383539,0,0.0017824942636367762,18.925202020473023,18.925202020473023,10.0,447.23432758306984,0.5543478260869565,0.010869565217391304,0.00012198728228596245,0.8169198858812794,14.0,92,92,USW00093984,USW00053965,2.134751378593143,0.013755446179790853,3.1680866630074326e-08,,0,mild,0,242.88153976076225
NOAA,USW00053965_medium_Q1,mean,Unweighted,0.6468333333333334,0.5866569767441862,0.06017635658914722,0,0.021173187503035575,90.0,90.0,1.0,90.0,0.0,0.0,0.023302804088096485,6.313042679993938,14.0,90,86,USW00022016,USW00053965,2.1769442519267947,0.023302804088096485,1.1613858659717224e-08,,0,medium,0,608.7647383924932
NOAA,USW00053965_medium_Q1,mean,Logistic IW,0.6149633546167063,0.5866569767441862,0.028306377872520105,0,0.027001154862615565,72.10504935394819,72.10504935394819,2.7009057800228864,107.73161318042214,0.0,0.0,0.003117674651408331,4.947363364381451,14.0,90,86,USW00022016,USW00053965,2.1769442519267947,0.023302804088096485,1.1613858659717224e-08,,0,medium,0,608.7647383924932
NOAA,USW00053965_medium_Q1,mean,KMM,0.5893895639407919,0.5866569767441862,0.0027325871966057402,1,0.058571634758197766,12.954300551444199,12.954300551444199,10.0,625.2749785936516,0.7777777777777778,0.03333333333333333,0.0008673124475833127,0.9510004134285172,14.0,90,86,USW00022016,USW00053965,2.1769442519267947,0.023302804088096485,1.1613858659717224e-08,,0,medium,0,608.7647383924932
NOAA,USW00053965_medium_Q1,mean,KMM + dependence,0.5893895639407919,0.5866569767441862,0.0027325871966057402,1,0.058571634758197766,12.954300551444199,12.954300551444199,10.0,625.2749785936516,0.7777777777777778,0.03333333333333333,0.0008673124475833127,0.9510004134285172,14.0,90,86,USW00022016,USW00053965,2.1769442519267947,0.023302804088096485,1.1613858659717224e-08,,0,medium,0,608.7647383924932
NOAA,USW00053965_medium_Q1,risk,Unweighted,0.006550113918060816,0.00653898586619754,1.11280518632767e-05,1,0.0015064360490374025,90.0,90.0,1.0,90.0,0.0,0.0,0.023302804088096485,0.9458322283304659,14.0,90,86,USW00022016,USW00053965,2.1769442519267947,0.023302804088096485,1.1613858659717224e-08,,0,medium,0,608.7647383924932
NOAA,USW00053965_medium_Q1,risk,Logistic IW,0.006364996520576492,0.00653898586619754,0.00017398934562104767,1,0.001615776426649963,72.10504935394819,72.10504935394819,2.7009057800228864,107.73161318042214,0.0,0.0,0.003117674651408331,0.6754948725782768,14.0,90,86,USW00022016,USW00053965,2.1769442519267947,0.023302804088096485,1.1613858659717224e-08,,0,medium,0,608.7647383924932
NOAA,USW00053965_medium_Q1,risk,KMM,0.005365944141787231,0.00653898586619754,0.0011730417244103083,1,0.003018717808439706,12.954300551444199,12.954300551444199,10.0,625.2749785936516,0.7777777777777778,0.03333333333333333,0.0008673124475833127,0.5238313988974429,14.0,90,86,USW00022016,USW00053965,2.1769442519267947,0.023302804088096485,1.1613858659717224e-08,,0,medium,0,608.7647383924932
NOAA,USW00053965_medium_Q1,risk,KMM + dependence,0.005365944141787231,0.00653898586619754,0.0011730417244103083,1,0.003018717808439706,12.954300551444199,12.954300551444197,10.0,625.2749785936516,0.7777777777777778,0.03333333333333333,0.0008673124475833127,0.5238313988974429,14.0,90,86,USW00022016,USW00053965,2.1769442519267947,0.023302804088096485,1.1613858659717224e-08,,0,medium,0,608.7647383924932
NOAA,USW00053965_medium_Q2,mean,Unweighted,0.7951666666666667,0.7330255681818181,0.06214109848484861,0,0.0124288625021009,90.0,90.0,1.0,90.0,0.0,0.0,0.014716158013436731,3.993005055094774,14.0,90,88,USW00022016,USW00053965,2.142866206158979,0.014716158013436731,2.4234057528862443e-08,,0,medium,0,608.7647383924932
NOAA,USW00053965_medium_Q2,mean,Logistic IW,0.7753538436700335,0.7330255681818181,0.04232827548821538,0,0.022386685727488666,72.80437833496985,72.80437833496985,3.1763007830057153,110.99702416124549,0.0,0.0,0.0023411566689293117,3.483961321204636,14.0,90,88,USW00022016,USW00053965,2.142866206158979,0.014716158013436731,2.4234057528862443e-08,,0,medium,0,608.7647383924932
NOAA,USW00053965_medium_Q2,mean,KMM,0.7727382153977006,0.7330255681818181,0.039712647215882524,0,0.029098079989149764,13.749870240157543,13.749870240157543,10.0,589.0964684410867,0.7555555555555555,0.011111111111111112,0.0001803567908273962,1.4526524158206793,14.0,90,88,USW00022016,USW00053965,2.142866206158979,0.014716158013436731,2.4234057528862443e-08,,0,medium,0,608.7647383924932
NOAA,USW00053965_medium_Q2,mean,KMM + dependence,0.7727382153977006,0.7330255681818181,0.039712647215882524,0,0.03507076091970843,13.749870240157543,9.465354609546788,10.0,589.0964684410867,0.7555555555555555,0.011111111111111112,0.0001803567908273962,1.4526524158206793,14.0,90,88,USW00022016,USW00053965,2.142866206158979,0.014716158013436731,2.4234057528862443e-08,,0,medium,0,608.7647383924932
NOAA,USW00053965_medium_Q2,risk,Unweighted,0.004484511159383932,0.0018831398549700757,0.002601371304413857,0,0.0010092019843017139,90.0,90.0,1.0,90.0,0.0,0.0,0.014716158013436731,1.9956848103609552,14.0,90,88,USW00022016,USW00053965,2.142866206158979,0.014716158013436731,2.4234057528862443e-08,,0,medium,0,608.7647383924932
NOAA,USW00053965_medium_Q2,risk,Logistic IW,0.003776783996143442,0.0018831398549700757,0.0018936441411733665,0,0.0008078010101721057,72.80437833496985,72.80437833496985,3.1763007830057153,110.99702416124549,0.0,0.0,0.0023411566689293117,2.1180538630516565,14.0,90,88,USW00022016,USW00053965,2.142866206158979,0.014716158013436731,2.4234057528862443e-08,,0,medium,0,608.7647383924932
NOAA,USW00053965_medium_Q2,risk,KMM,0.003224709131739756,0.0018831398549700757,0.0013415692767696802,1,0.001506002221063739,13.749870240157543,13.749870240157543,10.0,589.0964684410867,0.7555555555555555,0.011111111111111112,0.0001803567908273962,0.6777192591241008,14.0,90,88,USW00022016,USW00053965,2.142866206158979,0.014716158013436731,2.4234057528862443e-08,,0,medium,0,608.7647383924932
NOAA,USW00053965_medium_Q2,risk,KMM + dependence,0.003224709131739756,0.0018831398549700757,0.0013415692767696802,1,0.001506002221063739,13.749870240157543,13.749870240157541,10.0,589.0964684410867,0.7555555555555555,0.011111111111111112,0.0001803567908273962,0.6777192591241008,14.0,90,88,USW00022016,USW00053965,2.142866206158979,0.014716158013436731,2.4234057528862443e-08,,0,medium,0,608.7647383924932
NOAA,USW00053965_medium_Q3,mean,Unweighted,0.798967391304348,0.8023749999999998,0.0034076086956518203,1,0.006362369704367476,92.0,92.0,1.0,92.0,0.0,0.0,0.01577536623306397,4.816777372178612,14.0,92,90,USW00022016,USW00053965,2.1560049247516266,0.01577536623306397,5.138116855357333e-08,,0,medium,0,608.7647383924932
NOAA,USW00053965_medium_Q3,mean,Logistic IW,0.800334975450518,0.8023749999999998,0.0020400245494818225,1,0.006685973569511723,86.44317878526046,86.44317878526046,1.7110241987180663,97.15693694241484,0.0,0.0,0.012561359364726687,4.850479386560869,14.0,92,90,USW00022016,USW00053965,2.1560049247516266,0.01577536623306397,5.138116855357333e-08,,0,medium,0,608.7647383924932
NOAA,USW00053965_medium_Q3,mean,KMM,0.7916644391975137,0.8023749999999998,0.010710560802486113,1,0.013454316080762089,15.726000629961039,15.726000629961039,10.0,538.2169439745828,0.6413043478260869,0.043478260869565216,6.108095741419461e-05,2.4757776356812276,14.0,92,90,USW00022016,USW00053965,2.1560049247516266,0.01577536623306397,5.138116855357333e-08,,0,medium,0,608.7647383924932
NOAA,USW00053965_medium_Q3,mean,KMM + dependence,0.7916644391975137,0.8023749999999998,0.010710560802486113,1,0.021169833584877788,15.726000629961039,6.351943891614449,10.0,538.2169439745828,0.6413043478260869,0.043478260869565216,6.108095741419461e-05,2.4757776356812276,14.0,92,90,USW00022016,USW00053965,2.1560049247516266,0.01577536623306397,5.138116855357333e-08,,0,medium,0,608.7647383924932
NOAA,USW00053965_medium_Q3,risk,Unweighted,0.0023755207529999847,0.0029812042096159057,0.0006056834566159209,0,0.00049085907494131,92.0,92.0,1.0,92.0,0.0,0.0,0.01577536623306397,1.878111944688687,14.0,92,90,USW00022016,USW00053965,2.1560049247516266,0.01577536623306397,5.138116855357333e-08,,0,medium,0,608.7647383924932
NOAA,USW00053965_medium_Q3,risk,Logistic IW,0.0023930350352376457,0.0029812042096159057,0.00058816917437826,0,0.0005473130335543557,86.44317878526046,86.44317878526046,1.7110241987180663,97.15693694241484,0.0,0.0,0.012561359364726687,1.8225770342517869,14.0,92,90,USW00022016,USW00053965,2.1560049247516266,0.01577536623306397,5.138116855357333e-08,,0,medium,0,608.7647383924932
NOAA,USW00053965_medium_Q3,risk,KMM,0.0018777672079775298,0.0029812042096159057,0.001103437001638376,0,0.0006807834317533639,15.726000629961039,15.726000629961039,10.0,538.2169439745828,0.6413043478260869,0.043478260869565216,6.108095741419461e-05,1.5673035890373397,14.0,92,90,USW00022016,USW00053965,2.1560049247516266,0.01577536623306397,5.138116855357333e-08,,0,medium,0,608.7647383924932
NOAA,USW00053965_medium_Q3,risk,KMM + dependence,0.0018777672079775298,0.0029812042096159057,0.001103437001638376,0,0.0008522863674081782,15.726000629961039,10.033793541951994,10.0,538.2169439745828,0.6413043478260869,0.043478260869565216,6.108095741419461e-05,1.5673035890373397,14.0,92,90,USW00022016,USW00053965,2.1560049247516266,0.01577536623306397,5.138116855357333e-08,,0,medium,0,608.7647383924932
NOAA,USW00053965_medium_Q4,mean,Unweighted,0.7035597826086957,0.6729076086956521,0.030652173913043534,0,0.013496926850515718,92.0,92.0,1.0,92.0,0.0,0.0,0.020968048828329033,6.87133476058334,14.0,92,92,USW00022016,USW00053965,2.0683919744874286,0.020968048828329033,9.045183366669956e-09,,0,medium,0,608.7647383924932
NOAA,USW00053965_medium_Q4,mean,Logistic IW,0.6952596676366697,0.6729076086956521,0.02235205894101755,0,0.015074605528806415,80.05691118794208,80.05691118794208,2.1434366482719587,92.9733621407178,0.0,0.0,0.012408254023408949,5.605707317805599,14.0,92,92,USW00022016,USW00053965,2.0683919744874286,0.020968048828329033,9.045183366669956e-09,,0,medium,0,608.7647383924932
NOAA,USW00053965_medium_Q4,mean,KMM,0.6846258160201849,0.6729076086956521,0.01171820732453277,1,0.0419009975957991,12.086117204705664,12.086117204705664,10.0,700.3076220959216,0.8369565217391305,0.043478260869565216,0.002006754949653855,1.6424968413000467,14.0,92,92,USW00022016,USW00053965,2.0683919744874286,0.020968048828329033,9.045183366669956e-09,,0,medium,0,608.7647383924932
NOAA,USW00053965_medium_Q4,mean,KMM + dependence,0.6846258160201849,0.6729076086956521,0.01171820732453277,1,0.05370029042293443,12.086117204705664,7.358380790029054,10.0,700.3076220959216,0.8369565217391305,0.043478260869565216,0.002006754949653855,1.6424968413000467,14.0,92,92,USW00022016,USW00053965,2.0683919744874286,0.020968048828329033,9.045183366669956e-09,,0,medium,0,608.7647383924932
NOAA,USW00053965_medium_Q4,risk,Unweighted,0.005704238560382131,0.005686113502826296,1.812505755583501e-05,1,0.001053029775898489,92.0,92.0,1.0,92.0,0.0,0.0,0.020968048828329033,1.9839230364514402,14.0,92,92,USW00022016,USW00053965,2.0683919744874286,0.020968048828329033,9.045183366669956e-09,,0,medium,0,608.7647383924932
NOAA,USW00053965_medium_Q4,risk,Logistic IW,0.005697985915995304,0.005686113502826296,1.1872413169008132e-05,1,0.0010718065971472906,80.05691118794208,80.05691118794208,2.1434366482719587,92.9733621407178,0.0,0.0,0.012408254023408949,1.331096223874949,14.0,92,92,USW00022016,USW00053965,2.0683919744874286,0.020968048828329033,9.045183366669956e-09,,0,medium,0,608.7647383924932
NOAA,USW00053965_medium_Q4,risk,KMM,0.006324412495880102,0.005686113502826296,0.0006382989930538065,1,0.002477395275076976,12.086117204705664,12.086117204705664,10.0,700.3076220959216,0.8369565217391305,0.043478260869565216,0.002006754949653855,0.8126505780324252,14.0,92,92,USW00022016,USW00053965,2.0683919744874286,0.020968048828329033,9.045183366669956e-09,,0,medium,0,608.7647383924932
NOAA,USW00053965_medium_Q4,risk,KMM + dependence,0.006324412495880102,0.005686113502826296,0.0006382989930538065,1,0.002477395275076976,12.086117204705664,12.086117204705664,10.0,700.3076220959216,0.8369565217391305,0.043478260869565216,0.002006754949653855,0.8126505780324252,14.0,92,92,USW00022016,USW00053965,2.0683919744874286,0.020968048828329033,9.045183366669956e-09,,0,medium,0,608.7647383924932
NOAA,USW00053965_severe_Q1,mean,Unweighted,0.44352777777777763,0.5866569767441862,0.14312919896640852,0,0.02537457453065987,90.0,90.0,1.0,90.0,0.0,0.0,0.10283105701409534,7.674960940495498,14.0,90,86,USW00014923,USW00053965,2.1931471841590158,0.10283105701409534,2.002481363986429e-08,,0,severe,0,1166.9843247519784
NOAA,USW00053965_severe_Q1,mean,Logistic IW,0.5163958078157753,0.5866569767441862,0.07026116892841083,0,0.0495459709600083,24.1696462997378,24.1696462997378,8.661155569721851,192.15832484985015,0.0,0.0,0.013442487450822105,2.636416742991664,14.0,90,86,USW00014923,USW00053965,2.1931471841590158,0.10283105701409534,2.002481363986429e-08,,0,severe,0,1166.9843247519784
NOAA,USW00053965_severe_Q1,mean,KMM,0.5285459488405918,0.5866569767441862,0.05811102790359435,1,0.06527336446324582,10.590248961918368,10.590248961918368,9.999999999999998,764.8545401649111,0.8222222222222222,0.07777777777777778,0.002497232526052384,1.884664190003218,14.0,90,86,USW00014923,USW00053965,2.1931471841590158,0.10283105701409534,2.002481363986429e-08,,0,severe,0,1166.9843247519784
NOAA,USW00053965_severe_Q1,mean,KMM + dependence,0.5285459488405918,0.5866569767441862,0.05811102790359435,1,0.08960928003340168,10.590248961918368,5.6191702575408335,9.999999999999998,764.8545401649111,0.8222222222222222,0.07777777777777778,0.002497232526052384,1.884664190003218,14.0,90,86,USW00014923,USW00053965,2.1931471841590158,0.10283105701409534,2.002481363986429e-08,,0,severe,0,1166.9843247519784
NOAA,USW00053965_severe_Q1,risk,Unweighted,0.002979627597263166,0.00653898586619754,0.0035593582689343738,0,0.0007301227405028699,90.0,90.0,1.0,90.0,0.0,0.0,0.10283105701409534,0.9191700985361583,14.0,90,86,USW00014923,USW00053965,2.1931471841590158,0.10283105701409534,2.002481363986429e-08,,0,severe,0,1166.9843247519784
NOAA,USW00053965_severe_Q1,risk,Logistic IW,0.0026209292831219848,0.00653898586619754,0.0039180565830755545,0,0.0010184189728275805,24.1696462997378,24.1696462997378,8.661155569721851,192.15832484985015,0.0,0.0,0.013442487450822105,1.1687015876418305,14.0,90,86,USW00014923,USW00053965,2.1931471841590158,0.10283105701409534,2.002481363986429e-08,,0,severe,0,1166.9843247519784
NOAA,USW00053965_severe_Q1,risk,KMM,0.001996597887777167,0.00653898586619754,0.004542387978420373,0,0.0013411575940500268,10.590248961918368,10.590248961918368,9.999999999999998,764.8545401649111,0.8222222222222222,0.07777777777777778,0.002497232526052384,0.7942514483226314,14.0,90,86,USW00014923,USW00053965,2.1931471841590158,0.10283105701409534,2.002481363986429e-08,,0,severe,0,1166.9843247519784
NOAA,USW00053965_severe_Q1,risk,KMM + dependence,0.001996597887777167,0.00653898586619754,0.004542387978420373,0,0.0013411575940500268,10.590248961918368,10.590248961918368,9.999999999999998,764.8545401649111,0.8222222222222222,0.07777777777777778,0.002497232526052384,0.7942514483226314,14.0,90,86,USW00014923,USW00053965,2.1931471841590158,0.10283105701409534,2.002481363986429e-08,,0,severe,0,1166.9843247519784
NOAA,USW00053965_severe_Q2,mean,Unweighted,0.6676785714285712,0.7330255681818181,0.06534699675324684,0,0.017067217789579033,91.0,91.0,1.0,91.0,0.0,0.0,0.09793394244828546,7.49397465813791,14.0,91,88,USW00014923,USW00053965,2.146626825908742,0.09793394244828546,1.9247417610634606e-08,,0,severe,0,1166.9843247519784
NOAA,USW00053965_severe_Q2,mean,Logistic IW,0.7220910732751641,0.7330255681818181,0.010934494906653991,1,0.02704047197470241,24.920265249541092,24.920265249541092,6.858535529519367,189.58740818597818,0.0,0.0,0.014594002941391349,3.4948633545434027,14.0,91,88,USW00014923,USW00053965,2.146626825908742,0.09793394244828546,1.9247417610634606e-08,,0,severe,0,1166.9843247519784
NOAA,USW00053965_severe_Q2,mean,KMM,0.7482403709651635,0.7330255681818181,0.015214802783345416,1,0.026468843656812423,10.410703410915625,10.410703410915625,9.999999999999991,795.4313626221813,0.8241758241758241,0.054945054945054944,0.0035237136220926946,1.6349050669254277,14.0,91,88,USW00014923,USW00053965,2.146626825908742,0.09793394244828546,1.9247417610634606e-08,,0,severe,0,1166.9843247519784
NOAA,USW00053965_severe_Q2,mean,KMM + dependence,0.7482403709651635,0.7330255681818181,0.015214802783345416,1,0.03384396510638873,10.410703410915625,6.367772430049288,9.999999999999991,795.4313626221813,0.8241758241758241,0.054945054945054944,0.0035237136220926946,1.6349050669254277,14.0,91,88,USW00014923,USW00053965,2.146626825908742,0.09793394244828546,1.9247417610634606e-08,,0,severe,0,1166.9843247519784
NOAA,USW00053965_severe_Q2,risk,Unweighted,0.0023850464370565776,0.0018831398549700757,0.0005019065820865019,1,0.000729559030013152,91.0,91.0,1.0,91.0,0.0,0.0,0.09793394244828546,1.2178355090749384,14.0,91,88,USW00014923,USW00053965,2.146626825908742,0.09793394244828546,1.9247417610634606e-08,,0,severe,0,1166.9843247519784
NOAA,USW00053965_severe_Q2,risk,Logistic IW,0.0019933987492025576,0.0018831398549700757,0.00011025889423248191,1,0.0007447248437688089,24.920265249541092,24.920265249541092,6.858535529519367,189.58740818597818,0.0,0.0,0.014594002941391349,2.0776564390185777,14.0,91,88,USW00014923,USW00053965,2.146626825908742,0.09793394244828546,1.9247417610634606e-08,,0,severe,0,1166.9843247519784
NOAA,USW00053965_severe_Q2,risk,KMM,0.001973096630831215,0.0018831398549700757,8.995677586113942e-05,1,0.0011978288238783314,10.410703410915625,10.410703410915625,9.999999999999991,795.4313626221813,0.8241758241758241,0.054945054945054944,0.0035237136220926946,1.6333359979108966,14.0,91,88,USW00014923,USW00053965,2.146626825908742,0.09793394244828546,1.9247417610634606e-08,,0,severe,0,1166.9843247519784
NOAA,USW00053965_severe_Q2,risk,KMM + dependence,0.001973096630831215,0.0018831398549700757,8.995677586113942e-05,1,0.001530849604718046,10.410703410915625,6.373889649301393,9.999999999999991,795.4313626221813,0.8241758241758241,0.054945054945054944,0.0035237136220926946,1.6333359979108966,14.0,91,88,USW00014923,USW00053965,2.146626825908742,0.09793394244828546,1.9247417610634606e-08,,0,severe,0,1166.9843247519784
NOAA,USW00053965_severe_Q3,mean,Unweighted,0.7321059782608696,0.8023749999999998,0.07026902173913019,0,0.008798136053714276,92.0,92.0,1.0,92.0,0.0,0.0,0.11519188354162857,3.9598088849118738,14.0,92,90,USW00014923,USW00053965,2.291130196542644,0.11519188354162857,2.7807258289674397e-08,,0,severe,0,1166.9843247519784
NOAA,USW00053965_severe_Q3,mean,Logistic IW,0.7681517493992318,0.8023749999999998,0.03422325060076803,0,0.01309839995537521,20.391281378864544,20.391281378864544,8.956949195540396,352.7305609669308,0.0,0.0,0.003005526416915094,0.8031011189126251,14.0,92,90,USW00014923,USW00053965,2.291130196542644,0.11519188354162857,2.7807258289674397e-08,,0,severe,0,1166.9843247519784
NOAA,USW00053965_severe_Q3,mean,KMM,0.775628823173515,0.8023749999999998,0.026746176826484835,0,0.013057812382236437,12.425769914462242,12.425769914462242,10.0,681.165035105698,0.75,0.043478260869565216,8.467608298778906e-05,1.0407523186630285,14.0,92,90,USW00014923,USW00053965,2.291130196542644,0.11519188354162857,2.7807258289674397e-08,,0,severe,0,1166.9843247519784
NOAA,USW00053965_severe_Q3,mean,KMM + dependence,0.775628823173515,0.8023749999999998,0.026746176826484835,0,0.013321223591444843,12.425769914462242,11.939219054947328,10.0,681.165035105698,0.75,0.043478260869565216,8.467608298778906e-05,1.0407523186630285,14.0,92,90,USW00014923,USW00053965,2.291130196542644,0.11519188354162857,2.7807258289674397e-08,,0,severe,0,1166.9843247519784
NOAA,USW00053965_severe_Q3,risk,Unweighted,0.0012151816654700491,0.0029812042096159057,0.0017660225441458565,0,0.00035254563970345964,92.0,92.0,1.0,92.0,0.0,0.0,0.11519188354162857,1.1056426671085537,14.0,92,90,USW00014923,USW00053965,2.291130196542644,0.11519188354162857,2.7807258289674397e-08,,0,severe,0,1166.9843247519784
NOAA,USW00053965_severe_Q3,risk,Logistic IW,0.0012928841021662832,0.0029812042096159057,0.0016883201074496224,0,0.0010788973809236102,20.391281378864544,20.391281378864544,8.956949195540396,352.7305609669308,0.0,0.0,0.003005526416915094,0.9631824032996948,14.0,92,90,USW00014923,USW00053965,2.291130196542644,0.11519188354162857,2.7807258289674397e-08,,0,severe,0,1166.9843247519784
NOAA,USW00053965_severe_Q3,risk,KMM,0.0012769796126422095,0.0029812042096159057,0.0017042245969736962,0,0.0011768596050046637,12.425769914462242,12.425769914462242,10.0,681.165035105698,0.75,0.043478260869565216,8.467608298778906e-05,0.7963903091361622,14.0,92,90,USW00014923,USW00053965,2.291130196542644,0.11519188354162857,2.7807258289674397e-08,,0,severe,0,1166.9843247519784
NOAA,USW00053965_severe_Q3,risk,KMM + dependence,0.0012769796126422095,0.0029812042096159057,0.0017042245969736962,0,0.0011768596050046637,12.425769914462242,12.425769914462244,10.0,681.165035105698,0.75,0.043478260869565216,8.467608298778906e-05,0.7963903091361622,14.0,92,90,USW00014923,USW00053965,2.291130196542644,0.11519188354162857,2.7807258289674397e-08,,0,severe,0,1166.9843247519784
NOAA,USW00053965_severe_Q4,mean,Unweighted,0.5132880434782608,0.6729076086956521,0.1596195652173913,0,0.02603691111171222,92.0,92.0,1.0,92.0,0.0,0.0,0.08030590161773432,9.815423773843463,14.0,92,92,USW00014923,USW00053965,2.167394203405393,0.08030590161773432,1.6918969243519654e-08,,0,severe,0,1166.9843247519784
NOAA,USW00053965_severe_Q4,mean,Logistic IW,0.5578662160240853,0.6729076086956521,0.11504139267156688,0,0.0370429728551141,30.999202346973146,30.999202346973146,5.637748285802796,186.58614626725344,0.0,0.0,0.009200255532997303,4.680928481552859,14.0,92,92,USW00014923,USW00053965,2.167394203405393,0.08030590161773432,1.6918969243519654e-08,,0,severe,0,1166.9843247519784
NOAA,USW00053965_severe_Q4,mean,KMM,0.5645496749466371,0.6729076086956521,0.10835793374901503,0,0.062154854020111415,11.22058647220037,11.22058647220037,10.0,754.3277725250844,0.7717391304347826,0.06521739130434782,0.000538762260764436,2.2722600246319655,14.0,92,92,USW00014923,USW00053965,2.167394203405393,0.08030590161773432,1.6918969243519654e-08,,0,severe,0,1166.9843247519784
NOAA,USW00053965_severe_Q4,mean,KMM + dependence,0.5645496749466371,0.6729076086956521,0.10835793374901503,0,0.09369233548853934,11.22058647220037,4.938073262111694,10.0,754.3277725250844,0.7717391304347826,0.06521739130434782,0.000538762260764436,2.2722600246319655,14.0,92,92,USW00014923,USW00053965,2.167394203405393,0.08030590161773432,1.6918969243519654e-08,,0,severe,0,1166.9843247519784
NOAA,USW00053965_severe_Q4,risk,Unweighted,0.0031208371308308748,0.005686113502826296,0.002565276371995421,0,0.0008026387364676414,92.0,92.0,1.0,92.0,0.0,0.0,0.08030590161773432,1.7321127600572628,14.0,92,92,USW00014923,USW00053965,2.167394203405393,0.08030590161773432,1.6918969243519654e-08,,0,severe,0,1166.9843247519784
NOAA,USW00053965_severe_Q4,risk,Logistic IW,0.003745600997395089,0.005686113502826296,0.001940512505431207,0,0.0016718166237114163,30.999202346973146,30.999202346973146,5.637748285802796,186.58614626725344,0.0,0.0,0.009200255532997303,0.9250161371266837,14.0,92,92,USW00014923,USW00053965,2.167394203405393,0.08030590161773432,1.6918969243519654e-08,,0,severe,0,1166.9843247519784
NOAA,USW00053965_severe_Q4,risk,KMM,0.003740230228120599,0.005686113502826296,0.0019458832747056968,1,0.0022483660300057274,11.22058647220037,11.22058647220037,10.0,754.3277725250844,0.7717391304347826,0.06521739130434782,0.000538762260764436,0.9676755825773156,14.0,92,92,USW00014923,USW00053965,2.167394203405393,0.08030590161773432,1.6918969243519654e-08,,0,severe,0,1166.9843247519784
NOAA,USW00053965_severe_Q4,risk,KMM + dependence,0.003740230228120599,0.005686113502826296,0.0019458832747056968,1,0.0022483660300057274,11.22058647220037,11.22058647220037,10.0,754.3277725250844,0.7717391304347826,0.06521739130434782,0.000538762260764436,0.9676755825773156,14.0,92,92,USW00014923,USW00053965,2.167394203405393,0.08030590161773432,1.6918969243519654e-08,,0,severe,0,1166.9843247519784
NOAA,USW00024283_mild_Q1,mean,Unweighted,0.5432865168539327,0.534625,0.008661516853932683,0,0.005395676389023747,89.0,89.0,1.0,89.0,0.0,0.0,0.08155238354530714,2.356162400121222,14.0,89,90,USW00093245,USW00024283,2.496876102716003,0.08155238354530714,3.5231237536161465e-08,,0,mild,0,308.3710038986007
NOAA,USW00024283_mild_Q1,mean,Logistic IW,0.5374848653978478,0.534625,0.0028598653978477717,1,0.004763425951249884,27.5328739537709,27.5328739537709,10.0,182.4728285301109,0.0,0.011235955056179775,0.05126964619227303,2.8929636140714265,14.0,89,90,USW00093245,USW00024283,2.496876102716003,0.08155238354530714,3.5231237536161465e-08,,0,mild,0,308.3710038986007
NOAA,USW00024283_mild_Q1,mean,KMM,0.5421138737351212,0.534625,0.007488873735121193,1,0.017934631991198727,11.170518876882966,11.170518876882966,9.999999999999988,709.0986629450366,0.8089887640449438,0.06741573033707865,0.0075842396032490544,1.3138318633858808,14.0,89,90,USW00093245,USW00024283,2.496876102716003,0.08155238354530714,3.5231237536161465e-08,,0,mild,0,308.3710038986007
NOAA,USW00024283_mild_Q1,mean,KMM + dependence,0.5421138737351212,0.534625,0.007488873735121193,1,0.020557124436279245,11.170518876882966,8.502243847318015,9.999999999999988,709.0986629450366,0.8089887640449438,0.06741573033707865,0.0075842396032490544,1.3138318633858808,14.0,89,90,USW00093245,USW00024283,2.496876102716003,0.08155238354530714,3.5231237536161465e-08,,0,mild,0,308.3710038986007
NOAA,USW00024283_mild_Q1,risk,Unweighted,0.0036586166006684494,0.0013176773159978502,0.002340939284670599,0,0.000789108231641569,89.0,89.0,1.0,89.0,0.0,0.0,0.08155238354530714,1.3106668251989217,14.0,89,90,USW00093245,USW00024283,2.496876102716003,0.08155238354530714,3.5231237536161465e-08,,0,mild,0,308.3710038986007
NOAA,USW00024283_mild_Q1,risk,Logistic IW,0.0018788108238101066,0.0013176773159978502,0.0005611335078122563,1,0.0007044198158292981,27.5328739537709,27.5328739537709,10.0,182.4728285301109,0.0,0.011235955056179775,0.05126964619227303,0.6176976933823151,14.0,89,90,USW00093245,USW00024283,2.496876102716003,0.08155238354530714,3.5231237536161465e-08,,0,mild,0,308.3710038986007
NOAA,USW00024283_mild_Q1,risk,KMM,0.0018334876673965995,0.0013176773159978502,0.0005158103513987493,1,0.0010452105002082411,11.170518876882966,11.170518876882966,9.999999999999988,709.0986629450366,0.8089887640449438,0.06741573033707865,0.0075842396032490544,1.3202321546470543,14.0,89,90,USW00093245,USW00024283,2.496876102716003,0.08155238354530714,3.5231237536161465e-08,,0,mild,0,308.3710038986007
NOAA,USW00024283_mild_Q1,risk,KMM + dependence,0.0018334876673965995,0.0013176773159978502,0.0005158103513987493,1,0.001200961034875093,11.170518876882966,8.461026219944817,9.999999999999988,709.0986629450366,0.8089887640449438,0.06741573033707865,0.0075842396032490544,1.3202321546470543,14.0,89,90,USW00093245,USW00024283,2.496876102716003,0.08155238354530714,3.5231237536161465e-08,,0,mild,0,308.3710038986007
NOAA,USW00024283_mild_Q2,mean,Unweighted,0.5568406593406593,0.5641208791208792,0.007280219780219865,0,0.00331086714062641,91.0,91.0,1.0,91.0,0.0,0.0,0.05225734794523551,6.8793883913310045,14.0,91,91,USW00093245,USW00024283,2.1795146134800025,0.05225734794523551,3.408426893975277e-08,,0,mild,0,308.3710038986007
NOAA,USW00024283_mild_Q2,mean,Logistic IW,0.5555847413165674,0.5641208791208792,0.008536137804311728,0,0.006848239974309247,53.054733963051284,53.054733963051284,5.785212767582438,122.05174689864744,0.0,0.0,0.01872129423155,2.483333699155872,14.0,91,91,USW00093245,USW00024283,2.1795146134800025,0.05225734794523551,3.408426893975277e-08,,0,mild,0,308.3710038986007
NOAA,USW00024283_mild_Q2,mean,KMM,0.5549433721855023,0.5641208791208792,0.009177506935376889,1,0.009523804709888183,10.851904003024051,10.851904003024051,10.0,763.0918959191283,0.8461538461538461,0.054945054945054944,0.0032115697621057926,1.378549829550867,14.0,91,91,USW00093245,USW00024283,2.1795146134800025,0.05225734794523551,3.408426893975277e-08,,0,mild,0,308.3710038986007
NOAA,USW00024283_mild_Q2,mean,KMM + dependence,0.5549433721855023,0.5641208791208792,0.009177506935376889,1,0.011182057363841333,10.851904003024051,7.871970798879002,10.0,763.0918959191283,0.8461538461538461,0.054945054945054944,0.0032115697621057926,1.378549829550867,14.0,91,91,USW00093245,USW00024283,2.1795146134800025,0.05225734794523551,3.408426893975277e-08,,0,mild,0,308.3710038986007
NOAA,USW00024283_mild_Q2,risk,Unweighted,0.014682968860056544,0.010197278553921194,0.00448569030613535,0,0.0011742735544645476,91.0,91.0,1.0,91.0,0.0,0.0,0.05225734794523551,3.135955052998222,14.0,91,91,USW00093245,USW00024283,2.1795146134800025,0.05225734794523551,3.408426893975277e-08,,0,mild,0,308.3710038986007
NOAA,USW00024283_mild_Q2,risk,Logistic IW,0.01296825549773217,0.010197278553921194,0.002770976943810975,0,0.0015006505009403782,53.054733963051284,53.054733963051284,5.785212767582438,122.05174689864744,0.0,0.0,0.01872129423155,2.0100090018543226,14.0,91,91,USW00093245,USW00024283,2.1795146134800025,0.05225734794523551,3.408426893975277e-08,,0,mild,0,308.3710038986007
NOAA,USW00024283_mild_Q2,risk,KMM,0.01174022777996758,0.010197278553921194,0.0015429492260463865,1,0.00450641326014405,10.851904003024051,10.851904003024051,10.0,763.0918959191283,0.8461538461538461,0.054945054945054944,0.0032115697621057926,0.8786992623868852,14.0,91,91,USW00093245,USW00024283,2.1795146134800025,0.05225734794523551,3.408426893975277e-08,,0,mild,0,308.3710038986007
NOAA,USW00024283_mild_Q2,risk,KMM + dependence,0.01174022777996758,0.010197278553921194,0.0015429492260463865,1,0.00450641326014405,10.851904003024051,10.851904003024051,10.0,763.0918959191283,0.8461538461538461,0.054945054945054944,0.0032115697621057926,0.8786992623868852,14.0,91,91,USW00093245,USW00024283,2.1795146134800025,0.05225734794523551,3.408426893975277e-08,,0,mild,0,308.3710038986007
NOAA,USW00024283_mild_Q3,mean,Unweighted,0.6039130434782607,0.5956114130434781,0.008301630434782603,0,0.0045543767609492625,92.0,92.0,1.0,92.0,0.0,0.0,0.011467924488605563,4.787126714670923,14.0,92,92,USW00093245,USW00024283,2.137245848567396,0.011467924488605563,2.253303679860539e-08,,0,mild,0,308.3710038986007
NOAA,USW00024283_mild_Q3,mean,Logistic IW,0.6019756977490989,0.5956114130434781,0.006364284705620782,0,0.00494865800836292,83.95419899541372,83.95419899541372,2.1757917370744946,94.06686702694608,0.0,0.0,0.004908269452497338,4.327237990145875,14.0,92,92,USW00093245,USW00024283,2.137245848567396,0.011467924488605563,2.253303679860539e-08,,0,mild,0,308.3710038986007
NOAA,USW00024283_mild_Q3,mean,KMM,0.609404209670711,0.5956114130434781,0.013792796627232873,0,0.009137353645130328,13.499384901323042,13.499384901323042,10.0,626.9915304933978,0.75,0.043478260869565216,0.0007693666307513336,1.8239922197298148,14.0,92,92,USW00093245,USW00024283,2.137245848567396,0.011467924488605563,2.253303679860539e-08,,0,mild,0,308.3710038986007
NOAA,USW00024283_mild_Q3,mean,KMM + dependence,0.609404209670711,0.5956114130434781,0.013792796627232873,0,0.01234047636519943,13.499384901323042,7.4010101333232035,10.0,626.9915304933978,0.75,0.043478260869565216,0.0007693666307513336,1.8239922197298148,14.0,92,92,USW00093245,USW00024283,2.137245848567396,0.011467924488605563,2.253303679860539e-08,,0,mild,0,308.3710038986007
NOAA,USW00024283_mild_Q3,risk,Unweighted,0.013223322526439017,0.014293080103065408,0.0010697575766263918,1,0.0013827384303496059,92.0,92.0,1.0,92.0,0.0,0.0,0.011467924488605563,6.347544665272637,14.0,92,92,USW00093245,USW00024283,2.137245848567396,0.011467924488605563,2.253303679860539e-08,,0,mild,0,308.3710038986007
NOAA,USW00024283_mild_Q3,risk,Logistic IW,0.013507156510416615,0.014293080103065408,0.0007859235926487938,1,0.0014529382519491182,83.95419899541372,83.95419899541372,2.1757917370744946,94.06686702694608,0.0,0.0,0.004908269452497338,5.3396768098708876,14.0,92,92,USW00093245,USW00024283,2.137245848567396,0.011467924488605563,2.253303679860539e-08,,0,mild,0,308.3710038986007
NOAA,USW00024283_mild_Q3,risk,KMM,0.01027025192601199,0.014293080103065408,0.004022828177053418,0,0.0027115141483589314,13.499384901323042,13.499384901323042,10.0,626.9915304933978,0.75,0.043478260869565216,0.0007693666307513336,1.5897432281534132,14.0,92,92,USW00093245,USW00024283,2.137245848567396,0.011467924488605563,2.253303679860539e-08,,0,mild,0,308.3710038986007
NOAA,USW00024283_mild_Q3,risk,KMM + dependence,0.01027025192601199,0.014293080103065408,0.004022828177053418,0,0.003418813157673422,13.499384901323042,8.491550498380438,10.0,626.9915304933978,0.75,0.043478260869565216,0.0007693666307513336,1.5897432281534132,14.0,92,92,USW00093245,USW00024283,2.137245848567396,0.011467924488605563,2.253303679860539e-08,,0,mild,0,308.3710038986007
NOAA,USW00024283_mild_Q4,mean,Unweighted,0.570902777777778,0.5654211956521739,0.005481582125604123,1,0.006994018520507097,90.0,90.0,1.0,90.0,0.0,0.0,0.05855726241664194,7.830457024193207,14.0,90,92,USW00093245,USW00024283,2.325691581736557,0.05855726241664194,2.8800951312301404e-08,,0,mild,0,308.3710038986007
NOAA,USW00024283_mild_Q4,mean,Logistic IW,0.5618150920344709,0.5654211956521739,0.0036061036177029715,1,0.008535797559533558,37.827619492616996,37.827619492616996,7.568118515024443,120.75063646736281,0.0,0.0,0.015114607748129005,6.355102411585444,14.0,90,92,USW00093245,USW00024283,2.325691581736557,0.05855726241664194,2.8800951312301404e-08,,0,mild,0,308.3710038986007
NOAA,USW00024283_mild_Q4,mean,KMM,0.55699875112615,0.5654211956521739,0.008422444526023809,1,0.016594679470210243,10.292157551098333,10.292157551098333,10.0,787.0069963256276,0.8444444444444444,0.05555555555555555,0.004775324771689737,1.9485880076045452,14.0,90,92,USW00093245,USW00024283,2.325691581736557,0.05855726241664194,2.8800951312301404e-08,,0,mild,0,308.3710038986007
NOAA,USW00024283_mild_Q4,mean,KMM + dependence,0.55699875112615,0.5654211956521739,0.008422444526023809,1,0.023164817393068346,10.292157551098333,5.281854096880528,10.0,787.0069963256276,0.8444444444444444,0.05555555555555555,0.004775324771689737,1.9485880076045452,14.0,90,92,USW00093245,USW00024283,2.325691581736557,0.05855726241664194,2.8800951312301404e-08,,0,mild,0,308.3710038986007
NOAA,USW00024283_mild_Q4,risk,Unweighted,0.0029900425726438863,0.002135408735882199,0.0008546338367616873,0,0.0007136764914316278,90.0,90.0,1.0,90.0,0.0,0.0,0.05855726241664194,4.1365859700345275,14.0,90,92,USW00093245,USW00024283,2.325691581736557,0.05855726241664194,2.8800951312301404e-08,,0,mild,0,308.3710038986007
NOAA,USW00024283_mild_Q4,risk,Logistic IW,0.0023107845090858735,0.002135408735882199,0.00017537577320367445,1,0.0007143399403841212,37.827619492616996,37.827619492616996,7.568118515024443,120.75063646736281,0.0,0.0,0.015114607748129005,1.1022201794939481,14.0,90,92,USW00093245,USW00024283,2.325691581736557,0.05855726241664194,2.8800951312301404e-08,,0,mild,0,308.3710038986007
NOAA,USW00024283_mild_Q4,risk,KMM,0.00198817808689007,0.002135408735882199,0.00014723064899212907,1,0.0009082905897660092,10.292157551098333,10.292157551098333,10.0,787.0069963256276,0.8444444444444444,0.05555555555555555,0.004775324771689737,0.7241650418254312,14.0,90,92,USW00093245,USW00024283,2.325691581736557,0.05855726241664194,2.8800951312301404e-08,,0,mild,0,308.3710038986007
NOAA,USW00024283_mild_Q4,risk,KMM + dependence,0.00198817808689007,0.002135408735882199,0.00014723064899212907,1,0.0009082905897660092,10.292157551098333,10.292157551098331,10.0,787.0069963256276,0.8444444444444444,0.05555555555555555,0.004775324771689737,0.7241650418254312,14.0,90,92,USW00093245,USW00024283,2.325691581736557,0.05855726241664194,2.8800951312301404e-08,,0,mild,0,308.3710038986007
NOAA,USW00024283_medium_Q1,mean,Unweighted,0.47877777777777764,0.534625,0.05584722222222238,0,0.016088562861830726,90.0,90.0,1.0,90.0,0.0,0.0,0.16900837367116384,6.679904883871802,14.0,90,90,USW00094107,USW00024283,2.415345474967304,0.16900837367116384,1.3611958046029428e-08,,0,medium,0,547.4115914228703
NOAA,USW00024283_medium_Q1,mean,Logistic IW,0.5321968787607502,0.534625,0.0024281212392498475,1,0.02805543845226874,15.303024910274711,15.303024910274711,10.0,263.31096675741026,0.0,0.011111111111111112,0.03044697812081587,1.8835408563140004,14.0,90,90,USW00094107,USW00024283,2.415345474967304,0.16900837367116384,1.3611958046029428e-08,,0,medium,0,547.4115914228703
NOAA,USW00024283_medium_Q1,mean,KMM,0.5224181358563048,0.534625,0.012206864143695206,1,0.03833604812547035,10.247852663047002,10.247852663047002,10.0,790.4094902933332,0.8555555555555555,0.05555555555555555,0.012174374339689376,1.3566091155204223,14.0,90,90,USW00094107,USW00024283,2.415345474967304,0.16900837367116384,1.3611958046029428e-08,,0,medium,0,547.4115914228703
NOAA,USW00024283_medium_Q1,mean,KMM + dependence,0.5224181358563048,0.534625,0.012206864143695206,1,0.044651361621464235,10.247852663047002,7.554020200664598,10.0,790.4094902933332,0.8555555555555555,0.05555555555555555,0.012174374339689376,1.3566091155204223,14.0,90,90,USW00094107,USW00024283,2.415345474967304,0.16900837367116384,1.3611958046029428e-08,,0,medium,0,547.4115914228703
NOAA,USW00024283_medium_Q1,risk,Unweighted,0.002453483912178048,0.0013176773159978502,0.001135806596180198,0,0.000641278560610069,90.0,90.0,1.0,90.0,0.0,0.0,0.16900837367116384,1.1198020221501457,14.0,90,90,USW00094107,USW00024283,2.415345474967304,0.16900837367116384,1.3611958046029428e-08,,0,medium,0,547.4115914228703
NOAA,USW00024283_medium_Q1,risk,Logistic IW,0.0014868168105514569,0.0013176773159978502,0.00016913949455360663,1,0.00052149778133372,15.303024910274711,15.303024910274711,10.0,263.31096675741026,0.0,0.011111111111111112,0.03044697812081587,0.8307992683632879,14.0,90,90,USW00094107,USW00024283,2.415345474967304,0.16900837367116384,1.3611958046029428e-08,,0,medium,0,547.4115914228703
NOAA,USW00024283_medium_Q1,risk,KMM,0.0011484408015444087,0.0013176773159978502,0.00016923651445344156,1,0.0007062944036734737,10.247852663047002,10.247852663047002,10.0,790.4094902933332,0.8555555555555555,0.05555555555555555,0.012174374339689376,1.0981423175039944,14.0,90,90,USW00094107,USW00024283,2.415345474967304,0.16900837367116384,1.3611958046029428e-08,,0,medium,0,547.4115914228703
NOAA,USW00024283_medium_Q1,risk,KMM + dependence,0.0011484408015444087,0.0013176773159978502,0.00016923651445344156,1,0.0007401420504862897,10.247852663047002,9.331989578855044,10.0,790.4094902933332,0.8555555555555555,0.05555555555555555,0.012174374339689376,1.0981423175039944,14.0,90,90,USW00094107,USW00024283,2.415345474967304,0.16900837367116384,1.3611958046029428e-08,,0,medium,0,547.4115914228703
NOAA,USW00024283_medium_Q2,mean,Unweighted,0.663791208791209,0.5641208791208792,0.09967032967032985,0,0.018665338155387484,91.0,91.0,1.0,91.0,0.0,0.0,0.08340085271192654,6.928426608722593,14.0,91,91,USW00094107,USW00024283,2.1738607626860396,0.08340085271192654,4.0336878117041266e-08,,0,medium,0,547.4115914228703
NOAA,USW00024283_medium_Q2,mean,Logistic IW,0.7086091472529493,0.5641208791208792,0.14448826813207016,0,0.03195002964826955,28.10786758121254,28.10786758121254,10.0,390.5554618319651,0.0,0.01098901098901099,0.039832161940601685,3.7622831950624027,14.0,91,91,USW00094107,USW00024283,2.1738607626860396,0.08340085271192654,4.0336878117041266e-08,,0,medium,0,547.4115914228703
NOAA,USW00024283_medium_Q2,mean,KMM,0.6988724018228969,0.5641208791208792,0.13475152270201773,0,0.036640566553383075,14.270718560440416,14.270718560440416,10.0,580.2791194380083,0.6703296703296703,0.03296703296703297,0.00032779086842049665,2.4187306153637205,14.0,91,91,USW00094107,USW00024283,2.1738607626860396,0.08340085271192654,4.0336878117041266e-08,,0,medium,0,547.4115914228703
NOAA,USW00024283_medium_Q2,mean,KMM + dependence,0.6988724018228969,0.5641208791208792,0.13475152270201773,0,0.056984393614567044,14.270718560440416,5.90008596649546,10.0,580.2791194380083,0.6703296703296703,0.03296703296703297,0.00032779086842049665,2.4187306153637205,14.0,91,91,USW00094107,USW00024283,2.1738607626860396,0.08340085271192654,4.0336878117041266e-08,,0,medium,0,547.4115914228703
NOAA,USW00024283_medium_Q2,risk,Unweighted,0.005304349339791521,0.010197278553921194,0.004892929214129673,0,0.0011195369946323682,91.0,91.0,1.0,91.0,0.0,0.0,0.08340085271192654,2.2155831342349828,14.0,91,91,USW00094107,USW00024283,2.1738607626860396,0.08340085271192654,4.0336878117041266e-08,,0,medium,0,547.4115914228703
NOAA,USW00024283_medium_Q2,risk,Logistic IW,0.004752912273707918,0.010197278553921194,0.005444366280213276,0,0.0014712057148572653,28.10786758121254,28.10786758121254,10.0,390.5554618319651,0.0,0.01098901098901099,0.039832161940601685,1.555636017278835,14.0,91,91,USW00094107,USW00024283,2.1738607626860396,0.08340085271192654,4.0336878117041266e-08,,0,medium,0,547.4115914228703
NOAA,USW00024283_medium_Q2,risk,KMM,0.004562242718255994,0.010197278553921194,0.0056350358356652,0,0.002988657304394368,14.270718560440416,14.270718560440416,10.0,580.2791194380083,0.6703296703296703,0.03296703296703297,0.00032779086842049665,2.221188768891347,14.0,91,91,USW00094107,USW00024283,2.1738607626860396,0.08340085271192654,4.0336878117041266e-08,,0,medium,0,547.4115914228703
NOAA,USW00024283_medium_Q2,risk,KMM + dependence,0.004562242718255994,0.010197278553921194,0.0056350358356652,0,0.004454191181618382,14.270718560440416,6.424811236355792,10.0,580.2791194380083,0.6703296703296703,0.03296703296703297,0.00032779086842049665,2.221188768891347,14.0,91,91,USW00094107,USW00024283,2.1738607626860396,0.08340085271192654,4.0336878117041266e-08,,0,medium,0,547.4115914228703
NOAA,USW00024283_medium_Q3,mean,Unweighted,0.7674184782608694,0.5956114130434781,0.1718070652173913,0,0.010250820362656817,92.0,92.0,1.0,92.0,0.0,0.0,0.030089554689672227,5.296929476778804,14.0,92,92,USW00094107,USW00024283,2.1410048081346287,0.030089554689672227,2.2453742314546573e-08,,0,medium,0,547.4115914228703
NOAA,USW00024283_medium_Q3,mean,Logistic IW,0.7714349953402599,0.5956114130434781,0.17582358229678186,0,0.010067106394133182,86.27535872820808,86.27535872820808,1.844959892443218,100.03510646613655,0.0,0.0,0.026980783866835223,4.357892897052484,14.0,92,92,USW00094107,USW00024283,2.1410048081346287,0.030089554689672227,2.2453742314546573e-08,,0,medium,0,547.4115914228703
NOAA,USW00024283_medium_Q3,mean,KMM,0.7644400653551633,0.5956114130434781,0.1688286523116852,0,0.022356380116674048,14.726571378104783,14.726571378104783,10.0,574.7434200865066,0.6956521739130435,0.021739130434782608,0.0002461762605732165,1.4040910377130136,14.0,92,92,USW00094107,USW00024283,2.1410048081346287,0.030089554689672227,2.2453742314546573e-08,,0,medium,0,547.4115914228703
NOAA,USW00024283_medium_Q3,mean,KMM + dependence,0.7644400653551633,0.5956114130434781,0.1688286523116852,0,0.026491046732249963,14.726571378104783,10.48833087211457,10.0,574.7434200865066,0.6956521739130435,0.021739130434782608,0.0002461762605732165,1.4040910377130136,14.0,92,92,USW00094107,USW00024283,2.1410048081346287,0.030089554689672227,2.2453742314546573e-08,,0,medium,0,547.4115914228703
NOAA,USW00024283_medium_Q3,risk,Unweighted,0.005874348377927207,0.014293080103065408,0.008418731725138202,0,0.0010296502456648249,92.0,92.0,1.0,92.0,0.0,0.0,0.030089554689672227,1.1825379771284956,14.0,92,92,USW00094107,USW00024283,2.1410048081346287,0.030089554689672227,2.2453742314546573e-08,,0,medium,0,547.4115914228703
NOAA,USW00024283_medium_Q3,risk,Logistic IW,0.005494544969460659,0.014293080103065408,0.008798535133604748,0,0.0009795008489796799,86.27535872820808,86.27535872820808,1.844959892443218,100.03510646613655,0.0,0.0,0.026980783866835223,1.1541844247178148,14.0,92,92,USW00094107,USW00024283,2.1410048081346287,0.030089554689672227,2.2453742314546573e-08,,0,medium,0,547.4115914228703
NOAA,USW00024283_medium_Q3,risk,KMM,0.0038389210585767675,0.014293080103065408,0.010454159044488641,0,0.002012036085261989,14.726571378104783,14.726571378104783,10.0,574.7434200865066,0.6956521739130435,0.021739130434782608,0.0002461762605732165,1.0113868512481352,14.0,92,92,USW00094107,USW00024283,2.1410048081346287,0.030089554689672227,2.2453742314546573e-08,,0,medium,0,547.4115914228703
NOAA,USW00024283_medium_Q3,risk,KMM + dependence,0.0038389210585767675,0.014293080103065408,0.010454159044488641,0,0.0020234590372483034,14.726571378104783,14.560770055425353,10.0,574.7434200865066,0.6956521739130435,0.021739130434782608,0.0002461762605732165,1.0113868512481352,14.0,92,92,USW00094107,USW00024283,2.1410048081346287,0.030089554689672227,2.2453742314546573e-08,,0,medium,0,547.4115914228703
NOAA,USW00024283_medium_Q4,mean,Unweighted,0.5480298913043478,0.5654211956521739,0.017391304347826098,0,0.013357362273782944,92.0,92.0,1.0,92.0,0.0,0.0,0.19953904271163458,5.704636629911022,14.0,92,92,USW00094107,USW00024283,2.328173533891717,0.19953904271163458,1.957855697385697e-08,,0,medium,0,547.4115914228703
NOAA,USW00024283_medium_Q4,mean,Logistic IW,0.56036676338731,0.5654211956521739,0.005054432264863906,1,0.014690152196368052,14.944550304464688,14.944550304464688,10.0,314.8746850447016,0.0,0.010869565217391304,0.032791340071874675,1.6080997773862615,14.0,92,92,USW00094107,USW00024283,2.328173533891717,0.19953904271163458,1.957855697385697e-08,,0,medium,0,547.4115914228703
NOAA,USW00024283_medium_Q4,mean,KMM,0.5705190197902309,0.5654211956521739,0.005097824138057039,1,0.02132570126800255,10.612148092042125,10.612148092042125,9.999999999999998,797.5765063387138,0.8586956521739131,0.06521739130434782,0.008279257853669453,1.234553732701741,14.0,92,92,USW00094107,USW00024283,2.328173533891717,0.19953904271163458,1.957855697385697e-08,,0,medium,0,547.4115914228703
NOAA,USW00024283_medium_Q4,mean,KMM + dependence,0.5705190197902309,0.5654211956521739,0.005097824138057039,1,0.023695087661469518,10.612148092042125,8.595938605943157,9.999999999999998,797.5765063387138,0.8586956521739131,0.06521739130434782,0.008279257853669453,1.234553732701741,14.0,92,92,USW00094107,USW00024283,2.328173533891717,0.19953904271163458,1.957855697385697e-08,,0,medium,0,547.4115914228703
NOAA,USW00024283_medium_Q4,risk,Unweighted,0.003193737315090146,0.002135408735882199,0.001058328579207947,0,0.0007592728583285332,92.0,92.0,1.0,92.0,0.0,0.0,0.19953904271163458,0.8714355204040275,14.0,92,92,USW00094107,USW00024283,2.328173533891717,0.19953904271163458,1.957855697385697e-08,,0,medium,0,547.4115914228703
NOAA,USW00024283_medium_Q4,risk,Logistic IW,0.0022068058139494097,0.002135408735882199,7.139707806721064e-05,1,0.0012464071011476722,14.944550304464688,14.944550304464688,10.0,314.8746850447016,0.0,0.010869565217391304,0.032791340071874675,1.3598939887435124,14.0,92,92,USW00094107,USW00024283,2.328173533891717,0.19953904271163458,1.957855697385697e-08,,0,medium,0,547.4115914228703
NOAA,USW00024283_medium_Q4,risk,KMM,0.0026943688603830824,0.002135408735882199,0.0005589601245008834,1,0.002132169875013672,10.612148092042125,10.612148092042125,9.999999999999998,797.5765063387138,0.8586956521739131,0.06521739130434782,0.008279257853669453,1.6763772340264724,14.0,92,92,USW00094107,USW00024283,2.328173533891717,0.19953904271163458,1.957855697385697e-08,,0,medium,0,547.4115914228703
NOAA,USW00024283_medium_Q4,risk,KMM + dependence,0.0026943688603830824,0.002135408735882199,0.0005589601245008834,1,0.0027606266752119345,10.612148092042125,6.330405756318296,9.999999999999998,797.5765063387138,0.8586956521739131,0.06521739130434782,0.008279257853669453,1.6763772340264724,14.0,92,92,USW00094107,USW00024283,2.328173533891717,0.19953904271163458,1.957855697385697e-08,,0,medium,0,547.4115914228703
NOAA,USW00024283_severe_Q1,mean,Unweighted,0.37038888888888893,0.534625,0.16423611111111108,0,0.02139715153536004,90.0,90.0,1.0,90.0,0.0,0.0,0.154434994657769,6.14498954256024,14.0,90,90,USW00004130,USW00024283,2.5038366892469845,0.154434994657769,1.639055223653968e-09,,0,severe,0,1203.019970219773
NOAA,USW00024283_severe_Q1,mean,Logistic IW,0.45170301962171555,0.534625,0.08292198037828447,0,0.011922204405527334,21.396111497892345,21.396111497892345,4.970990907315609,115.3317753795953,0.0,0.0,0.03636051790962136,2.224886499936655,14.0,90,90,USW00004130,USW00024283,2.5038366892469845,0.154434994657769,1.639055223653968e-09,,0,severe,0,1203.019970219773
NOAA,USW00024283_severe_Q1,mean,KMM,0.45132262286780633,0.534625,0.08330237713219368,0,0.01802856780001028,9.890758159920477,9.890758159920477,10.0,818.9463202955496,0.8666666666666667,0.07777777777777778,0.016195080207219048,0.8255685544795682,14.0,90,90,USW00004130,USW00024283,2.5038366892469845,0.154434994657769,1.639055223653968e-09,,0,severe,0,1203.019970219773
NOAA,USW00024283_severe_Q1,mean,KMM + dependence,0.45132262286780633,0.534625,0.08330237713219368,0,0.01802856780001028,9.890758159920477,9.890758159920477,10.0,818.9463202955496,0.8666666666666667,0.07777777777777778,0.016195080207219048,0.8255685544795682,14.0,90,90,USW00004130,USW00024283,2.5038366892469845,0.154434994657769,1.639055223653968e-09,,0,severe,0,1203.019970219773
NOAA,USW00024283_severe_Q1,risk,Unweighted,0.005350612190444146,0.0013176773159978502,0.004032934874446296,0,0.0014535553943494225,90.0,90.0,1.0,90.0,0.0,0.0,0.154434994657769,0.8618935521399662,14.0,90,90,USW00004130,USW00024283,2.5038366892469845,0.154434994657769,1.639055223653968e-09,,0,severe,0,1203.019970219773
NOAA,USW00024283_severe_Q1,risk,Logistic IW,0.007491441294494589,0.0013176773159978502,0.006173763978496739,0,0.0023438660572677648,21.396111497892345,21.396111497892345,4.970990907315609,115.3317753795953,0.0,0.0,0.03636051790962136,1.6942032349572422,14.0,90,90,USW00004130,USW00024283,2.5038366892469845,0.154434994657769,1.639055223653968e-09,,0,severe,0,1203.019970219773
NOAA,USW00024283_severe_Q1,risk,KMM,0.006790909464252665,0.0013176773159978502,0.005473232148254815,0,0.0030706839475609636,9.890758159920477,9.890758159920477,10.0,818.9463202955496,0.8666666666666667,0.07777777777777778,0.016195080207219048,1.4253170565309914,14.0,90,90,USW00004130,USW00024283,2.5038366892469845,0.154434994657769,1.639055223653968e-09,,0,severe,0,1203.019970219773
NOAA,USW00024283_severe_Q1,risk,KMM + dependence,0.006790909464252665,0.0013176773159978502,0.005473232148254815,0,0.0036659864870841707,9.890758159920477,6.93933894539444,10.0,818.9463202955496,0.8666666666666667,0.07777777777777778,0.016195080207219048,1.4253170565309914,14.0,90,90,USW00004130,USW00024283,2.5038366892469845,0.154434994657769,1.639055223653968e-09,,0,severe,0,1203.019970219773
NOAA,USW00024283_severe_Q2,mean,Unweighted,0.5612912087912086,0.5641208791208792,0.0028296703296705195,1,0.016953465790248253,91.0,91.0,1.0,91.0,0.0,0.0,0.14940417301949993,6.3592780020656425,14.0,91,91,USW00004130,USW00024283,2.2993287031965233,0.14940417301949993,5.541403969830124e-09,,0,severe,0,1203.019970219773
NOAA,USW00024283_severe_Q2,mean,Logistic IW,0.6071623592119518,0.5641208791208792,0.04304148009107267,0,0.03714161530236584,15.466396055618768,15.466396055618768,10.0,320.2315605334607,0.0,0.01098901098901099,0.007927614510112146,1.6557884927661497,14.0,91,91,USW00004130,USW00024283,2.2993287031965233,0.14940417301949993,5.541403969830124e-09,,0,severe,0,1203.019970219773
NOAA,USW00024283_severe_Q2,mean,KMM,0.5880781861320357,0.5641208791208792,0.023957307011156503,1,0.03266407233613731,10.838043145191216,10.838043145191216,10.0,764.0678200911423,0.8021978021978022,0.06593406593406594,0.001416322591131669,1.4723874932213654,14.0,91,91,USW00004130,USW00024283,2.2993287031965233,0.14940417301949993,5.541403969830124e-09,,0,severe,0,1203.019970219773
NOAA,USW00024283_severe_Q2,mean,KMM + dependence,0.5880781861320357,0.5641208791208792,0.023957307011156503,1,0.03963523053562726,10.838043145191216,7.3608633563432315,10.0,764.0678200911423,0.8021978021978022,0.06593406593406594,0.001416322591131669,1.4723874932213654,14.0,91,91,USW00004130,USW00024283,2.2993287031965233,0.14940417301949993,5.541403969830124e-09,,0,severe,0,1203.019970219773
NOAA,USW00024283_severe_Q2,risk,Unweighted,0.0035840911476290372,0.010197278553921194,0.0066131874062921574,0,0.0009396675425880705,91.0,91.0,1.0,91.0,0.0,0.0,0.14940417301949993,0.8121288886968167,14.0,91,91,USW00004130,USW00024283,2.2993287031965233,0.14940417301949993,5.541403969830124e-09,,0,severe,0,1203.019970219773
NOAA,USW00024283_severe_Q2,risk,Logistic IW,0.004248975240049816,0.010197278553921194,0.005948303313871378,0,0.002334208371265574,15.466396055618768,15.466396055618768,10.0,320.2315605334607,0.0,0.01098901098901099,0.007927614510112146,0.9770296989377164,14.0,91,91,USW00004130,USW00024283,2.2993287031965233,0.14940417301949993,5.541403969830124e-09,,0,severe,0,1203.019970219773
NOAA,USW00024283_severe_Q2,risk,KMM,0.006525323644145832,0.010197278553921194,0.0036719549097753625,1,0.004249667958691232,10.838043145191216,10.838043145191216,10.0,764.0678200911423,0.8021978021978022,0.06593406593406594,0.001416322591131669,0.8481714480511543,14.0,91,91,USW00004130,USW00024283,2.2993287031965233,0.14940417301949993,5.541403969830124e-09,,0,severe,0,1203.019970219773
NOAA,USW00024283_severe_Q2,risk,KMM + dependence,0.006525323644145832,0.010197278553921194,0.0036719549097753625,1,0.004249667958691232,10.838043145191216,10.838043145191216,10.0,764.0678200911423,0.8021978021978022,0.06593406593406594,0.001416322591131669,0.8481714480511543,14.0,91,91,USW00004130,USW00024283,2.2993287031965233,0.14940417301949993,5.541403969830124e-09,,0,severe,0,1203.019970219773
NOAA,USW00024283_severe_Q3,mean,Unweighted,0.6590896739130436,0.5956114130434781,0.06347826086956554,0,0.010781605638500226,92.0,92.0,1.0,92.0,0.0,0.0,0.14599571069883455,2.0031527187693503,14.0,92,92,USW00004130,USW00024283,2.294893869991875,0.14599571069883455,6.549641885461923e-09,,0,severe,0,1203.019970219773
NOAA,USW00024283_severe_Q3,mean,Logistic IW,0.6632806646032244,0.5956114130434781,0.06766925155974635,0,0.015372732941267281,21.34869282811433,21.34869282811433,10.0,628.4386794586042,0.0,0.03260869565217391,0.03768065066270743,2.064862728311815,14.0,92,92,USW00004130,USW00024283,2.294893869991875,0.14599571069883455,6.549641885461923e-09,,0,severe,0,1203.019970219773
NOAA,USW00024283_severe_Q3,mean,KMM,0.6608456779236206,0.5956114130434781,0.0652342648801425,0,0.01950650528349509,11.661982147450393,11.661982147450393,10.0,725.7771357376367,0.8152173913043478,0.043478260869565216,0.00038877333732489916,1.2350674314542665,14.0,92,92,USW00004130,USW00024283,2.294893869991875,0.14599571069883455,6.549641885461923e-09,,0,severe,0,1203.019970219773
NOAA,USW00024283_severe_Q3,mean,KMM + dependence,0.6608456779236206,0.5956114130434781,0.0652342648801425,0,0.021678279155972195,11.661982147450393,9.442384966558992,10.0,725.7771357376367,0.8152173913043478,0.043478260869565216,0.00038877333732489916,1.2350674314542665,14.0,92,92,USW00004130,USW00024283,2.294893869991875,0.14599571069883455,6.549641885461923e-09,,0,severe,0,1203.019970219773
NOAA,USW00024283_severe_Q3,risk,Unweighted,0.0038795176356904754,0.014293080103065408,0.010413562467374933,0,0.0009198576752735453,92.0,92.0,1.0,92.0,0.0,0.0,0.14599571069883455,0.5296478294317635,14.0,92,92,USW00004130,USW00024283,2.294893869991875,0.14599571069883455,6.549641885461923e-09,,0,severe,0,1203.019970219773
NOAA,USW00024283_severe_Q3,risk,Logistic IW,0.004874976978125518,0.014293080103065408,0.00941810312493989,0,0.0020075052728947447,21.34869282811433,21.34869282811433,10.0,628.4386794586042,0.0,0.03260869565217391,0.03768065066270743,1.7920081491149178,14.0,92,92,USW00004130,USW00024283,2.294893869991875,0.14599571069883455,6.549641885461923e-09,,0,severe,0,1203.019970219773
NOAA,USW00024283_severe_Q3,risk,KMM,0.0029154316906730977,0.014293080103065408,0.01137764841239231,0,0.0018450066049197369,11.661982147450393,11.661982147450393,10.0,725.7771357376367,0.8152173913043478,0.043478260869565216,0.00038877333732489916,1.1320196861829954,14.0,92,92,USW00004130,USW00024283,2.294893869991875,0.14599571069883455,6.549641885461923e-09,,0,severe,0,1203.019970219773
NOAA,USW00024283_severe_Q3,risk,KMM + dependence,0.0029154316906730977,0.014293080103065408,0.01137764841239231,0,0.001963020861342636,11.661982147450393,10.301925213662042,10.0,725.7771357376367,0.8152173913043478,0.043478260869565216,0.00038877333732489916,1.1320196861829954,14.0,92,92,USW00004130,USW00024283,2.294893869991875,0.14599571069883455,6.549641885461923e-09,,0,severe,0,1203.019970219773
NOAA,USW00024283_severe_Q4,mean,Unweighted,0.45748641304347815,0.5654211956521739,0.10793478260869571,0,0.015008499631433702,92.0,92.0,1.0,92.0,0.0,0.0,0.13539331976301527,5.595167718428882,14.0,92,92,USW00004130,USW00024283,2.314027161269821,0.13539331976301527,1.2383791222133058e-08,,0,severe,0,1203.019970219773
NOAA,USW00024283_severe_Q4,mean,Logistic IW,0.5110462271370121,0.5654211956521739,0.05437496851516177,0,0.019158523014135682,13.869953591168812,13.869953591168812,10.0,381.2313602558152,0.0,0.021739130434782608,0.011482581275803927,1.0140086878557806,14.0,92,92,USW00004130,USW00024283,2.314027161269821,0.13539331976301527,1.2383791222133058e-08,,0,severe,0,1203.019970219773
NOAA,USW00024283_severe_Q4,mean,KMM,0.5156258668920459,0.5654211956521739,0.04979532876012793,0,0.023725978223939882,11.428404814435392,11.428404814435392,10.0,740.61079716996,0.8260869565217391,0.05434782608695652,0.0015311306614866904,0.8953152059665025,14.0,92,92,USW00004130,USW00024283,2.314027161269821,0.13539331976301527,1.2383791222133058e-08,,0,severe,0,1203.019970219773
NOAA,USW00024283_severe_Q4,mean,KMM + dependence,0.5156258668920459,0.5654211956521739,0.04979532876012793,0,0.023725978223939882,11.428404814435392,11.428404814435392,10.0,740.61079716996,0.8260869565217391,0.05434782608695652,0.0015311306614866904,0.8953152059665025,14.0,92,92,USW00004130,USW00024283,2.314027161269821,0.13539331976301527,1.2383791222133058e-08,,0,severe,0,1203.019970219773
NOAA,USW00024283_severe_Q4,risk,Unweighted,0.0057622873380923055,0.002135408735882199,0.0036268786022101065,0,0.0014991355395794432,92.0,92.0,1.0,92.0,0.0,0.0,0.13539331976301527,0.6741045835945756,14.0,92,92,USW00004130,USW00024283,2.314027161269821,0.13539331976301527,1.2383791222133058e-08,,0,severe,0,1203.019970219773
NOAA,USW00024283_severe_Q4,risk,Logistic IW,0.007003231621055641,0.002135408735882199,0.004867822885173442,0,0.004231846428508463,13.869953591168812,13.869953591168812,10.0,381.2313602558152,0.0,0.021739130434782608,0.011482581275803927,0.6975280049303803,14.0,92,92,USW00004130,USW00024283,2.314027161269821,0.13539331976301527,1.2383791222133058e-08,,0,severe,0,1203.019970219773
NOAA,USW00024283_severe_Q4,risk,KMM,0.007317475506549404,0.002135408735882199,0.005182066770667205,1,0.005438850558281318,11.428404814435392,11.428404814435392,10.0,740.61079716996,0.8260869565217391,0.05434782608695652,0.0015311306614866904,0.4377536953719665,14.0,92,92,USW00004130,USW00024283,2.314027161269821,0.13539331976301527,1.2383791222133058e-08,,0,severe,0,1203.019970219773
NOAA,USW00024283_severe_Q4,risk,KMM + dependence,0.007317475506549404,0.002135408735882199,0.005182066770667205,1,0.005438850558281318,11.428404814435392,11.428404814435392,10.0,740.61079716996,0.8260869565217391,0.05434782608695652,0.0015311306614866904,0.4377536953719665,14.0,92,92,USW00004130,USW00024283,2.314027161269821,0.13539331976301527,1.2383791222133058e-08,,0,severe,0,1203.019970219773
NOAA,USW00013871_mild_Q1,mean,Unweighted,0.5905972222222221,0.5825972222222222,0.007999999999999896,1,0.01913421987164377,90.0,90.0,1.0,90.0,0.0,0.0,0.005870986444367121,6.458704935004819,14.0,90,90,USW00063892,USW00013871,2.4075381281080057,0.005870986444367121,2.5009358604081356e-08,,0,mild,0,228.89594667126875
NOAA,USW00013871_mild_Q1,mean,Logistic IW,0.5752728894362129,0.5825972222222222,0.007324332786009302,1,0.020776829685046374,83.6839586355252,83.6839586355252,1.7892161813350873,96.64905226688596,0.0,0.0,0.0015093406742672233,6.0393935863034285,14.0,90,90,USW00063892,USW00013871,2.4075381281080057,0.005870986444367121,2.5009358604081356e-08,,0,mild,0,228.89594667126875
NOAA,USW00013871_mild_Q1,mean,KMM,0.5809253507966956,0.5825972222222222,0.0016718714255266054,1,0.048770743923411554,15.434550005011475,15.434550005011475,10.0,524.7966411310986,0.6888888888888889,0.03333333333333333,0.0002528155705521229,1.6746309126851922,14.0,90,90,USW00063892,USW00013871,2.4075381281080057,0.005870986444367121,2.5009358604081356e-08,,0,mild,0,228.89594667126875
NOAA,USW00013871_mild_Q1,mean,KMM + dependence,0.5809253507966956,0.5825972222222222,0.0016718714255266054,1,0.06311301565081863,15.434550005011475,9.216687622386534,10.0,524.7966411310986,0.6888888888888889,0.03333333333333333,0.0002528155705521229,1.6746309126851922,14.0,90,90,USW00063892,USW00013871,2.4075381281080057,0.005870986444367121,2.5009358604081356e-08,,0,mild,0,228.89594667126875
NOAA,USW00013871_mild_Q1,risk,Unweighted,0.003913027739723805,0.004593902207998393,0.0006808744682745881,1,0.0009420005034212644,90.0,90.0,1.0,90.0,0.0,0.0,0.005870986444367121,0.6674308446663939,14.0,90,90,USW00063892,USW00013871,2.4075381281080057,0.005870986444367121,2.5009358604081356e-08,,0,mild,0,228.89594667126875
NOAA,USW00013871_mild_Q1,risk,Logistic IW,0.004178403362624773,0.004593902207998393,0.0004154988453736203,1,0.001058139963768248,83.6839586355252,83.6839586355252,1.7892161813350873,96.64905226688596,0.0,0.0,0.0015093406742672233,0.44526851951530344,14.0,90,90,USW00063892,USW00013871,2.4075381281080057,0.005870986444367121,2.5009358604081356e-08,,0,mild,0,228.89594667126875
NOAA,USW00013871_mild_Q1,risk,KMM,0.005164720242360858,0.004593902207998393,0.000570818034362465,1,0.0025838685658518407,15.434550005011475,15.434550005011475,10.0,524.7966411310986,0.6888888888888889,0.03333333333333333,0.0002528155705521229,1.0356973975249464,14.0,90,90,USW00063892,USW00013871,2.4075381281080057,0.005870986444367121,2.5009358604081356e-08,,0,mild,0,228.89594667126875
NOAA,USW00013871_mild_Q1,risk,KMM + dependence,0.005164720242360858,0.004593902207998393,0.000570818034362465,1,0.0026295828644530466,15.434550005011475,14.902567141615037,10.0,524.7966411310986,0.6888888888888889,0.03333333333333333,0.0002528155705521229,1.0356973975249464,14.0,90,90,USW00063892,USW00013871,2.4075381281080057,0.005870986444367121,2.5009358604081356e-08,,0,mild,0,228.89594667126875
NOAA,USW00013871_mild_Q2,mean,Unweighted,0.7278267045454545,0.7181527777777776,0.009673926767676866,1,0.009727932212814686,88.0,88.0,1.0,88.0,0.0,0.0,0.011011477424711424,5.578788918969615,14.0,88,90,USW00063892,USW00013871,2.2968598368186006,0.011011477424711424,2.5324068062353114e-08,,0,mild,0,228.89594667126875
NOAA,USW00013871_mild_Q2,mean,Logistic IW,0.7170448462667458,0.7181527777777776,0.0011079315110318344,1,0.013716041161816475,71.93819779495928,71.93819779495928,2.7257763105616206,108.94841683523248,0.0,0.0,0.006299401363341284,5.570645654714693,14.0,88,90,USW00063892,USW00013871,2.2968598368186006,0.011011477424711424,2.5324068062353114e-08,,0,mild,0,228.89594667126875
NOAA,USW00013871_mild_Q2,mean,KMM,0.7191630837109853,0.7181527777777776,0.0010103059332076114,1,0.017280574950725294,15.207694198658034,15.207694198658034,9.901073000138206,509.2159204965701,0.7159090909090909,0.0,1.7669157615696207e-05,1.533417291216379,14.0,88,90,USW00063892,USW00013871,2.2968598368186006,0.011011477424711424,2.5324068062353114e-08,,0,mild,0,228.89594667126875
NOAA,USW00013871_mild_Q2,mean,KMM + dependence,0.7191630837109853,0.7181527777777776,0.0010103059332076114,1,0.021398748086127538,15.207694198658034,9.91751839878796,9.901073000138206,509.2159204965701,0.7159090909090909,0.0,1.7669157615696207e-05,1.533417291216379,14.0,88,90,USW00063892,USW00013871,2.2968598368186006,0.011011477424711424,2.5324068062353114e-08,,0,mild,0,228.89594667126875
NOAA,USW00013871_mild_Q2,risk,Unweighted,0.0013176147002909359,0.0015979096640728785,0.00028029496378194265,1,0.0006387473536809259,88.0,88.0,1.0,88.0,0.0,0.0,0.011011477424711424,1.7859665359743373,14.0,88,90,USW00063892,USW00013871,2.2968598368186006,0.011011477424711424,2.5324068062353114e-08,,0,mild,0,228.89594667126875
NOAA,USW00013871_mild_Q2,risk,Logistic IW,0.0017837211238710213,0.0015979096640728785,0.00018581145979814284,1,0.0010568708137311802,71.93819779495928,71.93819779495928,2.7257763105616206,108.94841683523248,0.0,0.0,0.006299401363341284,1.6417188568311165,14.0,88,90,USW00063892,USW00013871,2.2968598368186006,0.011011477424711424,2.5324068062353114e-08,,0,mild,0,228.89594667126875
NOAA,USW00013871_mild_Q2,risk,KMM,0.0022339054722748677,0.0015979096640728785,0.0006359958082019892,1,0.0018804275907496582,15.207694198658034,15.207694198658034,9.901073000138206,509.2159204965701,0.7159090909090909,0.0,1.7669157615696207e-05,1.0390240680968872,14.0,88,90,USW00063892,USW00013871,2.2968598368186006,0.011011477424711424,2.5324068062353114e-08,,0,mild,0,228.89594667126875
NOAA,USW00013871_mild_Q2,risk,KMM + dependence,0.0022339054722748677,0.0015979096640728785,0.0006359958082019892,1,0.00191676741887792,15.207694198658034,14.636517733908684,9.901073000138206,509.2159204965701,0.7159090909090909,0.0,1.7669157615696207e-05,1.0390240680968872,14.0,88,90,USW00063892,USW00013871,2.2968598368186006,0.011011477424711424,2.5324068062353114e-08,,0,mild,0,228.89594667126875
NOAA,USW00013871_mild_Q3,mean,Unweighted,0.7832065217391305,0.7651902173913043,0.018016304347826195,0,0.005687981811450591,92.0,92.0,1.0,92.0,0.0,0.0,0.01638014416068323,2.111072170189125,14.0,92,92,USW00063892,USW00013871,2.195045254091395,0.01638014416068323,2.4914782847719992e-08,,0,mild,0,228.89594667126875
NOAA,USW00013871_mild_Q3,mean,Logistic IW,0.7759367372786103,0.7651902173913043,0.010746519887306016,0,0.007457613239566964,48.29685989338079,48.29685989338079,9.008820926652245,173.7439517915334,0.0,0.0,0.004671146895733003,2.066533151494185,14.0,92,92,USW00063892,USW00013871,2.195045254091395,0.01638014416068323,2.4914782847719992e-08,,0,mild,0,228.89594667126875
NOAA,USW00013871_mild_Q3,mean,KMM,0.7681153191667045,0.7651902173913043,0.002925101775400174,1,0.021303756825789055,13.585407343084261,13.585407343084261,10.0,623.0214366232201,0.8043478260869565,0.021739130434782608,0.0017800032660799658,0.570540666180228,14.0,92,92,USW00063892,USW00013871,2.195045254091395,0.01638014416068323,2.4914782847719992e-08,,0,mild,0,228.89594667126875
NOAA,USW00013871_mild_Q3,mean,KMM + dependence,0.7681153191667045,0.7651902173913043,0.002925101775400174,1,0.021303756825789055,13.585407343084261,13.585407343084261,10.0,623.0214366232201,0.8043478260869565,0.021739130434782608,0.0017800032660799658,0.570540666180228,14.0,92,92,USW00063892,USW00013871,2.195045254091395,0.01638014416068323,2.4914782847719992e-08,,0,mild,0,228.89594667126875
NOAA,USW00013871_mild_Q3,risk,Unweighted,0.0019330174455186166,0.0011975961798952601,0.0007354212656233564,0,0.0005334496961159487,92.0,92.0,1.0,92.0,0.0,0.0,0.01638014416068323,3.1875987094728577,14.0,92,92,USW00063892,USW00013871,2.195045254091395,0.01638014416068323,2.4914782847719992e-08,,0,mild,0,228.89594667126875
NOAA,USW00013871_mild_Q3,risk,Logistic IW,0.0017055254525015554,0.0011975961798952601,0.0005079292726062952,1,0.0005791222872370427,48.29685989338079,48.29685989338079,9.008820926652245,173.7439517915334,0.0,0.0,0.004671146895733003,2.767253533653391,14.0,92,92,USW00063892,USW00013871,2.195045254091395,0.01638014416068323,2.4914782847719992e-08,,0,mild,0,228.89594667126875
NOAA,USW00013871_mild_Q3,risk,KMM,0.003942915178874701,0.0011975961798952601,0.0027453189989794405,1,0.002794088720577138,13.585407343084261,13.585407343084261,10.0,623.0214366232201,0.8043478260869565,0.021739130434782608,0.0017800032660799658,0.9996829170738429,14.0,92,92,USW00063892,USW00013871,2.195045254091395,0.01638014416068323,2.4914782847719992e-08,,0,mild,0,228.89594667126875
NOAA,USW00013871_mild_Q3,risk,KMM + dependence,0.003942915178874701,0.0011975961798952601,0.0027453189989794405,1,0.002794088720577138,13.585407343084261,13.585407343084261,10.0,623.0214366232201,0.8043478260869565,0.021739130434782608,0.0017800032660799658,0.9996829170738429,14.0,92,92,USW00063892,USW00013871,2.195045254091395,0.01638014416068323,2.4914782847719992e-08,,0,mild,0,228.89594667126875
NOAA,USW00013871_mild_Q4,mean,Unweighted,0.6336820652173915,0.6181666666666668,0.015515398550724702,1,0.018803842191787785,92.0,92.0,1.0,92.0,0.0,0.0,0.00721044406907545,8.081121429900156,14.0,92,90,USW00063892,USW00013871,2.2200417317922674,0.00721044406907545,2.975132508370848e-08,,0,mild,0,228.89594667126875
NOAA,USW00013871_mild_Q4,mean,Logistic IW,0.6209424796210948,0.6181666666666668,0.0027758129544280807,1,0.020855178774535844,83.93499279871713,83.93499279871713,1.8703124838368808,99.6738059216774,0.0,0.0,0.0011996573329560167,7.0802235591399505,14.0,92,90,USW00063892,USW00013871,2.2200417317922674,0.00721044406907545,2.975132508370848e-08,,0,mild,0,228.89594667126875
NOAA,USW00013871_mild_Q4,mean,KMM,0.6171146232531582,0.6181666666666668,0.0010520434135085077,1,0.03765421929620067,30.31788847613488,30.31788847613488,10.0,279.1751149379202,0.18478260869565216,0.010869565217391304,6.724415517056492e-05,2.4123278012717386,14.0,92,90,USW00063892,USW00013871,2.2200417317922674,0.00721044406907545,2.975132508370848e-08,,0,mild,0,228.89594667126875
NOAA,USW00013871_mild_Q4,mean,KMM + dependence,0.6171146232531582,0.6181666666666668,0.0010520434135085077,1,0.05848329168690617,30.31788847613488,12.567897472371623,10.0,279.1751149379202,0.18478260869565216,0.010869565217391304,6.724415517056492e-05,2.4123278012717386,14.0,92,90,USW00063892,USW00013871,2.2200417317922674,0.00721044406907545,2.975132508370848e-08,,0,mild,0,228.89594667126875
NOAA,USW00013871_mild_Q4,risk,Unweighted,0.003197130735413742,0.0033170037274439113,0.00011987299203016942,1,0.0007491763020762175,92.0,92.0,1.0,92.0,0.0,0.0,0.00721044406907545,1.5090606690461073,14.0,92,90,USW00063892,USW00013871,2.2200417317922674,0.00721044406907545,2.975132508370848e-08,,0,mild,0,228.89594667126875
NOAA,USW00013871_mild_Q4,risk,Logistic IW,0.003341177003246351,0.0033170037274439113,2.4173275802439644e-05,1,0.0008311588773135052,83.93499279871713,83.93499279871713,1.8703124838368808,99.6738059216774,0.0,0.0,0.0011996573329560167,1.5559904051169247,14.0,92,90,USW00063892,USW00013871,2.2200417317922674,0.00721044406907545,2.975132508370848e-08,,0,mild,0,228.89594667126875
NOAA,USW00013871_mild_Q4,risk,KMM,0.0027865797395484272,0.0033170037274439113,0.0005304239878954841,1,0.0011657429300161784,30.31788847613488,30.31788847613488,10.0,279.1751149379202,0.18478260869565216,0.010869565217391304,6.724415517056492e-05,0.9623541856080673,14.0,92,90,USW00063892,USW00013871,2.2200417317922674,0.00721044406907545,2.975132508370848e-08,,0,mild,0,228.89594667126875
NOAA,USW00013871_mild_Q4,risk,KMM + dependence,0.0027865797395484272,0.0033170037274439113,0.0005304239878954841,1,0.0011657429300161784,30.31788847613488,30.317888476134875,10.0,279.1751149379202,0.18478260869565216,0.010869565217391304,6.724415517056492e-05,0.9623541856080673,14.0,92,90,USW00063892,USW00013871,2.2200417317922674,0.00721044406907545,2.975132508370848e-08,,0,mild,0,228.89594667126875
NOAA,USW00013871_medium_Q1,mean,Unweighted,0.5704027777777776,0.5825972222222222,0.012194444444444619,1,0.023523377931270965,90.0,90.0,1.0,90.0,0.0,0.0,0.010049426165146924,6.7388246629244035,14.0,90,90,USW00093988,USW00013871,2.33107945194841,0.010049426165146924,3.937500575694157e-08,,0,medium,0,565.5675801571111
NOAA,USW00013871_medium_Q1,mean,Logistic IW,0.5431054287078463,0.5825972222222222,0.03949179351437593,0,0.027589576377544,77.05196349636478,77.05196349636478,2.307993176653276,103.09275684131701,0.0,0.0,0.002409811456996591,5.059192866854326,14.0,90,90,USW00093988,USW00013871,2.33107945194841,0.010049426165146924,3.937500575694157e-08,,0,medium,0,565.5675801571111
NOAA,USW00013871_medium_Q1,mean,KMM,0.5450653374451508,0.5825972222222222,0.03753188477707137,1,0.044499274632341115,15.981865784098815,15.981865784098815,8.701775040472953,506.82442897619075,0.7444444444444445,0.0,0.0004272378836354118,1.325675514754491,14.0,90,90,USW00093988,USW00013871,2.33107945194841,0.010049426165146924,3.937500575694157e-08,,0,medium,0,565.5675801571111
NOAA,USW00013871_medium_Q1,mean,KMM + dependence,0.5450653374451508,0.5825972222222222,0.03753188477707137,1,0.05123556729654926,15.981865784098815,12.055639261813313,8.701775040472953,506.82442897619075,0.7444444444444445,0.0,0.0004272378836354118,1.325675514754491,14.0,90,90,USW00093988,USW00013871,2.33107945194841,0.010049426165146924,3.937500575694157e-08,,0,medium,0,565.5675801571111
NOAA,USW00013871_medium_Q1,risk,Unweighted,0.0039411875779455695,0.004593902207998393,0.0006527146300528237,1,0.0012018743452798565,90.0,90.0,1.0,90.0,0.0,0.0,0.010049426165146924,0.7897502253809263,14.0,90,90,USW00093988,USW00013871,2.33107945194841,0.010049426165146924,3.937500575694157e-08,,0,medium,0,565.5675801571111
NOAA,USW00013871_medium_Q1,risk,Logistic IW,0.004326605035998769,0.004593902207998393,0.0002672971719996243,1,0.0016793598293731646,77.05196349636478,77.05196349636478,2.307993176653276,103.09275684131701,0.0,0.0,0.002409811456996591,0.6344524776015583,14.0,90,90,USW00093988,USW00013871,2.33107945194841,0.010049426165146924,3.937500575694157e-08,,0,medium,0,565.5675801571111
NOAA,USW00013871_medium_Q1,risk,KMM,0.003946783537331617,0.004593902207998393,0.0006471186706667759,1,0.003060131232158238,15.981865784098815,15.981865784098815,8.701775040472953,506.82442897619075,0.7444444444444445,0.0,0.0004272378836354118,1.6296808587082285,14.0,90,90,USW00093988,USW00013871,2.33107945194841,0.010049426165146924,3.937500575694157e-08,,0,medium,0,565.5675801571111
NOAA,USW00013871_medium_Q1,risk,KMM + dependence,0.003946783537331617,0.004593902207998393,0.0006471186706667759,1,0.003906531528078183,15.981865784098815,9.806745718770292,8.701775040472953,506.82442897619075,0.7444444444444445,0.0,0.0004272378836354118,1.6296808587082285,14.0,90,90,USW00093988,USW00013871,2.33107945194841,0.010049426165146924,3.937500575694157e-08,,0,medium,0,565.5675801571111
NOAA,USW00013871_medium_Q2,mean,Unweighted,0.7364423076923076,0.7181527777777776,0.018289529914529923,0,0.011800695802929067,91.0,91.0,1.0,91.0,0.0,0.0,0.012902350382217875,5.704561138594258,14.0,91,90,USW00093988,USW00013871,2.2791145881049006,0.012902350382217875,3.7755809609824334e-08,,0,medium,0,565.5675801571111
NOAA,USW00013871_medium_Q2,mean,Logistic IW,0.721468196303701,0.7181527777777776,0.0033154185259233193,1,0.015616294698364704,72.02480545269405,72.02480545269405,2.6476059491960346,106.95207304442242,0.0,0.0,0.006152027265577509,5.040818879659879,14.0,91,90,USW00093988,USW00013871,2.2791145881049006,0.012902350382217875,3.7755809609824334e-08,,0,medium,0,565.5675801571111
NOAA,USW00013871_medium_Q2,mean,KMM,0.7331722162312283,0.7181527777777776,0.015019438453450662,1,0.020937611477977666,12.347672510286335,12.347672510286335,10.0,670.65270747191,0.7692307692307693,0.03296703296703297,0.00020238515112103173,1.3801385354572966,14.0,91,90,USW00093988,USW00013871,2.2791145881049006,0.012902350382217875,3.7755809609824334e-08,,0,medium,0,565.5675801571111
NOAA,USW00013871_medium_Q2,mean,KMM + dependence,0.7331722162312283,0.7181527777777776,0.015019438453450662,1,0.024597358889619333,12.347672510286335,8.9466906350782,10.0,670.65270747191,0.7692307692307693,0.03296703296703297,0.00020238515112103173,1.3801385354572966,14.0,91,90,USW00093988,USW00013871,2.2791145881049006,0.012902350382217875,3.7755809609824334e-08,,0,medium,0,565.5675801571111
NOAA,USW00013871_medium_Q2,risk,Unweighted,0.0019224108261667906,0.0015979096640728785,0.0003245011620939121,1,0.0005105312310144953,91.0,91.0,1.0,91.0,0.0,0.0,0.012902350382217875,3.419039538434311,14.0,91,90,USW00093988,USW00013871,2.2791145881049006,0.012902350382217875,3.7755809609824334e-08,,0,medium,0,565.5675801571111
NOAA,USW00013871_medium_Q2,risk,Logistic IW,0.002017571303861304,0.0015979096640728785,0.00041966163978842536,1,0.0006342949644177026,72.02480545269405,72.02480545269405,2.6476059491960346,106.95207304442242,0.0,0.0,0.006152027265577509,2.9952469541027957,14.0,91,90,USW00093988,USW00013871,2.2791145881049006,0.012902350382217875,3.7755809609824334e-08,,0,medium,0,565.5675801571111
NOAA,USW00013871_medium_Q2,risk,KMM,0.0019256477465843358,0.0015979096640728785,0.00032773808251145725,1,0.0015361213256677628,12.347672510286335,12.347672510286335,10.0,670.65270747191,0.7692307692307693,0.03296703296703297,0.00020238515112103173,1.6975264364153757,14.0,91,90,USW00093988,USW00013871,2.2791145881049006,0.012902350382217875,3.7755809609824334e-08,,0,medium,0,565.5675801571111
NOAA,USW00013871_medium_Q2,risk,KMM + dependence,0.0019256477465843358,0.0015979096640728785,0.00032773808251145725,1,0.0020013995217237055,12.347672510286335,7.273920597290142,10.0,670.65270747191,0.7692307692307693,0.03296703296703297,0.00020238515112103173,1.6975264364153757,14.0,91,90,USW00093988,USW00013871,2.2791145881049006,0.012902350382217875,3.7755809609824334e-08,,0,medium,0,565.5675801571111
NOAA,USW00013871_medium_Q3,mean,Unweighted,0.7991711956521739,0.7651902173913043,0.03398097826086954,0,0.00912302140335853,92.0,92.0,1.0,92.0,0.0,0.0,0.022908370832291247,3.8936525925587353,14.0,92,92,USW00093988,USW00013871,2.230975240607793,0.022908370832291247,2.1388246125924e-08,,0,medium,0,565.5675801571111
NOAA,USW00013871_medium_Q3,mean,Logistic IW,0.7747412897776577,0.7651902173913043,0.009551072386353332,1,0.01864033315052695,46.868789839217975,46.868789839217975,6.673064105586115,202.36470081032658,0.0,0.0,0.016851674981400944,2.392084768957705,14.0,92,92,USW00093988,USW00013871,2.230975240607793,0.022908370832291247,2.1388246125924e-08,,0,medium,0,565.5675801571111
NOAA,USW00013871_medium_Q3,mean,KMM,0.7887425340279576,0.7651902173913043,0.023552316636653248,0,0.01913362708619791,12.575660297243001,12.575660297243001,10.0,673.0461701367353,0.7934782608695652,0.03260869565217391,0.0006551939717969191,1.107997556778095,14.0,92,92,USW00093988,USW00013871,2.230975240607793,0.022908370832291247,2.1388246125924e-08,,0,medium,0,565.5675801571111
NOAA,USW00013871_medium_Q3,mean,KMM + dependence,0.7887425340279576,0.7651902173913043,0.023552316636653248,0,0.020140335773066106,12.575660297243001,11.34989894184541,10.0,673.0461701367353,0.7934782608695652,0.03260869565217391,0.0006551939717969191,1.107997556778095,14.0,92,92,USW00093988,USW00013871,2.230975240607793,0.022908370832291247,2.1388246125924e-08,,0,medium,0,565.5675801571111
NOAA,USW00013871_medium_Q3,risk,Unweighted,0.003064701457559285,0.0011975961798952601,0.001867105277664025,0,0.0005778598503515321,92.0,92.0,1.0,92.0,0.0,0.0,0.022908370832291247,4.02035671073383,14.0,92,92,USW00093988,USW00013871,2.230975240607793,0.022908370832291247,2.1388246125924e-08,,0,medium,0,565.5675801571111
NOAA,USW00013871_medium_Q3,risk,Logistic IW,0.00268300372492219,0.0011975961798952601,0.00148540754502693,0,0.0005781107345270743,46.868789839217975,46.868789839217975,6.673064105586115,202.36470081032658,0.0,0.0,0.016851674981400944,1.640526181324361,14.0,92,92,USW00093988,USW00013871,2.230975240607793,0.022908370832291247,2.1388246125924e-08,,0,medium,0,565.5675801571111
NOAA,USW00013871_medium_Q3,risk,KMM,0.0027411924317866034,0.0011975961798952601,0.0015435962518913432,0,0.0014567834453429519,12.575660297243001,12.575660297243001,10.0,673.0461701367353,0.7934782608695652,0.03260869565217391,0.0006551939717969191,1.0581043974226423,14.0,92,92,USW00093988,USW00013871,2.230975240607793,0.022908370832291247,2.1388246125924e-08,,0,medium,0,565.5675801571111
NOAA,USW00013871_medium_Q3,risk,KMM + dependence,0.0027411924317866034,0.0011975961798952601,0.0015435962518913432,0,0.0014985086603352428,12.575660297243001,11.885084617241091,10.0,673.0461701367353,0.7934782608695652,0.03260869565217391,0.0006551939717969191,1.0581043974226423,14.0,92,92,USW00093988,USW00013871,2.230975240607793,0.022908370832291247,2.1388246125924e-08,,0,medium,0,565.5675801571111
NOAA,USW00013871_medium_Q4,mean,Unweighted,0.6320244565217392,0.6181666666666668,0.013857789855072467,1,0.020487039293521327,92.0,92.0,1.0,92.0,0.0,0.0,0.014729349761251065,8.195939698859634,14.0,92,90,USW00093988,USW00013871,2.3185354331083383,0.014729349761251065,4.013749022371374e-08,,0,medium,0,565.5675801571111
NOAA,USW00013871_medium_Q4,mean,Logistic IW,0.6025848046748168,0.6181666666666668,0.015581861991849966,1,0.02514639748121363,74.48316853114636,74.48316853114636,2.768304875904121,109.21470143462608,0.0,0.0,0.002876703606954134,7.2080776932249355,14.0,92,90,USW00093988,USW00013871,2.3185354331083383,0.014729349761251065,4.013749022371374e-08,,0,medium,0,565.5675801571111
NOAA,USW00013871_medium_Q4,mean,KMM,0.6042100458903594,0.6181666666666668,0.013956620776307327,1,0.04975930836009317,18.16616526911992,18.16616526911992,10.0,465.92111624062363,0.6739130434782609,0.021739130434782608,9.32654462333371e-05,2.0555425564699754,14.0,92,90,USW00093988,USW00013871,2.3185354331083383,0.014729349761251065,4.013749022371374e-08,,0,medium,0,565.5675801571111
NOAA,USW00013871_medium_Q4,mean,KMM + dependence,0.6042100458903594,0.6181666666666668,0.013956620776307327,1,0.07134073368659531,18.16616526911992,8.837649802939152,10.0,465.92111624062363,0.6739130434782609,0.021739130434782608,9.32654462333371e-05,2.0555425564699754,14.0,92,90,USW00093988,USW00013871,2.3185354331083383,0.014729349761251065,4.013749022371374e-08,,0,medium,0,565.5675801571111
NOAA,USW00013871_medium_Q4,risk,Unweighted,0.0028210164224906366,0.0033170037274439113,0.0004959873049532747,1,0.0007980036330618139,92.0,92.0,1.0,92.0,0.0,0.0,0.014729349761251065,1.03959255303165,14.0,92,90,USW00093988,USW00013871,2.3185354331083383,0.014729349761251065,4.013749022371374e-08,,0,medium,0,565.5675801571111
NOAA,USW00013871_medium_Q4,risk,Logistic IW,0.003035220159814674,0.0033170037274439113,0.0002817835676292373,1,0.000796645328890904,74.48316853114636,74.48316853114636,2.768304875904121,109.21470143462608,0.0,0.0,0.002876703606954134,0.8284056839869871,14.0,92,90,USW00093988,USW00013871,2.3185354331083383,0.014729349761251065,4.013749022371374e-08,,0,medium,0,565.5675801571111
NOAA,USW00013871_medium_Q4,risk,KMM,0.0034008108856190926,0.0033170037274439113,8.380715817518126e-05,1,0.00164272680389605,18.16616526911992,18.16616526911992,10.0,465.92111624062363,0.6739130434782609,0.021739130434782608,9.32654462333371e-05,0.5660242512690773,14.0,92,90,USW00093988,USW00013871,2.3185354331083383,0.014729349761251065,4.013749022371374e-08,,0,medium,0,565.5675801571111
NOAA,USW00013871_medium_Q4,risk,KMM + dependence,0.0034008108856190926,0.0033170037274439113,8.380715817518126e-05,1,0.00164272680389605,18.16616526911992,18.16616526911992,10.0,465.92111624062363,0.6739130434782609,0.021739130434782608,9.32654462333371e-05,0.5660242512690773,14.0,92,90,USW00093988,USW00013871,2.3185354331083383,0.014729349761251065,4.013749022371374e-08,,0,medium,0,565.5675801571111
NOAA,USW00013871_severe_Q1,mean,Unweighted,0.4342222222222221,0.5825972222222222,0.1483750000000001,0,0.02042787955097375,90.0,90.0,1.0,90.0,0.0,0.0,0.08438836362081559,8.71657793415812,14.0,90,90,USW00014777,USW00013871,2.254208088013792,0.08438836362081559,3.148785335272322e-08,,0,severe,0,1239.2611439126579
NOAA,USW00013871_severe_Q1,mean,Logistic IW,0.4921183597292601,0.5825972222222222,0.09047886249296211,0,0.03731734348594206,28.57535526899409,28.57535526899409,8.901758644496706,198.6599229387386,0.0,0.0,0.01752512290411601,3.465849515555463,14.0,90,90,USW00014777,USW00013871,2.254208088013792,0.08438836362081559,3.148785335272322e-08,,0,severe,0,1239.2611439126579
NOAA,USW00013871_severe_Q1,mean,KMM,0.4867012412896661,0.5825972222222222,0.09589598093255614,0,0.04752382942451731,11.00855141932384,11.00855141932384,10.0,735.7916306573887,0.8111111111111111,0.05555555555555555,0.004810010567688039,1.4822669354884679,14.0,90,90,USW00014777,USW00013871,2.254208088013792,0.08438836362081559,3.148785335272322e-08,,0,severe,0,1239.2611439126579
NOAA,USW00013871_severe_Q1,mean,KMM + dependence,0.4867012412896661,0.5825972222222222,0.09589598093255614,0,0.05785949501899925,11.00855141932384,7.426834638051256,10.0,735.7916306573887,0.8111111111111111,0.05555555555555555,0.004810010567688039,1.4822669354884679,14.0,90,90,USW00014777,USW00013871,2.254208088013792,0.08438836362081559,3.148785335272322e-08,,0,severe,0,1239.2611439126579
NOAA,USW00013871_severe_Q1,risk,Unweighted,0.0032365797376762125,0.004593902207998393,0.0013573224703221807,0,0.0006402369727670967,90.0,90.0,1.0,90.0,0.0,0.0,0.08438836362081559,1.1413656861320758,14.0,90,90,USW00014777,USW00013871,2.254208088013792,0.08438836362081559,3.148785335272322e-08,,0,severe,0,1239.2611439126579
NOAA,USW00013871_severe_Q1,risk,Logistic IW,0.0026135116284586473,0.004593902207998393,0.001980390579539746,0,0.0009520978074594275,28.57535526899409,28.57535526899409,8.901758644496706,198.6599229387386,0.0,0.0,0.01752512290411601,1.2645363002361896,14.0,90,90,USW00014777,USW00013871,2.254208088013792,0.08438836362081559,3.148785335272322e-08,,0,severe,0,1239.2611439126579
NOAA,USW00013871_severe_Q1,risk,KMM,0.0016046473881314554,0.004593902207998393,0.0029892548198669376,0,0.0008744763246323142,11.00855141932384,11.00855141932384,10.0,735.7916306573887,0.8111111111111111,0.05555555555555555,0.004810010567688039,0.61554002770036,14.0,90,90,USW00014777,USW00013871,2.254208088013792,0.08438836362081559,3.148785335272322e-08,,0,severe,0,1239.2611439126579
NOAA,USW00013871_severe_Q1,risk,KMM + dependence,0.0016046473881314554,0.004593902207998393,0.0029892548198669376,0,0.0008744763246323142,11.00855141932384,11.00855141932384,10.0,735.7916306573887,0.8111111111111111,0.05555555555555555,0.004810010567688039,0.61554002770036,14.0,90,90,USW00014777,USW00013871,2.254208088013792,0.08438836362081559,3.148785335272322e-08,,0,severe,0,1239.2611439126579
NOAA,USW00013871_severe_Q2,mean,Unweighted,0.6345879120879119,0.7181527777777776,0.08356486568986576,0,0.018856237473319812,91.0,91.0,1.0,91.0,0.0,0.0,0.08430848978301597,6.6865644901346,14.0,91,90,USW00014777,USW00013871,2.3652427471846345,0.08430848978301597,1.8465699744167438e-08,,0,severe,0,1239.2611439126579
NOAA,USW00013871_severe_Q2,mean,Logistic IW,0.6820281150346506,0.7181527777777776,0.03612466274312709,0,0.022232895353315723,23.861549103123448,23.861549103123448,8.094309677278238,256.5178259997982,0.0,0.0,0.022622100773696863,2.9415388953515453,14.0,91,90,USW00014777,USW00013871,2.3652427471846345,0.08430848978301597,1.8465699744167438e-08,,0,severe,0,1239.2611439126579
NOAA,USW00013871_severe_Q2,mean,KMM,0.691007937052757,0.7181527777777776,0.027144840725020658,1,0.04169667832808119,11.403993990629282,11.403993990629282,10.0,726.1491023938224,0.8351648351648352,0.04395604395604396,0.0013021135285729013,1.9386874996714962,14.0,91,90,USW00014777,USW00013871,2.3652427471846345,0.08430848978301597,1.8465699744167438e-08,,0,severe,0,1239.2611439126579
NOAA,USW00013871_severe_Q2,mean,KMM + dependence,0.691007937052757,0.7181527777777776,0.027144840725020658,1,0.05805710342467244,11.403993990629282,5.88232708601136,10.0,726.1491023938224,0.8351648351648352,0.04395604395604396,0.0013021135285729013,1.9386874996714962,14.0,91,90,USW00014777,USW00013871,2.3652427471846345,0.08430848978301597,1.8465699744167438e-08,,0,severe,0,1239.2611439126579
NOAA,USW00013871_severe_Q2,risk,Unweighted,0.002779244761703179,0.0015979096640728785,0.0011813350976303005,0,0.0007956664355350449,91.0,91.0,1.0,91.0,0.0,0.0,0.08430848978301597,1.2296354182897116,14.0,91,90,USW00014777,USW00013871,2.3652427471846345,0.08430848978301597,1.8465699744167438e-08,,0,severe,0,1239.2611439126579
NOAA,USW00013871_severe_Q2,risk,Logistic IW,0.0018916692530163948,0.0015979096640728785,0.00029375958894351634,1,0.0008417553547387772,23.861549103123448,23.861549103123448,8.094309677278238,256.5178259997982,0.0,0.0,0.022622100773696863,0.9783478820100272,14.0,91,90,USW00014777,USW00013871,2.3652427471846345,0.08430848978301597,1.8465699744167438e-08,,0,severe,0,1239.2611439126579
NOAA,USW00013871_severe_Q2,risk,KMM,0.0013391338395122552,0.0015979096640728785,0.0002587758245606233,1,0.0008607285063276858,11.403993990629282,11.403993990629282,10.0,726.1491023938224,0.8351648351648352,0.04395604395604396,0.0013021135285729013,1.6889234188535835,14.0,91,90,USW00014777,USW00013871,2.3652427471846345,0.08430848978301597,1.8465699744167438e-08,,0,severe,0,1239.2611439126579
NOAA,USW00013871_severe_Q2,risk,KMM + dependence,0.0013391338395122552,0.0015979096640728785,0.0002587758245606233,1,0.0011185905998782222,11.403993990629282,6.752226811071247,10.0,726.1491023938224,0.8351648351648352,0.04395604395604396,0.0013021135285729013,1.6889234188535835,14.0,91,90,USW00014777,USW00013871,2.3652427471846345,0.08430848978301597,1.8465699744167438e-08,,0,severe,0,1239.2611439126579
NOAA,USW00013871_severe_Q3,mean,Unweighted,0.7147418478260871,0.7651902173913043,0.050448369565217255,0,0.008645283707804647,92.0,92.0,1.0,92.0,0.0,0.0,0.12898980937175852,5.922635182451995,14.0,92,92,USW00014777,USW00013871,2.284776030519475,0.12898980937175852,1.9846183124993115e-08,,0,severe,0,1239.2611439126579
NOAA,USW00013871_severe_Q3,mean,Logistic IW,0.7397639647595408,0.7651902173913043,0.02542625263176357,0,0.015644926473586163,27.733596267143934,27.733596267143934,5.42115296854342,171.85676720544535,0.0,0.0,0.013934953026057295,3.224650840673506,14.0,92,92,USW00014777,USW00013871,2.284776030519475,0.12898980937175852,1.9846183124993115e-08,,0,severe,0,1239.2611439126579
NOAA,USW00013871_severe_Q3,mean,KMM,0.7319242646328509,0.7651902173913043,0.033265952758453454,0,0.023739520062196172,10.675664944548464,10.675664944548464,9.999999999999995,792.831176696132,0.8478260869565217,0.06521739130434782,0.0017373572456347297,1.7344159202592229,14.0,92,92,USW00014777,USW00013871,2.284776030519475,0.12898980937175852,1.9846183124993115e-08,,0,severe,0,1239.2611439126579
NOAA,USW00013871_severe_Q3,mean,KMM + dependence,0.7319242646328509,0.7651902173913043,0.033265952758453454,0,0.03126428926730084,10.675664944548464,6.155193122854233,9.999999999999995,792.831176696132,0.8478260869565217,0.06521739130434782,0.0017373572456347297,1.7344159202592229,14.0,92,92,USW00014777,USW00013871,2.284776030519475,0.12898980937175852,1.9846183124993115e-08,,0,severe,0,1239.2611439126579
NOAA,USW00013871_severe_Q3,risk,Unweighted,0.0009088177202651359,0.0011975961798952601,0.0002887784596301243,0,0.00023794156249054194,92.0,92.0,1.0,92.0,0.0,0.0,0.12898980937175852,0.9718479317093068,14.0,92,92,USW00014777,USW00013871,2.284776030519475,0.12898980937175852,1.9846183124993115e-08,,0,severe,0,1239.2611439126579
NOAA,USW00013871_severe_Q3,risk,Logistic IW,0.0007673189860411138,0.0011975961798952601,0.00043027719385414635,0,0.00037616508572775007,27.733596267143934,27.733596267143934,5.42115296854342,171.85676720544535,0.0,0.0,0.013934953026057295,0.8353932409611763,14.0,92,92,USW00014777,USW00013871,2.284776030519475,0.12898980937175852,1.9846183124993115e-08,,0,severe,0,1239.2611439126579
NOAA,USW00013871_severe_Q3,risk,KMM,0.0008827950303903954,0.0011975961798952601,0.00031480114950486473,1,0.0007789171738671539,10.675664944548464,10.675664944548464,9.999999999999995,792.831176696132,0.8478260869565217,0.06521739130434782,0.0017373572456347297,0.6783914872629501,14.0,92,92,USW00014777,USW00013871,2.284776030519475,0.12898980937175852,1.9846183124993115e-08,,0,severe,0,1239.2611439126579
NOAA,USW00013871_severe_Q3,risk,KMM + dependence,0.0008827950303903954,0.0011975961798952601,0.00031480114950486473,1,0.0007789171738671539,10.675664944548464,10.675664944548464,9.999999999999995,792.831176696132,0.8478260869565217,0.06521739130434782,0.0017373572456347297,0.6783914872629501,14.0,92,92,USW00014777,USW00013871,2.284776030519475,0.12898980937175852,1.9846183124993115e-08,,0,severe,0,1239.2611439126579
NOAA,USW00013871_severe_Q4,mean,Unweighted,0.4898641304347826,0.6181666666666668,0.12830253623188415,0,0.020289357123558067,92.0,92.0,1.0,92.0,0.0,0.0,0.056237780192475606,9.85095252750901,14.0,92,90,USW00014777,USW00013871,2.3038384300642845,0.056237780192475606,4.501662852820169e-08,,0,severe,0,1239.2611439126579
NOAA,USW00013871_severe_Q4,mean,Logistic IW,0.517820199158591,0.6181666666666668,0.10034646750807574,0,0.025582354555672357,40.412994714157314,40.412994714157314,5.2837773225136795,119.2887549387046,0.0,0.0,0.015332219663415803,4.599831601654384,14.0,92,90,USW00014777,USW00013871,2.3038384300642845,0.056237780192475606,4.501662852820169e-08,,0,severe,0,1239.2611439126579
NOAA,USW00013871_severe_Q4,mean,KMM,0.5279027001506601,0.6181666666666668,0.09026396651600666,0,0.05296526462946975,11.633309714121923,11.633309714121923,9.999999999999993,727.5659470946063,0.8369565217391305,0.05434782608695652,0.0028803060960125304,1.8351839930109615,14.0,92,90,USW00014777,USW00013871,2.3038384300642845,0.056237780192475606,4.501662852820169e-08,,0,severe,0,1239.2611439126579
NOAA,USW00013871_severe_Q4,mean,KMM + dependence,0.5279027001506601,0.6181666666666668,0.09026396651600666,0,0.07175149473165603,11.633309714121923,6.339042710935654,9.999999999999993,727.5659470946063,0.8369565217391305,0.05434782608695652,0.0028803060960125304,1.8351839930109615,14.0,92,90,USW00014777,USW00013871,2.3038384300642845,0.056237780192475606,4.501662852820169e-08,,0,severe,0,1239.2611439126579
NOAA,USW00013871_severe_Q4,risk,Unweighted,0.003334058865093277,0.0033170037274439113,1.7055137649365625e-05,1,0.0007790255603765613,92.0,92.0,1.0,92.0,0.0,0.0,0.056237780192475606,0.8268710022126614,14.0,92,90,USW00014777,USW00013871,2.3038384300642845,0.056237780192475606,4.501662852820169e-08,,0,severe,0,1239.2611439126579
NOAA,USW00013871_severe_Q4,risk,Logistic IW,0.003977185117641387,0.0033170037274439113,0.000660181390197476,1,0.0012182197611287553,40.412994714157314,40.412994714157314,5.2837773225136795,119.2887549387046,0.0,0.0,0.015332219663415803,0.9677515494554499,14.0,92,90,USW00014777,USW00013871,2.3038384300642845,0.056237780192475606,4.501662852820169e-08,,0,severe,0,1239.2611439126579
NOAA,USW00013871_severe_Q4,risk,KMM,0.004256740372181723,0.0033170037274439113,0.0009397366447378118,1,0.0027928554686460797,11.633309714121923,11.633309714121923,9.999999999999993,727.5659470946063,0.8369565217391305,0.05434782608695652,0.0028803060960125304,1.001499480353958,14.0,92,90,USW00014777,USW00013871,2.3038384300642845,0.056237780192475606,4.501662852820169e-08,,0,severe,0,1239.2611439126579
NOAA,USW00013871_severe_Q4,risk,KMM + dependence,0.004256740372181723,0.0033170037274439113,0.0009397366447378118,1,0.002794948600240916,11.633309714121923,11.615891912405571,9.999999999999993,727.5659470946063,0.8369565217391305,0.05434782608695652,0.0028803060960125304,1.001499480353958,14.0,92,90,USW00014777,USW00013871,2.3038384300642845,0.056237780192475606,4.501662852820169e-08,,0,severe,0,1239.2611439126579
NOAA,USW00014924_mild_Q1,mean,Unweighted,0.395375,0.29383426966292137,0.10154073033707861,0,0.029264505739223557,90.0,90.0,1.0,90.0,0.0,0.0,0.007708136810425481,7.553761259994063,14.0,90,89,USW00014929,USW00014924,2.41818779485026,0.007708136810425481,2.9815351887155186e-08,,0,mild,0,400.7613176757248
NOAA,USW00014924_mild_Q1,mean,Logistic IW,0.3605213612199128,0.29383426966292137,0.06668709155699143,0,0.03352807984098437,78.24809814692726,78.24809814692726,2.1218191874586787,103.30426151434865,0.0,0.0,0.0023730989210153375,7.426010574065995,14.0,90,89,USW00014929,USW00014924,2.41818779485026,0.007708136810425481,2.9815351887155186e-08,,0,mild,0,400.7613176757248
NOAA,USW00014924_mild_Q1,mean,KMM,0.37696974547107254,0.29383426966292137,0.08313547580815117,0,0.06647510309263677,19.57264759156375,19.57264759156375,8.084894216755867,413.8428366477762,0.6222222222222222,0.0,0.00012764607684268015,2.1525793713174957,14.0,90,89,USW00014929,USW00014924,2.41818779485026,0.007708136810425481,2.9815351887155186e-08,,0,mild,0,400.7613176757248
NOAA,USW00014924_mild_Q1,mean,KMM + dependence,0.37696974547107254,0.29383426966292137,0.08313547580815117,1,0.09753008585761866,19.57264759156375,9.09264849991767,8.084894216755867,413.8428366477762,0.6222222222222222,0.0,0.00012764607684268015,2.1525793713174957,14.0,90,89,USW00014929,USW00014924,2.41818779485026,0.007708136810425481,2.9815351887155186e-08,,0,mild,0,400.7613176757248
NOAA,USW00014924_mild_Q1,risk,Unweighted,0.004280929585881039,0.00419804012126114,8.288946461989903e-05,1,0.001264401706959334,90.0,90.0,1.0,90.0,0.0,0.0,0.007708136810425481,0.5787271028134675,14.0,90,89,USW00014929,USW00014924,2.41818779485026,0.007708136810425481,2.9815351887155186e-08,,0,mild,0,400.7613176757248
NOAA,USW00014924_mild_Q1,risk,Logistic IW,0.004380293749279238,0.00419804012126114,0.00018225362801809787,1,0.0014999939711605927,78.24809814692726,78.24809814692726,2.1218191874586787,103.30426151434865,0.0,0.0,0.0023730989210153375,0.6277923071878547,14.0,90,89,USW00014929,USW00014924,2.41818779485026,0.007708136810425481,2.9815351887155186e-08,,0,mild,0,400.7613176757248
NOAA,USW00014924_mild_Q1,risk,KMM,0.005643247370439744,0.00419804012126114,0.0014452072491786035,1,0.0032192458759753265,19.57264759156375,19.57264759156375,8.084894216755867,413.8428366477762,0.6222222222222222,0.0,0.00012764607684268015,1.1941547981942617,14.0,90,89,USW00014929,USW00014924,2.41818779485026,0.007708136810425481,2.9815351887155186e-08,,0,mild,0,400.7613176757248
NOAA,USW00014924_mild_Q1,risk,KMM + dependence,0.005643247370439744,0.00419804012126114,0.0014452072491786035,1,0.003517907873412828,19.57264759156375,16.390377211698585,8.084894216755867,413.8428366477762,0.6222222222222222,0.0,0.00012764607684268015,1.1941547981942617,14.0,90,89,USW00014929,USW00014924,2.41818779485026,0.007708136810425481,2.9815351887155186e-08,,0,mild,0,400.7613176757248
NOAA,USW00014924_mild_Q2,mean,Unweighted,0.636978021978022,0.6181388888888889,0.018839133089133098,1,0.02093193615860218,91.0,91.0,1.0,91.0,0.0,0.0,0.006146975813124955,5.385603683963388,14.0,91,90,USW00014929,USW00014924,2.2106942268338443,0.006146975813124955,4.3853498125299316e-08,,0,mild,0,400.7613176757248
NOAA,USW00014924_mild_Q2,mean,Logistic IW,0.6407589988022223,0.6181388888888889,0.022620109913333408,0,0.019828209555074406,81.69335280842382,81.69335280842382,1.5598009603723915,100.9238568326951,0.0,0.0,0.0006315678453885365,5.710817005252716,14.0,91,90,USW00014929,USW00014924,2.2106942268338443,0.006146975813124955,4.3853498125299316e-08,,0,mild,0,400.7613176757248
NOAA,USW00014924_mild_Q2,mean,KMM,0.6351601656259708,0.6181388888888889,0.01702127673708187,1,0.03277894286402769,24.4232403076857,24.4232403076857,5.859420523796414,339.06229868254087,0.5714285714285714,0.0,6.625101344859274e-06,1.9831982788172773,14.0,91,90,USW00014929,USW00014924,2.2106942268338443,0.006146975813124955,4.3853498125299316e-08,,0,mild,0,400.7613176757248
NOAA,USW00014924_mild_Q2,mean,KMM + dependence,0.6351601656259708,0.6181388888888889,0.01702127673708187,1,0.04616129794996231,24.4232403076857,12.315077402271154,5.859420523796414,339.06229868254087,0.5714285714285714,0.0,6.625101344859274e-06,1.9831982788172773,14.0,91,90,USW00014929,USW00014924,2.2106942268338443,0.006146975813124955,4.3853498125299316e-08,,0,mild,0,400.7613176757248
NOAA,USW00014924_mild_Q2,risk,Unweighted,0.004049164770869754,0.0031746312715419086,0.0008745334993278458,1,0.0011014052221679318,91.0,91.0,1.0,91.0,0.0,0.0,0.006146975813124955,0.8473339910892348,14.0,91,90,USW00014929,USW00014924,2.2106942268338443,0.006146975813124955,4.3853498125299316e-08,,0,mild,0,400.7613176757248
NOAA,USW00014924_mild_Q2,risk,Logistic IW,0.003827419827263433,0.0031746312715419086,0.0006527885557215244,1,0.0011539395342480667,81.69335280842382,81.69335280842382,1.5598009603723915,100.9238568326951,0.0,0.0,0.0006315678453885365,0.7692779014204881,14.0,91,90,USW00014929,USW00014924,2.2106942268338443,0.006146975813124955,4.3853498125299316e-08,,0,mild,0,400.7613176757248
NOAA,USW00014924_mild_Q2,risk,KMM,0.003122594999467242,0.0031746312715419086,5.203627207466671e-05,1,0.0011091610335525225,24.4232403076857,24.4232403076857,5.859420523796414,339.06229868254087,0.5714285714285714,0.0,6.625101344859274e-06,1.107915328515433,14.0,91,90,USW00014929,USW00014924,2.2106942268338443,0.006146975813124955,4.3853498125299316e-08,,0,mild,0,400.7613176757248
NOAA,USW00014924_mild_Q2,risk,KMM + dependence,0.003122594999467242,0.0031746312715419086,5.203627207466671e-05,1,0.0011674758060356604,24.4232403076857,22.044320246396413,5.859420523796414,339.06229868254087,0.5714285714285714,0.0,6.625101344859274e-06,1.107915328515433,14.0,91,90,USW00014929,USW00014924,2.2106942268338443,0.006146975813124955,4.3853498125299316e-08,,0,mild,0,400.7613176757248
NOAA,USW00014924_mild_Q3,mean,Unweighted,0.7099456521739129,0.6816847826086956,0.02826086956521734,0,0.009845467178920883,92.0,92.0,1.0,92.0,0.0,0.0,0.015549768402155939,2.268321382072384,14.0,92,92,USW00014929,USW00014924,2.392268510529344,0.015549768402155939,3.982639566664709e-08,,0,mild,0,400.7613176757248
NOAA,USW00014924_mild_Q3,mean,Logistic IW,0.6959867034611213,0.6816847826086956,0.014301920852425765,0,0.013715232602251198,71.79131817240071,71.79131817240071,3.3005594741890114,123.76081323631004,0.0,0.0,0.012407404157702251,2.8737816357126067,14.0,92,92,USW00014929,USW00014924,2.392268510529344,0.015549768402155939,3.982639566664709e-08,,0,mild,0,400.7613176757248
NOAA,USW00014924_mild_Q3,mean,KMM,0.6911306998230698,0.6816847826086956,0.009445917214374266,1,0.029932903845871342,17.721652256956702,17.721652256956702,9.81607800456341,477.6078368582947,0.6521739130434783,0.0,0.0001090009821609339,0.8127098247535486,14.0,92,92,USW00014929,USW00014924,2.392268510529344,0.015549768402155939,3.982639566664709e-08,,0,mild,0,400.7613176757248
NOAA,USW00014924_mild_Q3,mean,KMM + dependence,0.6911306998230698,0.6816847826086956,0.009445917214374266,1,0.029932903845871342,17.721652256956702,17.721652256956702,9.81607800456341,477.6078368582947,0.6521739130434783,0.0,0.0001090009821609339,0.8127098247535486,14.0,92,92,USW00014929,USW00014924,2.392268510529344,0.015549768402155939,3.982639566664709e-08,,0,mild,0,400.7613176757248
NOAA,USW00014924_mild_Q3,risk,Unweighted,0.0014115490616561893,0.002235300661393066,0.0008237515997368769,0,0.00041367160697970673,92.0,92.0,1.0,92.0,0.0,0.0,0.015549768402155939,2.0623734465963346,14.0,92,92,USW00014929,USW00014924,2.392268510529344,0.015549768402155939,3.982639566664709e-08,,0,mild,0,400.7613176757248
NOAA,USW00014924_mild_Q3,risk,Logistic IW,0.0014514031099643813,0.002235300661393066,0.0007838975514286848,0,0.00047867297624979436,71.79131817240071,71.79131817240071,3.3005594741890114,123.76081323631004,0.0,0.0,0.012407404157702251,1.7938593671472545,14.0,92,92,USW00014929,USW00014924,2.392268510529344,0.015549768402155939,3.982639566664709e-08,,0,mild,0,400.7613176757248
NOAA,USW00014924_mild_Q3,risk,KMM,0.0023599404323452816,0.002235300661393066,0.00012463977095221544,1,0.00186530941161721,17.721652256956702,17.721652256956702,9.81607800456341,477.6078368582947,0.6521739130434783,0.0,0.0001090009821609339,1.1935196846816087,14.0,92,92,USW00014929,USW00014924,2.392268510529344,0.015549768402155939,3.982639566664709e-08,,0,mild,0,400.7613176757248
NOAA,USW00014924_mild_Q3,risk,KMM + dependence,0.0023599404323452816,0.002235300661393066,0.00012463977095221544,1,0.0020378193165602582,17.721652256956702,14.848227879613269,9.81607800456341,477.6078368582947,0.6521739130434783,0.0,0.0001090009821609339,1.1935196846816087,14.0,92,92,USW00014929,USW00014924,2.392268510529344,0.015549768402155939,3.982639566664709e-08,,0,mild,0,400.7613176757248
NOAA,USW00014924_mild_Q4,mean,Unweighted,0.47463315217391294,0.4192307692307693,0.05540238294314365,0,0.02661856769451534,92.0,92.0,1.0,92.0,0.0,0.0,0.0068684163462580106,9.309534350263197,14.0,92,91,USW00014929,USW00014924,2.098615879448524,0.0068684163462580106,4.438478137951217e-08,,0,mild,0,400.7613176757248
NOAA,USW00014924_mild_Q4,mean,Logistic IW,0.45711520278768725,0.4192307692307693,0.03788443355691795,0,0.030145414737677834,81.82973914659941,81.82973914659941,2.140852054250136,98.50510675435314,0.0,0.0,0.0034546434416058425,8.868609788728241,14.0,92,91,USW00014929,USW00014924,2.098615879448524,0.0068684163462580106,4.438478137951217e-08,,0,mild,0,400.7613176757248
NOAA,USW00014924_mild_Q4,mean,KMM,0.48493487958880244,0.4192307692307693,0.06570411035803314,1,0.07359055082421556,15.461569817906081,15.461569817906081,9.430092379912855,547.4217753877635,0.7717391304347826,0.0,0.0016051333777520327,1.8777509084231134,14.0,92,91,USW00014929,USW00014924,2.098615879448524,0.0068684163462580106,4.438478137951217e-08,,0,mild,0,400.7613176757248
NOAA,USW00014924_mild_Q4,mean,KMM + dependence,0.48493487958880244,0.4192307692307693,0.06570411035803314,1,0.10084190562332639,15.461569817906081,8.234089914987875,9.430092379912855,547.4217753877635,0.7717391304347826,0.0,0.0016051333777520327,1.8777509084231134,14.0,92,91,USW00014929,USW00014924,2.098615879448524,0.0068684163462580106,4.438478137951217e-08,,0,mild,0,400.7613176757248
NOAA,USW00014924_mild_Q4,risk,Unweighted,0.003354423318639526,0.004106918497458759,0.0007524951788192335,1,0.0009962108839080004,92.0,92.0,1.0,92.0,0.0,0.0,0.0068684163462580106,1.5775584558621008,14.0,92,91,USW00014929,USW00014924,2.098615879448524,0.0068684163462580106,4.438478137951217e-08,,0,mild,0,400.7613176757248
NOAA,USW00014924_mild_Q4,risk,Logistic IW,0.003994192759595511,0.004106918497458759,0.00011272573786324808,1,0.0015636792390304344,81.82973914659941,81.82973914659941,2.140852054250136,98.50510675435314,0.0,0.0,0.0034546434416058425,1.431316978390775,14.0,92,91,USW00014929,USW00014924,2.098615879448524,0.0068684163462580106,4.438478137951217e-08,,0,mild,0,400.7613176757248
NOAA,USW00014924_mild_Q4,risk,KMM,0.002741822603221241,0.004106918497458759,0.0013650958942375184,1,0.0019353086717775502,15.461569817906081,15.461569817906081,9.430092379912855,547.4217753877635,0.7717391304347826,0.0,0.0016051333777520327,0.7446132093858988,14.0,92,91,USW00014929,USW00014924,2.098615879448524,0.0068684163462580106,4.438478137951217e-08,,0,mild,0,400.7613176757248
NOAA,USW00014924_mild_Q4,risk,KMM + dependence,0.002741822603221241,0.004106918497458759,0.0013650958942375184,1,0.0019353086717775502,15.461569817906081,15.461569817906081,9.430092379912855,547.4217753877635,0.7717391304347826,0.0,0.0016051333777520327,0.7446132093858988,14.0,92,91,USW00014929,USW00014924,2.098615879448524,0.0068684163462580106,4.438478137951217e-08,,0,mild,0,400.7613176757248
NOAA,USW00014924_medium_Q1,mean,Unweighted,0.3383088235294117,0.29383426966292137,0.04447455386649035,0,0.03198674086825229,68.0,68.0,1.0,68.0,0.0,0.0,0.048442067855338555,5.659470716073705,14.0,68,89,USW00094037,USW00014924,2.3904577571145893,0.048442067855338555,2.9289414200113524e-09,,0,medium,0,604.9084798835812
NOAA,USW00014924_medium_Q1,mean,Logistic IW,0.2785336186097598,0.29383426966292137,0.015300651053161585,1,0.04441738233244829,44.12547410190185,44.12547410190185,2.9370873051568376,77.64857430222325,0.0,0.0,0.031585303613226534,5.084071534459779,14.0,68,89,USW00094037,USW00014924,2.3904577571145893,0.048442067855338555,2.9289414200113524e-09,,0,medium,0,604.9084798835812
NOAA,USW00014924_medium_Q1,mean,KMM,0.356108083525082,0.29383426966292137,0.06227381386216063,1,0.09032779716471115,9.068418512704305,9.068418512704305,9.999999999999998,509.9014776966963,0.7941176470588235,0.029411764705882353,0.003403405674328619,2.193519039183479,14.0,68,89,USW00094037,USW00014924,2.3904577571145893,0.048442067855338555,2.9289414200113524e-09,,0,medium,0,604.9084798835812
NOAA,USW00014924_medium_Q1,mean,KMM + dependence,0.356108083525082,0.29383426966292137,0.06227381386216063,1,0.1337802870047765,9.068418512704305,4.134187281127934,9.999999999999998,509.9014776966963,0.7941176470588235,0.029411764705882353,0.003403405674328619,2.193519039183479,14.0,68,89,USW00094037,USW00014924,2.3904577571145893,0.048442067855338555,2.9289414200113524e-09,,0,medium,0,604.9084798835812
NOAA,USW00014924_medium_Q1,risk,Unweighted,0.003785179657653972,0.00419804012126114,0.000412860463607168,1,0.000848780521508972,68.0,68.0,1.0,68.0,0.0,0.0,0.048442067855338555,0.7946439104962311,14.0,68,89,USW00094037,USW00014924,2.3904577571145893,0.048442067855338555,2.9289414200113524e-09,,0,medium,0,604.9084798835812
NOAA,USW00014924_medium_Q1,risk,Logistic IW,0.003937532011827188,0.00419804012126114,0.0002605081094339519,1,0.0011548629484347238,44.12547410190185,44.12547410190185,2.9370873051568376,77.64857430222325,0.0,0.0,0.031585303613226534,0.4321707716628923,14.0,68,89,USW00094037,USW00014924,2.3904577571145893,0.048442067855338555,2.9289414200113524e-09,,0,medium,0,604.9084798835812
NOAA,USW00014924_medium_Q1,risk,KMM,0.00223495009664077,0.00419804012126114,0.00196309002462037,0,0.0009482618763716905,9.068418512704305,9.068418512704305,9.999999999999998,509.9014776966963,0.7941176470588235,0.029411764705882353,0.003403405674328619,0.9143692353241502,14.0,68,89,USW00094037,USW00014924,2.3904577571145893,0.048442067855338555,2.9289414200113524e-09,,0,medium,0,604.9084798835812
NOAA,USW00014924_medium_Q1,risk,KMM + dependence,0.00223495009664077,0.00419804012126114,0.00196309002462037,0,0.0009482618763716905,9.068418512704305,9.068418512704305,9.999999999999998,509.9014776966963,0.7941176470588235,0.029411764705882353,0.003403405674328619,0.9143692353241502,14.0,68,89,USW00094037,USW00014924,2.3904577571145893,0.048442067855338555,2.9289414200113524e-09,,0,medium,0,604.9084798835812
NOAA,USW00014924_medium_Q2,mean,Unweighted,0.6291415662650602,0.6181388888888889,0.011002677376171333,1,0.019197964452965604,83.0,83.0,1.0,83.0,0.0,0.0,0.015911509020335446,5.460929564160879,14.0,83,90,USW00094037,USW00014924,2.181812343625091,0.015911509020335446,5.0800123712862744e-08,,0,medium,0,604.9084798835812
NOAA,USW00014924_medium_Q2,mean,Logistic IW,0.6244026055889863,0.6181388888888889,0.006263716700097399,1,0.019471536033455958,75.36970624484995,75.36970624484995,1.6258179141722284,87.73192791970024,0.0,0.0,0.009492116593420086,5.6613288801822765,14.0,83,90,USW00094037,USW00014924,2.181812343625091,0.015911509020335446,5.0800123712862744e-08,,0,medium,0,604.9084798835812
NOAA,USW00014924_medium_Q2,mean,KMM,0.6395750090905721,0.6181388888888889,0.021436120201683173,1,0.05203081930330275,13.968216598998083,13.968216598998083,10.0,493.19109216090914,0.7108433734939759,0.024096385542168676,0.00044082138473244825,1.6952031613425362,14.0,83,90,USW00094037,USW00014924,2.181812343625091,0.015911509020335446,5.0800123712862744e-08,,0,medium,0,604.9084798835812
NOAA,USW00014924_medium_Q2,mean,KMM + dependence,0.6395750090905721,0.6181388888888889,0.021436120201683173,1,0.06774410997558822,13.968216598998083,8.239848130023418,10.0,493.19109216090914,0.7108433734939759,0.024096385542168676,0.00044082138473244825,1.6952031613425362,14.0,83,90,USW00094037,USW00014924,2.181812343625091,0.015911509020335446,5.0800123712862744e-08,,0,medium,0,604.9084798835812
NOAA,USW00014924_medium_Q2,risk,Unweighted,0.0026562431674694307,0.0031746312715419086,0.0005183881040724779,1,0.0007641451202270119,83.0,83.0,1.0,83.0,0.0,0.0,0.015911509020335446,1.4701890123074284,14.0,83,90,USW00094037,USW00014924,2.181812343625091,0.015911509020335446,5.0800123712862744e-08,,0,medium,0,604.9084798835812
NOAA,USW00014924_medium_Q2,risk,Logistic IW,0.0025880099919468394,0.0031746312715419086,0.0005866212795950692,1,0.0007965247291616851,75.36970624484995,75.36970624484995,1.6258179141722284,87.73192791970024,0.0,0.0,0.009492116593420086,1.1113862313246086,14.0,83,90,USW00094037,USW00014924,2.181812343625091,0.015911509020335446,5.0800123712862744e-08,,0,medium,0,604.9084798835812
NOAA,USW00014924_medium_Q2,risk,KMM,0.002078310532112689,0.0031746312715419086,0.0010963207394292197,1,0.0012255788400527493,13.968216598998083,13.968216598998083,10.0,493.19109216090914,0.7108433734939759,0.024096385542168676,0.00044082138473244825,0.6761834012124223,14.0,83,90,USW00094037,USW00014924,2.181812343625091,0.015911509020335446,5.0800123712862744e-08,,0,medium,0,604.9084798835812
NOAA,USW00014924_medium_Q2,risk,KMM + dependence,0.002078310532112689,0.0031746312715419086,0.0010963207394292197,1,0.0012255788400527493,13.968216598998083,13.968216598998083,10.0,493.19109216090914,0.7108433734939759,0.024096385542168676,0.00044082138473244825,0.6761834012124223,14.0,83,90,USW00094037,USW00014924,2.181812343625091,0.015911509020335446,5.0800123712862744e-08,,0,medium,0,604.9084798835812
NOAA,USW00014924_medium_Q3,mean,Unweighted,0.725896739130435,0.6816847826086956,0.04421195652173937,0,0.01214114074932521,92.0,92.0,1.0,92.0,0.0,0.0,0.005859330345497904,2.722372962125232,14.0,92,92,USW00094037,USW00014924,2.3533151756330044,0.005859330345497904,4.261497628777365e-08,,0,medium,0,604.9084798835812
NOAA,USW00014924_medium_Q3,mean,Logistic IW,0.7163962290908149,0.6816847826086956,0.034711446482119324,0,0.014895119219230141,83.29873220797128,83.29873220797128,2.695237877866861,101.00505196286224,0.0,0.0,0.002121693815814618,1.832268886570701,14.0,92,92,USW00094037,USW00014924,2.3533151756330044,0.005859330345497904,4.261497628777365e-08,,0,medium,0,604.9084798835812
NOAA,USW00014924_medium_Q3,mean,KMM,0.7265712411658055,0.6816847826086956,0.04488645855710993,0,0.01992946234740627,27.93147806768681,27.93147806768681,5.1378530130233155,303.0272862570699,0.5434782608695652,0.0,0.0001563120914345184,1.2364216942811663,14.0,92,92,USW00094037,USW00014924,2.3533151756330044,0.005859330345497904,4.261497628777365e-08,,0,medium,0,604.9084798835812
NOAA,USW00014924_medium_Q3,mean,KMM + dependence,0.7265712411658055,0.6816847826086956,0.04488645855710993,0,0.022160466110759162,27.93147806768681,22.590575850357983,5.1378530130233155,303.0272862570699,0.5434782608695652,0.0,0.0001563120914345184,1.2364216942811663,14.0,92,92,USW00094037,USW00014924,2.3533151756330044,0.005859330345497904,4.261497628777365e-08,,0,medium,0,604.9084798835812
NOAA,USW00014924_medium_Q3,risk,Unweighted,0.0020250678896872676,0.002235300661393066,0.00021023277170579852,1,0.0005036085144118761,92.0,92.0,1.0,92.0,0.0,0.0,0.005859330345497904,1.4199505867906008,14.0,92,92,USW00094037,USW00014924,2.3533151756330044,0.005859330345497904,4.261497628777365e-08,,0,medium,0,604.9084798835812
NOAA,USW00014924_medium_Q3,risk,Logistic IW,0.0020432006585839936,0.002235300661393066,0.0001921000028090726,1,0.0005102630990721741,83.29873220797128,83.29873220797128,2.695237877866861,101.00505196286224,0.0,0.0,0.002121693815814618,1.4915424618059054,14.0,92,92,USW00094037,USW00014924,2.3533151756330044,0.005859330345497904,4.261497628777365e-08,,0,medium,0,604.9084798835812
NOAA,USW00014924_medium_Q3,risk,KMM,0.0020406506503574105,0.002235300661393066,0.00019465001103565567,1,0.0009462361301724225,27.93147806768681,27.93147806768681,5.1378530130233155,303.0272862570699,0.5434782608695652,0.0,0.0001563120914345184,1.0249899475370075,14.0,92,92,USW00094037,USW00014924,2.3533151756330044,0.005859330345497904,4.261497628777365e-08,,0,medium,0,604.9084798835812
NOAA,USW00014924_medium_Q3,risk,KMM + dependence,0.0020406506503574105,0.002235300661393066,0.00019465001103565567,1,0.0009579863693149401,27.93147806768681,27.250489758269886,5.1378530130233155,303.0272862570699,0.5434782608695652,0.0,0.0001563120914345184,1.0249899475370075,14.0,92,92,USW00094037,USW00014924,2.3533151756330044,0.005859330345497904,4.261497628777365e-08,,0,medium,0,604.9084798835812
NOAA,USW00014924_medium_Q4,mean,Unweighted,0.500679347826087,0.4192307692307693,0.08144857859531773,0,0.023129298359801004,92.0,92.0,1.0,92.0,0.0,0.0,0.023221231169478607,6.536276490190361,14.0,92,91,USW00094037,USW00014924,2.130039005117923,0.023221231169478607,3.424138587705056e-08,,0,medium,0,604.9084798835812
NOAA,USW00014924_medium_Q4,mean,Logistic IW,0.4736162268971196,0.4192307692307693,0.05438545766635028,0,0.03492250712294237,69.38228590210329,69.38228590210329,3.7077008432094316,118.84339727703652,0.0,0.0,0.006476771501081391,5.355582543508298,14.0,92,91,USW00094037,USW00014924,2.130039005117923,0.023221231169478607,3.424138587705056e-08,,0,medium,0,604.9084798835812
NOAA,USW00014924_medium_Q4,mean,KMM,0.4377856454418918,0.4192307692307693,0.018554876211122506,1,0.09396153011399122,16.183244412443816,16.183244412443816,10.0,523.0100827922838,0.717391304347826,0.021739130434782608,0.000218200658587131,1.4994371194661626,14.0,92,91,USW00094037,USW00014924,2.130039005117923,0.023221231169478607,3.424138587705056e-08,,0,medium,0,604.9084798835812
NOAA,USW00014924_medium_Q4,mean,KMM + dependence,0.4377856454418918,0.4192307692307693,0.018554876211122506,1,0.11505730819794238,16.183244412443816,10.792879676211738,10.0,523.0100827922838,0.717391304347826,0.021739130434782608,0.000218200658587131,1.4994371194661626,14.0,92,91,USW00094037,USW00014924,2.130039005117923,0.023221231169478607,3.424138587705056e-08,,0,medium,0,604.9084798835812
NOAA,USW00014924_medium_Q4,risk,Unweighted,0.0034310251701757622,0.004106918497458759,0.000675893327282997,1,0.001244499696859582,92.0,92.0,1.0,92.0,0.0,0.0,0.023221231169478607,1.5513339133777433,14.0,92,91,USW00094037,USW00014924,2.130039005117923,0.023221231169478607,3.424138587705056e-08,,0,medium,0,604.9084798835812
NOAA,USW00014924_medium_Q4,risk,Logistic IW,0.003636662451627641,0.004106918497458759,0.0004702560458311185,1,0.0014416804416831001,69.38228590210329,69.38228590210329,3.7077008432094316,118.84339727703652,0.0,0.0,0.006476771501081391,1.4357055565890995,14.0,92,91,USW00094037,USW00014924,2.130039005117923,0.023221231169478607,3.424138587705056e-08,,0,medium,0,604.9084798835812
NOAA,USW00014924_medium_Q4,risk,KMM,0.0027999883595511955,0.004106918497458759,0.0013069301379075638,1,0.001669172126249184,16.183244412443816,16.183244412443816,10.0,523.0100827922838,0.717391304347826,0.021739130434782608,0.000218200658587131,1.0456193030096643,14.0,92,91,USW00094037,USW00014924,2.130039005117923,0.023221231169478607,3.424138587705056e-08,,0,medium,0,604.9084798835812
NOAA,USW00014924_medium_Q4,risk,KMM + dependence,0.0027999883595511955,0.004106918497458759,0.0013069301379075638,1,0.0017068207728460356,16.183244412443816,15.47718597568224,10.0,523.0100827922838,0.717391304347826,0.021739130434782608,0.000218200658587131,1.0456193030096643,14.0,92,91,USW00094037,USW00014924,2.130039005117923,0.023221231169478607,3.424138587705056e-08,,0,medium,0,604.9084798835812
NOAA,USW00014924_severe_Q1,mean,Unweighted,0.4964814814814814,0.29383426966292137,0.20264721181856005,0,0.028357080364046234,81.0,81.0,1.0,81.0,0.0,0.0,0.11738360986499363,6.967376350125027,14.0,81,89,USW00013940,USW00014924,2.3449912139018965,0.11738360986499363,1.921293730030095e-08,,0,severe,0,1188.147527078389
NOAA,USW00014924_severe_Q1,mean,Logistic IW,0.36816520072914116,0.29383426966292137,0.0743309310662198,0,0.051627266681645675,15.223103332381429,15.223103332381429,10.0,284.8627339680436,0.0,0.012345679012345678,0.03553205092550393,2.798698731608512,14.0,81,89,USW00013940,USW00014924,2.3449912139018965,0.11738360986499363,1.921293730030095e-08,,0,severe,0,1188.147527078389
NOAA,USW00014924_severe_Q1,mean,KMM,0.42058144533177466,0.29383426966292137,0.1267471756688533,0,0.10237510382750514,9.265029782371203,9.265029782371203,10.0,708.1466713127867,0.8271604938271605,0.07407407407407407,0.004555655382234347,1.6872774487212998,14.0,81,89,USW00013940,USW00014924,2.3449912139018965,0.11738360986499363,1.921293730030095e-08,,0,severe,0,1188.147527078389
NOAA,USW00014924_severe_Q1,mean,KMM + dependence,0.42058144533177466,0.29383426966292137,0.1267471756688533,1,0.13298039120121125,9.265029782371203,5.491112199355647,10.0,708.1466713127867,0.8271604938271605,0.07407407407407407,0.004555655382234347,1.6872774487212998,14.0,81,89,USW00013940,USW00014924,2.3449912139018965,0.11738360986499363,1.921293730030095e-08,,0,severe,0,1188.147527078389
NOAA,USW00014924_severe_Q1,risk,Unweighted,0.004103349261680884,0.00419804012126114,9.46908595802565e-05,1,0.0012633178204753473,81.0,81.0,1.0,81.0,0.0,0.0,0.11738360986499363,1.231316332842818,14.0,81,89,USW00013940,USW00014924,2.3449912139018965,0.11738360986499363,1.921293730030095e-08,,0,severe,0,1188.147527078389
NOAA,USW00014924_severe_Q1,risk,Logistic IW,0.005734276908095307,0.00419804012126114,0.0015362367868341671,1,0.0032348500283957827,15.223103332381429,15.223103332381429,10.0,284.8627339680436,0.0,0.012345679012345678,0.03553205092550393,0.3820733787396694,14.0,81,89,USW00013940,USW00014924,2.3449912139018965,0.11738360986499363,1.921293730030095e-08,,0,severe,0,1188.147527078389
NOAA,USW00014924_severe_Q1,risk,KMM,0.007260941273703904,0.00419804012126114,0.003062901152442764,1,0.004447715909112495,9.265029782371203,9.265029782371203,10.0,708.1466713127867,0.8271604938271605,0.07407407407407407,0.004555655382234347,0.9917622104414231,14.0,81,89,USW00013940,USW00014924,2.3449912139018965,0.11738360986499363,1.921293730030095e-08,,0,severe,0,1188.147527078389
NOAA,USW00014924_severe_Q1,risk,KMM + dependence,0.007260941273703904,0.00419804012126114,0.003062901152442764,1,0.004447715909112495,9.265029782371203,9.265029782371203,10.0,708.1466713127867,0.8271604938271605,0.07407407407407407,0.004555655382234347,0.9917622104414231,14.0,81,89,USW00013940,USW00014924,2.3449912139018965,0.11738360986499363,1.921293730030095e-08,,0,severe,0,1188.147527078389
NOAA,USW00014924_severe_Q2,mean,Unweighted,0.69441091954023,0.6181388888888889,0.07627203065134114,0,0.01768702676972805,87.0,87.0,1.0,87.0,0.0,0.0,0.07008465634454741,6.175855821954778,14.0,87,90,USW00013940,USW00014924,2.1394963558726214,0.07008465634454741,1.1755918134691108e-08,,0,severe,0,1188.147527078389
NOAA,USW00014924_severe_Q2,mean,Logistic IW,0.6680701995065327,0.6181388888888889,0.049931310617643776,0,0.029829551479813695,29.50070539228509,29.50070539228509,5.258984095761234,120.91530622755634,0.0,0.0,0.011628867782970786,2.455459799397537,14.0,87,90,USW00013940,USW00014924,2.1394963558726214,0.07008465634454741,1.1755918134691108e-08,,0,severe,0,1188.147527078389
NOAA,USW00014924_severe_Q2,mean,KMM,0.6596580334260168,0.6181388888888889,0.041519144537127906,1,0.05036713025837535,10.318578896177762,10.318578896177762,10.0,733.5312426407608,0.8045977011494253,0.06896551724137931,0.001390065630644921,1.3205838477268625,14.0,87,90,USW00013940,USW00014924,2.1394963558726214,0.07008465634454741,1.1755918134691108e-08,,0,severe,0,1188.147527078389
NOAA,USW00014924_severe_Q2,mean,KMM + dependence,0.6596580334260168,0.6181388888888889,0.041519144537127906,1,0.05788022324283325,10.318578896177762,7.813649177929339,10.0,733.5312426407608,0.8045977011494253,0.06896551724137931,0.001390065630644921,1.3205838477268625,14.0,87,90,USW00013940,USW00014924,2.1394963558726214,0.07008465634454741,1.1755918134691108e-08,,0,severe,0,1188.147527078389
NOAA,USW00014924_severe_Q2,risk,Unweighted,0.0020534263661335077,0.0031746312715419086,0.0011212049054084008,0,0.0007305422475781938,87.0,87.0,1.0,87.0,0.0,0.0,0.07008465634454741,1.9355436392632699,14.0,87,90,USW00013940,USW00014924,2.1394963558726214,0.07008465634454741,1.1755918134691108e-08,,0,severe,0,1188.147527078389
NOAA,USW00014924_severe_Q2,risk,Logistic IW,0.0021424653329056346,0.0031746312715419086,0.001032165938636274,1,0.0013307687526844453,29.50070539228509,29.50070539228509,5.258984095761234,120.91530622755634,0.0,0.0,0.011628867782970786,0.633445335213244,14.0,87,90,USW00013940,USW00014924,2.1394963558726214,0.07008465634454741,1.1755918134691108e-08,,0,severe,0,1188.147527078389
NOAA,USW00014924_severe_Q2,risk,KMM,0.0024917473245817997,0.0031746312715419086,0.0006828839469601089,1,0.0028692324920575668,10.318578896177762,10.318578896177762,10.0,733.5312426407608,0.8045977011494253,0.06896551724137931,0.001390065630644921,0.6305167506599041,14.0,87,90,USW00013940,USW00014924,2.1394963558726214,0.07008465634454741,1.1755918134691108e-08,,0,severe,0,1188.147527078389
NOAA,USW00014924_severe_Q2,risk,KMM + dependence,0.0024917473245817997,0.0031746312715419086,0.0006828839469601089,1,0.0028692324920575668,10.318578896177762,10.318578896177762,10.0,733.5312426407608,0.8045977011494253,0.06896551724137931,0.001390065630644921,0.6305167506599041,14.0,87,90,USW00013940,USW00014924,2.1394963558726214,0.07008465634454741,1.1755918134691108e-08,,0,severe,0,1188.147527078389
NOAA,USW00014924_severe_Q3,mean,Unweighted,0.7657040229885058,0.6816847826086956,0.08401924037981023,0,0.013321921693488439,87.0,87.0,1.0,87.0,0.0,0.0,0.1551924782022085,5.0615468440435185,14.0,87,92,USW00013940,USW00014924,2.3906487317922487,0.1551924782022085,1.1860786112992097e-08,,0,severe,0,1188.147527078389
NOAA,USW00014924_severe_Q3,mean,Logistic IW,0.7190307817794527,0.6816847826086956,0.037345999170757094,0,0.030794038832956373,13.132059211837117,13.132059211837117,10.0,288.5639806820636,0.0,0.011494252873563218,0.027425427528698032,1.5248225452041677,14.0,87,92,USW00013940,USW00014924,2.3906487317922487,0.1551924782022085,1.1860786112992097e-08,,0,severe,0,1188.147527078389
NOAA,USW00014924_severe_Q3,mean,KMM,0.7247930175913835,0.6816847826086956,0.0431082349826879,0,0.028850001523512962,10.164099659976863,10.164099659976863,10.0,744.6798293216702,0.8390804597701149,0.06896551724137931,0.010990863035267973,0.6699621770212122,14.0,87,92,USW00013940,USW00014924,2.3906487317922487,0.1551924782022085,1.1860786112992097e-08,,0,severe,0,1188.147527078389
NOAA,USW00014924_severe_Q3,mean,KMM + dependence,0.7247930175913835,0.6816847826086956,0.0431082349826879,0,0.028850001523512962,10.164099659976863,10.164099659976863,10.0,744.6798293216702,0.8390804597701149,0.06896551724137931,0.010990863035267973,0.6699621770212122,14.0,87,92,USW00013940,USW00014924,2.3906487317922487,0.1551924782022085,1.1860786112992097e-08,,0,severe,0,1188.147527078389
NOAA,USW00014924_severe_Q3,risk,Unweighted,0.0024974361195628657,0.002235300661393066,0.00026213545816979955,1,0.0007146487349660241,87.0,87.0,1.0,87.0,0.0,0.0,0.1551924782022085,0.9490094069604276,14.0,87,92,USW00013940,USW00014924,2.3906487317922487,0.1551924782022085,1.1860786112992097e-08,,0,severe,0,1188.147527078389
NOAA,USW00014924_severe_Q3,risk,Logistic IW,0.002040660209525029,0.002235300661393066,0.00019464045186803718,1,0.0014790267552077766,13.132059211837117,13.132059211837117,10.0,288.5639806820636,0.0,0.011494252873563218,0.027425427528698032,0.26996913017440194,14.0,87,92,USW00013940,USW00014924,2.3906487317922487,0.1551924782022085,1.1860786112992097e-08,,0,severe,0,1188.147527078389
NOAA,USW00014924_severe_Q3,risk,KMM,0.0030117654842179474,0.002235300661393066,0.0007764648228248813,1,0.00283630456824206,10.164099659976863,10.164099659976863,10.0,744.6798293216702,0.8390804597701149,0.06896551724137931,0.010990863035267973,0.23286059699240053,14.0,87,92,USW00013940,USW00014924,2.3906487317922487,0.1551924782022085,1.1860786112992097e-08,,0,severe,0,1188.147527078389
NOAA,USW00014924_severe_Q3,risk,KMM + dependence,0.0030117654842179474,0.002235300661393066,0.0007764648228248813,1,0.00283630456824206,10.164099659976863,10.164099659976863,10.0,744.6798293216702,0.8390804597701149,0.06896551724137931,0.010990863035267973,0.23286059699240053,14.0,87,92,USW00013940,USW00014924,2.3906487317922487,0.1551924782022085,1.1860786112992097e-08,,0,severe,0,1188.147527078389
NOAA,USW00014924_severe_Q4,mean,Unweighted,0.5786419753086419,0.4192307692307693,0.15941120607787262,0,0.020950776383556035,81.0,81.0,1.0,81.0,0.0,0.0,0.07971992091084856,6.627635355277644,14.0,81,91,USW00013940,USW00014924,2.1339784176551104,0.07971992091084856,5.3160293962992577e-08,,0,severe,0,1188.147527078389
NOAA,USW00014924_severe_Q4,mean,Logistic IW,0.5645274455061375,0.4192307692307693,0.14529667627536824,0,0.03302719563705764,27.580439630237986,27.580439630237986,3.8023066189317034,77.29933439321475,0.0,0.0,0.0779893370337057,3.971275819901904,14.0,81,91,USW00013940,USW00014924,2.1339784176551104,0.07971992091084856,5.3160293962992577e-08,,0,severe,0,1188.147527078389
NOAA,USW00014924_severe_Q4,mean,KMM,0.5119693765461654,0.4192307692307693,0.09273860731539607,0,0.07730491635460887,10.141721616798339,10.141721616798339,9.999999999999993,646.9315810377434,0.8271604938271605,0.06172839506172839,0.01611371530573913,1.8269918093840756,14.0,81,91,USW00013940,USW00014924,2.1339784176551104,0.07971992091084856,5.3160293962992577e-08,,0,severe,0,1188.147527078389
NOAA,USW00014924_severe_Q4,mean,KMM + dependence,0.5119693765461654,0.4192307692307693,0.09273860731539607,1,0.10449016495171444,10.141721616798339,5.551049306683737,9.999999999999993,646.9315810377434,0.8271604938271605,0.06172839506172839,0.01611371530573913,1.8269918093840756,14.0,81,91,USW00013940,USW00014924,2.1339784176551104,0.07971992091084856,5.3160293962992577e-08,,0,severe,0,1188.147527078389
NOAA,USW00014924_severe_Q4,risk,Unweighted,0.004318792471777322,0.004106918497458759,0.0002118739743185629,1,0.0012921861411783807,81.0,81.0,1.0,81.0,0.0,0.0,0.07971992091084856,3.836914114470169,14.0,81,91,USW00013940,USW00014924,2.1339784176551104,0.07971992091084856,5.3160293962992577e-08,,0,severe,0,1188.147527078389
NOAA,USW00014924_severe_Q4,risk,Logistic IW,0.0028571683469106233,0.004106918497458759,0.001249750150548136,0,0.0008116520399768675,27.580439630237986,27.580439630237986,3.8023066189317034,77.29933439321475,0.0,0.0,0.0779893370337057,2.323754835084094,14.0,81,91,USW00013940,USW00014924,2.1339784176551104,0.07971992091084856,5.3160293962992577e-08,,0,severe,0,1188.147527078389
NOAA,USW00014924_severe_Q4,risk,KMM,0.003460916627561087,0.004106918497458759,0.0006460018698976723,1,0.002150654249919861,10.141721616798339,10.141721616798339,9.999999999999993,646.9315810377434,0.8271604938271605,0.06172839506172839,0.01611371530573913,1.3562437082732959,14.0,81,91,USW00013940,USW00014924,2.1339784176551104,0.07971992091084856,5.3160293962992577e-08,,0,severe,0,1188.147527078389
NOAA,USW00014924_severe_Q4,risk,KMM + dependence,0.003460916627561087,0.004106918497458759,0.0006460018698976723,1,0.0025046062780554774,10.141721616798339,7.477801780706721,9.999999999999993,646.9315810377434,0.8271604938271605,0.06172839506172839,0.01611371530573913,1.3562437082732959,14.0,81,91,USW00013940,USW00014924,2.1339784176551104,0.07971992091084856,5.3160293962992577e-08,,0,severe,0,1188.147527078389
NOAA,USW00024121_mild_Q1,mean,Unweighted,0.4666111111111111,0.4794305555555555,0.012819444444444439,1,0.015992336490063926,90.0,90.0,1.0,90.0,0.0,0.0,0.004193078076716095,4.345323387717667,14.0,90,90,USW00053138,USW00024121,2.3795927826594117,0.004193078076716095,4.1464705377113054e-08,,0,mild,0,242.27950424139306
NOAA,USW00024121_mild_Q1,mean,Logistic IW,0.45798217626711524,0.4794305555555555,0.02144837928844029,0,0.015689991241277873,83.07419954446725,83.07419954446725,2.3819207815173287,94.94397796225503,0.0,0.0,0.002127722017867706,4.365440498357771,14.0,90,90,USW00053138,USW00024121,2.3795927826594117,0.004193078076716095,4.1464705377113054e-08,,0,mild,0,242.27950424139306
NOAA,USW00024121_mild_Q1,mean,KMM,0.47301257161284865,0.4794305555555555,0.006417983942706873,1,0.032182247627999615,21.29667705067776,21.29667705067776,6.765289645819213,380.3410260072581,0.6666666666666666,0.0,0.0008382716522516986,1.4667470815542705,14.0,90,90,USW00053138,USW00024121,2.3795927826594117,0.004193078076716095,4.1464705377113054e-08,,0,mild,0,242.27950424139306
NOAA,USW00024121_mild_Q1,mean,KMM + dependence,0.47301257161284865,0.4794305555555555,0.006417983942706873,1,0.038975705813169025,21.29667705067776,14.519665536412912,6.765289645819213,380.3410260072581,0.6666666666666666,0.0,0.0008382716522516986,1.4667470815542705,14.0,90,90,USW00053138,USW00024121,2.3795927826594117,0.004193078076716095,4.1464705377113054e-08,,0,mild,0,242.27950424139306
NOAA,USW00024121_mild_Q1,risk,Unweighted,0.0027515659937648773,0.002797394082761051,4.582808899617364e-05,1,0.0008999835191738999,90.0,90.0,1.0,90.0,0.0,0.0,0.004193078076716095,1.4627430847528513,14.0,90,90,USW00053138,USW00024121,2.3795927826594117,0.004193078076716095,4.1464705377113054e-08,,0,mild,0,242.27950424139306
NOAA,USW00024121_mild_Q1,risk,Logistic IW,0.002773916217976887,0.002797394082761051,2.347786478416403e-05,1,0.000987336621418277,83.07419954446725,83.07419954446725,2.3819207815173287,94.94397796225503,0.0,0.0,0.002127722017867706,1.2249118953437492,14.0,90,90,USW00053138,USW00024121,2.3795927826594117,0.004193078076716095,4.1464705377113054e-08,,0,mild,0,242.27950424139306
NOAA,USW00024121_mild_Q1,risk,KMM,0.002331329033997589,0.002797394082761051,0.0004660650487634619,1,0.0013481531868461767,21.29667705067776,21.29667705067776,6.765289645819213,380.3410260072581,0.6666666666666666,0.0,0.0008382716522516986,1.8867998353431077,14.0,90,90,USW00053138,USW00024121,2.3795927826594117,0.004193078076716095,4.1464705377113054e-08,,0,mild,0,242.27950424139306
NOAA,USW00024121_mild_Q1,risk,KMM + dependence,0.002331329033997589,0.002797394082761051,0.0004660650487634619,1,0.0018518344431993007,21.29667705067776,11.287194673093152,6.765289645819213,380.3410260072581,0.6666666666666666,0.0,0.0008382716522516986,1.8867998353431077,14.0,90,90,USW00053138,USW00024121,2.3795927826594117,0.004193078076716095,4.1464705377113054e-08,,0,mild,0,242.27950424139306
NOAA,USW00024121_mild_Q2,mean,Unweighted,0.6373333333333335,0.6678571428571428,0.030523809523809287,0,0.020407165429669735,90.0,90.0,1.0,90.0,0.0,0.0,0.04740051168644199,7.507863515552397,14.0,90,91,USW00053138,USW00024121,2.201010607280774,0.04740051168644199,3.965037436212367e-08,,0,mild,0,242.27950424139306
NOAA,USW00024121_mild_Q2,mean,Logistic IW,0.5821887839596279,0.6678571428571428,0.0856683588975149,0,0.024154563212017748,32.71395713783276,32.71395713783276,10.0,273.0058331523857,0.0,0.011111111111111112,0.0036818592390275295,4.0167348257890145,14.0,90,91,USW00053138,USW00024121,2.201010607280774,0.04740051168644199,3.965037436212367e-08,,0,mild,0,242.27950424139306
NOAA,USW00024121_mild_Q2,mean,KMM,0.6016692313223883,0.6678571428571428,0.06618791153475456,0,0.035748450850540875,20.031879412531392,20.031879412531392,10.0,404.3554692593079,0.5444444444444444,0.011111111111111112,8.868688360808008e-06,2.003881919559078,14.0,90,91,USW00053138,USW00024121,2.201010607280774,0.04740051168644199,3.965037436212367e-08,,0,mild,0,242.27950424139306
NOAA,USW00024121_mild_Q2,mean,KMM + dependence,0.6016692313223883,0.6678571428571428,0.06618791153475456,0,0.050604983769142756,20.031879412531392,9.99653683034332,10.0,404.3554692593079,0.5444444444444444,0.011111111111111112,8.868688360808008e-06,2.003881919559078,14.0,90,91,USW00053138,USW00024121,2.201010607280774,0.04740051168644199,3.965037436212367e-08,,0,mild,0,242.27950424139306
NOAA,USW00024121_mild_Q2,risk,Unweighted,0.001525678572711861,0.004959735877077424,0.0034340573043655635,0,0.0004902170880246638,90.0,90.0,1.0,90.0,0.0,0.0,0.04740051168644199,2.2102468892882876,14.0,90,91,USW00053138,USW00024121,2.201010607280774,0.04740051168644199,3.965037436212367e-08,,0,mild,0,242.27950424139306
NOAA,USW00024121_mild_Q2,risk,Logistic IW,0.0014315313810548788,0.004959735877077424,0.0035282044960225456,0,0.0005058492010190965,32.71395713783276,32.71395713783276,10.0,273.0058331523857,0.0,0.011111111111111112,0.0036818592390275295,1.4945533556238657,14.0,90,91,USW00053138,USW00024121,2.201010607280774,0.04740051168644199,3.965037436212367e-08,,0,mild,0,242.27950424139306
NOAA,USW00024121_mild_Q2,risk,KMM,0.0011820720117081062,0.004959735877077424,0.0037776638653693184,0,0.0005133220638414974,20.031879412531392,20.031879412531392,10.0,404.3554692593079,0.5444444444444444,0.011111111111111112,8.868688360808008e-06,1.7233244660473932,14.0,90,91,USW00053138,USW00024121,2.201010607280774,0.04740051168644199,3.965037436212367e-08,,0,mild,0,242.27950424139306
NOAA,USW00024121_mild_Q2,risk,KMM + dependence,0.0011820720117081062,0.004959735877077424,0.0037776638653693184,0,0.0006738658666143295,20.031879412531392,11.623974363038199,10.0,404.3554692593079,0.5444444444444444,0.011111111111111112,8.868688360808008e-06,1.7233244660473932,14.0,90,91,USW00053138,USW00024121,2.201010607280774,0.04740051168644199,3.965037436212367e-08,,0,mild,0,242.27950424139306
NOAA,USW00024121_mild_Q3,mean,Unweighted,0.7260190217391305,0.7673777173913044,0.04135869565217398,0,0.010717631085266355,92.0,92.0,1.0,92.0,0.0,0.0,0.14328082101267303,8.500417555075368,14.0,92,92,USW00053138,USW00024121,2.2201317111204144,0.14328082101267303,2.079200396692114e-09,,0,mild,0,242.27950424139306
NOAA,USW00024121_mild_Q3,mean,Logistic IW,0.6876023383069121,0.7673777173913044,0.07977537908439236,0,0.023589877311496667,23.282283498501837,23.282283498501837,7.517979648377219,111.5966078541879,0.0,0.0,0.06235233589032396,2.894296058383092,14.0,92,92,USW00053138,USW00024121,2.2201317111204144,0.14328082101267303,2.079200396692114e-09,,0,mild,0,242.27950424139306
NOAA,USW00024121_mild_Q3,mean,KMM,0.6912894440692501,0.7673777173913044,0.07608827332205437,0,0.03325714947145548,10.531271037232658,10.531271037232658,9.999999999999835,803.7016586199607,0.8369565217391305,0.07608695652173914,0.021356574870225353,1.940033170227528,14.0,92,92,USW00053138,USW00024121,2.2201317111204144,0.14328082101267303,2.079200396692114e-09,,0,mild,0,242.27950424139306
NOAA,USW00024121_mild_Q3,mean,KMM + dependence,0.6912894440692501,0.7673777173913044,0.07608827332205437,0,0.046322245088156876,10.531271037232658,5.428397410337858,9.999999999999835,803.7016586199607,0.8369565217391305,0.07608695652173914,0.021356574870225353,1.940033170227528,14.0,92,92,USW00053138,USW00024121,2.2201317111204144,0.14328082101267303,2.079200396692114e-09,,0,mild,0,242.27950424139306
NOAA,USW00024121_mild_Q3,risk,Unweighted,0.0009121737909983217,0.0066750351080544406,0.0057628613170561185,0,0.0002328119669315213,92.0,92.0,1.0,92.0,0.0,0.0,0.14328082101267303,1.6466033437001237,14.0,92,92,USW00053138,USW00024121,2.2201317111204144,0.14328082101267303,2.079200396692114e-09,,0,mild,0,242.27950424139306
NOAA,USW00024121_mild_Q3,risk,Logistic IW,0.0012494964564329564,0.0066750351080544406,0.005425538651621484,0,0.0004085621491842334,23.282283498501837,23.282283498501837,7.517979648377219,111.5966078541879,0.0,0.0,0.06235233589032396,0.9370900351068174,14.0,92,92,USW00053138,USW00024121,2.2201317111204144,0.14328082101267303,2.079200396692114e-09,,0,mild,0,242.27950424139306
NOAA,USW00024121_mild_Q3,risk,KMM,0.0011125079685217866,0.0066750351080544406,0.005562527139532654,0,0.0005248298604775715,10.531271037232658,10.531271037232658,9.999999999999835,803.7016586199607,0.8369565217391305,0.07608695652173914,0.021356574870225353,1.2173153591808579,14.0,92,92,USW00053138,USW00024121,2.2201317111204144,0.14328082101267303,2.079200396692114e-09,,0,mild,0,242.27950424139306
NOAA,USW00024121_mild_Q3,risk,KMM + dependence,0.0011125079685217866,0.0066750351080544406,0.005562527139532654,0,0.000579055361762465,10.531271037232658,8.651226617496425,9.999999999999835,803.7016586199607,0.8369565217391305,0.07608695652173914,0.021356574870225353,1.2173153591808579,14.0,92,92,USW00053138,USW00024121,2.2201317111204144,0.14328082101267303,2.079200396692114e-09,,0,mild,0,242.27950424139306
NOAA,USW00024121_mild_Q4,mean,Unweighted,0.5331250000000001,0.5504755434782609,0.017350543478260816,0,0.013593451708371425,92.0,92.0,1.0,92.0,0.0,0.0,0.05355648873223684,5.618807126459084,14.0,92,92,USW00053138,USW00024121,2.211058332692466,0.05355648873223684,3.377598833967933e-08,,0,mild,0,242.27950424139306
NOAA,USW00024121_mild_Q4,mean,Logistic IW,0.4945823299066419,0.5504755434782609,0.05589321357161897,0,0.023813578709137844,49.692889354202755,49.692889354202755,4.444690211994381,158.55687465104197,0.0,0.0,0.006560595877215913,3.592828108559099,14.0,92,92,USW00053138,USW00024121,2.211058332692466,0.05355648873223684,3.377598833967933e-08,,0,mild,0,242.27950424139306
NOAA,USW00024121_mild_Q4,mean,KMM,0.4760657137090093,0.5504755434782609,0.07440982976925159,0,0.028166919277656167,16.29003523479946,16.29003523479946,10.0,519.5814421517546,0.7065217391304348,0.010869565217391304,0.00021309885689890784,1.7849726151710568,14.0,92,92,USW00053138,USW00024121,2.211058332692466,0.05355648873223684,3.377598833967933e-08,,0,mild,0,242.27950424139306
NOAA,USW00024121_mild_Q4,mean,KMM + dependence,0.4760657137090093,0.5504755434782609,0.07440982976925159,0,0.03763181178600454,16.29003523479946,9.12621017059041,10.0,519.5814421517546,0.7065217391304348,0.010869565217391304,0.00021309885689890784,1.7849726151710568,14.0,92,92,USW00053138,USW00024121,2.211058332692466,0.05355648873223684,3.377598833967933e-08,,0,mild,0,242.27950424139306
NOAA,USW00024121_mild_Q4,risk,Unweighted,0.002376867626321404,0.0038691423155945886,0.0014922746892731846,0,0.0005137570758101841,92.0,92.0,1.0,92.0,0.0,0.0,0.05355648873223684,2.4615331160514007,14.0,92,92,USW00053138,USW00024121,2.211058332692466,0.05355648873223684,3.377598833967933e-08,,0,mild,0,242.27950424139306
NOAA,USW00024121_mild_Q4,risk,Logistic IW,0.002321265558133119,0.0038691423155945886,0.0015478767574614695,0,0.0008300302033590377,49.692889354202755,49.692889354202755,4.444690211994381,158.55687465104197,0.0,0.0,0.006560595877215913,2.5618396973869793,14.0,92,92,USW00053138,USW00024121,2.211058332692466,0.05355648873223684,3.377598833967933e-08,,0,mild,0,242.27950424139306
NOAA,USW00024121_mild_Q4,risk,KMM,0.002472355609968787,0.0038691423155945886,0.0013967867056258014,0,0.0012049590703579038,16.29003523479946,16.29003523479946,10.0,519.5814421517546,0.7065217391304348,0.010869565217391304,0.00021309885689890784,1.2744727291313733,14.0,92,92,USW00053138,USW00024121,2.211058332692466,0.05355648873223684,3.377598833967933e-08,,0,mild,0,242.27950424139306
NOAA,USW00024121_mild_Q4,risk,KMM + dependence,0.002472355609968787,0.0038691423155945886,0.0013967867056258014,0,0.0013603089914076515,16.29003523479946,12.781784076228968,10.0,519.5814421517546,0.7065217391304348,0.010869565217391304,0.00021309885689890784,1.2744727291313733,14.0,92,92,USW00053138,USW00024121,2.211058332692466,0.05355648873223684,3.377598833967933e-08,,0,mild,0,242.27950424139306
NOAA,USW00024121_medium_Q1,mean,Unweighted,0.4168472222222222,0.4794305555555555,0.06258333333333332,0,0.017904044903433065,90.0,90.0,1.0,90.0,0.0,0.0,0.01699626558169065,6.609176218237743,14.0,90,90,USW00024027,USW00024121,2.360224184233233,0.01699626558169065,4.095440268655854e-08,,0,medium,0,569.6150493188284
NOAA,USW00024121_medium_Q1,mean,Logistic IW,0.4448882453505986,0.4794305555555555,0.034542310204956905,0,0.018355110311280537,63.82108800955493,63.82108800955493,4.339855806841181,129.96109403403642,0.0,0.0,0.004860575846921789,4.045415603129413,14.0,90,90,USW00024027,USW00024121,2.360224184233233,0.01699626558169065,4.095440268655854e-08,,0,medium,0,569.6150493188284
NOAA,USW00024121_medium_Q1,mean,KMM,0.44447236704871357,0.4794305555555555,0.03495818850684196,1,0.04099338785656084,14.413514577809128,14.413514577809128,10.0,561.9725817928309,0.7333333333333333,0.011111111111111112,0.0006789550606811634,1.374121659644252,14.0,90,90,USW00024027,USW00024121,2.360224184233233,0.01699626558169065,4.095440268655854e-08,,0,medium,0,569.6150493188284
NOAA,USW00024121_medium_Q1,mean,KMM + dependence,0.44447236704871357,0.4794305555555555,0.03495818850684196,1,0.04805365258748647,14.413514577809128,10.489256520081824,10.0,561.9725817928309,0.7333333333333333,0.011111111111111112,0.0006789550606811634,1.374121659644252,14.0,90,90,USW00024027,USW00024121,2.360224184233233,0.01699626558169065,4.095440268655854e-08,,0,medium,0,569.6150493188284
NOAA,USW00024121_medium_Q1,risk,Unweighted,0.0022870283793643203,0.002797394082761051,0.0005103657033967307,1,0.0006088515769212667,90.0,90.0,1.0,90.0,0.0,0.0,0.01699626558169065,0.4805118323111417,14.0,90,90,USW00024027,USW00024121,2.360224184233233,0.01699626558169065,4.095440268655854e-08,,0,medium,0,569.6150493188284
NOAA,USW00024121_medium_Q1,risk,Logistic IW,0.002545468656035349,0.002797394082761051,0.00025192542672570215,1,0.0007964643817808588,63.82108800955493,63.82108800955493,4.339855806841181,129.96109403403642,0.0,0.0,0.004860575846921789,0.9501153645672282,14.0,90,90,USW00024027,USW00024121,2.360224184233233,0.01699626558169065,4.095440268655854e-08,,0,medium,0,569.6150493188284
NOAA,USW00024121_medium_Q1,risk,KMM,0.003852747968468911,0.002797394082761051,0.0010553538857078601,1,0.0019370828901998178,14.413514577809128,14.413514577809128,10.0,561.9725817928309,0.7333333333333333,0.011111111111111112,0.0006789550606811634,0.5120946170560908,14.0,90,90,USW00024027,USW00024121,2.360224184233233,0.01699626558169065,4.095440268655854e-08,,0,medium,0,569.6150493188284
NOAA,USW00024121_medium_Q1,risk,KMM + dependence,0.003852747968468911,0.002797394082761051,0.0010553538857078601,1,0.0019370828901998178,14.413514577809128,14.413514577809128,10.0,561.9725817928309,0.7333333333333333,0.011111111111111112,0.0006789550606811634,0.5120946170560908,14.0,90,90,USW00024027,USW00024121,2.360224184233233,0.01699626558169065,4.095440268655854e-08,,0,medium,0,569.6150493188284
NOAA,USW00024121_medium_Q2,mean,Unweighted,0.6357102272727273,0.6678571428571428,0.032146915584415514,0,0.01898331031006144,88.0,88.0,1.0,88.0,0.0,0.0,0.0034308734918813144,7.848130002160441,14.0,88,91,USW00024027,USW00024121,2.1421685223224562,0.0034308734918813144,2.7798107327410914e-08,,0,medium,0,569.6150493188284
NOAA,USW00024121_medium_Q2,mean,Logistic IW,0.6233617780882921,0.6678571428571428,0.04449536476885074,0,0.021347645637455358,83.96154545583087,83.96154545583087,2.399155921669457,91.3517467065645,0.0,0.0,0.002936732197366565,6.877517948645732,14.0,88,91,USW00024027,USW00024121,2.1421685223224562,0.0034308734918813144,2.7798107327410914e-08,,0,medium,0,569.6150493188284
NOAA,USW00024121_medium_Q2,mean,KMM,0.6252547325033104,0.6678571428571428,0.04260241035383239,0,0.03701418549091713,17.46367454275853,17.46367454275853,10.0,443.4347411273262,0.6931818181818182,0.011363636363636364,0.0005258294668593066,2.295515503798691,14.0,88,91,USW00024027,USW00024121,2.1421685223224562,0.0034308734918813144,2.7798107327410914e-08,,0,medium,0,569.6150493188284
NOAA,USW00024121_medium_Q2,mean,KMM + dependence,0.6252547325033104,0.6678571428571428,0.04260241035383239,1,0.05608003967262432,17.46367454275853,7.607735392707691,10.0,443.4347411273262,0.6931818181818182,0.011363636363636364,0.0005258294668593066,2.295515503798691,14.0,88,91,USW00024027,USW00024121,2.1421685223224562,0.0034308734918813144,2.7798107327410914e-08,,0,medium,0,569.6150493188284
NOAA,USW00024121_medium_Q2,risk,Unweighted,0.0017998855750699,0.004959735877077424,0.0031598503020075245,0,0.000485480466567519,88.0,88.0,1.0,88.0,0.0,0.0,0.0034308734918813144,2.6277088256533836,14.0,88,91,USW00024027,USW00024121,2.1421685223224562,0.0034308734918813144,2.7798107327410914e-08,,0,medium,0,569.6150493188284
NOAA,USW00024121_medium_Q2,risk,Logistic IW,0.0017620767192079972,0.004959735877077424,0.003197659157869427,0,0.0004605026244024207,83.96154545583087,83.96154545583087,2.399155921669457,91.3517467065645,0.0,0.0,0.002936732197366565,2.622655461304119,14.0,88,91,USW00024027,USW00024121,2.1421685223224562,0.0034308734918813144,2.7798107327410914e-08,,0,medium,0,569.6150493188284
NOAA,USW00024121_medium_Q2,risk,KMM,0.0014614781569820625,0.004959735877077424,0.003498257720095362,0,0.0005205471562029824,17.46367454275853,17.46367454275853,10.0,443.4347411273262,0.6931818181818182,0.011363636363636364,0.0005258294668593066,0.6149440070017992,14.0,88,91,USW00024027,USW00024121,2.1421685223224562,0.0034308734918813144,2.7798107327410914e-08,,0,medium,0,569.6150493188284
NOAA,USW00024121_medium_Q2,risk,KMM + dependence,0.0014614781569820625,0.004959735877077424,0.003498257720095362,0,0.0005205471562029824,17.46367454275853,17.46367454275853,10.0,443.4347411273262,0.6931818181818182,0.011363636363636364,0.0005258294668593066,0.6149440070017992,14.0,88,91,USW00024027,USW00024121,2.1421685223224562,0.0034308734918813144,2.7798107327410914e-08,,0,medium,0,569.6150493188284
NOAA,USW00024121_medium_Q3,mean,Unweighted,0.7198777173913042,0.7673777173913044,0.04750000000000021,0,0.011047838834618165,92.0,92.0,1.0,92.0,0.0,0.0,0.014078273198669278,8.577322307441497,14.0,92,92,USW00024027,USW00024121,2.1968597120454043,0.014078273198669278,3.8772090983929585e-08,,0,medium,0,569.6150493188284
NOAA,USW00024121_medium_Q3,mean,Logistic IW,0.7103186105885319,0.7673777173913044,0.0570591068027726,0,0.013977927361711074,80.84560412712797,80.84560412712797,2.1764268672362306,102.04381448532843,0.0,0.0,0.005348688670765656,7.297369254858516,14.0,92,92,USW00024027,USW00024121,2.1968597120454043,0.014078273198669278,3.8772090983929585e-08,,0,medium,0,569.6150493188284
NOAA,USW00024121_medium_Q3,mean,KMM,0.709607589600825,0.7673777173913044,0.05777012779047941,0,0.025424226933241676,17.147976411889157,17.147976411889157,10.0,493.5859367133069,0.6739130434782609,0.021739130434782608,0.00040682489011056866,2.136368761046717,14.0,92,92,USW00024027,USW00024121,2.1968597120454043,0.014078273198669278,3.8772090983929585e-08,,0,medium,0,569.6150493188284
NOAA,USW00024121_medium_Q3,mean,KMM + dependence,0.709607589600825,0.7673777173913044,0.05777012779047941,0,0.03716086938036719,17.147976411889157,8.026693108678243,10.0,493.5859367133069,0.6739130434782609,0.021739130434782608,0.00040682489011056866,2.136368761046717,14.0,92,92,USW00024027,USW00024121,2.1968597120454043,0.014078273198669278,3.8772090983929585e-08,,0,medium,0,569.6150493188284
NOAA,USW00024121_medium_Q3,risk,Unweighted,0.0012662608291823972,0.0066750351080544406,0.005408774278872043,0,0.00034265131811731593,92.0,92.0,1.0,92.0,0.0,0.0,0.014078273198669278,1.9868982242490163,14.0,92,92,USW00024027,USW00024121,2.1968597120454043,0.014078273198669278,3.8772090983929585e-08,,0,medium,0,569.6150493188284
NOAA,USW00024121_medium_Q3,risk,Logistic IW,0.0013330152943737453,0.0066750351080544406,0.005342019813680696,0,0.0004015564685513351,80.84560412712797,80.84560412712797,2.1764268672362306,102.04381448532843,0.0,0.0,0.005348688670765656,2.0397034873293056,14.0,92,92,USW00024027,USW00024121,2.1968597120454043,0.014078273198669278,3.8772090983929585e-08,,0,medium,0,569.6150493188284
NOAA,USW00024121_medium_Q3,risk,KMM,0.0011313088887090665,0.0066750351080544406,0.005543726219345374,0,0.0007053902038435718,17.147976411889157,17.147976411889157,10.0,493.5859367133069,0.6739130434782609,0.021739130434782608,0.00040682489011056866,1.2667260267804494,14.0,92,92,USW00024027,USW00024121,2.1968597120454043,0.014078273198669278,3.8772090983929585e-08,,0,medium,0,569.6150493188284
NOAA,USW00024121_medium_Q3,risk,KMM + dependence,0.0011313088887090665,0.0066750351080544406,0.005543726219345374,0,0.0007939090836203149,17.147976411889157,13.537241715537329,10.0,493.5859367133069,0.6739130434782609,0.021739130434782608,0.00040682489011056866,1.2667260267804494,14.0,92,92,USW00024027,USW00024121,2.1968597120454043,0.014078273198669278,3.8772090983929585e-08,,0,medium,0,569.6150493188284
NOAA,USW00024121_medium_Q4,mean,Unweighted,0.5081249999999999,0.5504755434782609,0.04235054347826095,0,0.016055121852824105,92.0,92.0,1.0,92.0,0.0,0.0,0.012787742977015348,6.274110830799868,14.0,92,92,USW00024027,USW00024121,2.2010127855300237,0.012787742977015348,3.300214556529721e-08,,0,medium,0,569.6150493188284
NOAA,USW00024121_medium_Q4,mean,Logistic IW,0.49077258526063405,0.5504755434782609,0.059702958217626834,0,0.019724718403124158,77.45816588080201,77.45816588080201,3.290324363735116,108.97887742708542,0.0,0.0,0.0032218166348010335,5.358390481243928,14.0,92,92,USW00024027,USW00024121,2.2010127855300237,0.012787742977015348,3.300214556529721e-08,,0,medium,0,569.6150493188284
NOAA,USW00024121_medium_Q4,mean,KMM,0.4985907143136618,0.5504755434782609,0.05188482916459908,0,0.04326037594879733,14.770656506071884,14.770656506071884,9.999999999999995,573.0280164947741,0.7608695652173914,0.021739130434782608,0.0007685390148266524,2.213874034880233,14.0,92,92,USW00024027,USW00024121,2.2010127855300237,0.012787742977015348,3.300214556529721e-08,,0,medium,0,569.6150493188284
NOAA,USW00024121_medium_Q4,mean,KMM + dependence,0.4985907143136618,0.5504755434782609,0.05188482916459908,1,0.06436751496672054,14.770656506071884,6.671859497584719,9.999999999999995,573.0280164947741,0.7608695652173914,0.021739130434782608,0.0007685390148266524,2.213874034880233,14.0,92,92,USW00024027,USW00024121,2.2010127855300237,0.012787742977015348,3.300214556529721e-08,,0,medium,0,569.6150493188284
NOAA,USW00024121_medium_Q4,risk,Unweighted,0.0026540204349405987,0.0038691423155945886,0.0012151218806539898,0,0.0006054492037342534,92.0,92.0,1.0,92.0,0.0,0.0,0.012787742977015348,1.7672892843563275,14.0,92,92,USW00024027,USW00024121,2.2010127855300237,0.012787742977015348,3.300214556529721e-08,,0,medium,0,569.6150493188284
NOAA,USW00024121_medium_Q4,risk,Logistic IW,0.0026479774082932145,0.0038691423155945886,0.001221164907301374,0,0.0006319051237777621,77.45816588080201,77.45816588080201,3.290324363735116,108.97887742708542,0.0,0.0,0.0032218166348010335,1.8763815849458918,14.0,92,92,USW00024027,USW00024121,2.2010127855300237,0.012787742977015348,3.300214556529721e-08,,0,medium,0,569.6150493188284
NOAA,USW00024121_medium_Q4,risk,KMM,0.0017668306723106087,0.0038691423155945886,0.00210231164328398,0,0.001051934683015862,14.770656506071884,14.770656506071884,9.999999999999995,573.0280164947741,0.7608695652173914,0.021739130434782608,0.0007685390148266524,1.1586726798125726,14.0,92,92,USW00024027,USW00024121,2.2010127855300237,0.012787742977015348,3.300214556529721e-08,,0,medium,0,569.6150493188284
NOAA,USW00024121_medium_Q4,risk,KMM + dependence,0.0017668306723106087,0.0038691423155945886,0.00210231164328398,0,0.0011323199466351933,14.770656506071884,12.747911263827497,9.999999999999995,573.0280164947741,0.7608695652173914,0.021739130434782608,0.0007685390148266524,1.1586726798125726,14.0,92,92,USW00024027,USW00024121,2.2010127855300237,0.012787742977015348,3.300214556529721e-08,,0,medium,0,569.6150493188284
NOAA,USW00024121_severe_Q1,mean,Unweighted,0.6094444444444442,0.4794305555555555,0.1300138888888887,0,0.017148213251355626,90.0,90.0,1.0,90.0,0.0,0.0,0.10054365465420378,7.089637018005036,14.0,90,90,USW00023078,USW00024121,2.3072985316012673,0.10054365465420378,1.0721155104705362e-09,,0,severe,0,1193.0340455613396
NOAA,USW00024121_severe_Q1,mean,Logistic IW,0.5511181027733296,0.4794305555555555,0.0716875472177741,0,0.027645868676179484,21.522560723650535,21.522560723650535,9.753093120918015,242.44672976507064,0.0,0.0,0.03652955281531067,3.9487814355127853,14.0,90,90,USW00023078,USW00024121,2.3072985316012673,0.10054365465420378,1.0721155104705362e-09,,0,severe,0,1193.0340455613396
NOAA,USW00024121_severe_Q1,mean,KMM,0.5575060102218488,0.4794305555555555,0.07807545466629323,0,0.04989707258000063,10.76858191772036,10.76858191772036,10.0,752.1881768546483,0.8444444444444444,0.044444444444444446,0.00709887187322833,1.2621950788066563,14.0,90,90,USW00023078,USW00024121,2.3072985316012673,0.10054365465420378,1.0721155104705362e-09,,0,severe,0,1193.0340455613396
NOAA,USW00024121_severe_Q1,mean,KMM + dependence,0.5575060102218488,0.4794305555555555,0.07807545466629323,0,0.05605809148088658,10.76858191772036,8.531630410016753,10.0,752.1881768546483,0.8444444444444444,0.044444444444444446,0.00709887187322833,1.2621950788066563,14.0,90,90,USW00023078,USW00024121,2.3072985316012673,0.10054365465420378,1.0721155104705362e-09,,0,severe,0,1193.0340455613396
NOAA,USW00024121_severe_Q1,risk,Unweighted,0.008120335216338675,0.002797394082761051,0.005322941133577624,0,0.001459764537508706,90.0,90.0,1.0,90.0,0.0,0.0,0.10054365465420378,1.6166529867307378,14.0,90,90,USW00023078,USW00024121,2.3072985316012673,0.10054365465420378,1.0721155104705362e-09,,0,severe,0,1193.0340455613396
NOAA,USW00024121_severe_Q1,risk,Logistic IW,0.00857505585001846,0.002797394082761051,0.0057776617672574086,0,0.0025299509464567316,21.522560723650535,21.522560723650535,9.753093120918015,242.44672976507064,0.0,0.0,0.03652955281531067,0.5968862006180603,14.0,90,90,USW00023078,USW00024121,2.3072985316012673,0.10054365465420378,1.0721155104705362e-09,,0,severe,0,1193.0340455613396
NOAA,USW00024121_severe_Q1,risk,KMM,0.009204080721857742,0.002797394082761051,0.0064066866390966905,0,0.004336718307426198,10.76858191772036,10.76858191772036,10.0,752.1881768546483,0.8444444444444444,0.044444444444444446,0.00709887187322833,0.678467964965123,14.0,90,90,USW00023078,USW00024121,2.3072985316012673,0.10054365465420378,1.0721155104705362e-09,,0,severe,0,1193.0340455613396
NOAA,USW00024121_severe_Q1,risk,KMM + dependence,0.009204080721857742,0.002797394082761051,0.0064066866390966905,0,0.004336718307426198,10.76858191772036,10.76858191772036,10.0,752.1881768546483,0.8444444444444444,0.044444444444444446,0.00709887187322833,0.678467964965123,14.0,90,90,USW00023078,USW00024121,2.3072985316012673,0.10054365465420378,1.0721155104705362e-09,,0,severe,0,1193.0340455613396
NOAA,USW00024121_severe_Q2,mean,Unweighted,0.7664010989010988,0.6678571428571428,0.09854395604395594,0,0.015505318698926912,91.0,91.0,1.0,91.0,0.0,0.0,0.1568816940983191,7.850134611626599,14.0,91,91,USW00023078,USW00024121,2.131938863558867,0.1568816940983191,7.1524717793122765e-09,,0,severe,0,1193.0340455613396
NOAA,USW00024121_severe_Q2,mean,Logistic IW,0.7049118148603849,0.6678571428571428,0.037054672003242084,0,0.03430724952815282,20.574895288670394,20.574895288670394,3.364239801962105,49.55132290843305,0.0,0.0,0.09097638532011598,2.8432090975630917,14.0,91,91,USW00023078,USW00024121,2.131938863558867,0.1568816940983191,7.1524717793122765e-09,,0,severe,0,1193.0340455613396
NOAA,USW00024121_severe_Q2,mean,KMM,0.7292330334934813,0.6678571428571428,0.061375890636338526,0,0.04746327704995835,10.27542352014276,10.27542352014276,9.999999999999831,805.903521520789,0.8681318681318682,0.06593406593406594,0.036701425444252145,1.8258440913922578,14.0,91,91,USW00023078,USW00024121,2.131938863558867,0.1568816940983191,7.1524717793122765e-09,,0,severe,0,1193.0340455613396
NOAA,USW00024121_severe_Q2,mean,KMM + dependence,0.7292330334934813,0.6678571428571428,0.061375890636338526,1,0.06413418282993198,10.27542352014276,5.62776612120669,9.999999999999831,805.903521520789,0.8681318681318682,0.06593406593406594,0.036701425444252145,1.8258440913922578,14.0,91,91,USW00023078,USW00024121,2.131938863558867,0.1568816940983191,7.1524717793122765e-09,,0,severe,0,1193.0340455613396
NOAA,USW00024121_severe_Q2,risk,Unweighted,0.005590083789933425,0.004959735877077424,0.0006303479128560007,1,0.0011045525741561846,91.0,91.0,1.0,91.0,0.0,0.0,0.1568816940983191,2.1864159985642546,14.0,91,91,USW00023078,USW00024121,2.131938863558867,0.1568816940983191,7.1524717793122765e-09,,0,severe,0,1193.0340455613396
NOAA,USW00024121_severe_Q2,risk,Logistic IW,0.005971807892046905,0.004959735877077424,0.0010120720149694807,1,0.0017560625359914117,20.574895288670394,20.574895288670394,3.364239801962105,49.55132290843305,0.0,0.0,0.09097638532011598,1.2131898800464547,14.0,91,91,USW00023078,USW00024121,2.131938863558867,0.1568816940983191,7.1524717793122765e-09,,0,severe,0,1193.0340455613396
NOAA,USW00024121_severe_Q2,risk,KMM,0.0059787888642980624,0.004959735877077424,0.001019052987220638,1,0.002659068928527719,10.27542352014276,10.27542352014276,9.999999999999831,805.903521520789,0.8681318681318682,0.06593406593406594,0.036701425444252145,1.0891602943955474,14.0,91,91,USW00023078,USW00024121,2.131938863558867,0.1568816940983191,7.1524717793122765e-09,,0,severe,0,1193.0340455613396
NOAA,USW00024121_severe_Q2,risk,KMM + dependence,0.0059787888642980624,0.004959735877077424,0.001019052987220638,1,0.0027750799241233136,10.27542352014276,9.434261947499037,9.999999999999831,805.903521520789,0.8681318681318682,0.06593406593406594,0.036701425444252145,1.0891602943955474,14.0,91,91,USW00023078,USW00024121,2.131938863558867,0.1568816940983191,7.1524717793122765e-09,,0,severe,0,1193.0340455613396
NOAA,USW00024121_severe_Q3,mean,Unweighted,0.8062092391304349,0.7673777173913044,0.038831521739130404,0,0.009135286780408687,92.0,92.0,1.0,92.0,0.0,0.0,0.2937131152776853,5.910094533398778,14.0,92,92,USW00023078,USW00024121,2.315700741103509,0.2937131152776853,5.852251984221895e-09,,0,severe,0,1193.0340455613396
NOAA,USW00024121_severe_Q3,mean,Logistic IW,0.8050941787620296,0.7673777173913044,0.03771646137072515,0,0.01914174255561552,27.16636326136398,27.16636326136398,0.8473747369627447,3.193091108082408,0.0,0.0,0.1953802699145848,2.800645395367456,14.0,92,92,USW00023078,USW00024121,2.315700741103509,0.2937131152776853,5.852251984221895e-09,,0,severe,0,1193.0340455613396
NOAA,USW00024121_severe_Q3,mean,KMM,0.8063215205459542,0.7673777173913044,0.038943803154649737,0,0.030971253309804454,10.18120996403608,10.18120996403608,10.0,831.335374665781,0.8478260869565217,0.07608695652173914,0.14634297299799415,2.0679466570153853,14.0,92,92,USW00023078,USW00024121,2.315700741103509,0.2937131152776853,5.852251984221895e-09,,0,severe,0,1193.0340455613396
NOAA,USW00024121_severe_Q3,mean,KMM + dependence,0.8063215205459542,0.7673777173913044,0.038943803154649737,1,0.04453776774523191,10.18120996403608,4.923342644984064,10.0,831.335374665781,0.8478260869565217,0.07608695652173914,0.14634297299799415,2.0679466570153853,14.0,92,92,USW00023078,USW00024121,2.315700741103509,0.2937131152776853,5.852251984221895e-09,,0,severe,0,1193.0340455613396
NOAA,USW00024121_severe_Q3,risk,Unweighted,0.003745175388635359,0.0066750351080544406,0.0029298597194190815,0,0.0008236121253539375,92.0,92.0,1.0,92.0,0.0,0.0,0.2937131152776853,1.9699641292416838,14.0,92,92,USW00023078,USW00024121,2.315700741103509,0.2937131152776853,5.852251984221895e-09,,0,severe,0,1193.0340455613396
NOAA,USW00024121_severe_Q3,risk,Logistic IW,0.005940464166179563,0.0066750351080544406,0.0007345709418748779,1,0.0032197494367586493,27.16636326136398,27.16636326136398,0.8473747369627447,3.193091108082408,0.0,0.0,0.1953802699145848,1.5904184239130894,14.0,92,92,USW00023078,USW00024121,2.315700741103509,0.2937131152776853,5.852251984221895e-09,,0,severe,0,1193.0340455613396
NOAA,USW00024121_severe_Q3,risk,KMM,0.007107890093853528,0.0066750351080544406,0.0004328549857990872,1,0.004243193641134688,10.18120996403608,10.18120996403608,10.0,831.335374665781,0.8478260869565217,0.07608695652173914,0.14634297299799415,1.616289730948054,14.0,92,92,USW00023078,USW00024121,2.315700741103509,0.2937131152776853,5.852251984221895e-09,,0,severe,0,1193.0340455613396
NOAA,USW00024121_severe_Q3,risk,KMM + dependence,0.007107890093853528,0.0066750351080544406,0.0004328549857990872,1,0.005394515662675066,10.18120996403608,6.2991243272109205,10.0,831.335374665781,0.8478260869565217,0.07608695652173914,0.14634297299799415,1.616289730948054,14.0,92,92,USW00023078,USW00024121,2.315700741103509,0.2937131152776853,5.852251984221895e-09,,0,severe,0,1193.0340455613396
NOAA,USW00024121_severe_Q4,mean,Unweighted,0.6672554347826086,0.5504755434782609,0.11677989130434774,0,0.013412748986511435,92.0,92.0,1.0,92.0,0.0,0.0,0.15746862501461867,8.49584433899276,14.0,92,92,USW00023078,USW00024121,2.1815605173100145,0.15746862501461867,4.707305328446353e-08,,0,severe,0,1193.0340455613396
NOAA,USW00024121_severe_Q4,mean,Logistic IW,0.6342356452788325,0.5504755434782609,0.08376010180057158,0,0.027997636428469936,25.648827659291133,25.648827659291133,5.318229949206164,52.08413154859451,0.0,0.0,0.0933592796029683,2.1265324338124283,14.0,92,92,USW00023078,USW00024121,2.1815605173100145,0.15746862501461867,4.707305328446353e-08,,0,severe,0,1193.0340455613396
NOAA,USW00024121_severe_Q4,mean,KMM,0.6559930216868045,0.5504755434782609,0.10551747820854362,0,0.02977633682990972,10.032919211059285,10.032919211059285,9.999999999998819,843.6228601015534,0.8586956521739131,0.08695652173913043,0.04440156398959805,1.9549877280645744,14.0,92,92,USW00023078,USW00024121,2.1815605173100145,0.15746862501461867,4.707305328446353e-08,,0,severe,0,1193.0340455613396
NOAA,USW00024121_severe_Q4,mean,KMM + dependence,0.6559930216868045,0.5504755434782609,0.10551747820854362,0,0.04163353490603597,10.032919211059285,5.131960199561872,9.999999999998819,843.6228601015534,0.8586956521739131,0.08695652173913043,0.04440156398959805,1.9549877280645744,14.0,92,92,USW00023078,USW00024121,2.1815605173100145,0.15746862501461867,4.707305328446353e-08,,0,severe,0,1193.0340455613396
NOAA,USW00024121_severe_Q4,risk,Unweighted,0.005425126500866194,0.0038691423155945886,0.0015559841852716052,0,0.0010551839455047762,92.0,92.0,1.0,92.0,0.0,0.0,0.15746862501461867,2.476306144268367,14.0,92,92,USW00023078,USW00024121,2.1815605173100145,0.15746862501461867,4.707305328446353e-08,,0,severe,0,1193.0340455613396
NOAA,USW00024121_severe_Q4,risk,Logistic IW,0.006673455878258512,0.0038691423155945886,0.0028043135626639234,0,0.002408016156707237,25.648827659291133,25.648827659291133,5.318229949206164,52.08413154859451,0.0,0.0,0.0933592796029683,0.9842652029420853,14.0,92,92,USW00023078,USW00024121,2.1815605173100145,0.15746862501461867,4.707305328446353e-08,,0,severe,0,1193.0340455613396
NOAA,USW00024121_severe_Q4,risk,KMM,0.009717799408157889,0.0038691423155945886,0.0058486570925633,0,0.003960289438046999,10.032919211059285,10.032919211059285,9.999999999998819,843.6228601015534,0.8586956521739131,0.08695652173913043,0.04440156398959805,0.9164720890792826,14.0,92,92,USW00023078,USW00024121,2.1815605173100145,0.15746862501461867,4.707305328446353e-08,,0,severe,0,1193.0340455613396
NOAA,USW00024121_severe_Q4,risk,KMM + dependence,0.009717799408157889,0.0038691423155945886,0.0058486570925633,0,0.003960289438046999,10.032919211059285,10.032919211059285,9.999999999998819,843.6228601015534,0.8586956521739131,0.08695652173913043,0.04440156398959805,0.9164720890792826,14.0,92,92,USW00023078,USW00024121,2.1815605173100145,0.15746862501461867,4.707305328446353e-08,,0,severe,0,1193.0340455613396
NOAA,USW00003013_mild_Q1,mean,Unweighted,0.4964814814814814,0.52125,0.02476851851851858,1,0.028357080364046234,81.0,81.0,1.0,81.0,0.0,0.0,0.0151891299386262,6.967376350125027,14.0,81,90,USW00013940,USW00003013,2.211459092064385,0.0151891299386262,3.55027565839744e-08,,0,mild,0,335.23110558165547
NOAA,USW00003013_mild_Q1,mean,Logistic IW,0.4508691749824955,0.52125,0.07038082501750448,0,0.036471804647049695,58.499101782238746,58.499101782238746,3.7631096349177446,112.11349961156333,0.0,0.0,0.00948732145825959,4.89399099064146,14.0,81,90,USW00013940,USW00003013,2.211459092064385,0.0151891299386262,3.55027565839744e-08,,0,mild,0,335.23110558165547
NOAA,USW00003013_mild_Q1,mean,KMM,0.45619791430316636,0.52125,0.06505208569683363,1,0.0693028506255207,12.522537509519646,12.522537509519646,10.0,523.9353441754378,0.7160493827160493,0.037037037037037035,0.001233513389072849,1.9885893417336247,14.0,81,90,USW00013940,USW00003013,2.211459092064385,0.0151891299386262,3.55027565839744e-08,,0,mild,0,335.23110558165547
NOAA,USW00003013_mild_Q1,mean,KMM + dependence,0.45619791430316636,0.52125,0.06505208569683363,1,0.09772904444955281,12.522537509519646,6.297196332452768,10.0,523.9353441754378,0.7160493827160493,0.037037037037037035,0.001233513389072849,1.9885893417336247,14.0,81,90,USW00013940,USW00003013,2.211459092064385,0.0151891299386262,3.55027565839744e-08,,0,mild,0,335.23110558165547
NOAA,USW00003013_mild_Q1,risk,Unweighted,0.004103349261680884,0.011466485162963103,0.00736313590128222,0,0.0012633178204753473,81.0,81.0,1.0,81.0,0.0,0.0,0.0151891299386262,1.231316332842818,14.0,81,90,USW00013940,USW00003013,2.211459092064385,0.0151891299386262,3.55027565839744e-08,,0,mild,0,335.23110558165547
NOAA,USW00003013_mild_Q1,risk,Logistic IW,0.00454499438751196,0.011466485162963103,0.006921490775451143,0,0.0015809670125012801,58.499101782238746,58.499101782238746,3.7631096349177446,112.11349961156333,0.0,0.0,0.00948732145825959,1.0510552420316315,14.0,81,90,USW00013940,USW00003013,2.211459092064385,0.0151891299386262,3.55027565839744e-08,,0,mild,0,335.23110558165547
NOAA,USW00003013_mild_Q1,risk,KMM,0.005778375160270534,0.011466485162963103,0.005688110002692569,0,0.004782872959365472,12.522537509519646,12.522537509519646,10.0,523.9353441754378,0.7160493827160493,0.037037037037037035,0.001233513389072849,0.7364418439337633,14.0,81,90,USW00013940,USW00003013,2.211459092064385,0.0151891299386262,3.55027565839744e-08,,0,mild,0,335.23110558165547
NOAA,USW00003013_mild_Q1,risk,KMM + dependence,0.005778375160270534,0.011466485162963103,0.005688110002692569,0,0.004782872959365472,12.522537509519646,12.522537509519646,10.0,523.9353441754378,0.7160493827160493,0.037037037037037035,0.001233513389072849,0.7364418439337633,14.0,81,90,USW00013940,USW00003013,2.211459092064385,0.0151891299386262,3.55027565839744e-08,,0,mild,0,335.23110558165547
NOAA,USW00003013_mild_Q2,mean,Unweighted,0.69441091954023,0.7075274725274724,0.013116552987242347,1,0.01768702676972805,87.0,87.0,1.0,87.0,0.0,0.0,0.019820705187110876,6.175855821954778,14.0,87,91,USW00013940,USW00003013,2.11104217304153,0.019820705187110876,1.4686151030678923e-08,,0,mild,0,335.23110558165547
NOAA,USW00003013_mild_Q2,mean,Logistic IW,0.6769443370852238,0.7075274725274724,0.030583135442248555,0,0.02243747609958985,53.72178454379676,53.72178454379676,4.339489220209045,135.25805305070853,0.0,0.0,0.0021545369719557783,4.207274705373523,14.0,87,91,USW00013940,USW00003013,2.11104217304153,0.019820705187110876,1.4686151030678923e-08,,0,mild,0,335.23110558165547
NOAA,USW00003013_mild_Q2,mean,KMM,0.671189304138634,0.7075274725274724,0.03633816838883841,1,0.03705398929066672,15.716228197693999,15.716228197693999,10.0,481.60410403754406,0.6666666666666666,0.022988505747126436,9.679358596792476e-05,2.2107869793716852,14.0,87,91,USW00013940,USW00003013,2.11104217304153,0.019820705187110876,1.4686151030678923e-08,,0,mild,0,335.23110558165547
NOAA,USW00003013_mild_Q2,mean,KMM + dependence,0.671189304138634,0.7075274725274724,0.03633816838883841,1,0.055094522156013286,15.716228197693999,7.108884005713032,10.0,481.60410403754406,0.6666666666666666,0.022988505747126436,9.679358596792476e-05,2.2107869793716852,14.0,87,91,USW00013940,USW00003013,2.11104217304153,0.019820705187110876,1.4686151030678923e-08,,0,mild,0,335.23110558165547
NOAA,USW00003013_mild_Q2,risk,Unweighted,0.0020534263661335077,0.006367812799781111,0.004314386433647603,0,0.0007305422475781938,87.0,87.0,1.0,87.0,0.0,0.0,0.019820705187110876,1.9355436392632699,14.0,87,91,USW00013940,USW00003013,2.11104217304153,0.019820705187110876,1.4686151030678923e-08,,0,mild,0,335.23110558165547
NOAA,USW00003013_mild_Q2,risk,Logistic IW,0.0020709948596100303,0.006367812799781111,0.00429681794017108,0,0.0009127490706464824,53.72178454379676,53.72178454379676,4.339489220209045,135.25805305070853,0.0,0.0,0.0021545369719557783,0.8827199641139121,14.0,87,91,USW00013940,USW00003013,2.11104217304153,0.019820705187110876,1.4686151030678923e-08,,0,mild,0,335.23110558165547
NOAA,USW00003013_mild_Q2,risk,KMM,0.0019957748032832403,0.006367812799781111,0.004372037996497871,0,0.0015952695433555375,15.716228197693999,15.716228197693999,10.0,481.60410403754406,0.6666666666666666,0.022988505747126436,9.679358596792476e-05,0.6043079989248122,14.0,87,91,USW00013940,USW00003013,2.11104217304153,0.019820705187110876,1.4686151030678923e-08,,0,mild,0,335.23110558165547
NOAA,USW00003013_mild_Q2,risk,KMM + dependence,0.0019957748032832403,0.006367812799781111,0.004372037996497871,0,0.0015952695433555375,15.716228197693999,15.716228197693999,10.0,481.60410403754406,0.6666666666666666,0.022988505747126436,9.679358596792476e-05,0.6043079989248122,14.0,87,91,USW00013940,USW00003013,2.11104217304153,0.019820705187110876,1.4686151030678923e-08,,0,mild,0,335.23110558165547
NOAA,USW00003013_mild_Q3,mean,Unweighted,0.7657040229885058,0.7868206521739131,0.021116629185407243,0,0.013321921693488439,87.0,87.0,1.0,87.0,0.0,0.0,0.09381583449608888,5.0615468440435185,14.0,87,92,USW00013940,USW00003013,2.2920959098865774,0.09381583449608888,1.1723614554134097e-08,,0,mild,0,335.23110558165547
NOAA,USW00003013_mild_Q3,mean,Logistic IW,0.728452979679798,0.7868206521739131,0.05836767249411501,0,0.025001819854487867,17.45645301260545,17.45645301260545,10.0,376.75566248312373,0.0,0.022988505747126436,0.005386826435562986,2.0292615208006413,14.0,87,92,USW00013940,USW00003013,2.2920959098865774,0.09381583449608888,1.1723614554134097e-08,,0,mild,0,335.23110558165547
NOAA,USW00003013_mild_Q3,mean,KMM,0.7331966800283194,0.7868206521739131,0.05362397214559367,0,0.023466003096379317,12.090005328930962,12.090005328930962,10.0,626.0543146236379,0.7931034482758621,0.034482758620689655,0.00042800095429562646,1.2288833563131483,14.0,87,92,USW00013940,USW00003013,2.2920959098865774,0.09381583449608888,1.1723614554134097e-08,,0,mild,0,335.23110558165547
NOAA,USW00003013_mild_Q3,mean,KMM + dependence,0.7331966800283194,0.7868206521739131,0.05362397214559367,0,0.026013240418874324,12.090005328930962,9.838204144291582,10.0,626.0543146236379,0.7931034482758621,0.034482758620689655,0.00042800095429562646,1.2288833563131483,14.0,87,92,USW00013940,USW00003013,2.2920959098865774,0.09381583449608888,1.1723614554134097e-08,,0,mild,0,335.23110558165547
NOAA,USW00003013_mild_Q3,risk,Unweighted,0.0024974361195628657,0.005809937024072728,0.003312500904509862,0,0.0007146487349660241,87.0,87.0,1.0,87.0,0.0,0.0,0.09381583449608888,0.9490094069604276,14.0,87,92,USW00013940,USW00003013,2.2920959098865774,0.09381583449608888,1.1723614554134097e-08,,0,mild,0,335.23110558165547
NOAA,USW00003013_mild_Q3,risk,Logistic IW,0.0019729826418776243,0.005809937024072728,0.0038369543821951033,0,0.001378836803119436,17.45645301260545,17.45645301260545,10.0,376.75566248312373,0.0,0.022988505747126436,0.005386826435562986,0.28385054848281893,14.0,87,92,USW00013940,USW00003013,2.2920959098865774,0.09381583449608888,1.1723614554134097e-08,,0,mild,0,335.23110558165547
NOAA,USW00003013_mild_Q3,risk,KMM,0.0012593967124975235,0.005809937024072728,0.004550540311575204,0,0.0007440389868530376,12.090005328930962,12.090005328930962,10.0,626.0543146236379,0.7931034482758621,0.034482758620689655,0.00042800095429562646,0.8180251466162177,14.0,87,92,USW00013940,USW00003013,2.2920959098865774,0.09381583449608888,1.1723614554134097e-08,,0,mild,0,335.23110558165547
NOAA,USW00003013_mild_Q3,risk,KMM + dependence,0.0012593967124975235,0.005809937024072728,0.004550540311575204,0,0.0007440389868530376,12.090005328930962,12.090005328930962,10.0,626.0543146236379,0.7931034482758621,0.034482758620689655,0.00042800095429562646,0.8180251466162177,14.0,87,92,USW00013940,USW00003013,2.2920959098865774,0.09381583449608888,1.1723614554134097e-08,,0,mild,0,335.23110558165547
NOAA,USW00003013_mild_Q4,mean,Unweighted,0.5786419753086419,0.6097802197802197,0.03113824447157776,0,0.020950776383556035,81.0,81.0,1.0,81.0,0.0,0.0,0.025832196016401188,6.627635355277644,14.0,81,91,USW00013940,USW00003013,2.1444629900486065,0.025832196016401188,3.6055296247029955e-08,,0,mild,0,335.23110558165547
NOAA,USW00003013_mild_Q4,mean,Logistic IW,0.5491110991257511,0.6097802197802197,0.06066912065446861,0,0.030765619015011,50.23681150859172,50.23681150859172,3.1928201090144768,106.79838063385054,0.0,0.0,0.0056432024825487925,4.292638095838232,14.0,81,91,USW00013940,USW00003013,2.1444629900486065,0.025832196016401188,3.6055296247029955e-08,,0,mild,0,335.23110558165547
NOAA,USW00003013_mild_Q4,mean,KMM,0.5435335540911578,0.6097802197802197,0.0662466656890619,1,0.07019721601623664,11.111595732038325,11.111595732038325,10.0,590.4642463802492,0.7654320987654321,0.024691358024691357,0.00024138706556242617,1.6790499203636642,14.0,81,91,USW00013940,USW00003013,2.1444629900486065,0.025832196016401188,3.6055296247029955e-08,,0,mild,0,335.23110558165547
NOAA,USW00003013_mild_Q4,mean,KMM + dependence,0.5435335540911578,0.6097802197802197,0.0662466656890619,1,0.09096025994962409,11.111595732038325,6.617787593612269,10.0,590.4642463802492,0.7654320987654321,0.024691358024691357,0.00024138706556242617,1.6790499203636642,14.0,81,91,USW00013940,USW00003013,2.1444629900486065,0.025832196016401188,3.6055296247029955e-08,,0,mild,0,335.23110558165547
NOAA,USW00003013_mild_Q4,risk,Unweighted,0.004318792471777322,0.013023418453521793,0.008704625981744471,0,0.0012921861411783807,81.0,81.0,1.0,81.0,0.0,0.0,0.025832196016401188,3.836914114470169,14.0,81,91,USW00013940,USW00003013,2.1444629900486065,0.025832196016401188,3.6055296247029955e-08,,0,mild,0,335.23110558165547
NOAA,USW00003013_mild_Q4,risk,Logistic IW,0.004237428354378118,0.013023418453521793,0.008785990099143676,0,0.0015612279398013022,50.23681150859172,50.23681150859172,3.1928201090144768,106.79838063385054,0.0,0.0,0.0056432024825487925,2.7390220032310095,14.0,81,91,USW00013940,USW00003013,2.1444629900486065,0.025832196016401188,3.6055296247029955e-08,,0,mild,0,335.23110558165547
NOAA,USW00003013_mild_Q4,risk,KMM,0.006339193091425522,0.013023418453521793,0.006684225362096272,0,0.0035472136818082717,11.111595732038325,11.111595732038325,10.0,590.4642463802492,0.7654320987654321,0.024691358024691357,0.00024138706556242617,1.6255928537484399,14.0,81,91,USW00013940,USW00003013,2.1444629900486065,0.025832196016401188,3.6055296247029955e-08,,0,mild,0,335.23110558165547
NOAA,USW00003013_mild_Q4,risk,KMM + dependence,0.006339193091425522,0.013023418453521793,0.006684225362096272,0,0.004522652726585121,11.111595732038325,6.835411281746347,10.0,590.4642463802492,0.7654320987654321,0.024691358024691357,0.00024138706556242617,1.6255928537484399,14.0,81,91,USW00013940,USW00003013,2.1444629900486065,0.025832196016401188,3.6055296247029955e-08,,0,mild,0,335.23110558165547
NOAA,USW00003013_medium_Q1,mean,Unweighted,0.4483611111111112,0.52125,0.07288888888888878,0,0.02906450249768001,90.0,90.0,1.0,90.0,0.0,0.0,0.007142712655123118,6.252350909067653,14.0,90,90,USW00014941,USW00003013,2.1683891025343227,0.007142712655123118,4.379136125026182e-08,,0,medium,0,623.4522685877054
NOAA,USW00003013_medium_Q1,mean,Logistic IW,0.4627138252843336,0.52125,0.05853617471566641,0,0.029115916779142884,83.87519633926506,83.87519633926506,1.2918310828470312,97.12435326416522,0.0,0.0,0.002112795507444032,5.904947479232249,14.0,90,90,USW00014941,USW00003013,2.1683891025343227,0.007142712655123118,4.379136125026182e-08,,0,medium,0,623.4522685877054
NOAA,USW00003013_medium_Q1,mean,KMM,0.43513946137596377,0.52125,0.08611053862403623,0,0.04644429838145522,19.546742857933626,19.546742857933626,7.986255206419093,414.3912906038142,0.6222222222222222,0.0,2.1884299533869722e-05,2.0069086914562213,14.0,90,90,USW00014941,USW00003013,2.1683891025343227,0.007142712655123118,4.379136125026182e-08,,0,medium,0,623.4522685877054
NOAA,USW00003013_medium_Q1,mean,KMM + dependence,0.43513946137596377,0.52125,0.08611053862403623,0,0.06579550330436992,19.546742857933626,9.739727044457826,7.986255206419093,414.3912906038142,0.6222222222222222,0.0,2.1884299533869722e-05,2.0069086914562213,14.0,90,90,USW00014941,USW00003013,2.1683891025343227,0.007142712655123118,4.379136125026182e-08,,0,medium,0,623.4522685877054
NOAA,USW00003013_medium_Q1,risk,Unweighted,0.004474720228877287,0.011466485162963103,0.006991764934085817,0,0.0010850814787510643,90.0,90.0,1.0,90.0,0.0,0.0,0.007142712655123118,1.318877079760729,14.0,90,90,USW00014941,USW00003013,2.1683891025343227,0.007142712655123118,4.379136125026182e-08,,0,medium,0,623.4522685877054
NOAA,USW00003013_medium_Q1,risk,Logistic IW,0.004415157994491456,0.011466485162963103,0.007051327168471648,0,0.0010554395406591345,83.87519633926506,83.87519633926506,1.2918310828470312,97.12435326416522,0.0,0.0,0.002112795507444032,1.3270292618499366,14.0,90,90,USW00014941,USW00003013,2.1683891025343227,0.007142712655123118,4.379136125026182e-08,,0,medium,0,623.4522685877054
NOAA,USW00003013_medium_Q1,risk,KMM,0.0036051504844371186,0.011466485162963103,0.007861334678525985,0,0.001409214330961667,19.546742857933626,19.546742857933626,7.986255206419093,414.3912906038142,0.6222222222222222,0.0,2.1884299533869722e-05,1.3038965602898982,14.0,90,90,USW00014941,USW00003013,2.1683891025343227,0.007142712655123118,4.379136125026182e-08,,0,medium,0,623.4522685877054
NOAA,USW00003013_medium_Q1,risk,KMM + dependence,0.0036051504844371186,0.011466485162963103,0.007861334678525985,0,0.001609157748797349,19.546742857933626,14.991022641848026,7.986255206419093,414.3912906038142,0.6222222222222222,0.0,2.1884299533869722e-05,1.3038965602898982,14.0,90,90,USW00014941,USW00003013,2.1683891025343227,0.007142712655123118,4.379136125026182e-08,,0,medium,0,623.4522685877054
NOAA,USW00003013_medium_Q2,mean,Unweighted,0.6659203296703297,0.7075274725274724,0.04160714285714273,0,0.019335749899980832,91.0,91.0,1.0,91.0,0.0,0.0,0.004515997678518735,6.57550364881597,14.0,91,91,USW00014941,USW00003013,2.1216305693986546,0.004515997678518735,3.561361477520456e-08,,0,medium,0,623.4522685877054
NOAA,USW00003013_medium_Q2,mean,Logistic IW,0.6637286532334867,0.7075274725274724,0.04379881929398566,0,0.019564142315426518,86.34392289261295,86.34392289261295,1.331742770329454,95.3657516276619,0.0,0.0,0.0009556241754087313,6.534275689674533,14.0,91,91,USW00014941,USW00003013,2.1216305693986546,0.004515997678518735,3.561361477520456e-08,,0,medium,0,623.4522685877054
NOAA,USW00003013_medium_Q2,mean,KMM,0.6741909553115131,0.7075274725274724,0.033336517215959316,1,0.045917169653571746,20.55492644107221,20.55492644107221,10.0,402.8717895799989,0.4835164835164835,0.01098901098901099,5.347764227647822e-05,1.9393516467457657,14.0,91,91,USW00014941,USW00003013,2.1216305693986546,0.004515997678518735,3.561361477520456e-08,,0,medium,0,623.4522685877054
NOAA,USW00003013_medium_Q2,mean,KMM + dependence,0.6741909553115131,0.7075274725274724,0.033336517215959316,1,0.06394452885604625,20.55492644107221,10.598865077183605,10.0,402.8717895799989,0.4835164835164835,0.01098901098901099,5.347764227647822e-05,1.9393516467457657,14.0,91,91,USW00014941,USW00003013,2.1216305693986546,0.004515997678518735,3.561361477520456e-08,,0,medium,0,623.4522685877054
NOAA,USW00003013_medium_Q2,risk,Unweighted,0.0030825675285418262,0.006367812799781111,0.0032852452712392845,0,0.0011037657856189272,91.0,91.0,1.0,91.0,0.0,0.0,0.004515997678518735,0.8026676071573753,14.0,91,91,USW00014941,USW00003013,2.1216305693986546,0.004515997678518735,3.561361477520456e-08,,0,medium,0,623.4522685877054
NOAA,USW00003013_medium_Q2,risk,Logistic IW,0.003055467670904802,0.006367812799781111,0.003312345128876309,0,0.0011329330888735993,86.34392289261295,86.34392289261295,1.331742770329454,95.3657516276619,0.0,0.0,0.0009556241754087313,0.8299549562319709,14.0,91,91,USW00014941,USW00003013,2.1216305693986546,0.004515997678518735,3.561361477520456e-08,,0,medium,0,623.4522685877054
NOAA,USW00003013_medium_Q2,risk,KMM,0.003237950583311541,0.006367812799781111,0.00312986221646957,0,0.0012454052035874863,20.55492644107221,20.55492644107221,10.0,402.8717895799989,0.4835164835164835,0.01098901098901099,5.347764227647822e-05,0.41197960452420956,14.0,91,91,USW00014941,USW00003013,2.1216305693986546,0.004515997678518735,3.561361477520456e-08,,0,medium,0,623.4522685877054
NOAA,USW00003013_medium_Q2,risk,KMM + dependence,0.003237950583311541,0.006367812799781111,0.00312986221646957,0,0.0012454052035874863,20.55492644107221,20.55492644107221,10.0,402.8717895799989,0.4835164835164835,0.01098901098901099,5.347764227647822e-05,0.41197960452420956,14.0,91,91,USW00014941,USW00003013,2.1216305693986546,0.004515997678518735,3.561361477520456e-08,,0,medium,0,623.4522685877054
NOAA,USW00003013_medium_Q3,mean,Unweighted,0.7231521739130434,0.7868206521739131,0.06366847826086963,0,0.009826337391738611,92.0,92.0,1.0,92.0,0.0,0.0,0.018317110904656486,4.133153828718867,14.0,92,92,USW00014941,USW00003013,2.303667916794038,0.018317110904656486,1.6633359922809024e-08,,0,medium,0,623.4522685877054
NOAA,USW00003013_medium_Q3,mean,Logistic IW,0.7026757993258168,0.7868206521739131,0.08414485284809625,0,0.013464628249015983,56.41724493333387,56.41724493333387,4.9024476116277285,175.03875165787764,0.0,0.0,0.02740012896657462,4.807081921226291,14.0,92,92,USW00014941,USW00003013,2.303667916794038,0.018317110904656486,1.6633359922809024e-08,,0,medium,0,623.4522685877054
NOAA,USW00003013_medium_Q3,mean,KMM,0.7046034245379004,0.7868206521739131,0.08221722763601269,0,0.020668909517446567,18.168174122400956,18.168174122400956,9.999999999999996,465.8695993872096,0.6739130434782609,0.010869565217391304,0.0001760505661583256,1.1879085379628669,14.0,92,92,USW00014941,USW00003013,2.303667916794038,0.018317110904656486,1.6633359922809024e-08,,0,medium,0,623.4522685877054
NOAA,USW00003013_medium_Q3,mean,KMM + dependence,0.7046034245379004,0.7868206521739131,0.08221722763601269,0,0.022527296020363394,18.168174122400956,15.29425333835666,9.999999999999996,465.8695993872096,0.6739130434782609,0.010869565217391304,0.0001760505661583256,1.1879085379628669,14.0,92,92,USW00014941,USW00003013,2.303667916794038,0.018317110904656486,1.6633359922809024e-08,,0,medium,0,623.4522685877054
NOAA,USW00003013_medium_Q3,risk,Unweighted,0.0012415595909363707,0.005809937024072728,0.004568377433136357,0,0.00032132281187733725,92.0,92.0,1.0,92.0,0.0,0.0,0.018317110904656486,1.8881865994071019,14.0,92,92,USW00014941,USW00003013,2.303667916794038,0.018317110904656486,1.6633359922809024e-08,,0,medium,0,623.4522685877054
NOAA,USW00003013_medium_Q3,risk,Logistic IW,0.0012602332746933702,0.005809937024072728,0.004549703749379358,0,0.0003947315309548465,56.41724493333387,56.41724493333387,4.9024476116277285,175.03875165787764,0.0,0.0,0.02740012896657462,0.7924313307530246,14.0,92,92,USW00014941,USW00003013,2.303667916794038,0.018317110904656486,1.6633359922809024e-08,,0,medium,0,623.4522685877054
NOAA,USW00003013_medium_Q3,risk,KMM,0.001541159336717309,0.005809937024072728,0.004268777687355419,0,0.0007359788225164408,18.168174122400956,18.168174122400956,9.999999999999996,465.8695993872096,0.6739130434782609,0.010869565217391304,0.0001760505661583256,0.4970902797750203,14.0,92,92,USW00014941,USW00003013,2.303667916794038,0.018317110904656486,1.6633359922809024e-08,,0,medium,0,623.4522685877054
NOAA,USW00003013_medium_Q3,risk,KMM + dependence,0.001541159336717309,0.005809937024072728,0.004268777687355419,0,0.0007359788225164408,18.168174122400956,18.168174122400956,9.999999999999996,465.8695993872096,0.6739130434782609,0.010869565217391304,0.0001760505661583256,0.4970902797750203,14.0,92,92,USW00014941,USW00003013,2.303667916794038,0.018317110904656486,1.6633359922809024e-08,,0,medium,0,623.4522685877054
NOAA,USW00003013_medium_Q4,mean,Unweighted,0.5319701086956522,0.6097802197802197,0.07781011108456748,0,0.024603354887680125,92.0,92.0,1.0,92.0,0.0,0.0,0.005418312910221212,7.74398827867864,14.0,92,91,USW00014941,USW00003013,2.126550520290072,0.005418312910221212,4.688442991793313e-08,,0,medium,0,623.4522685877054
NOAA,USW00003013_medium_Q4,mean,Logistic IW,0.5217190545421052,0.6097802197802197,0.08806116523811447,0,0.026092603759104122,89.34194556321481,89.34194556321481,1.4790515397630664,95.09385683867667,0.0,0.0,0.004150437488879444,7.4092679202308265,14.0,92,91,USW00014941,USW00003013,2.126550520290072,0.005418312910221212,4.688442991793313e-08,,0,medium,0,623.4522685877054
NOAA,USW00003013_medium_Q4,mean,KMM,0.5528224778603842,0.6097802197802197,0.05695774191983549,0,0.02370879535292387,25.470607359812973,25.470607359812973,7.506307038266949,332.3046003745609,0.4782608695652174,0.0,0.00029679016973038763,2.1588408628938134,14.0,92,91,USW00014941,USW00003013,2.126550520290072,0.005418312910221212,4.688442991793313e-08,,0,medium,0,623.4522685877054
NOAA,USW00003013_medium_Q4,mean,KMM + dependence,0.5528224778603842,0.6097802197802197,0.05695774191983549,0,0.03483531988446142,25.470607359812973,11.798279251427061,7.506307038266949,332.3046003745609,0.4782608695652174,0.0,0.00029679016973038763,2.1588408628938134,14.0,92,91,USW00014941,USW00003013,2.126550520290072,0.005418312910221212,4.688442991793313e-08,,0,medium,0,623.4522685877054
NOAA,USW00003013_medium_Q4,risk,Unweighted,0.003043198349514215,0.013023418453521793,0.009980220104007578,0,0.0007895937333086603,92.0,92.0,1.0,92.0,0.0,0.0,0.005418312910221212,1.7635180977807459,14.0,92,91,USW00014941,USW00003013,2.126550520290072,0.005418312910221212,4.688442991793313e-08,,0,medium,0,623.4522685877054
NOAA,USW00003013_medium_Q4,risk,Logistic IW,0.0031410679036328777,0.013023418453521793,0.009882350549888915,0,0.0008474722851100378,89.34194556321481,89.34194556321481,1.4790515397630664,95.09385683867667,0.0,0.0,0.004150437488879444,1.6437414786953957,14.0,92,91,USW00014941,USW00003013,2.126550520290072,0.005418312910221212,4.688442991793313e-08,,0,medium,0,623.4522685877054
NOAA,USW00003013_medium_Q4,risk,KMM,0.004366094465159172,0.013023418453521793,0.008657323988362622,0,0.0020246092587014354,25.470607359812973,25.470607359812973,7.506307038266949,332.3046003745609,0.4782608695652174,0.0,0.00029679016973038763,1.0577284764457402,14.0,92,91,USW00014941,USW00003013,2.126550520290072,0.005418312910221212,4.688442991793313e-08,,0,medium,0,623.4522685877054
NOAA,USW00003013_medium_Q4,risk,KMM + dependence,0.004366094465159172,0.013023418453521793,0.008657323988362622,0,0.0020822281665356483,25.470607359812973,24.080478049906766,7.506307038266949,332.3046003745609,0.4782608695652174,0.0,0.00029679016973038763,1.0577284764457402,14.0,92,91,USW00014941,USW00003013,2.126550520290072,0.005418312910221212,4.688442991793313e-08,,0,medium,0,623.4522685877054
NOAA,USW00003013_severe_Q1,mean,Unweighted,0.390847222222222,0.52125,0.13040277777777798,0,0.014706667818921715,90.0,90.0,1.0,90.0,0.0,0.0,0.08586849468040647,6.914069978661727,14.0,90,90,USW00004112,USW00003013,2.371855632832807,0.08586849468040647,2.3118353407341965e-08,,0,severe,0,1227.2143785531657
NOAA,USW00003013_severe_Q1,mean,Logistic IW,0.417136962306479,0.52125,0.10411303769352098,0,0.01881222675955613,27.811759535730307,27.811759535730307,7.383938840715212,204.1754410512635,0.0,0.0,0.022269813616389467,3.647601608659141,14.0,90,90,USW00004112,USW00003013,2.371855632832807,0.08586849468040647,2.3118353407341965e-08,,0,severe,0,1227.2143785531657
NOAA,USW00003013_severe_Q1,mean,KMM,0.4086554675244332,0.52125,0.11259453247556678,0,0.04488616356547563,10.13599748791831,10.13599748791831,10.0,799.1320054740414,0.8444444444444444,0.06666666666666667,0.0006581843627921913,1.591051205747124,14.0,90,90,USW00004112,USW00003013,2.371855632832807,0.08586849468040647,2.3118353407341965e-08,,0,severe,0,1227.2143785531657
NOAA,USW00003013_severe_Q1,mean,KMM + dependence,0.4086554675244332,0.52125,0.11259453247556678,0,0.05661800549269012,10.13599748791831,6.370629336947494,10.0,799.1320054740414,0.8444444444444444,0.06666666666666667,0.0006581843627921913,1.591051205747124,14.0,90,90,USW00004112,USW00003013,2.371855632832807,0.08586849468040647,2.3118353407341965e-08,,0,severe,0,1227.2143785531657
NOAA,USW00003013_severe_Q1,risk,Unweighted,0.00573863184993745,0.011466485162963103,0.005727853313025653,0,0.0018672973354089298,90.0,90.0,1.0,90.0,0.0,0.0,0.08586849468040647,2.0297897975404005,14.0,90,90,USW00004112,USW00003013,2.371855632832807,0.08586849468040647,2.3118353407341965e-08,,0,severe,0,1227.2143785531657
NOAA,USW00003013_severe_Q1,risk,Logistic IW,0.0032485678626792973,0.011466485162963103,0.008217917300283806,0,0.0015096321197536635,27.811759535730307,27.811759535730307,7.383938840715212,204.1754410512635,0.0,0.0,0.022269813616389467,1.329981296758847,14.0,90,90,USW00004112,USW00003013,2.371855632832807,0.08586849468040647,2.3118353407341965e-08,,0,severe,0,1227.2143785531657
NOAA,USW00003013_severe_Q1,risk,KMM,0.0026454019199576594,0.011466485162963103,0.008821083243005444,0,0.002744827093127891,10.13599748791831,10.13599748791831,10.0,799.1320054740414,0.8444444444444444,0.06666666666666667,0.0006581843627921913,0.7915946968331362,14.0,90,90,USW00004112,USW00003013,2.371855632832807,0.08586849468040647,2.3118353407341965e-08,,0,severe,0,1227.2143785531657
NOAA,USW00003013_severe_Q1,risk,KMM + dependence,0.0026454019199576594,0.011466485162963103,0.008821083243005444,0,0.002744827093127891,10.13599748791831,10.13599748791831,10.0,799.1320054740414,0.8444444444444444,0.06666666666666667,0.0006581843627921913,0.7915946968331362,14.0,90,90,USW00004112,USW00003013,2.371855632832807,0.08586849468040647,2.3118353407341965e-08,,0,severe,0,1227.2143785531657
NOAA,USW00003013_severe_Q2,mean,Unweighted,0.5945192307692306,0.7075274725274724,0.11300824175824176,0,0.01921006556471522,91.0,91.0,1.0,91.0,0.0,0.0,0.18192527146600868,8.473973790775512,14.0,91,91,USW00004112,USW00003013,2.163366424284935,0.18192527146600868,3.464779163802956e-08,,0,severe,0,1227.2143785531657
NOAA,USW00003013_severe_Q2,mean,Logistic IW,0.5857624278324262,0.7075274725274724,0.12176504469504623,0,0.03562776649547638,6.958881270984391,6.958881270984391,10.0,113.078657988702,0.0,0.01098901098901099,0.08296331271961277,1.5689412316418145,14.0,91,91,USW00004112,USW00003013,2.163366424284935,0.18192527146600868,3.464779163802956e-08,,0,severe,0,1227.2143785531657
NOAA,USW00003013_severe_Q2,mean,KMM,0.6028376673180751,0.7075274725274724,0.1046898052093973,0,0.06067747585345883,10.074935786121037,10.074935786121037,9.999999999999925,821.9407225810446,0.8681318681318682,0.07692307692307693,0.05681367349444977,1.5405088292984295,14.0,91,91,USW00004112,USW00003013,2.163366424284935,0.18192527146600868,3.464779163802956e-08,,0,severe,0,1227.2143785531657
NOAA,USW00003013_severe_Q2,mean,KMM + dependence,0.6028376673180751,0.7075274725274724,0.1046898052093973,0,0.07531120595449003,10.074935786121037,6.540005220683683,9.999999999999925,821.9407225810446,0.8681318681318682,0.07692307692307693,0.05681367349444977,1.5405088292984295,14.0,91,91,USW00004112,USW00003013,2.163366424284935,0.18192527146600868,3.464779163802956e-08,,0,severe,0,1227.2143785531657
NOAA,USW00003013_severe_Q2,risk,Unweighted,0.0055891607778135914,0.006367812799781111,0.0007786520219675193,1,0.0013050405510027883,91.0,91.0,1.0,91.0,0.0,0.0,0.18192527146600868,1.2218147806266773,14.0,91,91,USW00004112,USW00003013,2.163366424284935,0.18192527146600868,3.464779163802956e-08,,0,severe,0,1227.2143785531657
NOAA,USW00003013_severe_Q2,risk,Logistic IW,0.004407867295132499,0.006367812799781111,0.0019599455046486114,0,0.0017000154793887423,6.958881270984391,6.958881270984391,10.0,113.078657988702,0.0,0.01098901098901099,0.08296331271961277,0.46272057697733465,14.0,91,91,USW00004112,USW00003013,2.163366424284935,0.18192527146600868,3.464779163802956e-08,,0,severe,0,1227.2143785531657
NOAA,USW00003013_severe_Q2,risk,KMM,0.005271701872773733,0.006367812799781111,0.001096110927007378,1,0.004399758511843354,10.074935786121037,10.074935786121037,9.999999999999925,821.9407225810446,0.8681318681318682,0.07692307692307693,0.05681367349444977,0.6240129212355411,14.0,91,91,USW00004112,USW00003013,2.163366424284935,0.18192527146600868,3.464779163802956e-08,,0,severe,0,1227.2143785531657
NOAA,USW00003013_severe_Q2,risk,KMM + dependence,0.005271701872773733,0.006367812799781111,0.001096110927007378,1,0.004399758511843354,10.074935786121037,10.074935786121037,9.999999999999925,821.9407225810446,0.8681318681318682,0.07692307692307693,0.05681367349444977,0.6240129212355411,14.0,91,91,USW00004112,USW00003013,2.163366424284935,0.18192527146600868,3.464779163802956e-08,,0,severe,0,1227.2143785531657
NOAA,USW00003013_severe_Q3,mean,Unweighted,0.691453804347826,0.7868206521739131,0.09536684782608706,0,0.010170312654618492,92.0,92.0,1.0,92.0,0.0,0.0,0.3038721208170059,5.126757958877727,14.0,92,92,USW00004112,USW00003013,2.3738732242094445,0.3038721208170059,3.686152828642904e-08,,0,severe,0,1227.2143785531657
NOAA,USW00003013_severe_Q3,mean,Logistic IW,0.6625055402695781,0.7868206521739131,0.12431511190433497,0,0.03848665580560305,3.9136352900391818,3.9136352900391818,8.740331068413363,91.51062215718095,0.0,0.0,0.09169539302740226,0.3086539064287262,14.0,92,92,USW00004112,USW00003013,2.3738732242094445,0.3038721208170059,3.686152828642904e-08,,0,severe,0,1227.2143785531657
NOAA,USW00003013_severe_Q3,mean,KMM,0.676644911288994,0.7868206521739131,0.1101757408849191,0,0.04301760803094991,9.893298057665362,9.893298057665362,10.0,855.5286569418927,0.8695652173913043,0.08695652173913043,0.09021925530694852,1.099293241172617,14.0,92,92,USW00004112,USW00003013,2.3738732242094445,0.3038721208170059,3.686152828642904e-08,,0,severe,0,1227.2143785531657
NOAA,USW00003013_severe_Q3,mean,KMM + dependence,0.676644911288994,0.7868206521739131,0.1101757408849191,0,0.04510275150415595,9.893298057665362,8.999689698002848,10.0,855.5286569418927,0.8695652173913043,0.08695652173913043,0.09021925530694852,1.099293241172617,14.0,92,92,USW00004112,USW00003013,2.3738732242094445,0.3038721208170059,3.686152828642904e-08,,0,severe,0,1227.2143785531657
NOAA,USW00003013_severe_Q3,risk,Unweighted,0.008384879645619214,0.005809937024072728,0.0025749426215464864,0,0.0013506711786183672,92.0,92.0,1.0,92.0,0.0,0.0,0.3038721208170059,0.8682101193935281,14.0,92,92,USW00004112,USW00003013,2.3738732242094445,0.3038721208170059,3.686152828642904e-08,,0,severe,0,1227.2143785531657
NOAA,USW00003013_severe_Q3,risk,Logistic IW,0.003356817569147753,0.005809937024072728,0.0024531194549249746,1,0.003681408790694601,3.9136352900391818,3.9136352900391818,8.740331068413363,91.51062215718095,0.0,0.0,0.09169539302740226,0.15283808368189264,14.0,92,92,USW00004112,USW00003013,2.3738732242094445,0.3038721208170059,3.686152828642904e-08,,0,severe,0,1227.2143785531657
NOAA,USW00003013_severe_Q3,risk,KMM,0.002803461578533825,0.005809937024072728,0.0030064754455389024,0,0.0024582175284653335,9.893298057665362,9.893298057665362,10.0,855.5286569418927,0.8695652173913043,0.08695652173913043,0.09021925530694852,0.30132642888854116,14.0,92,92,USW00004112,USW00003013,2.3738732242094445,0.3038721208170059,3.686152828642904e-08,,0,severe,0,1227.2143785531657
NOAA,USW00003013_severe_Q3,risk,KMM + dependence,0.002803461578533825,0.005809937024072728,0.0030064754455389024,0,0.0024582175284653335,9.893298057665362,9.893298057665362,10.0,855.5286569418927,0.8695652173913043,0.08695652173913043,0.09021925530694852,0.30132642888854116,14.0,92,92,USW00004112,USW00003013,2.3738732242094445,0.3038721208170059,3.686152828642904e-08,,0,severe,0,1227.2143785531657
NOAA,USW00003013_severe_Q4,mean,Unweighted,0.46313858695652177,0.6097802197802197,0.1466416328236979,0,0.01498148462005216,92.0,92.0,1.0,92.0,0.0,0.0,0.059712788698215835,6.757134056022179,14.0,92,91,USW00004112,USW00003013,2.24247165663146,0.059712788698215835,1.7543310621416633e-08,,0,severe,0,1227.2143785531657
NOAA,USW00003013_severe_Q4,mean,Logistic IW,0.47096937402781913,0.6097802197802197,0.13881084575240055,0,0.011327617301101342,29.568273065450732,29.568273065450732,7.274364391301253,254.73827246420313,0.0,0.0,0.04639971311530977,3.629572268624045,14.0,92,91,USW00004112,USW00003013,2.24247165663146,0.059712788698215835,1.7543310621416633e-08,,0,severe,0,1227.2143785531657
NOAA,USW00003013_severe_Q4,mean,KMM,0.4856096206605288,0.6097802197802197,0.12417059911969086,0,0.02435743983751221,11.584198264127366,11.584198264127366,10.0,730.6504780922444,0.782608695652174,0.05434782608695652,0.004839369388771386,1.5551802851781273,14.0,92,91,USW00004112,USW00003013,2.24247165663146,0.059712788698215835,1.7543310621416633e-08,,0,severe,0,1227.2143785531657
NOAA,USW00003013_severe_Q4,mean,KMM + dependence,0.4856096206605288,0.6097802197802197,0.12417059911969086,0,0.03037540027350389,11.584198264127366,7.448781581487535,10.0,730.6504780922444,0.782608695652174,0.05434782608695652,0.004839369388771386,1.5551802851781273,14.0,92,91,USW00004112,USW00003013,2.24247165663146,0.059712788698215835,1.7543310621416633e-08,,0,severe,0,1227.2143785531657
NOAA,USW00003013_severe_Q4,risk,Unweighted,0.002295458756802233,0.013023418453521793,0.01072795969671956,0,0.0006016659592100497,92.0,92.0,1.0,92.0,0.0,0.0,0.059712788698215835,1.5146029397467726,14.0,92,91,USW00004112,USW00003013,2.24247165663146,0.059712788698215835,1.7543310621416633e-08,,0,severe,0,1227.2143785531657
NOAA,USW00003013_severe_Q4,risk,Logistic IW,0.002252686746421502,0.013023418453521793,0.01077073170710029,0,0.0004504852216241075,29.568273065450732,29.568273065450732,7.274364391301253,254.73827246420313,0.0,0.0,0.04639971311530977,1.002084127475579,14.0,92,91,USW00004112,USW00003013,2.24247165663146,0.059712788698215835,1.7543310621416633e-08,,0,severe,0,1227.2143785531657
NOAA,USW00003013_severe_Q4,risk,KMM,0.003043248612338473,0.013023418453521793,0.00998016984118332,0,0.0011476799611436228,11.584198264127366,11.584198264127366,10.0,730.6504780922444,0.782608695652174,0.05434782608695652,0.004839369388771386,1.3286189932983836,14.0,92,91,USW00004112,USW00003013,2.24247165663146,0.059712788698215835,1.7543310621416633e-08,,0,severe,0,1227.2143785531657
NOAA,USW00003013_severe_Q4,risk,KMM + dependence,0.003043248612338473,0.013023418453521793,0.00998016984118332,0,0.0013228817559967508,11.584198264127366,8.718976864367141,10.0,730.6504780922444,0.782608695652174,0.05434782608695652,0.004839369388771386,1.3286189932983836,14.0,92,91,USW00004112,USW00003013,2.24247165663146,0.059712788698215835,1.7543310621416633e-08,,0,severe,0,1227.2143785531657
