dataset,task_id,estimand,method,estimate,true_target,absolute_error,coverage,half_width,nominal_ess,adjusted_ess,max_weight,sum_squared_weights,zero_weight_fraction,upper_bound_fraction,mmd2_after,dependence_variance_ratio,dependence_bandwidth,n_source,n_target,source_domain,target_domain,bandwidth,mmd2_before,kmm_projected_residual,solver_objective_relative_difference,kmm_iterations,regime,replicate
TNBC,patient33_window0,mean,Unweighted,0.06959149903459233,0.009342646710241445,0.060248852324350885,0,0.021383143843390132,256.0,256.0,1.0,256.0,0.0,0.0,0.1855571784396317,1.8206205409318326,103.0784900875494,256,256,18,33,5.706760720164121,0.1855571784396317,9.517516398929348e-08,2.5744402835985295e-10,2001,patient_transfer,0
TNBC,patient33_window0,mean,Logistic IW,0.10123199428340027,0.009342646710241445,0.09188934757315882,0,0.08389120923047506,36.715379261990996,36.715379261990996,0.19418035927820082,0.18900041108568044,0.0,0.0,0.14726232271174355,1.0344800889726387,103.0784900875494,256,256,18,33,5.706760720164121,0.1855571784396317,9.517516398929348e-08,2.5744402835985295e-10,2001,patient_transfer,0
TNBC,patient33_window0,mean,KMM,0.08272500653118242,0.009342646710241445,0.07338235982094098,0,0.06855683892645907,30.308311349936226,30.308311349936226,9.999999999993873,2162.31116420298,0.8515625,0.06640625,0.08652210992303633,0.4850689753724635,103.0784900875494,256,256,18,33,5.706760720164121,0.1855571784396317,9.517516398929348e-08,2.5744402835985295e-10,2001,patient_transfer,0
TNBC,patient33_window0,mean,KMM + dependence,0.08272500653118242,0.009342646710241445,0.07338235982094098,0,0.06855683892645907,30.308311349936226,30.308311349936226,9.999999999993873,2162.31116420298,0.8515625,0.06640625,0.08652210992303633,0.4850689753724635,103.0784900875494,256,256,18,33,5.706760720164121,0.1855571784396317,9.517516398929348e-08,2.5744402835985295e-10,2001,patient_transfer,0
TNBC,patient33_window0,risk,Unweighted,0.03665799189374723,0.012144553429669728,0.024513438464077504,0,0.012703315484434752,256.0,256.0,1.0,256.0,0.0,0.0,0.1855571784396317,0.8999853712223177,103.0784900875494,256,256,18,33,5.706760720164121,0.1855571784396317,9.517516398929348e-08,2.5744402835985295e-10,2001,patient_transfer,0
TNBC,patient33_window0,risk,Logistic IW,0.051829140819430776,0.012144553429669728,0.03968458738976105,1,0.054429022336711666,36.715379261990996,36.715379261990996,0.19418035927820082,0.18900041108568044,0.0,0.0,0.14726232271174355,0.8817904194135188,103.0784900875494,256,256,18,33,5.706760720164121,0.1855571784396317,9.517516398929348e-08,2.5744402835985295e-10,2001,patient_transfer,0
TNBC,patient33_window0,risk,KMM,0.038346398792667186,0.012144553429669728,0.02620184536299746,1,0.03232005816435073,30.308311349936226,30.308311349936226,9.999999999993873,2162.31116420298,0.8515625,0.06640625,0.08652210992303633,0.6563575768974979,103.0784900875494,256,256,18,33,5.706760720164121,0.1855571784396317,9.517516398929348e-08,2.5744402835985295e-10,2001,patient_transfer,0
TNBC,patient33_window0,risk,KMM + dependence,0.038346398792667186,0.012144553429669728,0.02620184536299746,1,0.03232005816435073,30.308311349936226,30.308311349936222,9.999999999993873,2162.31116420298,0.8515625,0.06640625,0.08652210992303633,0.6563575768974979,103.0784900875494,256,256,18,33,5.706760720164121,0.1855571784396317,9.517516398929348e-08,2.5744402835985295e-10,2001,patient_transfer,0
TNBC,patient33_window1,mean,Unweighted,0.15972360348923267,0.01628811995598974,0.14343548353324292,0,0.034095921188022835,256.0,256.0,1.0,256.0,0.0,0.0,0.2249833010900899,1.3635274350314726,87.85620988798614,256,256,18,33,5.699203131122292,0.2249833010900899,8.244032546771278e-08,,3001,patient_transfer,1
TNBC,patient33_window1,mean,Logistic IW,0.1214929351909892,0.01628811995598974,0.10520481523499947,0,0.0527653120574162,69.57391987547042,69.57391987547042,0.0922761607730627,0.05323881426122574,0.0,0.0,0.18337679249134897,0.6606499519071722,87.85620988798614,256,256,18,33,5.699203131122292,0.2249833010900899,8.244032546771278e-08,,3001,patient_transfer,1
TNBC,patient33_window1,mean,KMM,0.07301054589610381,0.01628811995598974,0.05672242594011408,1,0.08028837814777613,29.86697223748447,29.86697223748447,10.0,2194.2632644145115,0.86328125,0.06640625,0.11403796188458015,0.9713929496834839,87.85620988798614,256,256,18,33,5.699203131122292,0.2249833010900899,8.244032546771278e-08,,3001,patient_transfer,1
TNBC,patient33_window1,mean,KMM + dependence,0.07301054589610381,0.01628811995598974,0.05672242594011408,1,0.08028837814777613,29.86697223748447,29.86697223748447,10.0,2194.2632644145115,0.86328125,0.06640625,0.11403796188458015,0.9713929496834839,87.85620988798614,256,256,18,33,5.699203131122292,0.2249833010900899,8.244032546771278e-08,,3001,patient_transfer,1
TNBC,patient33_window1,risk,Unweighted,0.07782326154868742,0.015980815738649436,0.061842445810037984,0,0.02173611043166259,256.0,256.0,1.0,256.0,0.0,0.0,0.2249833010900899,1.192063088735534,87.85620988798614,256,256,18,33,5.699203131122292,0.2249833010900899,8.244032546771278e-08,,3001,patient_transfer,1
TNBC,patient33_window1,risk,Logistic IW,0.07518069316310431,0.015980815738649436,0.05919987742445488,0,0.03855638533915472,69.57391987547042,69.57391987547042,0.0922761607730627,0.05323881426122574,0.0,0.0,0.18337679249134897,0.6368489528193575,87.85620988798614,256,256,18,33,5.699203131122292,0.2249833010900899,8.244032546771278e-08,,3001,patient_transfer,1
TNBC,patient33_window1,risk,KMM,0.05288209648611829,0.015980815738649436,0.03690128074746885,1,0.06122509622208341,29.86697223748447,29.86697223748447,10.0,2194.2632644145115,0.86328125,0.06640625,0.11403796188458015,0.7983156520738094,87.85620988798614,256,256,18,33,5.699203131122292,0.2249833010900899,8.244032546771278e-08,,3001,patient_transfer,1
TNBC,patient33_window1,risk,KMM + dependence,0.05288209648611829,0.015980815738649436,0.03690128074746885,1,0.06122509622208341,29.86697223748447,29.86697223748447,10.0,2194.2632644145115,0.86328125,0.06640625,0.11403796188458015,0.7983156520738094,87.85620988798614,256,256,18,33,5.699203131122292,0.2249833010900899,8.244032546771278e-08,,3001,patient_transfer,1
TNBC,patient33_window2,mean,Unweighted,0.1270506602240829,0.01292464932230153,0.11412601090178137,0,0.028326176484439514,256.0,256.0,1.0,256.0,0.0,0.0,0.19444910032296114,1.0653847085810888,92.01198231165797,256,256,18,33,5.949778153683331,0.19444910032296114,8.933938190578425e-08,,2751,patient_transfer,2
TNBC,patient33_window2,mean,Logistic IW,0.07062325835765076,0.01292464932230153,0.057698609035349235,0,0.038921621421615586,21.37120561168839,21.37120561168839,0.35484174667647117,0.303357338166831,0.0,0.0,0.12508943719929433,1.78938434553972,92.01198231165797,256,256,18,33,5.949778153683331,0.19444910032296114,8.933938190578425e-08,,2751,patient_transfer,2
TNBC,patient33_window2,mean,KMM,0.12669659221653767,0.01292464932230153,0.11377194289423614,0,0.07719109826945603,32.16989485508755,32.16989485508755,10.0,2037.1841529236049,0.8515625,0.05078125,0.08582829871630393,0.6469536116503578,92.01198231165797,256,256,18,33,5.949778153683331,0.19444910032296114,8.933938190578425e-08,,2751,patient_transfer,2
TNBC,patient33_window2,mean,KMM + dependence,0.12669659221653767,0.01292464932230153,0.11377194289423614,0,0.07719109826945603,32.16989485508755,32.16989485508755,10.0,2037.1841529236049,0.8515625,0.05078125,0.08582829871630393,0.6469536116503578,92.01198231165797,256,256,18,33,5.949778153683331,0.19444910032296114,8.933938190578425e-08,,2751,patient_transfer,2
TNBC,patient33_window2,risk,Unweighted,0.05174391752437227,0.013189930899158715,0.03855398662521355,0,0.014326321359658091,256.0,256.0,1.0,256.0,0.0,0.0,0.19444910032296114,0.6168713709673534,92.01198231165797,256,256,18,33,5.949778153683331,0.19444910032296114,8.933938190578425e-08,,2751,patient_transfer,2
TNBC,patient33_window2,risk,Logistic IW,0.029813821770396504,0.013189930899158715,0.01662389087123779,0,0.014121501552138645,21.37120561168839,21.37120561168839,0.35484174667647117,0.303357338166831,0.0,0.0,0.12508943719929433,1.695082018246285,92.01198231165797,256,256,18,33,5.949778153683331,0.19444910032296114,8.933938190578425e-08,,2751,patient_transfer,2
TNBC,patient33_window2,risk,KMM,0.050834746092158406,0.013189930899158715,0.03764481519299969,0,0.031704013225810256,32.16989485508755,32.16989485508755,10.0,2037.1841529236049,0.8515625,0.05078125,0.08582829871630393,0.5236453513188415,92.01198231165797,256,256,18,33,5.949778153683331,0.19444910032296114,8.933938190578425e-08,,2751,patient_transfer,2
TNBC,patient33_window2,risk,KMM + dependence,0.050834746092158406,0.013189930899158715,0.03764481519299969,0,0.031704013225810256,32.16989485508755,32.16989485508755,10.0,2037.1841529236049,0.8515625,0.05078125,0.08582829871630393,0.5236453513188415,92.01198231165797,256,256,18,33,5.949778153683331,0.19444910032296114,8.933938190578425e-08,,2751,patient_transfer,2
TNBC,patient18_window0,mean,Unweighted,0.05333127336529275,0.06959149903459234,0.01626022566929959,1,0.022506322621814727,256.0,256.0,1.0,256.0,0.0,0.0,0.26823743983837733,2.2063118771259362,90.73057435490543,256,256,32,18,7.514589850765483,0.26823743983837733,8.385470454110467e-08,,2201,patient_transfer,0
TNBC,patient18_window0,mean,Logistic IW,0.09371545104032154,0.06959149903459234,0.0241239520057292,1,0.09175059029838763,22.136949747628808,22.136949747628808,0.2569476818933808,0.1900915883942656,0.0,0.0,0.11301904225365056,0.6464671702637969,90.73057435490543,256,256,32,18,7.514589850765483,0.26823743983837733,8.385470454110467e-08,,2201,patient_transfer,0
TNBC,patient18_window0,mean,KMM,0.10517207587441733,0.06959149903459234,0.03558057683982499,1,0.09671094305089449,28.370386026771854,28.370386026771854,10.0,2310.0143909975395,0.8671875,0.07421875,0.1038091554556162,0.7844891404935599,90.73057435490543,256,256,32,18,7.514589850765483,0.26823743983837733,8.385470454110467e-08,,2201,patient_transfer,0
TNBC,patient18_window0,mean,KMM + dependence,0.10517207587441733,0.06959149903459234,0.03558057683982499,1,0.09671094305089449,28.370386026771854,28.37038602677185,10.0,2310.0143909975395,0.8671875,0.07421875,0.1038091554556162,0.7844891404935599,90.73057435490543,256,256,32,18,7.514589850765483,0.26823743983837733,8.385470454110467e-08,,2201,patient_transfer,0
TNBC,patient18_window0,risk,Unweighted,0.03367506340630695,0.03665799189374723,0.0029829284874402784,1,0.017378302652045877,256.0,256.0,1.0,256.0,0.0,0.0,0.26823743983837733,2.2882571227488264,90.73057435490543,256,256,32,18,7.514589850765483,0.26823743983837733,8.385470454110467e-08,,2201,patient_transfer,0
TNBC,patient18_window0,risk,Logistic IW,0.06879241073330553,0.03665799189374723,0.032134418839558296,1,0.0751891340017033,22.136949747628808,22.136949747628808,0.2569476818933808,0.1900915883942656,0.0,0.0,0.11301904225365056,0.6781572701723689,90.73057435490543,256,256,32,18,7.514589850765483,0.26823743983837733,8.385470454110467e-08,,2201,patient_transfer,0
TNBC,patient18_window0,risk,KMM,0.0760158627140754,0.03665799189374723,0.03935787082032817,1,0.078910137523294,28.370386026771854,28.370386026771854,10.0,2310.0143909975395,0.8671875,0.07421875,0.1038091554556162,0.7486500741750455,90.73057435490543,256,256,32,18,7.514589850765483,0.26823743983837733,8.385470454110467e-08,,2201,patient_transfer,0
TNBC,patient18_window0,risk,KMM + dependence,0.0760158627140754,0.03665799189374723,0.03935787082032817,1,0.078910137523294,28.370386026771854,28.370386026771854,10.0,2310.0143909975395,0.8671875,0.07421875,0.1038091554556162,0.7486500741750455,90.73057435490543,256,256,32,18,7.514589850765483,0.26823743983837733,8.385470454110467e-08,,2201,patient_transfer,0
TNBC,patient18_window1,mean,Unweighted,0.05281564463244519,0.15972360348923267,0.10690795885678749,0,0.019772583782069558,256.0,256.0,1.0,256.0,0.0,0.0,0.2765971640397411,1.164608541116711,91.03095700950789,256,256,32,18,7.145625578397773,0.2765971640397411,9.845432509767051e-08,,1701,patient_transfer,1
TNBC,patient18_window1,mean,Logistic IW,0.022076407029647423,0.15972360348923267,0.13764719645958526,0,0.016153433389993012,23.78263478824729,23.78263478824729,0.24551941590568524,0.14436911240005118,0.0,0.0,0.14067753450496245,1.3364812911975195,91.03095700950789,256,256,32,18,7.145625578397773,0.2765971640397411,9.845432509767051e-08,,1701,patient_transfer,1
TNBC,patient18_window1,mean,KMM,0.026810648383609293,0.15972360348923267,0.13291295510562337,0,0.028096202430452594,27.4758818734144,27.4758818734144,10.0,2385.2191642813636,0.8671875,0.0859375,0.13004411478939626,0.9131602254759918,91.03095700950789,256,256,32,18,7.145625578397773,0.2765971640397411,9.845432509767051e-08,,1701,patient_transfer,1
TNBC,patient18_window1,mean,KMM + dependence,0.026810648383609293,0.15972360348923267,0.13291295510562337,0,0.028096202430452594,27.4758818734144,27.4758818734144,10.0,2385.2191642813636,0.8671875,0.0859375,0.13004411478939626,0.9131602254759918,91.03095700950789,256,256,32,18,7.145625578397773,0.2765971640397411,9.845432509767051e-08,,1701,patient_transfer,1
TNBC,patient18_window1,risk,Unweighted,0.02630384609906876,0.07782326154868742,0.05151941544961866,0,0.012820326266308066,256.0,256.0,1.0,256.0,0.0,0.0,0.2765971640397411,1.0296345012936572,91.03095700950789,256,256,32,18,7.145625578397773,0.2765971640397411,9.845432509767051e-08,,1701,patient_transfer,1
TNBC,patient18_window1,risk,Logistic IW,0.010224664983979045,0.07782326154868742,0.06759859656470837,0,0.007980383228814558,23.78263478824729,23.78263478824729,0.24551941590568524,0.14436911240005118,0.0,0.0,0.14067753450496245,1.5640705995766524,91.03095700950789,256,256,32,18,7.145625578397773,0.2765971640397411,9.845432509767051e-08,,1701,patient_transfer,1
TNBC,patient18_window1,risk,KMM,0.009712949738127346,0.07782326154868742,0.06811031181056007,0,0.009350587285520627,27.4758818734144,27.4758818734144,10.0,2385.2191642813636,0.8671875,0.0859375,0.13004411478939626,0.9329173822784307,91.03095700950789,256,256,32,18,7.145625578397773,0.2765971640397411,9.845432509767051e-08,,1701,patient_transfer,1
TNBC,patient18_window1,risk,KMM + dependence,0.009712949738127346,0.07782326154868742,0.06811031181056007,0,0.009350587285520627,27.4758818734144,27.4758818734144,10.0,2385.2191642813636,0.8671875,0.0859375,0.13004411478939626,0.9329173822784307,91.03095700950789,256,256,32,18,7.145625578397773,0.2765971640397411,9.845432509767051e-08,,1701,patient_transfer,1
TNBC,patient18_window2,mean,Unweighted,0.06793867870494455,0.1270506602240829,0.05911198151913835,0,0.026310890762635507,256.0,256.0,1.0,256.0,0.0,0.0,0.2673409243257274,1.5201614180651222,91.88033509265566,256,256,32,18,7.472043711412107,0.2673409243257274,9.049025112020858e-08,,2051,patient_transfer,2
TNBC,patient18_window2,mean,Logistic IW,0.015894895005192932,0.1270506602240829,0.11115576521888997,0,0.014643540247076628,13.757013286839403,13.757013286839403,0.6619268572530086,1.1349914076144219,0.0,0.0,0.105488072447947,0.7080385752207965,91.88033509265566,256,256,32,18,7.472043711412107,0.2673409243257274,9.049025112020858e-08,,2051,patient_transfer,2
TNBC,patient18_window2,mean,KMM,0.011552183462192361,0.1270506602240829,0.11549847676189054,0,0.01622746909448254,27.7716849607431,27.7716849607431,10.0,2359.813604851044,0.875,0.078125,0.09274107642304386,0.9461786976579412,91.88033509265566,256,256,32,18,7.472043711412107,0.2673409243257274,9.049025112020858e-08,,2051,patient_transfer,2
TNBC,patient18_window2,mean,KMM + dependence,0.011552183462192361,0.1270506602240829,0.11549847676189054,0,0.01622746909448254,27.7716849607431,27.7716849607431,10.0,2359.813604851044,0.875,0.078125,0.09274107642304386,0.9461786976579412,91.88033509265566,256,256,32,18,7.472043711412107,0.2673409243257274,9.049025112020858e-08,,2051,patient_transfer,2
TNBC,patient18_window2,risk,Unweighted,0.046056570385008266,0.05174391752437227,0.005687347139364002,1,0.02153219671330259,256.0,256.0,1.0,256.0,0.0,0.0,0.2673409243257274,1.0630755551745608,91.88033509265566,256,256,32,18,7.472043711412107,0.2673409243257274,9.049025112020858e-08,,2051,patient_transfer,2
TNBC,patient18_window2,risk,Logistic IW,0.009983745265317309,0.05174391752437227,0.041760172259054956,0,0.009634322226685614,13.757013286839403,13.757013286839403,0.6619268572530086,1.1349914076144219,0.0,0.0,0.105488072447947,0.8225114530310597,91.88033509265566,256,256,32,18,7.472043711412107,0.2673409243257274,9.049025112020858e-08,,2051,patient_transfer,2
TNBC,patient18_window2,risk,KMM,0.005245034348447171,0.05174391752437227,0.0464988831759251,0,0.0040250390877624,27.7716849607431,27.7716849607431,10.0,2359.813604851044,0.875,0.078125,0.09274107642304386,0.6122060979851026,91.88033509265566,256,256,32,18,7.472043711412107,0.2673409243257274,9.049025112020858e-08,,2051,patient_transfer,2
TNBC,patient18_window2,risk,KMM + dependence,0.005245034348447171,0.05174391752437227,0.0464988831759251,0,0.0040250390877624,27.7716849607431,27.7716849607431,10.0,2359.813604851044,0.875,0.078125,0.09274107642304386,0.6122060979851026,91.88033509265566,256,256,32,18,7.472043711412107,0.2673409243257274,9.049025112020858e-08,,2051,patient_transfer,2
TNBC,patient32_window0,mean,Unweighted,0.02118884866616026,0.05333127336529275,0.03214242469913249,0,0.012975413641784195,256.0,256.0,1.0,256.0,0.0,0.0,0.21206869819854868,1.6832639344373623,102.69071816794096,256,256,38,32,7.413846037280842,0.21206869819854868,9.853970484423616e-08,,2501,patient_transfer,0
TNBC,patient32_window0,mean,Logistic IW,0.009849532130659307,0.05333127336529275,0.04348174123463344,0,0.008439885481973686,53.5717029821017,53.5717029821017,0.19659982127830333,0.11977331709138217,0.0,0.0,0.1491982599239965,1.2439820321592805,102.69071816794096,256,256,38,32,7.413846037280842,0.21206869819854868,9.853970484423616e-08,,2501,patient_transfer,0
TNBC,patient32_window0,mean,KMM,0.0,0.05333127336529275,0.05333127336529275,0,0.0,28.451708488648144,28.451708488648144,10.0,2303.411762641462,0.8671875,0.07421875,0.11146779734169399,0.0,102.69071816794096,256,256,38,32,7.413846037280842,0.21206869819854868,9.853970484423616e-08,,2501,patient_transfer,0
TNBC,patient32_window0,mean,KMM + dependence,0.0,0.05333127336529275,0.05333127336529275,0,0.0,28.451708488648144,1.0,10.0,2303.411762641462,0.8671875,0.07421875,0.11146779734169399,0.0,102.69071816794096,256,256,38,32,7.413846037280842,0.21206869819854868,9.853970484423616e-08,,2501,patient_transfer,0
TNBC,patient32_window0,risk,Unweighted,0.013266637868177953,0.03367506340630695,0.020408425538129,0,0.006671403009886483,256.0,256.0,1.0,256.0,0.0,0.0,0.21206869819854868,1.5260486279866676,102.69071816794096,256,256,38,32,7.413846037280842,0.21206869819854868,9.853970484423616e-08,,2501,patient_transfer,0
TNBC,patient32_window0,risk,Logistic IW,0.007011649374525385,0.03367506340630695,0.026663414031781567,0,0.004571154512962918,53.5717029821017,53.5717029821017,0.19659982127830333,0.11977331709138217,0.0,0.0,0.1491982599239965,1.2586089930880562,102.69071816794096,256,256,38,32,7.413846037280842,0.21206869819854868,9.853970484423616e-08,,2501,patient_transfer,0
TNBC,patient32_window0,risk,KMM,0.002438967086305828,0.03367506340630695,0.031236096320001124,0,0.0018906031745689433,28.451708488648144,28.451708488648144,10.0,2303.411762641462,0.8671875,0.07421875,0.11146779734169399,1.4110849095762945,102.69071816794096,256,256,38,32,7.413846037280842,0.21206869819854868,9.853970484423616e-08,,2501,patient_transfer,0
TNBC,patient32_window0,risk,KMM + dependence,0.002438967086305828,0.03367506340630695,0.031236096320001124,0,0.002245830401497188,28.451708488648144,20.16300244978973,10.0,2303.411762641462,0.8671875,0.07421875,0.11146779734169399,1.4110849095762945,102.69071816794096,256,256,38,32,7.413846037280842,0.21206869819854868,9.853970484423616e-08,,2501,patient_transfer,0
TNBC,patient32_window1,mean,Unweighted,0.0654234152953896,0.05281564463244519,0.012607770662944412,1,0.023105530109424496,256.0,256.0,1.0,256.0,0.0,0.0,0.21449859088654288,3.706412884448999,91.62151801673738,256,256,38,32,7.2673393397019375,0.21449859088654288,9.46211565423779e-08,,2451,patient_transfer,1
TNBC,patient32_window1,mean,Logistic IW,0.036346160274776065,0.05281564463244519,0.016469484357669123,1,0.021273187798117252,34.0547769822587,34.0547769822587,0.16830705306341717,0.12063032776395305,0.0,0.0,0.13563450887014827,2.506775901757459,91.62151801673738,256,256,38,32,7.2673393397019375,0.21449859088654288,9.46211565423779e-08,,2451,patient_transfer,1
TNBC,patient32_window1,mean,KMM,0.0525286646222951,0.05281564463244519,0.0002869800101500883,1,0.06476263223258248,28.305778085079027,28.305778085079027,10.0,2315.2869991073153,0.86328125,0.06640625,0.11290947483301439,1.3542035794903788,91.62151801673738,256,256,38,32,7.2673393397019375,0.21449859088654288,9.46211565423779e-08,,2451,patient_transfer,1
TNBC,patient32_window1,mean,KMM + dependence,0.0525286646222951,0.05281564463244519,0.0002869800101500883,1,0.0753644390108491,28.305778085079027,20.902158666373644,10.0,2315.2869991073153,0.86328125,0.06640625,0.11290947483301439,1.3542035794903788,91.62151801673738,256,256,38,32,7.2673393397019375,0.21449859088654288,9.46211565423779e-08,,2451,patient_transfer,1
TNBC,patient32_window1,risk,Unweighted,0.031170892730105787,0.026303846099068755,0.0048670466310370315,1,0.01234072891547605,256.0,256.0,1.0,256.0,0.0,0.0,0.21449859088654288,2.813552387169331,91.62151801673738,256,256,38,32,7.2673393397019375,0.21449859088654288,9.46211565423779e-08,,2451,patient_transfer,1
TNBC,patient32_window1,risk,Logistic IW,0.018998742703835385,0.026303846099068755,0.007305103395233371,1,0.012290000412197457,34.0547769822587,34.0547769822587,0.16830705306341717,0.12063032776395305,0.0,0.0,0.13563450887014827,1.9353749027923182,91.62151801673738,256,256,38,32,7.2673393397019375,0.21449859088654288,9.46211565423779e-08,,2451,patient_transfer,1
TNBC,patient32_window1,risk,KMM,0.02850262929039234,0.026303846099068755,0.0021987831913235847,1,0.03363031302306292,28.305778085079027,28.305778085079027,10.0,2315.2869991073153,0.86328125,0.06640625,0.11290947483301439,1.28548876221808,91.62151801673738,256,256,38,32,7.2673393397019375,0.21449859088654288,9.46211565423779e-08,,2451,patient_transfer,1
TNBC,patient32_window1,risk,KMM + dependence,0.02850262929039234,0.026303846099068755,0.0021987831913235847,1,0.03812984605261568,28.305778085079027,22.019467549633095,10.0,2315.2869991073153,0.86328125,0.06640625,0.11290947483301439,1.28548876221808,91.62151801673738,256,256,38,32,7.2673393397019375,0.21449859088654288,9.46211565423779e-08,,2451,patient_transfer,1
TNBC,patient32_window2,mean,Unweighted,0.14330289380841915,0.06793867870494455,0.0753642151034746,0,0.03384544251565862,256.0,256.0,1.0,256.0,0.0,0.0,0.3155905770904255,1.9994542018143506,87.71145303450348,256,256,38,32,7.534525511170111,0.3155905770904255,8.784353305343326e-08,,2901,patient_transfer,2
TNBC,patient32_window2,mean,Logistic IW,0.10513719887792504,0.06793867870494455,0.03719852017298049,1,0.05816254535908713,18.86000975425466,18.86000975425466,0.33047350357696953,0.3250570434504545,0.0,0.0,0.20486398789852656,1.1935376946742082,87.71145303450348,256,256,38,32,7.534525511170111,0.3155905770904255,8.784353305343326e-08,,2901,patient_transfer,2
TNBC,patient32_window2,mean,KMM,0.11262059567849056,0.06793867870494455,0.04468191697354601,1,0.10729921110672286,27.352391172993954,27.352391172993954,10.0,2395.9879626432084,0.87890625,0.0703125,0.1762341849754261,1.0094435090228058,87.71145303450348,256,256,38,32,7.534525511170111,0.3155905770904255,8.784353305343326e-08,,2901,patient_transfer,2
TNBC,patient32_window2,mean,KMM + dependence,0.11262059567849056,0.06793867870494455,0.04468191697354601,1,0.10780466113937343,27.352391172993954,27.09650508275842,10.0,2395.9879626432084,0.87890625,0.0703125,0.1762341849754261,1.0094435090228058,87.71145303450348,256,256,38,32,7.534525511170111,0.3155905770904255,8.784353305343326e-08,,2901,patient_transfer,2
TNBC,patient32_window2,risk,Unweighted,0.07255546224644938,0.04605657038500826,0.026498891861441116,0,0.02036346334123733,256.0,256.0,1.0,256.0,0.0,0.0,0.3155905770904255,1.7405825767915948,87.71145303450348,256,256,38,32,7.534525511170111,0.3155905770904255,8.784353305343326e-08,,2901,patient_transfer,2
TNBC,patient32_window2,risk,Logistic IW,0.05845225115032473,0.04605657038500826,0.012395680765316469,1,0.03422155251549251,18.86000975425466,18.86000975425466,0.33047350357696953,0.3250570434504545,0.0,0.0,0.20486398789852656,1.116063793020404,87.71145303450348,256,256,38,32,7.534525511170111,0.3155905770904255,8.784353305343326e-08,,2901,patient_transfer,2
TNBC,patient32_window2,risk,KMM,0.07637064112436596,0.04605657038500826,0.030314070739357706,1,0.07484248886904238,27.352391172993954,27.352391172993954,10.0,2395.9879626432084,0.87890625,0.0703125,0.1762341849754261,1.1260690969835911,87.71145303450348,256,256,38,32,7.534525511170111,0.3155905770904255,8.784353305343326e-08,,2901,patient_transfer,2
TNBC,patient32_window2,risk,KMM + dependence,0.07637064112436596,0.04605657038500826,0.030314070739357706,1,0.07942015704770616,27.352391172993954,24.290153460620658,10.0,2395.9879626432084,0.87890625,0.0703125,0.1762341849754261,1.1260690969835911,87.71145303450348,256,256,38,32,7.534525511170111,0.3155905770904255,8.784353305343326e-08,,2901,patient_transfer,2
TNBC,patient38_window0,mean,Unweighted,0.020368151507883785,0.021188848666160255,0.0008206971582764705,1,0.011168530105619637,256.0,256.0,1.0,256.0,0.0,0.0,0.17560004463541667,0.386205259663482,104.66394051831242,256,256,4,38,6.277295867243706,0.17560004463541667,9.642351092919263e-08,,2151,patient_transfer,0
TNBC,patient38_window0,mean,Logistic IW,0.019878564022817884,0.021188848666160255,0.0013102846433423708,1,0.016751563133570638,33.894532626239005,33.894532626239005,0.369781008151619,0.6024394302053543,0.0,0.0,0.13626879252278656,0.3882888129957234,104.66394051831242,256,256,4,38,6.277295867243706,0.17560004463541667,9.642351092919263e-08,,2151,patient_transfer,0
TNBC,patient38_window0,mean,KMM,0.013397028780020234,0.021188848666160255,0.007791819886140021,1,0.02419391745098481,30.888039642103116,30.888039642103116,10.0,2121.727398674706,0.83984375,0.05859375,0.0924470501770771,0.36420934006116834,104.66394051831242,256,256,4,38,6.277295867243706,0.17560004463541667,9.642351092919263e-08,,2151,patient_transfer,0
TNBC,patient38_window0,mean,KMM + dependence,0.013397028780020234,0.021188848666160255,0.007791819886140021,1,0.02419391745098481,30.888039642103116,30.888039642103116,10.0,2121.727398674706,0.83984375,0.05859375,0.0924470501770771,0.36420934006116834,104.66394051831242,256,256,4,38,6.277295867243706,0.17560004463541667,9.642351092919263e-08,,2151,patient_transfer,0
TNBC,patient38_window0,risk,Unweighted,0.012562543865096018,0.013266637868177953,0.0007040940030819346,1,0.004625122908466016,256.0,256.0,1.0,256.0,0.0,0.0,0.17560004463541667,0.4008541230380521,104.66394051831242,256,256,4,38,6.277295867243706,0.17560004463541667,9.642351092919263e-08,,2151,patient_transfer,0
TNBC,patient38_window0,risk,Logistic IW,0.011196541287390192,0.013266637868177953,0.0020700965807877603,1,0.007228393439051104,33.894532626239005,33.894532626239005,0.369781008151619,0.6024394302053543,0.0,0.0,0.13626879252278656,0.6222278923107332,104.66394051831242,256,256,4,38,6.277295867243706,0.17560004463541667,9.642351092919263e-08,,2151,patient_transfer,0
TNBC,patient38_window0,risk,KMM,0.01252870915145866,0.013266637868177953,0.0007379287167192921,1,0.01082475976105798,30.888039642103116,30.888039642103116,10.0,2121.727398674706,0.83984375,0.05859375,0.0924470501770771,0.3746586635462188,104.66394051831242,256,256,4,38,6.277295867243706,0.17560004463541667,9.642351092919263e-08,,2151,patient_transfer,0
TNBC,patient38_window0,risk,KMM + dependence,0.01252870915145866,0.013266637868177953,0.0007379287167192921,1,0.01082475976105798,30.888039642103116,30.888039642103116,10.0,2121.727398674706,0.83984375,0.05859375,0.0924470501770771,0.3746586635462188,104.66394051831242,256,256,4,38,6.277295867243706,0.17560004463541667,9.642351092919263e-08,,2151,patient_transfer,0
TNBC,patient38_window1,mean,Unweighted,0.02597203715139871,0.0654234152953896,0.03945137814399089,0,0.01602721610291215,256.0,256.0,1.0,256.0,0.0,0.0,0.14331619830698838,1.491182896173451,98.02057711689264,256,256,4,38,6.609508055772913,0.14331619830698838,9.898078230527358e-08,,2601,patient_transfer,1
TNBC,patient38_window1,mean,Logistic IW,0.006167958005163744,0.0654234152953896,0.059255457290225855,0,0.00812282043871921,10.942789209235515,10.942789209235515,3.075279532343982,14.11327317674285,0.0,0.0,0.12746472041416235,1.2717077891999435,98.02057711689264,256,256,4,38,6.609508055772913,0.14331619830698838,9.898078230527358e-08,,2601,patient_transfer,1
TNBC,patient38_window1,mean,KMM,0.017902821998504192,0.0654234152953896,0.047520593296885405,0,0.02200107624965587,31.782984549216344,31.782984549216344,10.0,2061.9838234044255,0.83203125,0.05859375,0.0833492460447065,1.4776349524809635,98.02057711689264,256,256,4,38,6.609508055772913,0.14331619830698838,9.898078230527358e-08,,2601,patient_transfer,1
TNBC,patient38_window1,mean,KMM + dependence,0.017902821998504192,0.0654234152953896,0.047520593296885405,0,0.026744070223007402,31.782984549216344,21.50936162944197,10.0,2061.9838234044255,0.83203125,0.05859375,0.0833492460447065,1.4776349524809635,98.02057711689264,256,256,4,38,6.609508055772913,0.14331619830698838,9.898078230527358e-08,,2601,patient_transfer,1
TNBC,patient38_window1,risk,Unweighted,0.015582845072610213,0.031170892730105784,0.01558804765749557,0,0.010985465074924311,256.0,256.0,1.0,256.0,0.0,0.0,0.14331619830698838,1.0769884105745784,98.02057711689264,256,256,4,38,6.609508055772913,0.14331619830698838,9.898078230527358e-08,,2601,patient_transfer,1
TNBC,patient38_window1,risk,Logistic IW,0.00454495570177023,0.031170892730105784,0.02662593702833555,0,0.006105429266229473,10.942789209235515,10.942789209235515,3.075279532343982,14.11327317674285,0.0,0.0,0.12746472041416235,1.08954783884054,98.02057711689264,256,256,4,38,6.609508055772913,0.14331619830698838,9.898078230527358e-08,,2601,patient_transfer,1
TNBC,patient38_window1,risk,KMM,0.012435196040882363,0.031170892730105784,0.01873569668922342,0,0.01568315631856563,31.782984549216344,31.782984549216344,10.0,2061.9838234044255,0.83203125,0.05859375,0.0833492460447065,1.2547743890660106,98.02057711689264,256,256,4,38,6.609508055772913,0.14331619830698838,9.898078230527358e-08,,2601,patient_transfer,1
TNBC,patient38_window1,risk,KMM + dependence,0.012435196040882363,0.031170892730105784,0.01873569668922342,0,0.017567756132240375,31.782984549216344,25.329640791340953,10.0,2061.9838234044255,0.83203125,0.05859375,0.0833492460447065,1.2547743890660106,98.02057711689264,256,256,4,38,6.609508055772913,0.14331619830698838,9.898078230527358e-08,,2601,patient_transfer,1
TNBC,patient38_window2,mean,Unweighted,0.014618815313167253,0.14330289380841915,0.1286840784952519,0,0.009909238112183241,256.0,256.0,1.0,256.0,0.0,0.0,0.24773850313764867,1.0018816601378482,94.00588352668963,256,256,4,38,6.623805264779404,0.24773850313764867,8.734074563852987e-08,,1951,patient_transfer,2
TNBC,patient38_window2,mean,Logistic IW,0.010745449890522101,0.14330289380841915,0.13255744391789706,0,0.009589864575394881,45.3249051668367,45.3249051668367,0.14367928716620515,0.08163506671213734,0.0,0.0,0.18986922161898057,1.7680425044521921,94.00588352668963,256,256,4,38,6.623805264779404,0.24773850313764867,8.734074563852987e-08,,1951,patient_transfer,2
TNBC,patient38_window2,mean,KMM,0.00413380633842859,0.14330289380841915,0.13916908746999057,0,0.007609463906735318,30.106029910335742,30.106029910335742,10.0,2176.8396628577084,0.84765625,0.0703125,0.1540066920810208,0.8094815757732666,94.00588352668963,256,256,4,38,6.623805264779404,0.24773850313764867,8.734074563852987e-08,,1951,patient_transfer,2
TNBC,patient38_window2,mean,KMM + dependence,0.00413380633842859,0.14330289380841915,0.13916908746999057,0,0.007609463906735318,30.106029910335742,30.106029910335742,10.0,2176.8396628577084,0.84765625,0.0703125,0.1540066920810208,0.8094815757732666,94.00588352668963,256,256,4,38,6.623805264779404,0.24773850313764867,8.734074563852987e-08,,1951,patient_transfer,2
TNBC,patient38_window2,risk,Unweighted,0.012744143729753401,0.07255546224644938,0.05981131851669597,0,0.0049850075555926306,256.0,256.0,1.0,256.0,0.0,0.0,0.24773850313764867,0.9122185674236071,94.00588352668963,256,256,4,38,6.623805264779404,0.24773850313764867,8.734074563852987e-08,,1951,patient_transfer,2
TNBC,patient38_window2,risk,Logistic IW,0.016346353450529295,0.07255546224644938,0.05620910879592008,0,0.00575026782861694,45.3249051668367,45.3249051668367,0.14367928716620515,0.08163506671213734,0.0,0.0,0.18986922161898057,1.147323334134506,94.00588352668963,256,256,4,38,6.623805264779404,0.24773850313764867,8.734074563852987e-08,,1951,patient_transfer,2
TNBC,patient38_window2,risk,KMM,0.011977583811916003,0.07255546224644938,0.06057787843453337,0,0.005134323339414857,30.106029910335742,30.106029910335742,10.0,2176.8396628577084,0.84765625,0.0703125,0.1540066920810208,2.044225259274374,94.00588352668963,256,256,4,38,6.623805264779404,0.24773850313764867,8.734074563852987e-08,,1951,patient_transfer,2
TNBC,patient38_window2,risk,KMM + dependence,0.011977583811916003,0.07255546224644938,0.06057787843453337,0,0.007340870968762444,30.106029910335742,14.72735442131377,10.0,2176.8396628577084,0.84765625,0.0703125,0.1540066920810208,2.044225259274374,94.00588352668963,256,256,4,38,6.623805264779404,0.24773850313764867,8.734074563852987e-08,,1951,patient_transfer,2
TNBC,patient4_window0,mean,Unweighted,0.04654549090095078,0.020368151507883785,0.026177339393066996,0,0.020852216725272526,256.0,256.0,1.0,256.0,0.0,0.0,0.18674274477186859,3.0268447623352905,79.8805764862913,256,256,16,4,6.969330890861372,0.18674274477186859,9.63041385033556e-08,,2801,patient_transfer,0
TNBC,patient4_window0,mean,Logistic IW,0.0406429730190068,0.020368151507883785,0.020274821511123017,1,0.04219448424382269,14.16628909081237,14.16628909081237,1.3253419239372795,4.519356255223895,0.0,0.0,0.10700795771850258,1.7720599037210532,79.8805764862913,256,256,16,4,6.969330890861372,0.18674274477186859,9.63041385033556e-08,,2801,patient_transfer,0
TNBC,patient4_window0,mean,KMM,0.06190191449356715,0.020368151507883785,0.04153376298568336,1,0.05901489301809748,29.764074079120057,29.764074079120057,10.0,2201.849109291592,0.8515625,0.0625,0.07351485627152443,1.1113792990966718,79.8805764862913,256,256,16,4,6.969330890861372,0.18674274477186859,9.63041385033556e-08,,2801,patient_transfer,0
TNBC,patient4_window0,mean,KMM + dependence,0.06190191449356715,0.020368151507883785,0.04153376298568336,1,0.062214666262219685,29.764074079120057,26.78120251413021,10.0,2201.849109291592,0.8515625,0.0625,0.07351485627152443,1.1113792990966718,79.8805764862913,256,256,16,4,6.969330890861372,0.18674274477186859,9.63041385033556e-08,,2801,patient_transfer,0
TNBC,patient4_window0,risk,Unweighted,0.02535829007139999,0.01256254386509602,0.012795746206303969,1,0.013876041059390446,256.0,256.0,1.0,256.0,0.0,0.0,0.18674274477186859,1.8524302611721641,79.8805764862913,256,256,16,4,6.969330890861372,0.18674274477186859,9.63041385033556e-08,,2801,patient_transfer,0
TNBC,patient4_window0,risk,Logistic IW,0.027115546146685127,0.01256254386509602,0.014553002281589107,1,0.02886956727035196,14.16628909081237,14.16628909081237,1.3253419239372795,4.519356255223895,0.0,0.0,0.10700795771850258,1.5135602444936656,79.8805764862913,256,256,16,4,6.969330890861372,0.18674274477186859,9.63041385033556e-08,,2801,patient_transfer,0
TNBC,patient4_window0,risk,KMM,0.03630769359720682,0.01256254386509602,0.023745149732110803,1,0.04015681533993494,29.764074079120057,29.764074079120057,10.0,2201.849109291592,0.8515625,0.0625,0.07351485627152443,0.8142423177684951,79.8805764862913,256,256,16,4,6.969330890861372,0.18674274477186859,9.63041385033556e-08,,2801,patient_transfer,0
TNBC,patient4_window0,risk,KMM + dependence,0.03630769359720682,0.01256254386509602,0.023745149732110803,1,0.04015681533993494,29.764074079120057,29.764074079120057,10.0,2201.849109291592,0.8515625,0.0625,0.07351485627152443,0.8142423177684951,79.8805764862913,256,256,16,4,6.969330890861372,0.18674274477186859,9.63041385033556e-08,,2801,patient_transfer,0
TNBC,patient4_window1,mean,Unweighted,0.014989956598647972,0.025972037151398713,0.010982080552750741,0,0.00908139632523109,256.0,256.0,1.0,256.0,0.0,0.0,0.1780404417344359,3.215756774497735,77.26964629501072,256,256,16,4,6.771367737469056,0.1780404417344359,7.68867596612425e-08,,2551,patient_transfer,1
TNBC,patient4_window1,mean,Logistic IW,0.001345542121867732,0.025972037151398713,0.02462649502953098,0,0.002646921668519371,2.3098881281961585,2.3098881281961585,9.640242740260053,94.85501929537558,0.0,0.0,0.12831239681217332,1.2054063616846187,77.26964629501072,256,256,16,4,6.771367737469056,0.1780404417344359,7.68867596612425e-08,,2551,patient_transfer,1
TNBC,patient4_window1,mean,KMM,0.007838148229179935,0.025972037151398713,0.018133888922218778,0,0.015063124170316381,29.119819554447403,29.119819554447403,10.0,2250.563396433823,0.83203125,0.0703125,0.06232042084871381,0.7007416377059097,77.26964629501072,256,256,16,4,6.771367737469056,0.1780404417344359,7.68867596612425e-08,,2551,patient_transfer,1
TNBC,patient4_window1,mean,KMM + dependence,0.007838148229179935,0.025972037151398713,0.018133888922218778,0,0.015063124170316381,29.119819554447403,29.119819554447403,10.0,2250.563396433823,0.83203125,0.0703125,0.06232042084871381,0.7007416377059097,77.26964629501072,256,256,16,4,6.771367737469056,0.1780404417344359,7.68867596612425e-08,,2551,patient_transfer,1
TNBC,patient4_window1,risk,Unweighted,0.005045444666411548,0.015582845072610214,0.010537400406198667,0,0.0027504556213993644,256.0,256.0,1.0,256.0,0.0,0.0,0.1780404417344359,2.847706345099245,77.26964629501072,256,256,16,4,6.771367737469056,0.1780404417344359,7.68867596612425e-08,,2551,patient_transfer,1
TNBC,patient4_window1,risk,Logistic IW,0.0009299312000432777,0.015582845072610214,0.014652913872566937,0,0.0012780022426004344,2.3098881281961585,2.3098881281961585,9.640242740260053,94.85501929537558,0.0,0.0,0.12831239681217332,0.5796714266884809,77.26964629501072,256,256,16,4,6.771367737469056,0.1780404417344359,7.68867596612425e-08,,2551,patient_transfer,1
TNBC,patient4_window1,risk,KMM,0.0033938406575524304,0.015582845072610214,0.012189004415057783,0,0.0020116252821646367,29.119819554447403,29.119819554447403,10.0,2250.563396433823,0.83203125,0.0703125,0.06232042084871381,0.9781045854084331,77.26964629501072,256,256,16,4,6.771367737469056,0.1780404417344359,7.68867596612425e-08,,2551,patient_transfer,1
TNBC,patient4_window1,risk,KMM + dependence,0.0033938406575524304,0.015582845072610214,0.012189004415057783,0,0.0020116252821646367,29.119819554447403,29.119819554447403,10.0,2250.563396433823,0.83203125,0.0703125,0.06232042084871381,0.9781045854084331,77.26964629501072,256,256,16,4,6.771367737469056,0.1780404417344359,7.68867596612425e-08,,2551,patient_transfer,1
TNBC,patient4_window2,mean,Unweighted,0.006249486733459756,0.014618815313167256,0.0083693285797075,0,0.006484727861752179,256.0,256.0,1.0,256.0,0.0,0.0,0.1440307588538432,2.1109177791905216,75.98069704051908,256,256,16,4,6.987058409460061,0.1440307588538432,7.809011977356291e-08,,2451,patient_transfer,2
TNBC,patient4_window2,mean,Logistic IW,0.01392982578045891,0.014618815313167256,0.0006889895327083471,1,0.02882226222667786,6.05177099899853,6.05177099899853,5.776031325212358,36.275425340780735,0.0,0.0,0.07555194580213365,0.9236788253518599,75.98069704051908,256,256,16,4,6.987058409460061,0.1440307588538432,7.809011977356291e-08,,2451,patient_transfer,2
TNBC,patient4_window2,mean,KMM,0.0,0.014618815313167256,0.014618815313167256,0,0.0,29.953055971701488,29.953055971701488,10.0,2187.9570505898723,0.83984375,0.0703125,0.048237811941645115,0.0,75.98069704051908,256,256,16,4,6.987058409460061,0.1440307588538432,7.809011977356291e-08,,2451,patient_transfer,2
TNBC,patient4_window2,mean,KMM + dependence,0.0,0.014618815313167256,0.014618815313167256,0,0.0,29.953055971701488,1.0,10.0,2187.9570505898723,0.83984375,0.0703125,0.048237811941645115,0.0,75.98069704051908,256,256,16,4,6.987058409460061,0.1440307588538432,7.809011977356291e-08,,2451,patient_transfer,2
TNBC,patient4_window2,risk,Unweighted,0.0034982199953525143,0.0127441437297534,0.009245923734400885,0,0.0037841935266659027,256.0,256.0,1.0,256.0,0.0,0.0,0.1440307588538432,1.1431482434521303,75.98069704051908,256,256,16,4,6.987058409460061,0.1440307588538432,7.809011977356291e-08,,2451,patient_transfer,2
TNBC,patient4_window2,risk,Logistic IW,0.01032027851357037,0.0127441437297534,0.002423865216183029,1,0.02012550496589487,6.05177099899853,6.05177099899853,5.776031325212358,36.275425340780735,0.0,0.0,0.07555194580213365,0.9794459978017941,75.98069704051908,256,256,16,4,6.987058409460061,0.1440307588538432,7.809011977356291e-08,,2451,patient_transfer,2
TNBC,patient4_window2,risk,KMM,0.0015003863492522563,0.0127441437297534,0.011243757380501143,0,0.0012888335202848964,29.953055971701488,29.953055971701488,10.0,2187.9570505898723,0.83984375,0.0703125,0.048237811941645115,1.8566371381933389,75.98069704051908,256,256,16,4,6.987058409460061,0.1440307588538432,7.809011977356291e-08,,2451,patient_transfer,2
TNBC,patient4_window2,risk,KMM + dependence,0.0015003863492522563,0.0127441437297534,0.011243757380501143,0,0.0017561448703573143,29.953055971701488,16.13296177025107,10.0,2187.9570505898723,0.83984375,0.0703125,0.048237811941645115,1.8566371381933389,75.98069704051908,256,256,16,4,6.987058409460061,0.1440307588538432,7.809011977356291e-08,,2451,patient_transfer,2
TNBC,patient16_window0,mean,Unweighted,0.04644550380843775,0.04654549090095078,9.998709251302779e-05,1,0.018516479281907985,256.0,256.0,1.0,256.0,0.0,0.0,0.12096286635587172,1.7717322158537996,97.33389152141014,256,256,10,16,7.444035456790669,0.12096286635587172,7.419474941213432e-08,,2651,patient_transfer,0
TNBC,patient16_window0,mean,Logistic IW,0.029575101580191904,0.04654549090095078,0.016970389320758877,1,0.02654652669055776,34.79927409356521,34.79927409356521,0.7044684088766059,1.6017639508951769,0.0,0.0,0.08710246161407209,2.269028050621173,97.33389152141014,256,256,10,16,7.444035456790669,0.12096286635587172,7.419474941213432e-08,,2651,patient_transfer,0
TNBC,patient16_window0,mean,KMM,0.06819166603733266,0.04654549090095078,0.02164617513638188,1,0.07020500878869716,29.637473477510653,29.637473477510653,10.0,2211.2546148621323,0.85546875,0.0625,0.06147408645762864,1.8770530945173722,97.33389152141014,256,256,10,16,7.444035456790669,0.12096286635587172,7.419474941213432e-08,,2651,patient_transfer,0
TNBC,patient16_window0,mean,KMM + dependence,0.06819166603733266,0.04654549090095078,0.02164617513638188,1,0.09618478458897275,29.637473477510653,15.789363425082572,10.0,2211.2546148621323,0.85546875,0.0625,0.06147408645762864,1.8770530945173722,97.33389152141014,256,256,10,16,7.444035456790669,0.12096286635587172,7.419474941213432e-08,,2651,patient_transfer,0
TNBC,patient16_window0,risk,Unweighted,0.020816907405521688,0.025358290071399985,0.004541382665878297,1,0.010046809632446231,256.0,256.0,1.0,256.0,0.0,0.0,0.12096286635587172,1.3648121322394648,97.33389152141014,256,256,10,16,7.444035456790669,0.12096286635587172,7.419474941213432e-08,,2651,patient_transfer,0
TNBC,patient16_window0,risk,Logistic IW,0.015172722264065578,0.025358290071399985,0.010185567807334407,1,0.013084485731634014,34.79927409356521,34.79927409356521,0.7044684088766059,1.6017639508951769,0.0,0.0,0.08710246161407209,1.8514372488281075,97.33389152141014,256,256,10,16,7.444035456790669,0.12096286635587172,7.419474941213432e-08,,2651,patient_transfer,0
TNBC,patient16_window0,risk,KMM,0.04192968093111152,0.025358290071399985,0.016571390859711533,1,0.04320534850441329,29.637473477510653,29.637473477510653,10.0,2211.2546148621323,0.85546875,0.0625,0.06147408645762864,1.5610144825107195,97.33389152141014,256,256,10,16,7.444035456790669,0.12096286635587172,7.419474941213432e-08,,2651,patient_transfer,0
TNBC,patient16_window0,risk,KMM + dependence,0.04192968093111152,0.025358290071399985,0.016571390859711533,1,0.05398100660526915,29.637473477510653,18.986033640022384,10.0,2211.2546148621323,0.85546875,0.0625,0.06147408645762864,1.5610144825107195,97.33389152141014,256,256,10,16,7.444035456790669,0.12096286635587172,7.419474941213432e-08,,2651,patient_transfer,0
TNBC,patient16_window1,mean,Unweighted,0.09987017710261975,0.014989956598647972,0.08488022050397177,0,0.03163254958139149,256.0,256.0,1.0,256.0,0.0,0.0,0.17118356916362654,1.326250226375164,94.41987508782208,256,256,10,16,7.584656402987289,0.17118356916362654,8.478679005810663e-08,,3201,patient_transfer,1
TNBC,patient16_window1,mean,Logistic IW,0.05044100124487706,0.014989956598647972,0.03545104464622909,1,0.03923106820127195,38.566456229975735,38.566456229975735,0.2742946186314374,0.3514562327107614,0.0,0.0,0.13272275355339147,0.43960743435060634,94.41987508782208,256,256,10,16,7.584656402987289,0.17118356916362654,8.478679005810663e-08,,3201,patient_transfer,1
TNBC,patient16_window1,mean,KMM,0.022142774225705805,0.014989956598647972,0.007152817627057833,1,0.03714150977679036,29.88088145839167,29.88088145839167,10.0,2193.241859054854,0.8359375,0.05859375,0.09640810022247637,0.42499000720298513,94.41987508782208,256,256,10,16,7.584656402987289,0.17118356916362654,8.478679005810663e-08,,3201,patient_transfer,1
TNBC,patient16_window1,mean,KMM + dependence,0.022142774225705805,0.014989956598647972,0.007152817627057833,1,0.03714150977679036,29.88088145839167,29.880881458391666,10.0,2193.241859054854,0.8359375,0.05859375,0.09640810022247637,0.42499000720298513,94.41987508782208,256,256,10,16,7.584656402987289,0.17118356916362654,8.478679005810663e-08,,3201,patient_transfer,1
TNBC,patient16_window1,risk,Unweighted,0.059204919852614286,0.005045444666411547,0.05415947518620274,0,0.020545775984306344,256.0,256.0,1.0,256.0,0.0,0.0,0.17118356916362654,0.8619325770556363,94.41987508782208,256,256,10,16,7.584656402987289,0.17118356916362654,8.478679005810663e-08,,3201,patient_transfer,1
TNBC,patient16_window1,risk,Logistic IW,0.03452200138687489,0.005045444666411547,0.029476556720463343,0,0.026397751499352355,38.566456229975735,38.566456229975735,0.2742946186314374,0.3514562327107614,0.0,0.0,0.13272275355339147,0.42156373513442935,94.41987508782208,256,256,10,16,7.584656402987289,0.17118356916362654,8.478679005810663e-08,,3201,patient_transfer,1
TNBC,patient16_window1,risk,KMM,0.017549943775074035,0.005045444666411547,0.012504499108662488,1,0.02392799832258419,29.88088145839167,29.88088145839167,10.0,2193.241859054854,0.8359375,0.05859375,0.09640810022247637,0.5069100820099403,94.41987508782208,256,256,10,16,7.584656402987289,0.17118356916362654,8.478679005810663e-08,,3201,patient_transfer,1
TNBC,patient16_window1,risk,KMM + dependence,0.017549943775074035,0.005045444666411547,0.012504499108662488,1,0.02392799832258419,29.88088145839167,29.88088145839167,10.0,2193.241859054854,0.8359375,0.05859375,0.09640810022247637,0.5069100820099403,94.41987508782208,256,256,10,16,7.584656402987289,0.17118356916362654,8.478679005810663e-08,,3201,patient_transfer,1
TNBC,patient16_window2,mean,Unweighted,0.09291882753824307,0.006249486733459756,0.08666934080478332,0,0.02629617895086936,256.0,256.0,1.0,256.0,0.0,0.0,0.22123206701479292,3.5599907816208334,103.8729557436889,256,256,10,16,7.513368590202601,0.22123206701479292,9.89743712262081e-08,,2951,patient_transfer,2
TNBC,patient16_window2,mean,Logistic IW,0.10341932488335775,0.006249486733459756,0.097169838149898,0,0.06348431461646271,26.620066161368545,26.620066161368545,0.23149116080187582,0.13181254354401029,0.0,0.0,0.13965706683812762,1.1970992121906745,103.8729557436889,256,256,10,16,7.513368590202601,0.22123206701479292,9.89743712262081e-08,,2951,patient_transfer,2
TNBC,patient16_window2,mean,KMM,0.13788046978901947,0.006249486733459756,0.1316309830555597,0,0.08903691348858611,29.800330094134168,29.800330094134168,10.0,2199.1702706978003,0.83984375,0.0703125,0.12408375808840288,0.6664162348670354,103.8729557436889,256,256,10,16,7.513368590202601,0.22123206701479292,9.89743712262081e-08,,2951,patient_transfer,2
TNBC,patient16_window2,mean,KMM + dependence,0.13788046978901947,0.006249486733459756,0.1316309830555597,0,0.08903691348858611,29.800330094134168,29.800330094134168,10.0,2199.1702706978003,0.83984375,0.0703125,0.12408375808840288,0.6664162348670354,103.8729557436889,256,256,10,16,7.513368590202601,0.22123206701479292,9.89743712262081e-08,,2951,patient_transfer,2
TNBC,patient16_window2,risk,Unweighted,0.04154693866251158,0.0034982199953525143,0.038048718667159066,0,0.014764515288976494,256.0,256.0,1.0,256.0,0.0,0.0,0.22123206701479292,3.8263488068503895,103.8729557436889,256,256,10,16,7.513368590202601,0.22123206701479292,9.89743712262081e-08,,2951,patient_transfer,2
TNBC,patient16_window2,risk,Logistic IW,0.05173152137089768,0.0034982199953525143,0.04823330137554517,0,0.03961388497529388,26.620066161368545,26.620066161368545,0.23149116080187582,0.13181254354401029,0.0,0.0,0.13965706683812762,1.8585576414405645,103.8729557436889,256,256,10,16,7.513368590202601,0.22123206701479292,9.89743712262081e-08,,2951,patient_transfer,2
TNBC,patient16_window2,risk,KMM,0.0672420274608131,0.0034982199953525143,0.06374380746546059,0,0.04775423438418038,29.800330094134168,29.800330094134168,10.0,2199.1702706978003,0.83984375,0.0703125,0.12408375808840288,0.9330762562905838,103.8729557436889,256,256,10,16,7.513368590202601,0.22123206701479292,9.89743712262081e-08,,2951,patient_transfer,2
TNBC,patient16_window2,risk,KMM + dependence,0.0672420274608131,0.0034982199953525143,0.06374380746546059,0,0.04775423438418038,29.800330094134168,29.800330094134168,10.0,2199.1702706978003,0.83984375,0.0703125,0.12408375808840288,0.9330762562905838,103.8729557436889,256,256,10,16,7.513368590202601,0.22123206701479292,9.89743712262081e-08,,2951,patient_transfer,2
TNBC,patient10_window0,mean,Unweighted,0.004156912172162665,0.04644550380843775,0.04228859163627509,0,0.004943806784707335,256.0,256.0,1.0,256.0,0.0,0.0,0.17108341384132197,2.241185861023312,93.14296769958884,256,256,20,10,7.204941448174237,0.17108341384132197,8.254926798307668e-08,,2651,patient_transfer,0
TNBC,patient10_window0,mean,Logistic IW,0.001567676855086387,0.04644550380843775,0.044877826953351366,0,0.00187274533670835,25.177885949086434,25.177885949086434,0.7785164936312928,1.666940522490671,0.0,0.0,0.09236681331929186,2.419601627253532,93.14296769958884,256,256,20,10,7.204941448174237,0.17108341384132197,8.254926798307668e-08,,2651,patient_transfer,0
TNBC,patient10_window0,mean,KMM,0.0040800163870471995,0.04644550380843775,0.042365487421390555,0,0.008030969658704225,28.491497653249006,28.491497653249006,10.0,2300.1949843984125,0.86328125,0.0703125,0.05835850970616796,0.8033579347805412,93.14296769958884,256,256,20,10,7.204941448174237,0.17108341384132197,8.254926798307668e-08,,2651,patient_transfer,0
TNBC,patient10_window0,mean,KMM + dependence,0.0040800163870471995,0.04644550380843775,0.042365487421390555,0,0.008030969658704225,28.491497653249006,28.491497653249006,10.0,2300.1949843984125,0.86328125,0.0703125,0.05835850970616796,0.8033579347805412,93.14296769958884,256,256,20,10,7.204941448174237,0.17108341384132197,8.254926798307668e-08,,2651,patient_transfer,0
TNBC,patient10_window0,risk,Unweighted,0.0082421060517702,0.020816907405521685,0.012574801353751485,0,0.0015224598180750078,256.0,256.0,1.0,256.0,0.0,0.0,0.17108341384132197,1.4767426269586588,93.14296769958884,256,256,20,10,7.204941448174237,0.17108341384132197,8.254926798307668e-08,,2651,patient_transfer,0
TNBC,patient10_window0,risk,Logistic IW,0.0055719966972811825,0.020816907405521685,0.015244910708240501,0,0.0030858995669120295,25.177885949086434,25.177885949086434,0.7785164936312928,1.666940522490671,0.0,0.0,0.09236681331929186,0.4712376622523266,93.14296769958884,256,256,20,10,7.204941448174237,0.17108341384132197,8.254926798307668e-08,,2651,patient_transfer,0
TNBC,patient10_window0,risk,KMM,0.011227214045274495,0.020816907405521685,0.00958969336024719,0,0.007219835535813382,28.491497653249006,28.491497653249006,10.0,2300.1949843984125,0.86328125,0.0703125,0.05835850970616796,0.5840779368547053,93.14296769958884,256,256,20,10,7.204941448174237,0.17108341384132197,8.254926798307668e-08,,2651,patient_transfer,0
TNBC,patient10_window0,risk,KMM + dependence,0.011227214045274495,0.020816907405521685,0.00958969336024719,0,0.007219835535813382,28.491497653249006,28.491497653249006,10.0,2300.1949843984125,0.86328125,0.0703125,0.05835850970616796,0.5840779368547053,93.14296769958884,256,256,20,10,7.204941448174237,0.17108341384132197,8.254926798307668e-08,,2651,patient_transfer,0
TNBC,patient10_window1,mean,Unweighted,0.009664407963377038,0.09987017710261975,0.09020576913924272,0,0.008972693075194913,256.0,256.0,1.0,256.0,0.0,0.0,0.23430308966983215,1.0978463674045205,99.51910387633816,256,256,20,10,7.211222294731825,0.23430308966983215,6.287111873686551e-08,,2651,patient_transfer,1
TNBC,patient10_window1,mean,Logistic IW,0.015928178287805392,0.09987017710261975,0.08394199881481436,0,0.013864698711891124,33.717946197092374,33.717946197092374,0.19920747789652304,0.12467382968361837,0.0,0.0,0.16902774056730796,1.5258574482281178,99.51910387633816,256,256,20,10,7.211222294731825,0.23430308966983215,6.287111873686551e-08,,2651,patient_transfer,1
TNBC,patient10_window1,mean,KMM,0.03173081384774143,0.09987017710261975,0.06813936325487832,0,0.030599530652807204,27.918997848953648,27.918997848953648,10.0,2347.362192388179,0.8828125,0.0703125,0.11383738579345837,1.6802517289588261,99.51910387633816,256,256,20,10,7.211222294731825,0.23430308966983215,6.287111873686551e-08,,2651,patient_transfer,1
TNBC,patient10_window1,mean,KMM + dependence,0.03173081384774143,0.09987017710261975,0.06813936325487832,0,0.03966449603444338,27.918997848953648,16.615961387079633,10.0,2347.362192388179,0.8828125,0.0703125,0.11383738579345837,1.6802517289588261,99.51910387633816,256,256,20,10,7.211222294731825,0.23430308966983215,6.287111873686551e-08,,2651,patient_transfer,1
TNBC,patient10_window1,risk,Unweighted,0.012240951991745613,0.059204919852614286,0.04696396786086868,0,0.005839607609990831,256.0,256.0,1.0,256.0,0.0,0.0,0.23430308966983215,1.4807181557761748,99.51910387633816,256,256,20,10,7.211222294731825,0.23430308966983215,6.287111873686551e-08,,2651,patient_transfer,1
TNBC,patient10_window1,risk,Logistic IW,0.01141544277410355,0.059204919852614286,0.047789477078510736,0,0.00588325448117298,33.717946197092374,33.717946197092374,0.19920747789652304,0.12467382968361837,0.0,0.0,0.16902774056730796,0.7212124646187185,99.51910387633816,256,256,20,10,7.211222294731825,0.23430308966983215,6.287111873686551e-08,,2651,patient_transfer,1
TNBC,patient10_window1,risk,KMM,0.009144865653219777,0.059204919852614286,0.05006005419939451,0,0.004309745275295456,27.918997848953648,27.918997848953648,10.0,2347.362192388179,0.8828125,0.0703125,0.11383738579345837,1.280865483862014,99.51910387633816,256,256,20,10,7.211222294731825,0.23430308966983215,6.287111873686551e-08,,2651,patient_transfer,1
TNBC,patient10_window1,risk,KMM + dependence,0.009144865653219777,0.059204919852614286,0.05006005419939451,0,0.004877568345703768,27.918997848953648,21.796978840255274,10.0,2347.362192388179,0.8828125,0.0703125,0.11383738579345837,1.280865483862014,99.51910387633816,256,256,20,10,7.211222294731825,0.23430308966983215,6.287111873686551e-08,,2651,patient_transfer,1
TNBC,patient10_window2,mean,Unweighted,0.0063087580827814954,0.09291882753824307,0.08661006945546157,0,0.008239554324246818,256.0,256.0,1.0,256.0,0.0,0.0,0.18198202526995066,1.4213337984137686,86.16793138303848,256,256,20,10,7.007581698662011,0.18198202526995066,8.560187145362371e-08,,2751,patient_transfer,2
TNBC,patient10_window2,mean,Logistic IW,0.009012428652011887,0.09291882753824307,0.08390639888623118,0,0.0157025516058175,35.42625447786453,35.42625447786453,0.3005722026191214,0.23710788006996547,0.0,0.0,0.12034757044181776,0.8952150573500581,86.16793138303848,256,256,20,10,7.007581698662011,0.18198202526995066,8.560187145362371e-08,,2751,patient_transfer,2
TNBC,patient10_window2,mean,KMM,0.00015759754352260294,0.09291882753824307,0.09276122999472047,0,0.00031206074587068896,28.342173183786834,28.342173183786834,10.0,2312.313864396629,0.8671875,0.0703125,0.07986332289305742,0.7867511135643726,86.16793138303848,256,256,20,10,7.007581698662011,0.18198202526995066,8.560187145362371e-08,,2751,patient_transfer,2
TNBC,patient10_window2,mean,KMM + dependence,0.00015759754352260294,0.09291882753824307,0.09276122999472047,0,0.00031206074587068896,28.342173183786834,28.342173183786834,10.0,2312.313864396629,0.8671875,0.0703125,0.07986332289305742,0.7867511135643726,86.16793138303848,256,256,20,10,7.007581698662011,0.18198202526995066,8.560187145362371e-08,,2751,patient_transfer,2
TNBC,patient10_window2,risk,Unweighted,0.006380676044193477,0.04154693866251158,0.0351662626183181,0,0.004926735704394049,256.0,256.0,1.0,256.0,0.0,0.0,0.18198202526995066,1.7194979732671443,86.16793138303848,256,256,20,10,7.007581698662011,0.18198202526995066,8.560187145362371e-08,,2751,patient_transfer,2
TNBC,patient10_window2,risk,Logistic IW,0.010764147874654533,0.04154693866251158,0.030782790787857048,0,0.01024154070100715,35.42625447786453,35.42625447786453,0.3005722026191214,0.23710788006996547,0.0,0.0,0.12034757044181776,0.6923693510735975,86.16793138303848,256,256,20,10,7.007581698662011,0.18198202526995066,8.560187145362371e-08,,2751,patient_transfer,2
TNBC,patient10_window2,risk,KMM,0.00693545242547412,0.04154693866251158,0.034611486237037456,0,0.003935264997266445,28.342173183786834,28.342173183786834,10.0,2312.313864396629,0.8671875,0.0703125,0.07986332289305742,0.5293002931246626,86.16793138303848,256,256,20,10,7.007581698662011,0.18198202526995066,8.560187145362371e-08,,2751,patient_transfer,2
TNBC,patient10_window2,risk,KMM + dependence,0.00693545242547412,0.04154693866251158,0.034611486237037456,0,0.003935264997266445,28.342173183786834,28.342173183786834,10.0,2312.313864396629,0.8671875,0.0703125,0.07986332289305742,0.5293002931246626,86.16793138303848,256,256,20,10,7.007581698662011,0.18198202526995066,8.560187145362371e-08,,2751,patient_transfer,2
TNBC,patient20_window0,mean,Unweighted,0.0008483770978603322,0.004156912172162665,0.0033085350743023326,0,0.001278235393394339,256.0,256.0,1.0,256.0,0.0,0.0,0.17360722302627818,1.1918918371067329,92.40571551825097,256,256,41,20,6.997864812633244,0.17360722302627818,9.29576464235394e-08,,3101,patient_transfer,0
TNBC,patient20_window0,mean,Logistic IW,0.00044532060295568855,0.004156912172162665,0.003711591569206976,0,0.0007725280110593387,42.646624672329175,42.646624672329175,0.23979526457949837,0.2511425501762137,0.0,0.0,0.1292031095202133,0.8978553871967994,92.40571551825097,256,256,41,20,6.997864812633244,0.17360722302627818,9.29576464235394e-08,,3101,patient_transfer,0
TNBC,patient20_window0,mean,KMM,0.0,0.004156912172162665,0.004156912172162665,0,0.0,30.23802918074766,30.23802918074766,10.0,2167.337018172105,0.84375,0.0703125,0.10163312128957092,0.0,92.40571551825097,256,256,41,20,6.997864812633244,0.17360722302627818,9.29576464235394e-08,,3101,patient_transfer,0
TNBC,patient20_window0,mean,KMM + dependence,0.0,0.004156912172162665,0.004156912172162665,0,0.0,30.23802918074766,1.0,10.0,2167.337018172105,0.84375,0.0703125,0.10163312128957092,0.0,92.40571551825097,256,256,41,20,6.997864812633244,0.17360722302627818,9.29576464235394e-08,,3101,patient_transfer,0
TNBC,patient20_window0,risk,Unweighted,0.001408681529587006,0.008242106051770202,0.006833424522183195,0,0.00043075793804728957,256.0,256.0,1.0,256.0,0.0,0.0,0.17360722302627818,3.893645339735066,92.40571551825097,256,256,41,20,6.997864812633244,0.17360722302627818,9.29576464235394e-08,,3101,patient_transfer,0
TNBC,patient20_window0,risk,Logistic IW,0.0020857535408953447,0.008242106051770202,0.006156352510874857,0,0.001945187259048923,42.646624672329175,42.646624672329175,0.23979526457949837,0.2511425501762137,0.0,0.0,0.1292031095202133,1.197213710178206,92.40571551825097,256,256,41,20,6.997864812633244,0.17360722302627818,9.29576464235394e-08,,3101,patient_transfer,0
TNBC,patient20_window0,risk,KMM,0.002877609236660624,0.008242106051770202,0.005364496815109578,0,0.00190262292602299,30.23802918074766,30.23802918074766,10.0,2167.337018172105,0.84375,0.0703125,0.10163312128957092,1.60242671947415,92.40571551825097,256,256,41,20,6.997864812633244,0.17360722302627818,9.29576464235394e-08,,3101,patient_transfer,0
TNBC,patient20_window0,risk,KMM + dependence,0.002877609236660624,0.008242106051770202,0.005364496815109578,0,0.0024084731800880907,30.23802918074766,18.87014789086301,10.0,2167.337018172105,0.84375,0.0703125,0.10163312128957092,1.60242671947415,92.40571551825097,256,256,41,20,6.997864812633244,0.17360722302627818,9.29576464235394e-08,,3101,patient_transfer,0
TNBC,patient20_window1,mean,Unweighted,0.0,0.009664407963377036,0.009664407963377036,0,0.0,256.0,256.0,1.0,256.0,0.0,0.0,0.2276127124282532,0.0,90.17616185153905,256,256,41,20,7.010901006333005,0.2276127124282532,8.726946627728674e-08,,2551,patient_transfer,1
TNBC,patient20_window1,mean,Logistic IW,0.0,0.009664407963377036,0.009664407963377036,0,0.0,41.74180697040243,41.74180697040243,0.22820509973309872,0.24788688296494374,0.0,0.0,0.17787431591779623,0.0,90.17616185153905,256,256,41,20,7.010901006333005,0.2276127124282532,8.726946627728674e-08,,2551,patient_transfer,1
TNBC,patient20_window1,mean,KMM,0.0,0.009664407963377036,0.009664407963377036,0,0.0,28.79615106001413,28.79615106001413,10.0,2275.8597099805356,0.85546875,0.0703125,0.13511311534204085,0.0,90.17616185153905,256,256,41,20,7.010901006333005,0.2276127124282532,8.726946627728674e-08,,2551,patient_transfer,1
TNBC,patient20_window1,mean,KMM + dependence,0.0,0.009664407963377036,0.009664407963377036,0,0.0,28.79615106001413,1.0,10.0,2275.8597099805356,0.85546875,0.0703125,0.13511311534204085,0.0,90.17616185153905,256,256,41,20,7.010901006333005,0.2276127124282532,8.726946627728674e-08,,2551,patient_transfer,1
TNBC,patient20_window1,risk,Unweighted,0.0008776567635819287,0.012240951991745614,0.011363295228163685,0,0.0005028173892528894,256.0,256.0,1.0,256.0,0.0,0.0,0.2276127124282532,4.1761336872232855,90.17616185153905,256,256,41,20,7.010901006333005,0.2276127124282532,8.726946627728674e-08,,2551,patient_transfer,1
TNBC,patient20_window1,risk,Logistic IW,0.0017600264686941812,0.012240951991745614,0.010480925523051434,0,0.0015267082328258533,41.74180697040243,41.74180697040243,0.22820509973309872,0.24788688296494374,0.0,0.0,0.17787431591779623,2.843474082848833,90.17616185153905,256,256,41,20,7.010901006333005,0.2276127124282532,8.726946627728674e-08,,2551,patient_transfer,1
TNBC,patient20_window1,risk,KMM,0.003420359691246198,0.012240951991745614,0.008820592300499416,0,0.0034271289775256245,28.79615106001413,28.79615106001413,10.0,2275.8597099805356,0.85546875,0.0703125,0.13511311534204085,1.9973333767034527,90.17616185153905,256,256,41,20,7.010901006333005,0.2276127124282532,8.726946627728674e-08,,2551,patient_transfer,1
TNBC,patient20_window1,risk,KMM + dependence,0.003420359691246198,0.012240951991745614,0.008820592300499416,0,0.004843460126656015,28.79615106001413,14.417298281742749,10.0,2275.8597099805356,0.85546875,0.0703125,0.13511311534204085,1.9973333767034527,90.17616185153905,256,256,41,20,7.010901006333005,0.2276127124282532,8.726946627728674e-08,,2551,patient_transfer,1
TNBC,patient20_window2,mean,Unweighted,0.0006459284431785948,0.0063087580827814954,0.0056628296396029005,0,0.001118222828618201,256.0,256.0,1.0,256.0,0.0,0.0,0.12577516181779447,0.9603716473311531,93.05359724287639,256,256,41,20,6.796304248355661,0.12577516181779447,7.918002657885762e-08,,3151,patient_transfer,2
TNBC,patient20_window2,mean,Logistic IW,0.00036800830400770786,0.0063087580827814954,0.005940749778773787,0,0.0005700611819277063,9.098815775222691,9.098815775222691,5.072761782844316,33.457852009518405,0.0,0.0,0.07240341161386321,0.7710601182445181,93.05359724287639,256,256,41,20,6.796304248355661,0.12577516181779447,7.918002657885762e-08,,3151,patient_transfer,2
TNBC,patient20_window2,mean,KMM,0.0,0.0063087580827814954,0.0063087580827814954,0,0.0,29.302189330034537,29.302189330034537,10.0,2236.5564313936115,0.859375,0.0703125,0.05475406445410003,0.0,93.05359724287639,256,256,41,20,6.796304248355661,0.12577516181779447,7.918002657885762e-08,,3151,patient_transfer,2
TNBC,patient20_window2,mean,KMM + dependence,0.0,0.0063087580827814954,0.0063087580827814954,0,0.0,29.302189330034537,1.0,10.0,2236.5564313936115,0.859375,0.0703125,0.05475406445410003,0.0,93.05359724287639,256,256,41,20,6.796304248355661,0.12577516181779447,7.918002657885762e-08,,3151,patient_transfer,2
TNBC,patient20_window2,risk,Unweighted,0.0022943803061286493,0.006380676044193477,0.004086295738064828,0,0.0008594720794667993,256.0,256.0,1.0,256.0,0.0,0.0,0.12577516181779447,3.4914855749492917,93.05359724287639,256,256,41,20,6.796304248355661,0.12577516181779447,7.918002657885762e-08,,3151,patient_transfer,2
TNBC,patient20_window2,risk,Logistic IW,0.0022573703570708038,0.006380676044193477,0.004123305687122674,0,0.0022760707779590694,9.098815775222691,9.098815775222691,5.072761782844316,33.457852009518405,0.0,0.0,0.07240341161386321,0.7373241385064653,93.05359724287639,256,256,41,20,6.796304248355661,0.12577516181779447,7.918002657885762e-08,,3151,patient_transfer,2
TNBC,patient20_window2,risk,KMM,0.00675976505845668,0.006380676044193477,0.0003790890142632026,1,0.005115232002236734,29.302189330034537,29.302189330034537,10.0,2236.5564313936115,0.859375,0.0703125,0.05475406445410003,1.488628339146355,93.05359724287639,256,256,41,20,6.796304248355661,0.12577516181779447,7.918002657885762e-08,,3151,patient_transfer,2
TNBC,patient20_window2,risk,KMM + dependence,0.00675976505845668,0.006380676044193477,0.0003790890142632026,1,0.006241061716054837,29.302189330034537,19.684019549727033,10.0,2236.5564313936115,0.859375,0.0703125,0.05475406445410003,1.488628339146355,93.05359724287639,256,256,41,20,6.796304248355661,0.12577516181779447,7.918002657885762e-08,,3151,patient_transfer,2
TNBC,patient41_window0,mean,Unweighted,0.11019700000956548,0.0008483770978603322,0.10934862291170515,0,0.02960065535431601,256.0,256.0,1.0,256.0,0.0,0.0,0.2099806449736672,1.3705371477820905,95.62062901196478,256,256,11,41,6.948371264148723,0.2099806449736672,9.01955308435778e-08,,2401,patient_transfer,0
TNBC,patient41_window0,mean,Logistic IW,0.024576519338568255,0.0008483770978603322,0.023728142240707923,0,0.018489232736552768,24.555967773365857,24.555967773365857,0.2501365238451067,0.13222881165096875,0.0,0.0,0.11252058806512433,0.7174915582578031,95.62062901196478,256,256,11,41,6.948371264148723,0.2099806449736672,9.01955308435778e-08,,2401,patient_transfer,0
TNBC,patient41_window0,mean,KMM,0.04340245000222743,0.0008483770978603322,0.04255407290436709,0,0.04180383742498006,30.793011493834587,30.793011493834587,10.0,2128.275112459184,0.83984375,0.06640625,0.10406388910342956,0.6266601452697146,95.62062901196478,256,256,11,41,6.948371264148723,0.2099806449736672,9.01955308435778e-08,,2401,patient_transfer,0
TNBC,patient41_window0,mean,KMM + dependence,0.04340245000222743,0.0008483770978603322,0.04255407290436709,0,0.04180383742498006,30.793011493834587,30.793011493834587,10.0,2128.275112459184,0.83984375,0.06640625,0.10406388910342956,0.6266601452697146,95.62062901196478,256,256,11,41,6.948371264148723,0.2099806449736672,9.01955308435778e-08,,2401,patient_transfer,0
TNBC,patient41_window0,risk,Unweighted,0.05426501132691837,0.0014086815295870055,0.05285632979733136,0,0.01686248936159401,256.0,256.0,1.0,256.0,0.0,0.0,0.2099806449736672,0.9748786880377887,95.62062901196478,256,256,11,41,6.948371264148723,0.2099806449736672,9.01955308435778e-08,,2401,patient_transfer,0
TNBC,patient41_window0,risk,Logistic IW,0.012595776826280127,0.0014086815295870055,0.011187095296693123,0,0.00856470503301326,24.555967773365857,24.555967773365857,0.2501365238451067,0.13222881165096875,0.0,0.0,0.11252058806512433,0.4690702182867233,95.62062901196478,256,256,11,41,6.948371264148723,0.2099806449736672,9.01955308435778e-08,,2401,patient_transfer,0
TNBC,patient41_window0,risk,KMM,0.024705904703671507,0.0014086815295870055,0.023297223174084503,1,0.024145227025319967,30.793011493834587,30.793011493834587,10.0,2128.275112459184,0.83984375,0.06640625,0.10406388910342956,0.6322491572940003,95.62062901196478,256,256,11,41,6.948371264148723,0.2099806449736672,9.01955308435778e-08,,2401,patient_transfer,0
TNBC,patient41_window0,risk,KMM + dependence,0.024705904703671507,0.0014086815295870055,0.023297223174084503,1,0.024145227025319967,30.793011493834587,30.793011493834584,10.0,2128.275112459184,0.83984375,0.06640625,0.10406388910342956,0.6322491572940003,95.62062901196478,256,256,11,41,6.948371264148723,0.2099806449736672,9.01955308435778e-08,,2401,patient_transfer,0
TNBC,patient41_window1,mean,Unweighted,0.14506585209711384,0.0,0.14506585209711384,0,0.03287076435304415,256.0,256.0,1.0,256.0,0.0,0.0,0.24312815476588967,1.988588763069709,94.70004528906459,256,256,11,41,6.641237547457797,0.24312815476588967,6.640817808094613e-08,,2301,patient_transfer,1
TNBC,patient41_window1,mean,Logistic IW,0.0625247430079244,0.0,0.0625247430079244,0,0.04773205718961299,14.978872471285396,14.978872471285396,0.39090295238022327,0.2979654258751119,0.0,0.0,0.12341817007696854,1.075086783322224,94.70004528906459,256,256,11,41,6.641237547457797,0.24312815476588967,6.640817808094613e-08,,2301,patient_transfer,1
TNBC,patient41_window1,mean,KMM,0.052355592798195086,0.0,0.052355592798195086,1,0.061174466863358694,29.86149695510036,29.86149695510036,10.0,2194.665595584088,0.84765625,0.06640625,0.11838898446366675,0.8266722907673771,94.70004528906459,256,256,11,41,6.641237547457797,0.24312815476588967,6.640817808094613e-08,,2301,patient_transfer,1
TNBC,patient41_window1,mean,KMM + dependence,0.052355592798195086,0.0,0.052355592798195086,1,0.061174466863358694,29.86149695510036,29.86149695510036,10.0,2194.665595584088,0.84765625,0.06640625,0.11838898446366675,0.8266722907673771,94.70004528906459,256,256,11,41,6.641237547457797,0.24312815476588967,6.640817808094613e-08,,2301,patient_transfer,1
TNBC,patient41_window1,risk,Unweighted,0.06632482006708817,0.0008776567635819288,0.06544716330350625,0,0.01741557376521198,256.0,256.0,1.0,256.0,0.0,0.0,0.24312815476588967,1.6669369445270172,94.70004528906459,256,256,11,41,6.641237547457797,0.24312815476588967,6.640817808094613e-08,,2301,patient_transfer,1
TNBC,patient41_window1,risk,Logistic IW,0.037075358317951,0.0008776567635819288,0.03619770155436907,0,0.026410481563666096,14.978872471285396,14.978872471285396,0.39090295238022327,0.2979654258751119,0.0,0.0,0.12341817007696854,1.189308502009707,94.70004528906459,256,256,11,41,6.641237547457797,0.24312815476588967,6.640817808094613e-08,,2301,patient_transfer,1
TNBC,patient41_window1,risk,KMM,0.03019077224770004,0.0008776567635819288,0.02931311548411811,1,0.02931385735626474,29.86149695510036,29.86149695510036,10.0,2194.665595584088,0.84765625,0.06640625,0.11838898446366675,1.0800718543886898,94.70004528906459,256,256,11,41,6.641237547457797,0.24312815476588967,6.640817808094613e-08,,2301,patient_transfer,1
TNBC,patient41_window1,risk,KMM + dependence,0.03019077224770004,0.0008776567635819288,0.02931311548411811,1,0.030464867575428104,29.86149695510036,27.64769476564286,10.0,2194.665595584088,0.84765625,0.06640625,0.11838898446366675,1.0800718543886898,94.70004528906459,256,256,11,41,6.641237547457797,0.24312815476588967,6.640817808094613e-08,,2301,patient_transfer,1
TNBC,patient41_window2,mean,Unweighted,0.12940464493387266,0.0006459284431785948,0.12875871649069406,0,0.031493350426192675,256.0,256.0,1.0,256.0,0.0,0.0,0.2244893549796263,1.5024532197581197,93.58462216939458,256,256,11,41,6.880776529396781,0.2244893549796263,7.347193244383224e-08,,2401,patient_transfer,2
TNBC,patient41_window2,mean,Logistic IW,0.03552031156070841,0.0006459284431785948,0.034874383117529814,0,0.022701064771893934,15.600162530027864,15.600162530027864,0.33493925459769736,0.18629693877235254,0.0,0.0,0.11272917122848436,1.4493429900242372,93.58462216939458,256,256,11,41,6.880776529396781,0.2244893549796263,7.347193244383224e-08,,2401,patient_transfer,2
TNBC,patient41_window2,mean,KMM,0.020756521006998402,0.0006459284431785948,0.020110592563819807,1,0.02374850185268895,29.64356601009609,29.64356601009609,10.0,2210.800143871986,0.84375,0.0703125,0.11081054362352849,0.8903270163342191,93.58462216939458,256,256,11,41,6.880776529396781,0.2244893549796263,7.347193244383224e-08,,2401,patient_transfer,2
TNBC,patient41_window2,mean,KMM + dependence,0.020756521006998402,0.0006459284431785948,0.020110592563819807,1,0.02374850185268895,29.64356601009609,29.643566010096094,10.0,2210.800143871986,0.84375,0.0703125,0.11081054362352849,0.8903270163342191,93.58462216939458,256,256,11,41,6.880776529396781,0.2244893549796263,7.347193244383224e-08,,2401,patient_transfer,2
TNBC,patient41_window2,risk,Unweighted,0.06062801606687833,0.0022943803061286497,0.05833363576074968,0,0.017571647306526005,256.0,256.0,1.0,256.0,0.0,0.0,0.2244893549796263,0.6058156468306967,93.58462216939458,256,256,11,41,6.880776529396781,0.2244893549796263,7.347193244383224e-08,,2401,patient_transfer,2
TNBC,patient41_window2,risk,Logistic IW,0.019135722032672352,0.0022943803061286497,0.016841341726543703,0,0.012897938597408799,15.600162530027864,15.600162530027864,0.33493925459769736,0.18629693877235254,0.0,0.0,0.11272917122848436,1.34399424926632,93.58462216939458,256,256,11,41,6.880776529396781,0.2244893549796263,7.347193244383224e-08,,2401,patient_transfer,2
TNBC,patient41_window2,risk,KMM,0.010641569211154469,0.0022943803061286497,0.00834718890502582,1,0.011690258377326478,29.64356601009609,29.64356601009609,10.0,2210.800143871986,0.84375,0.0703125,0.11081054362352849,0.7471720527602607,93.58462216939458,256,256,11,41,6.880776529396781,0.2244893549796263,7.347193244383224e-08,,2401,patient_transfer,2
TNBC,patient41_window2,risk,KMM + dependence,0.010641569211154469,0.0022943803061286497,0.00834718890502582,1,0.011690258377326478,29.64356601009609,29.643566010096087,10.0,2210.800143871986,0.84375,0.0703125,0.11081054362352849,0.7471720527602607,93.58462216939458,256,256,11,41,6.880776529396781,0.2244893549796263,7.347193244383224e-08,,2401,patient_transfer,2
TNBC,patient11_window0,mean,Unweighted,0.004081212648194051,0.11019700000956548,0.10611578736137142,0,0.00572905634187036,256.0,256.0,1.0,256.0,0.0,0.0,0.3580460345510468,0.990248729550652,109.0659471865399,256,256,8,11,5.631006243508733,0.3580460345510468,8.106068099218451e-08,,1901,patient_transfer,0
TNBC,patient11_window0,mean,Logistic IW,0.005394028008604073,0.11019700000956548,0.1048029720009614,0,0.009090112394039531,18.504342923466627,18.504342923466627,0.3535788231379308,0.17961157854802892,0.0,0.0,0.209491889123106,0.9725193267104315,109.0659471865399,256,256,8,11,5.631006243508733,0.3580460345510468,8.106068099218451e-08,,1901,patient_transfer,0
TNBC,patient11_window0,mean,KMM,0.0065948188775700285,0.11019700000956548,0.10360218113199544,0,0.012682264713663904,27.004531811967816,27.004531811967816,10.0,2426.851924570553,0.88671875,0.08203125,0.1524394603530227,0.785946331740389,109.0659471865399,256,256,8,11,5.631006243508733,0.3580460345510468,8.106068099218451e-08,,1901,patient_transfer,0
TNBC,patient11_window0,mean,KMM + dependence,0.0065948188775700285,0.11019700000956548,0.10360218113199544,0,0.012682264713663904,27.004531811967816,27.004531811967816,10.0,2426.851924570553,0.88671875,0.08203125,0.1524394603530227,0.785946331740389,109.0659471865399,256,256,8,11,5.631006243508733,0.3580460345510468,8.106068099218451e-08,,1901,patient_transfer,0
TNBC,patient11_window0,risk,Unweighted,0.00252853754937724,0.05426501132691836,0.05173647377754112,0,0.0037867828338269418,256.0,256.0,1.0,256.0,0.0,0.0,0.3580460345510468,0.9916553687144497,109.0659471865399,256,256,8,11,5.631006243508733,0.3580460345510468,8.106068099218451e-08,,1901,patient_transfer,0
TNBC,patient11_window0,risk,Logistic IW,0.003344252098829662,0.05426501132691836,0.0509207592280887,0,0.003315592788815591,18.504342923466627,18.504342923466627,0.3535788231379308,0.17961157854802892,0.0,0.0,0.209491889123106,1.1553188940232337,109.0659471865399,256,256,8,11,5.631006243508733,0.3580460345510468,8.106068099218451e-08,,1901,patient_transfer,0
TNBC,patient11_window0,risk,KMM,0.002962179211654708,0.05426501132691836,0.05130283211526365,0,0.0028243907201250655,27.004531811967816,27.004531811967816,10.0,2426.851924570553,0.88671875,0.08203125,0.1524394603530227,0.9770307016224554,109.0659471865399,256,256,8,11,5.631006243508733,0.3580460345510468,8.106068099218451e-08,,1901,patient_transfer,0
TNBC,patient11_window0,risk,KMM + dependence,0.002962179211654708,0.05426501132691836,0.05130283211526365,0,0.0028243907201250655,27.004531811967816,27.004531811967816,10.0,2426.851924570553,0.88671875,0.08203125,0.1524394603530227,0.9770307016224554,109.0659471865399,256,256,8,11,5.631006243508733,0.3580460345510468,8.106068099218451e-08,,1901,patient_transfer,0
TNBC,patient11_window1,mean,Unweighted,0.017096147304697426,0.1450658520971138,0.12796970479241637,0,0.011092493043903036,256.0,256.0,1.0,256.0,0.0,0.0,0.3926834398443416,1.5979074679534946,99.86075255673228,256,256,8,11,5.637601221812954,0.3926834398443416,9.787857148288524e-08,,1451,patient_transfer,1
TNBC,patient11_window1,mean,Logistic IW,0.012795774331215148,0.1450658520971138,0.13227007776589866,0,0.010371988472246506,48.60715304932081,48.60715304932081,0.10511512124420792,0.06672232937622842,0.0,0.0,0.27329554353741015,2.0191492261490875,99.86075255673228,256,256,8,11,5.637601221812954,0.3926834398443416,9.787857148288524e-08,,1451,patient_transfer,1
TNBC,patient11_window1,mean,KMM,0.03187283144886764,0.1450658520971138,0.11319302064824617,0,0.04876440584980122,26.35755788590659,26.35755788590659,10.0,2486.42155254609,0.890625,0.08984375,0.1904797398093636,0.7818011534056251,99.86075255673228,256,256,8,11,5.637601221812954,0.3926834398443416,9.787857148288524e-08,,1451,patient_transfer,1
TNBC,patient11_window1,mean,KMM + dependence,0.03187283144886764,0.1450658520971138,0.11319302064824617,0,0.04876440584980122,26.35755788590659,26.357557885906587,10.0,2486.42155254609,0.890625,0.08984375,0.1904797398093636,0.7818011534056251,99.86075255673228,256,256,8,11,5.637601221812954,0.3926834398443416,9.787857148288524e-08,,1451,patient_transfer,1
TNBC,patient11_window1,risk,Unweighted,0.00871861255044196,0.06632482006708817,0.05760620751664622,0,0.005393261209467663,256.0,256.0,1.0,256.0,0.0,0.0,0.3926834398443416,1.643599442380428,99.86075255673228,256,256,8,11,5.637601221812954,0.3926834398443416,9.787857148288524e-08,,1451,patient_transfer,1
TNBC,patient11_window1,risk,Logistic IW,0.010645015387433501,0.06632482006708817,0.05567980467965467,0,0.006252779493643933,48.60715304932081,48.60715304932081,0.10511512124420792,0.06672232937622842,0.0,0.0,0.27329554353741015,2.62675850002854,99.86075255673228,256,256,8,11,5.637601221812954,0.3926834398443416,9.787857148288524e-08,,1451,patient_transfer,1
TNBC,patient11_window1,risk,KMM,0.01955080743195759,0.06632482006708817,0.046774012635130584,0,0.02324357168253136,26.35755788590659,26.35755788590659,10.0,2486.42155254609,0.890625,0.08984375,0.1904797398093636,0.9043737422289997,99.86075255673228,256,256,8,11,5.637601221812954,0.3926834398443416,9.787857148288524e-08,,1451,patient_transfer,1
TNBC,patient11_window1,risk,KMM + dependence,0.01955080743195759,0.06632482006708817,0.046774012635130584,0,0.02324357168253136,26.35755788590659,26.35755788590659,10.0,2486.42155254609,0.890625,0.08984375,0.1904797398093636,0.9043737422289997,99.86075255673228,256,256,8,11,5.637601221812954,0.3926834398443416,9.787857148288524e-08,,1451,patient_transfer,1
TNBC,patient11_window2,mean,Unweighted,0.0033964487379709012,0.12940464493387266,0.12600819619590176,0,0.00447406941233616,256.0,256.0,1.0,256.0,0.0,0.0,0.3372389838588372,1.288773967467372,121.05849684517764,256,256,8,11,6.038905419316253,0.3372389838588372,6.674556679396078e-08,,1801,patient_transfer,2
TNBC,patient11_window2,mean,Logistic IW,0.0017871180035218402,0.12940464493387266,0.1276175269303508,0,0.002642401992208928,49.44890158950309,49.44890158950309,0.13770087099337208,0.06884240087524643,0.0,0.0,0.22828177577018072,1.1260445134177735,121.05849684517764,256,256,8,11,6.038905419316253,0.3372389838588372,6.674556679396078e-08,,1801,patient_transfer,2
TNBC,patient11_window2,mean,KMM,0.0003434146853022873,0.12940464493387266,0.12906123024857039,0,0.0006601057332405754,27.661649543891304,27.661649543891304,10.0,2369.2007194297025,0.8828125,0.078125,0.14597347316182785,0.8755891822761781,121.05849684517764,256,256,8,11,6.038905419316253,0.3372389838588372,6.674556679396078e-08,,1801,patient_transfer,2
TNBC,patient11_window2,mean,KMM + dependence,0.0003434146853022873,0.12940464493387266,0.12906123024857039,0,0.0006601057332405754,27.661649543891304,27.661649543891304,10.0,2369.2007194297025,0.8828125,0.078125,0.14597347316182785,0.8755891822761781,121.05849684517764,256,256,8,11,6.038905419316253,0.3372389838588372,6.674556679396078e-08,,1801,patient_transfer,2
TNBC,patient11_window2,risk,Unweighted,0.001880456391269375,0.06062801606687832,0.05874755967560895,0,0.0021050250449961123,256.0,256.0,1.0,256.0,0.0,0.0,0.3372389838588372,1.2986662806120397,121.05849684517764,256,256,8,11,6.038905419316253,0.3372389838588372,6.674556679396078e-08,,1801,patient_transfer,2
TNBC,patient11_window2,risk,Logistic IW,0.0036233706066493903,0.06062801606687832,0.05700464546022893,0,0.003628240620163572,49.44890158950309,49.44890158950309,0.13770087099337208,0.06884240087524643,0.0,0.0,0.22828177577018072,0.7056817753390071,121.05849684517764,256,256,8,11,6.038905419316253,0.3372389838588372,6.674556679396078e-08,,1801,patient_transfer,2
TNBC,patient11_window2,risk,KMM,0.0031753762121698747,0.06062801606687832,0.05745263985470845,0,0.0031484536584820517,27.661649543891304,27.661649543891304,10.0,2369.2007194297025,0.8828125,0.078125,0.14597347316182785,0.5786850844943019,121.05849684517764,256,256,8,11,6.038905419316253,0.3372389838588372,6.674556679396078e-08,,1801,patient_transfer,2
TNBC,patient11_window2,risk,KMM + dependence,0.0031753762121698747,0.06062801606687832,0.05745263985470845,0,0.0031484536584820517,27.661649543891304,27.6616495438913,10.0,2369.2007194297025,0.8828125,0.078125,0.14597347316182785,0.5786850844943019,121.05849684517764,256,256,8,11,6.038905419316253,0.3372389838588372,6.674556679396078e-08,,1801,patient_transfer,2
TNBC,patient8_window0,mean,Unweighted,0.0018022654651874647,0.00408121264819405,0.0022789471830065855,1,0.0035324403117674313,256.0,256.0,1.0,256.0,0.0,0.0,0.27540579472830495,0.8808180019756543,93.12597268409397,256,256,37,8,5.417855576512868,0.27540579472830495,9.541772054115719e-08,,2001,patient_transfer,0
TNBC,patient8_window0,mean,Logistic IW,2.77801664778728e-07,0.00408121264819405,0.004080934846529272,0,5.670792701022282e-07,12.429412758915529,12.429412758915529,2.8357422658495417,22.192480139952195,0.0,0.0,0.07415113355799607,1.1550265290066832,93.12597268409397,256,256,37,8,5.417855576512868,0.27540579472830495,9.541772054115719e-08,,2001,patient_transfer,0
TNBC,patient8_window0,mean,KMM,0.0,0.00408121264819405,0.00408121264819405,0,0.0,30.008261532515967,30.008261532515967,10.0,2183.931912516526,0.82421875,0.078125,0.08551491057234717,0.0,93.12597268409397,256,256,37,8,5.417855576512868,0.27540579472830495,9.541772054115719e-08,,2001,patient_transfer,0
TNBC,patient8_window0,mean,KMM + dependence,0.0,0.00408121264819405,0.00408121264819405,0,0.0,30.008261532515967,1.0,10.0,2183.931912516526,0.82421875,0.078125,0.08551491057234717,0.0,93.12597268409397,256,256,37,8,5.417855576512868,0.27540579472830495,9.541772054115719e-08,,2001,patient_transfer,0
TNBC,patient8_window0,risk,Unweighted,0.0019494934325406774,0.00252853754937724,0.0005790441168365625,1,0.0016578049789910889,256.0,256.0,1.0,256.0,0.0,0.0,0.27540579472830495,1.1044196112885174,93.12597268409397,256,256,37,8,5.417855576512868,0.27540579472830495,9.541772054115719e-08,,2001,patient_transfer,0
TNBC,patient8_window0,risk,Logistic IW,0.0001603313509284687,0.00252853754937724,0.002368206198448771,0,0.0002158877941064205,12.429412758915529,12.429412758915529,2.8357422658495417,22.192480139952195,0.0,0.0,0.07415113355799607,1.5449022721592682,93.12597268409397,256,256,37,8,5.417855576512868,0.27540579472830495,9.541772054115719e-08,,2001,patient_transfer,0
TNBC,patient8_window0,risk,KMM,0.0007409294952975062,0.00252853754937724,0.0017876080540797337,0,0.0010178906419972189,30.008261532515967,30.008261532515967,10.0,2183.931912516526,0.82421875,0.078125,0.08551491057234717,1.6146501667427162,93.12597268409397,256,256,37,8,5.417855576512868,0.27540579472830495,9.541772054115719e-08,,2001,patient_transfer,0
TNBC,patient8_window0,risk,KMM + dependence,0.0007409294952975062,0.00252853754937724,0.0017876080540797337,0,0.0012934222946035378,30.008261532515967,18.584992681760014,10.0,2183.931912516526,0.82421875,0.078125,0.08551491057234717,1.6146501667427162,93.12597268409397,256,256,37,8,5.417855576512868,0.27540579472830495,9.541772054115719e-08,,2001,patient_transfer,0
TNBC,patient8_window1,mean,Unweighted,0.02553067531645216,0.017096147304697426,0.008434528011754733,1,0.016476291286779268,256.0,256.0,1.0,256.0,0.0,0.0,0.4227788957801012,0.8679974372958604,82.45619607506207,256,256,37,8,6.615603348481328,0.4227788957801012,9.187813589339847e-08,,2201,patient_transfer,1
TNBC,patient8_window1,mean,Logistic IW,0.010891264719280902,0.017096147304697426,0.006204882585416524,1,0.017285294889004908,21.520719901237044,21.520719901237044,0.1380310116703691,0.1078026661846036,0.0,0.0,0.20073707691377374,0.7624829532626898,82.45619607506207,256,256,37,8,6.615603348481328,0.4227788957801012,9.187813589339847e-08,,2201,patient_transfer,1
TNBC,patient8_window1,mean,KMM,0.029532729724105124,0.017096147304697426,0.012436582419407698,1,0.05428590968828063,27.945170137056326,27.945170137056326,10.0,2345.16375025026,0.87109375,0.08203125,0.19805020062294898,0.5837324182493313,82.45619607506207,256,256,37,8,6.615603348481328,0.4227788957801012,9.187813589339847e-08,,2201,patient_transfer,1
TNBC,patient8_window1,mean,KMM + dependence,0.029532729724105124,0.017096147304697426,0.012436582419407698,1,0.05428590968828063,27.945170137056326,27.945170137056326,10.0,2345.16375025026,0.87109375,0.08203125,0.19805020062294898,0.5837324182493313,82.45619607506207,256,256,37,8,6.615603348481328,0.4227788957801012,9.187813589339847e-08,,2201,patient_transfer,1
TNBC,patient8_window1,risk,Unweighted,0.017031889416454823,0.008718612550441962,0.008313276866012862,1,0.01089289864209579,256.0,256.0,1.0,256.0,0.0,0.0,0.4227788957801012,0.6024159248592548,82.45619607506207,256,256,37,8,6.615603348481328,0.4227788957801012,9.187813589339847e-08,,2201,patient_transfer,1
TNBC,patient8_window1,risk,Logistic IW,0.007391001315342167,0.008718612550441962,0.001327611235099795,1,0.010459647834785911,21.520719901237044,21.520719901237044,0.1380310116703691,0.1078026661846036,0.0,0.0,0.20073707691377374,0.7113594221742133,82.45619607506207,256,256,37,8,6.615603348481328,0.4227788957801012,9.187813589339847e-08,,2201,patient_transfer,1
TNBC,patient8_window1,risk,KMM,0.01794947614498808,0.008718612550441962,0.009230863594546118,1,0.03264853519485666,27.945170137056326,27.945170137056326,10.0,2345.16375025026,0.87109375,0.08203125,0.19805020062294898,0.5297635719214284,82.45619607506207,256,256,37,8,6.615603348481328,0.4227788957801012,9.187813589339847e-08,,2201,patient_transfer,1
TNBC,patient8_window1,risk,KMM + dependence,0.01794947614498808,0.008718612550441962,0.009230863594546118,1,0.03264853519485666,27.945170137056326,27.945170137056326,10.0,2345.16375025026,0.87109375,0.08203125,0.19805020062294898,0.5297635719214284,82.45619607506207,256,256,37,8,6.615603348481328,0.4227788957801012,9.187813589339847e-08,,2201,patient_transfer,1
TNBC,patient8_window2,mean,Unweighted,0.03282119126481009,0.003396448737970901,0.02942474252683919,0,0.015157750359617425,256.0,256.0,1.0,256.0,0.0,0.0,0.3111412993386147,1.3666346461400125,85.87024263126435,256,256,37,8,6.446897158534437,0.3111412993386147,9.637851517803815e-08,,1651,patient_transfer,2
TNBC,patient8_window2,mean,Logistic IW,0.016243073523344916,0.003396448737970901,0.012846624785374015,1,0.02744981291569879,3.586130258599258,3.586130258599258,2.7051046433792694,7.839880846584347,0.0,0.0,0.11955004905264066,0.20173870952847814,85.87024263126435,256,256,37,8,6.446897158534437,0.3111412993386147,9.637851517803815e-08,,1651,patient_transfer,2
TNBC,patient8_window2,mean,KMM,0.034001244646531516,0.003396448737970901,0.030604795908560616,1,0.03477129220126647,29.141239763276623,29.141239763276623,10.0,2248.909124401419,0.84765625,0.078125,0.13545008320249208,0.4134714692967013,85.87024263126435,256,256,37,8,6.446897158534437,0.3111412993386147,9.637851517803815e-08,,1651,patient_transfer,2
TNBC,patient8_window2,mean,KMM + dependence,0.034001244646531516,0.003396448737970901,0.030604795908560616,1,0.03477129220126647,29.141239763276623,29.141239763276626,10.0,2248.909124401419,0.84765625,0.078125,0.13545008320249208,0.4134714692967013,85.87024263126435,256,256,37,8,6.446897158534437,0.3111412993386147,9.637851517803815e-08,,1651,patient_transfer,2
TNBC,patient8_window2,risk,Unweighted,0.01765125485632774,0.001880456391269375,0.015770798465058366,0,0.008315692321642565,256.0,256.0,1.0,256.0,0.0,0.0,0.3111412993386147,1.1660535550621005,85.87024263126435,256,256,37,8,6.446897158534437,0.3111412993386147,9.637851517803815e-08,,1651,patient_transfer,2
TNBC,patient8_window2,risk,Logistic IW,0.0029514821710091973,0.001880456391269375,0.0010710257797398224,1,0.0035806678813793806,3.586130258599258,3.586130258599258,2.7051046433792694,7.839880846584347,0.0,0.0,0.11955004905264066,0.5521659617173095,85.87024263126435,256,256,37,8,6.446897158534437,0.3111412993386147,9.637851517803815e-08,,1651,patient_transfer,2
TNBC,patient8_window2,risk,KMM,0.009560339130879413,0.001880456391269375,0.007679882739610037,0,0.006859966424145523,29.141239763276623,29.141239763276623,10.0,2248.909124401419,0.84765625,0.078125,0.13545008320249208,0.9142281812698037,85.87024263126435,256,256,37,8,6.446897158534437,0.3111412993386147,9.637851517803815e-08,,1651,patient_transfer,2
TNBC,patient8_window2,risk,KMM + dependence,0.009560339130879413,0.001880456391269375,0.007679882739610037,0,0.006859966424145523,29.141239763276623,29.14123976327662,10.0,2248.909124401419,0.84765625,0.078125,0.13545008320249208,0.9142281812698037,85.87024263126435,256,256,37,8,6.446897158534437,0.3111412993386147,9.637851517803815e-08,,1651,patient_transfer,2
TNBC,patient37_window0,mean,Unweighted,0.0021633382692465633,0.0018022654651874647,0.00036107280405909864,1,0.002324128462479257,256.0,256.0,1.0,256.0,0.0,0.0,0.07493042282943452,0.8032644850531255,91.95440937604661,256,256,3,37,6.305116263580004,0.07493042282943452,9.653762318345091e-08,,3401,patient_transfer,0
TNBC,patient37_window0,mean,Logistic IW,0.0014412115557395646,0.0018022654651874647,0.0003610539094479001,1,0.0020935986514488596,13.182893938691413,13.182893938691413,10.0,324.81892124677984,0.0,0.0078125,0.024634773004277077,0.5250927037955399,91.95440937604661,256,256,3,37,6.305116263580004,0.07493042282943452,9.653762318345091e-08,,3401,patient_transfer,0
TNBC,patient37_window0,mean,KMM,0.00410416382814722,0.0018022654651874647,0.0023018983629597553,1,0.007867654171012798,32.27339914598844,32.27339914598844,10.0,2030.6506824256949,0.80078125,0.05859375,0.012358530408429047,0.4736024728797686,91.95440937604661,256,256,3,37,6.305116263580004,0.07493042282943452,9.653762318345091e-08,,3401,patient_transfer,0
TNBC,patient37_window0,mean,KMM + dependence,0.00410416382814722,0.0018022654651874647,0.0023018983629597553,1,0.007867654171012798,32.27339914598844,32.27339914598844,10.0,2030.6506824256949,0.80078125,0.05859375,0.012358530408429047,0.4736024728797686,91.95440937604661,256,256,3,37,6.305116263580004,0.07493042282943452,9.653762318345091e-08,,3401,patient_transfer,0
TNBC,patient37_window0,risk,Unweighted,0.004304522596428406,0.0019494934325406772,0.0023550291638877287,0,0.0013516219580696686,256.0,256.0,1.0,256.0,0.0,0.0,0.07493042282943452,2.2535838081374933,91.95440937604661,256,256,3,37,6.305116263580004,0.07493042282943452,9.653762318345091e-08,,3401,patient_transfer,0
TNBC,patient37_window0,risk,Logistic IW,0.0007628353934610072,0.0019494934325406772,0.00118665803907967,0,0.0005568741390087624,13.182893938691413,13.182893938691413,10.0,324.81892124677984,0.0,0.0078125,0.024634773004277077,0.9250160485445046,91.95440937604661,256,256,3,37,6.305116263580004,0.07493042282943452,9.653762318345091e-08,,3401,patient_transfer,0
TNBC,patient37_window0,risk,KMM,0.0027507653702002386,0.0019494934325406772,0.0008012719376595614,1,0.0016096217911282158,32.27339914598844,32.27339914598844,10.0,2030.6506824256949,0.80078125,0.05859375,0.012358530408429047,2.613410990190823,91.95440937604661,256,256,3,37,6.305116263580004,0.07493042282943452,9.653762318345091e-08,,3401,patient_transfer,0
TNBC,patient37_window0,risk,KMM + dependence,0.0027507653702002386,0.0019494934325406772,0.0008012719376595614,1,0.002602122269318997,32.27339914598844,12.349148016566634,10.0,2030.6506824256949,0.80078125,0.05859375,0.012358530408429047,2.613410990190823,91.95440937604661,256,256,3,37,6.305116263580004,0.07493042282943452,9.653762318345091e-08,,3401,patient_transfer,0
TNBC,patient37_window1,mean,Unweighted,0.011021137657619496,0.025530675316452162,0.014509537658832667,0,0.009897513627331891,256.0,256.0,1.0,256.0,0.0,0.0,0.291439687932594,2.233867346556649,93.56848656920349,256,256,3,37,6.651288098006206,0.291439687932594,8.765579226831124e-08,,1551,patient_transfer,1
TNBC,patient37_window1,mean,Logistic IW,0.0032350843431332137,0.025530675316452162,0.02229559097331895,0,0.004543133085022113,7.173415748140155,7.173415748140155,8.014595592605549,80.98037896350775,0.0,0.0,0.12653943053719252,2.1651364301189955,93.56848656920349,256,256,3,37,6.651288098006206,0.291439687932594,8.765579226831124e-08,,1551,patient_transfer,1
TNBC,patient37_window1,mean,KMM,0.0,0.025530675316452162,0.025530675316452162,0,0.0,27.29299792704624,27.29299792704624,10.0,2401.20195572425,0.87890625,0.07421875,0.08294832303409505,0.0,93.56848656920349,256,256,3,37,6.651288098006206,0.291439687932594,8.765579226831124e-08,,1551,patient_transfer,1
TNBC,patient37_window1,mean,KMM + dependence,0.0,0.025530675316452162,0.025530675316452162,0,0.0,27.29299792704624,1.0,10.0,2401.20195572425,0.87890625,0.07421875,0.08294832303409505,0.0,93.56848656920349,256,256,3,37,6.651288098006206,0.291439687932594,8.765579226831124e-08,,1551,patient_transfer,1
TNBC,patient37_window1,risk,Unweighted,0.011596964487480047,0.017031889416454823,0.005434924928974776,0,0.004280389757770297,256.0,256.0,1.0,256.0,0.0,0.0,0.291439687932594,1.9905747922690398,93.56848656920349,256,256,3,37,6.651288098006206,0.291439687932594,8.765579226831124e-08,,1551,patient_transfer,1
TNBC,patient37_window1,risk,Logistic IW,0.0022270670612528328,0.017031889416454823,0.014804822355201992,0,0.0023575442414496073,7.173415748140155,7.173415748140155,8.014595592605549,80.98037896350775,0.0,0.0,0.12653943053719252,1.9080527471012836,93.56848656920349,256,256,3,37,6.651288098006206,0.291439687932594,8.765579226831124e-08,,1551,patient_transfer,1
TNBC,patient37_window1,risk,KMM,0.0018451218890122366,0.017031889416454823,0.015186767527442586,0,0.0009074154060211466,27.29299792704624,27.29299792704624,10.0,2401.20195572425,0.87890625,0.07421875,0.08294832303409505,1.442920390749494,93.56848656920349,256,256,3,37,6.651288098006206,0.291439687932594,8.765579226831124e-08,,1551,patient_transfer,1
TNBC,patient37_window1,risk,KMM + dependence,0.0018451218890122366,0.017031889416454823,0.015186767527442586,0,0.0010900020977803828,27.29299792704624,18.915110010240745,10.0,2401.20195572425,0.87890625,0.07421875,0.08294832303409505,1.442920390749494,93.56848656920349,256,256,3,37,6.651288098006206,0.291439687932594,8.765579226831124e-08,,1551,patient_transfer,1
TNBC,patient37_window2,mean,Unweighted,0.00930703884401177,0.03282119126481009,0.02351415242079832,0,0.010628618141626545,256.0,256.0,1.0,256.0,0.0,0.0,0.11153112562732526,1.8614416373474676,89.25532988800093,256,256,3,37,6.5077701099732845,0.11153112562732526,9.339281908662397e-08,,3351,patient_transfer,2
TNBC,patient37_window2,mean,Logistic IW,0.02579259148082353,0.03282119126481009,0.00702859978398656,1,0.045279374337296945,48.53901139022771,48.53901139022771,0.7842025608814654,4.998964016958942,0.0,0.0,0.0618548723984802,1.0628269273952913,89.25532988800093,256,256,3,37,6.5077701099732845,0.11153112562732526,9.339281908662397e-08,,3351,patient_transfer,2
TNBC,patient37_window2,mean,KMM,0.027930011207875416,0.03282119126481009,0.004891180056934674,1,0.053588798327270884,30.614306686238088,30.614306686238088,10.0,2140.698486876313,0.85546875,0.05078125,0.03136861936291857,1.0302349557892716,89.25532988800093,256,256,3,37,6.5077701099732845,0.11153112562732526,9.339281908662397e-08,,3351,patient_transfer,2
TNBC,patient37_window2,mean,KMM + dependence,0.027930011207875416,0.03282119126481009,0.004891180056934674,1,0.05439289311867972,30.614306686238088,29.715849296517227,10.0,2140.698486876313,0.85546875,0.05078125,0.03136861936291857,1.0302349557892716,89.25532988800093,256,256,3,37,6.5077701099732845,0.11153112562732526,9.339281908662397e-08,,3351,patient_transfer,2
TNBC,patient37_window2,risk,Unweighted,0.011224507621232496,0.017651254856327736,0.00642674723509524,0,0.006081469749911619,256.0,256.0,1.0,256.0,0.0,0.0,0.11153112562732526,1.9595248483931198,89.25532988800093,256,256,3,37,6.5077701099732845,0.11153112562732526,9.339281908662397e-08,,3351,patient_transfer,2
TNBC,patient37_window2,risk,Logistic IW,0.017862394125892425,0.017651254856327736,0.0002111392695646891,1,0.02072186146441907,48.53901139022771,48.53901139022771,0.7842025608814654,4.998964016958942,0.0,0.0,0.0618548723984802,1.2568576619272325,89.25532988800093,256,256,3,37,6.5077701099732845,0.11153112562732526,9.339281908662397e-08,,3351,patient_transfer,2
TNBC,patient37_window2,risk,KMM,0.017506627094589534,0.017651254856327736,0.00014462776173820163,1,0.02439641918567265,30.614306686238088,30.614306686238088,10.0,2140.698486876313,0.85546875,0.05078125,0.03136861936291857,1.1672943516667644,89.25532988800093,256,256,3,37,6.5077701099732845,0.11153112562732526,9.339281908662397e-08,,3351,patient_transfer,2
TNBC,patient37_window2,risk,KMM + dependence,0.017506627094589534,0.017651254856327736,0.00014462776173820163,1,0.026358232163707706,30.614306686238088,26.226723912888225,10.0,2140.698486876313,0.85546875,0.05078125,0.03136861936291857,1.1672943516667644,89.25532988800093,256,256,3,37,6.5077701099732845,0.11153112562732526,9.339281908662397e-08,,3351,patient_transfer,2
TNBC,patient3_window0,mean,Unweighted,0.03296965069528954,0.0021633382692465633,0.030806312426042974,0,0.017877989659005583,256.0,256.0,1.0,256.0,0.0,0.0,0.12288674204537542,0.9617633878181684,93.2516103223735,256,256,17,3,6.6127951443453465,0.12288674204537542,8.343830581019146e-08,,2601,patient_transfer,0
TNBC,patient3_window0,mean,Logistic IW,0.2956107203887314,0.0021633382692465633,0.2934473821194848,1,0.38705665440548964,6.688294199389756,6.688294199389756,10.0,245.15924270841495,0.0,0.0078125,0.025799358264722905,1.2953044224783603,93.2516103223735,256,256,17,3,6.6127951443453465,0.12288674204537542,8.343830581019146e-08,,2601,patient_transfer,0
TNBC,patient3_window0,mean,KMM,0.10532593941775212,0.0021633382692465633,0.10316260114850556,1,0.11291622010430313,29.1154970121548,29.1154970121548,10.0,2250.8975193739166,0.8359375,0.06640625,0.02759763877574839,1.680039280414864,93.2516103223735,256,256,17,3,6.6127951443453465,0.12288674204537542,8.343830581019146e-08,,2601,patient_transfer,0
TNBC,patient3_window0,mean,KMM + dependence,0.10532593941775212,0.0021633382692465633,0.10316260114850556,1,0.14635785960920797,29.1154970121548,17.330247781447767,10.0,2250.8975193739166,0.8359375,0.06640625,0.02759763877574839,1.680039280414864,93.2516103223735,256,256,17,3,6.6127951443453465,0.12288674204537542,8.343830581019146e-08,,2601,patient_transfer,0
TNBC,patient3_window0,risk,Unweighted,0.02996420905271424,0.004304522596428405,0.025659686456285836,0,0.011585637494713771,256.0,256.0,1.0,256.0,0.0,0.0,0.12288674204537542,1.10611130940807,93.2516103223735,256,256,17,3,6.6127951443453465,0.12288674204537542,8.343830581019146e-08,,2601,patient_transfer,0
TNBC,patient3_window0,risk,Logistic IW,0.26871549681919316,0.004304522596428405,0.26441097422276477,1,0.34752257996531655,6.688294199389756,6.688294199389756,10.0,245.15924270841495,0.0,0.0078125,0.025799358264722905,1.2855674227947167,93.2516103223735,256,256,17,3,6.6127951443453465,0.12288674204537542,8.343830581019146e-08,,2601,patient_transfer,0
TNBC,patient3_window0,risk,KMM,0.08477065614945971,0.004304522596428405,0.08046613355303131,1,0.0914744330570915,29.1154970121548,29.1154970121548,10.0,2250.8975193739166,0.8359375,0.06640625,0.02759763877574839,1.8474552157577464,93.2516103223735,256,256,17,3,6.6127951443453465,0.12288674204537542,8.343830581019146e-08,,2601,patient_transfer,0
TNBC,patient3_window0,risk,KMM + dependence,0.08477065614945971,0.004304522596428405,0.08046613355303131,1,0.12433307828426114,29.1154970121548,15.759785007948286,10.0,2250.8975193739166,0.8359375,0.06640625,0.02759763877574839,1.8474552157577464,93.2516103223735,256,256,17,3,6.6127951443453465,0.12288674204537542,8.343830581019146e-08,,2601,patient_transfer,0
TNBC,patient3_window1,mean,Unweighted,0.044163902804115106,0.011021137657619496,0.03314276514649561,0,0.021427071953024034,256.0,256.0,1.0,256.0,0.0,0.0,0.17442288282303453,2.057170316823859,82.18303660934399,256,256,17,3,6.259619782105758,0.17442288282303453,7.296122875830453e-08,,1951,patient_transfer,1
TNBC,patient3_window1,mean,Logistic IW,0.1820724530541178,0.011021137657619496,0.1710513153964983,1,0.24200344300815957,10.721462113812144,10.721462113812144,5.981659321903247,75.46848283691736,0.0,0.0,0.08612130143641661,0.9435391654069178,82.18303660934399,256,256,17,3,6.259619782105758,0.17442288282303453,7.296122875830453e-08,,1951,patient_transfer,1
TNBC,patient3_window1,mean,KMM,0.1549660495498301,0.011021137657619496,0.1439449118922106,0,0.1274821020915707,27.89404179729576,27.89404179729576,10.0,2349.4623144342386,0.8203125,0.0859375,0.05096212626615282,1.7880778913185311,82.18303660934399,256,256,17,3,6.259619782105758,0.17442288282303453,7.296122875830453e-08,,1951,patient_transfer,1
TNBC,patient3_window1,mean,KMM + dependence,0.1549660495498301,0.011021137657619496,0.1439449118922106,1,0.17046783000222768,27.89404179729576,15.60001492816773,10.0,2349.4623144342386,0.8203125,0.0859375,0.05096212626615282,1.7880778913185311,82.18303660934399,256,256,17,3,6.259619782105758,0.17442288282303453,7.296122875830453e-08,,1951,patient_transfer,1
TNBC,patient3_window1,risk,Unweighted,0.04169786986582372,0.011596964487480047,0.03010090537834367,0,0.012843721705493923,256.0,256.0,1.0,256.0,0.0,0.0,0.17442288282303453,2.9048870950251455,82.18303660934399,256,256,17,3,6.259619782105758,0.17442288282303453,7.296122875830453e-08,,1951,patient_transfer,1
TNBC,patient3_window1,risk,Logistic IW,0.11591506687782623,0.011596964487480047,0.10431810239034618,1,0.14968420358228385,10.721462113812144,10.721462113812144,5.981659321903247,75.46848283691736,0.0,0.0,0.08612130143641661,0.9676161322082899,82.18303660934399,256,256,17,3,6.259619782105758,0.17442288282303453,7.296122875830453e-08,,1951,patient_transfer,1
TNBC,patient3_window1,risk,KMM,0.10074061284908267,0.011596964487480047,0.08914364836160263,0,0.08004371359791732,27.89404179729576,27.89404179729576,10.0,2349.4623144342386,0.8203125,0.0859375,0.05096212626615282,1.9946621586317799,82.18303660934399,256,256,17,3,6.259619782105758,0.17442288282303453,7.296122875830453e-08,,1951,patient_transfer,1
TNBC,patient3_window1,risk,KMM + dependence,0.10074061284908267,0.011596964487480047,0.08914364836160263,1,0.11304774497677535,27.89404179729576,13.984344003612833,10.0,2349.4623144342386,0.8203125,0.0859375,0.05096212626615282,1.9946621586317799,82.18303660934399,256,256,17,3,6.259619782105758,0.17442288282303453,7.296122875830453e-08,,1951,patient_transfer,1
TNBC,patient3_window2,mean,Unweighted,0.04674048625472208,0.00930703884401177,0.03743344741071031,0,0.020279761199300035,256.0,256.0,1.0,256.0,0.0,0.0,0.173426087176221,2.5498410399358593,87.5356866129357,256,256,17,3,6.792040709994591,0.173426087176221,8.678743027061727e-08,,3101,patient_transfer,2
TNBC,patient3_window2,mean,Logistic IW,0.01475121845937882,0.00930703884401177,0.005444179615367049,1,0.019474457467540424,10.604708934430736,10.604708934430736,2.835952420930814,13.081316153672123,0.0,0.0,0.06531934736487055,0.5378319420114696,87.5356866129357,256,256,17,3,6.792040709994591,0.173426087176221,8.678743027061727e-08,,3101,patient_transfer,2
TNBC,patient3_window2,mean,KMM,0.030513052639816796,0.00930703884401177,0.021206013795805025,1,0.031844594877726826,29.157080888052633,29.157080888052633,10.0,2247.6872856930086,0.83984375,0.0703125,0.0577538348967952,0.638193434117855,87.5356866129357,256,256,17,3,6.792040709994591,0.173426087176221,8.678743027061727e-08,,3101,patient_transfer,2
TNBC,patient3_window2,mean,KMM + dependence,0.030513052639816796,0.00930703884401177,0.021206013795805025,1,0.031844594877726826,29.157080888052633,29.157080888052633,10.0,2247.6872856930086,0.83984375,0.0703125,0.0577538348967952,0.638193434117855,87.5356866129357,256,256,17,3,6.792040709994591,0.173426087176221,8.678743027061727e-08,,3101,patient_transfer,2
TNBC,patient3_window2,risk,Unweighted,0.035390437714086995,0.011224507621232496,0.024165930092854497,0,0.01145623348603708,256.0,256.0,1.0,256.0,0.0,0.0,0.173426087176221,1.36284181125495,87.5356866129357,256,256,17,3,6.792040709994591,0.173426087176221,8.678743027061727e-08,,3101,patient_transfer,2
TNBC,patient3_window2,risk,Logistic IW,0.00978659816310726,0.011224507621232496,0.001437909458125235,1,0.007117867257094133,10.604708934430736,10.604708934430736,2.835952420930814,13.081316153672123,0.0,0.0,0.06531934736487055,0.48834310989272073,87.5356866129357,256,256,17,3,6.792040709994591,0.173426087176221,8.678743027061727e-08,,3101,patient_transfer,2
TNBC,patient3_window2,risk,KMM,0.017889479263036485,0.011224507621232496,0.006664971641803989,1,0.009738588797859837,29.157080888052633,29.157080888052633,10.0,2247.6872856930086,0.83984375,0.0703125,0.0577538348967952,1.1559192624142633,87.5356866129357,256,256,17,3,6.792040709994591,0.173426087176221,8.678743027061727e-08,,3101,patient_transfer,2
TNBC,patient3_window2,risk,KMM + dependence,0.017889479263036485,0.011224507621232496,0.006664971641803989,1,0.010470315756884244,29.157080888052633,25.224150021650207,10.0,2247.6872856930086,0.83984375,0.0703125,0.0577538348967952,1.1559192624142633,87.5356866129357,256,256,17,3,6.792040709994591,0.173426087176221,8.678743027061727e-08,,3101,patient_transfer,2
TNBC,patient17_window0,mean,Unweighted,0.02492947980202844,0.03296965069528954,0.008040170893261096,1,0.01339134113783587,256.0,256.0,1.0,256.0,0.0,0.0,0.10713559305551645,1.2798103694286782,90.97747440472453,256,256,29,17,6.563705340691088,0.10713559305551645,9.203362605170142e-08,,2851,patient_transfer,0
TNBC,patient17_window0,mean,Logistic IW,0.08935363999151287,0.03296965069528954,0.05638398929622333,1,0.08464311744257605,17.74840822970817,17.74840822970817,4.552144065016544,41.39261230050131,0.0,0.0,0.06499712469221319,1.5851206526355799,90.97747440472453,256,256,29,17,6.563705340691088,0.10713559305551645,9.203362605170142e-08,,2851,patient_transfer,0
TNBC,patient17_window0,mean,KMM,0.08927371833631155,0.03296965069528954,0.05630406764102201,1,0.08599095655754221,30.288590359614965,30.288590359614965,10.0,2163.719051362097,0.85546875,0.0546875,0.03571444218073805,1.3109087541273052,90.97747440472453,256,256,29,17,6.563705340691088,0.10713559305551645,9.203362605170142e-08,,2851,patient_transfer,0
TNBC,patient17_window0,mean,KMM + dependence,0.08927371833631155,0.03296965069528954,0.05630406764102201,1,0.09845528005516228,30.288590359614965,23.105033255940537,10.0,2163.719051362097,0.85546875,0.0546875,0.03571444218073805,1.3109087541273052,90.97747440472453,256,256,29,17,6.563705340691088,0.10713559305551645,9.203362605170142e-08,,2851,patient_transfer,0
TNBC,patient17_window0,risk,Unweighted,0.01693600855571415,0.02996420905271424,0.01302820049700009,0,0.004616416635359197,256.0,256.0,1.0,256.0,0.0,0.0,0.10713559305551645,0.9838445296316642,90.97747440472453,256,256,29,17,6.563705340691088,0.10713559305551645,9.203362605170142e-08,,2851,patient_transfer,0
TNBC,patient17_window0,risk,Logistic IW,0.02606331970496973,0.02996420905271424,0.0039008893477445114,1,0.019098070262441976,17.74840822970817,17.74840822970817,4.552144065016544,41.39261230050131,0.0,0.0,0.06499712469221319,0.635188199008159,90.97747440472453,256,256,29,17,6.563705340691088,0.10713559305551645,9.203362605170142e-08,,2851,patient_transfer,0
TNBC,patient17_window0,risk,KMM,0.03978649204010082,0.02996420905271424,0.009822282987386577,1,0.03460002703497379,30.288590359614965,30.288590359614965,10.0,2163.719051362097,0.85546875,0.0546875,0.03571444218073805,0.9202678549274672,90.97747440472453,256,256,29,17,6.563705340691088,0.10713559305551645,9.203362605170142e-08,,2851,patient_transfer,0
TNBC,patient17_window0,risk,KMM + dependence,0.03978649204010082,0.02996420905271424,0.009822282987386577,1,0.03460002703497379,30.288590359614965,30.28859035961496,10.0,2163.719051362097,0.85546875,0.0546875,0.03571444218073805,0.9202678549274672,90.97747440472453,256,256,29,17,6.563705340691088,0.10713559305551645,9.203362605170142e-08,,2851,patient_transfer,0
TNBC,patient17_window1,mean,Unweighted,0.05360855176129749,0.044163902804115106,0.009444648957182382,1,0.02001831520395151,256.0,256.0,1.0,256.0,0.0,0.0,0.09719548609930162,1.7337214164533048,92.60442876148969,256,256,29,17,6.778835152842844,0.09719548609930162,8.914362815021026e-08,,2801,patient_transfer,1
TNBC,patient17_window1,mean,Logistic IW,0.11830876069230373,0.044163902804115106,0.07414485788818861,0,0.06965159091071622,27.950745800488676,27.950745800488676,2.1143291460398217,9.79804993125648,0.0,0.0,0.06333564056548768,0.8784487146918317,92.60442876148969,256,256,29,17,6.778835152842844,0.09719548609930162,8.914362815021026e-08,,2801,patient_transfer,1
TNBC,patient17_window1,mean,KMM,0.1214678172185521,0.044163902804115106,0.07730391441443699,1,0.09122810040453967,31.257635757158102,31.257635757158102,10.0,2096.6396981893636,0.84765625,0.0546875,0.037305772131897896,0.6529250557761285,92.60442876148969,256,256,29,17,6.778835152842844,0.09719548609930162,8.914362815021026e-08,,2801,patient_transfer,1
TNBC,patient17_window1,mean,KMM + dependence,0.1214678172185521,0.044163902804115106,0.07730391441443699,1,0.09122810040453967,31.257635757158102,31.257635757158102,10.0,2096.6396981893636,0.84765625,0.0546875,0.037305772131897896,0.6529250557761285,92.60442876148969,256,256,29,17,6.778835152842844,0.09719548609930162,8.914362815021026e-08,,2801,patient_transfer,1
TNBC,patient17_window1,risk,Unweighted,0.024337048839684527,0.041697869865823724,0.017360821026139197,0,0.010886839191375267,256.0,256.0,1.0,256.0,0.0,0.0,0.09719548609930162,1.3434775855825247,92.60442876148969,256,256,29,17,6.778835152842844,0.09719548609930162,8.914362815021026e-08,,2801,patient_transfer,1
TNBC,patient17_window1,risk,Logistic IW,0.04572152356860422,0.041697869865823724,0.0040236537027804956,1,0.03720988213909653,27.950745800488676,27.950745800488676,2.1143291460398217,9.79804993125648,0.0,0.0,0.06333564056548768,1.0156366308683618,92.60442876148969,256,256,29,17,6.778835152842844,0.09719548609930162,8.914362815021026e-08,,2801,patient_transfer,1
TNBC,patient17_window1,risk,KMM,0.058030055981119676,0.041697869865823724,0.016332186115295952,1,0.05837626060106735,31.257635757158102,31.257635757158102,10.0,2096.6396981893636,0.84765625,0.0546875,0.037305772131897896,0.8589099747056804,92.60442876148969,256,256,29,17,6.778835152842844,0.09719548609930162,8.914362815021026e-08,,2801,patient_transfer,1
TNBC,patient17_window1,risk,KMM + dependence,0.058030055981119676,0.041697869865823724,0.016332186115295952,1,0.05837626060106735,31.257635757158102,31.257635757158102,10.0,2096.6396981893636,0.84765625,0.0546875,0.037305772131897896,0.8589099747056804,92.60442876148969,256,256,29,17,6.778835152842844,0.09719548609930162,8.914362815021026e-08,,2801,patient_transfer,1
TNBC,patient17_window2,mean,Unweighted,0.053962467267592934,0.046740486254722075,0.0072219810128708595,1,0.020768140546895072,256.0,256.0,1.0,256.0,0.0,0.0,0.112445628460899,0.8325122977507396,92.88260723985495,256,256,29,17,6.9628705774516515,0.112445628460899,8.995825113887565e-08,,2901,patient_transfer,2
TNBC,patient17_window2,mean,Logistic IW,0.06972115748583449,0.046740486254722075,0.022980671231112415,1,0.07551101863242973,17.683000753541172,17.683000753541172,6.237953073518156,81.20954198333723,0.0,0.0,0.06303957309499642,0.2867425927177841,92.88260723985495,256,256,29,17,6.9628705774516515,0.112445628460899,8.995825113887565e-08,,2901,patient_transfer,2
TNBC,patient17_window2,mean,KMM,0.08189045895604727,0.046740486254722075,0.035149972701325194,1,0.08660767313333904,29.852588790060185,29.852588790060185,10.0,2195.32049501242,0.84375,0.0625,0.02957904469765693,0.5523248249849584,92.88260723985495,256,256,29,17,6.9628705774516515,0.112445628460899,8.995825113887565e-08,,2901,patient_transfer,2
TNBC,patient17_window2,mean,KMM + dependence,0.08189045895604727,0.046740486254722075,0.035149972701325194,1,0.08660767313333904,29.852588790060185,29.852588790060185,10.0,2195.32049501242,0.84375,0.0625,0.02957904469765693,0.5523248249849584,92.88260723985495,256,256,29,17,6.9628705774516515,0.112445628460899,8.995825113887565e-08,,2901,patient_transfer,2
TNBC,patient17_window2,risk,Unweighted,0.029096742286022267,0.035390437714086995,0.006293695428064728,1,0.009912422907649425,256.0,256.0,1.0,256.0,0.0,0.0,0.112445628460899,0.7525737243288972,92.88260723985495,256,256,29,17,6.9628705774516515,0.112445628460899,8.995825113887565e-08,,2901,patient_transfer,2
TNBC,patient17_window2,risk,Logistic IW,0.04587530868346787,0.035390437714086995,0.010484870969380874,1,0.051616421503498086,17.683000753541172,17.683000753541172,6.237953073518156,81.20954198333723,0.0,0.0,0.06303957309499642,0.3040360036480201,92.88260723985495,256,256,29,17,6.9628705774516515,0.112445628460899,8.995825113887565e-08,,2901,patient_transfer,2
TNBC,patient17_window2,risk,KMM,0.050725775399378004,0.035390437714086995,0.015335337685291009,1,0.05658692555494628,29.852588790060185,29.852588790060185,10.0,2195.32049501242,0.84375,0.0625,0.02957904469765693,0.36478083978502784,92.88260723985495,256,256,29,17,6.9628705774516515,0.112445628460899,8.995825113887565e-08,,2901,patient_transfer,2
TNBC,patient17_window2,risk,KMM + dependence,0.050725775399378004,0.035390437714086995,0.015335337685291009,1,0.05658692555494628,29.852588790060185,29.852588790060185,10.0,2195.32049501242,0.84375,0.0625,0.02957904469765693,0.36478083978502784,92.88260723985495,256,256,29,17,6.9628705774516515,0.112445628460899,8.995825113887565e-08,,2901,patient_transfer,2
TNBC,patient29_window0,mean,Unweighted,0.0723715445496693,0.02492947980202844,0.047442064747640865,0,0.02572566072862255,256.0,256.0,1.0,256.0,0.0,0.0,0.15153429033647248,1.6280810082299388,107.29527948859226,256,256,31,29,5.948177578443425,0.15153429033647248,9.477359124679714e-08,,2751,patient_transfer,0
TNBC,patient29_window0,mean,Logistic IW,0.01109799333747743,0.02492947980202844,0.013831486464551011,0,0.012723419785995534,14.042971383625904,14.042971383625904,2.5833198059896647,17.327795701384325,0.0,0.0,0.06663812385482548,0.7940053789862979,107.29527948859226,256,256,31,29,5.948177578443425,0.15153429033647248,9.477359124679714e-08,,2751,patient_transfer,0
TNBC,patient29_window0,mean,KMM,0.0038457558569115788,0.02492947980202844,0.021083723945116862,0,0.005522998288736529,30.70133136525726,30.70133136525726,10.0,2134.630554626823,0.8359375,0.0625,0.04197085241066878,0.5243470547198535,107.29527948859226,256,256,31,29,5.948177578443425,0.15153429033647248,9.477359124679714e-08,,2751,patient_transfer,0
TNBC,patient29_window0,mean,KMM + dependence,0.0038457558569115788,0.02492947980202844,0.021083723945116862,0,0.005522998288736529,30.70133136525726,30.70133136525726,10.0,2134.630554626823,0.8359375,0.0625,0.04197085241066878,0.5243470547198535,107.29527948859226,256,256,31,29,5.948177578443425,0.15153429033647248,9.477359124679714e-08,,2751,patient_transfer,0
TNBC,patient29_window0,risk,Unweighted,0.04709878030901478,0.01693600855571415,0.030162771753300628,0,0.014564826482692545,256.0,256.0,1.0,256.0,0.0,0.0,0.15153429033647248,1.3880844314646124,107.29527948859226,256,256,31,29,5.948177578443425,0.15153429033647248,9.477359124679714e-08,,2751,patient_transfer,0
TNBC,patient29_window0,risk,Logistic IW,0.01075873794962169,0.01693600855571415,0.006177270606092461,0,0.005298354131189732,14.042971383625904,14.042971383625904,2.5833198059896647,17.327795701384325,0.0,0.0,0.06663812385482548,1.267511077229779,107.29527948859226,256,256,31,29,5.948177578443425,0.15153429033647248,9.477359124679714e-08,,2751,patient_transfer,0
TNBC,patient29_window0,risk,KMM,0.011838042277551109,0.01693600855571415,0.005097966278163042,1,0.005261574266264061,30.70133136525726,30.70133136525726,10.0,2134.630554626823,0.8359375,0.0625,0.04197085241066878,1.578050221612837,107.29527948859226,256,256,31,29,5.948177578443425,0.15153429033647248,9.477359124679714e-08,,2751,patient_transfer,0
TNBC,patient29_window0,risk,KMM + dependence,0.011838042277551109,0.01693600855571415,0.005097966278163042,1,0.006609614266786411,30.70133136525726,19.455230856898297,10.0,2134.630554626823,0.8359375,0.0625,0.04197085241066878,1.578050221612837,107.29527948859226,256,256,31,29,5.948177578443425,0.15153429033647248,9.477359124679714e-08,,2751,patient_transfer,0
TNBC,patient29_window1,mean,Unweighted,0.07367703580757361,0.053608551761297495,0.020068484046276112,1,0.028214448050991586,256.0,256.0,1.0,256.0,0.0,0.0,0.16027960385813578,1.4435632885817908,100.76344313792902,256,256,31,29,6.4166009042547305,0.16027960385813578,9.99704024290406e-08,,3101,patient_transfer,1
TNBC,patient29_window1,mean,Logistic IW,0.05970139711738569,0.053608551761297495,0.006092845356088193,1,0.08635837828796808,17.1065498135912,17.1065498135912,2.5581738691736082,13.327910666677745,0.0,0.0,0.08556607852187437,0.8708847358400698,100.76344313792902,256,256,31,29,6.4166009042547305,0.16027960385813578,9.99704024290406e-08,,3101,patient_transfer,1
TNBC,patient29_window1,mean,KMM,0.0695973259649976,0.053608551761297495,0.015988774203700103,1,0.08924230435722641,29.6333467661198,29.6333467661198,10.0,2211.562552054659,0.84375,0.05859375,0.05553446633502945,0.49236413511103166,100.76344313792902,256,256,31,29,6.4166009042547305,0.16027960385813578,9.99704024290406e-08,,3101,patient_transfer,1
TNBC,patient29_window1,mean,KMM + dependence,0.0695973259649976,0.053608551761297495,0.015988774203700103,1,0.08924230435722641,29.6333467661198,29.6333467661198,10.0,2211.562552054659,0.84375,0.05859375,0.05553446633502945,0.49236413511103166,100.76344313792902,256,256,31,29,6.4166009042547305,0.16027960385813578,9.99704024290406e-08,,3101,patient_transfer,1
TNBC,patient29_window1,risk,Unweighted,0.05531923497853268,0.024337048839684527,0.030982186138848154,0,0.015603159762903343,256.0,256.0,1.0,256.0,0.0,0.0,0.16027960385813578,1.0906125235171809,100.76344313792902,256,256,31,29,6.4166009042547305,0.16027960385813578,9.99704024290406e-08,,3101,patient_transfer,1
TNBC,patient29_window1,risk,Logistic IW,0.04581372161327581,0.024337048839684527,0.02147667277359128,1,0.05162335370284548,17.1065498135912,17.1065498135912,2.5581738691736082,13.327910666677745,0.0,0.0,0.08556607852187437,0.9589325392516655,100.76344313792902,256,256,31,29,6.4166009042547305,0.16027960385813578,9.99704024290406e-08,,3101,patient_transfer,1
TNBC,patient29_window1,risk,KMM,0.05321670850311768,0.024337048839684527,0.028879659663433154,1,0.05005139869515874,29.6333467661198,29.6333467661198,10.0,2211.562552054659,0.84375,0.05859375,0.05553446633502945,0.6863612665378539,100.76344313792902,256,256,31,29,6.4166009042547305,0.16027960385813578,9.99704024290406e-08,,3101,patient_transfer,1
TNBC,patient29_window1,risk,KMM + dependence,0.05321670850311768,0.024337048839684527,0.028879659663433154,1,0.05005139869515874,29.6333467661198,29.633346766119796,10.0,2211.562552054659,0.84375,0.05859375,0.05553446633502945,0.6863612665378539,100.76344313792902,256,256,31,29,6.4166009042547305,0.16027960385813578,9.99704024290406e-08,,3101,patient_transfer,1
TNBC,patient29_window2,mean,Unweighted,0.0913764120079174,0.05396246726759294,0.037413944740324466,0,0.02998109573015104,256.0,256.0,1.0,256.0,0.0,0.0,0.13293405035491057,3.5969233058096055,95.28154402146549,256,256,31,29,6.208184174639349,0.13293405035491057,9.990534179058024e-08,,2701,patient_transfer,2
TNBC,patient29_window2,mean,Logistic IW,0.023513315925231006,0.05396246726759294,0.030449151342361935,0,0.02695058485585177,12.649665387665104,12.649665387665104,3.982270836382687,42.692940214798526,0.0,0.0,0.09760787153321404,0.8557989490408218,95.28154402146549,256,256,31,29,6.208184174639349,0.13293405035491057,9.990534179058024e-08,,2701,patient_transfer,2
TNBC,patient29_window2,mean,KMM,0.10893357377996263,0.05396246726759294,0.05497110651236969,1,0.10267925198275436,30.198202462061577,30.198202462061577,10.0,2170.1953976344194,0.8515625,0.0546875,0.0428046001971194,0.8977808002882756,95.28154402146549,256,256,31,29,6.208184174639349,0.13293405035491057,9.990534179058024e-08,,2701,patient_transfer,2
TNBC,patient29_window2,mean,KMM + dependence,0.10893357377996263,0.05396246726759294,0.05497110651236969,1,0.10267925198275436,30.198202462061577,30.19820246206158,10.0,2170.1953976344194,0.8515625,0.0546875,0.0428046001971194,0.8977808002882756,95.28154402146549,256,256,31,29,6.208184174639349,0.13293405035491057,9.990534179058024e-08,,2701,patient_transfer,2
TNBC,patient29_window2,risk,Unweighted,0.06017108201751553,0.02909674228602227,0.03107433973149326,0,0.020518630908634008,256.0,256.0,1.0,256.0,0.0,0.0,0.13293405035491057,2.8865282856220698,95.28154402146549,256,256,31,29,6.208184174639349,0.13293405035491057,9.990534179058024e-08,,2701,patient_transfer,2
TNBC,patient29_window2,risk,Logistic IW,0.019185555650852098,0.02909674228602227,0.009911186635170172,1,0.01953606492127651,12.649665387665104,12.649665387665104,3.982270836382687,42.692940214798526,0.0,0.0,0.09760787153321404,0.8833270147374995,95.28154402146549,256,256,31,29,6.208184174639349,0.13293405035491057,9.990534179058024e-08,,2701,patient_transfer,2
TNBC,patient29_window2,risk,KMM,0.07934860199234126,0.02909674228602227,0.050251859706318985,1,0.08194157015492029,30.198202462061577,30.198202462061577,10.0,2170.1953976344194,0.8515625,0.0546875,0.0428046001971194,0.7441074458037431,95.28154402146549,256,256,31,29,6.208184174639349,0.13293405035491057,9.990534179058024e-08,,2701,patient_transfer,2
TNBC,patient29_window2,risk,KMM + dependence,0.07934860199234126,0.02909674228602227,0.050251859706318985,1,0.08194157015492029,30.198202462061577,30.198202462061577,10.0,2170.1953976344194,0.8515625,0.0546875,0.0428046001971194,0.7441074458037431,95.28154402146549,256,256,31,29,6.208184174639349,0.13293405035491057,9.990534179058024e-08,,2701,patient_transfer,2
TNBC,patient31_window0,mean,Unweighted,0.0035948627093660896,0.0723715445496693,0.06877668184030322,0,0.003401654087274164,256.0,256.0,1.0,256.0,0.0,0.0,0.24604182743167424,1.7753857543982665,93.4250890512393,256,256,39,31,7.247720849945457,0.24604182743167424,9.885884907150859e-08,,1751,patient_transfer,0
TNBC,patient31_window0,mean,Logistic IW,0.010125621689717073,0.0723715445496693,0.06224592285995223,0,0.0148080260370807,16.63426043056558,16.63426043056558,0.48041794301515456,0.3687996063700818,0.0,0.0,0.1491458592019712,1.1605449205316958,93.4250890512393,256,256,39,31,7.247720849945457,0.24604182743167424,9.885884907150859e-08,,1751,patient_transfer,0
TNBC,patient31_window0,mean,KMM,0.01448986265203143,0.0723715445496693,0.05788168189763788,0,0.023422833809183936,29.71005106768757,29.71005106768757,10.0,2205.8528223559815,0.859375,0.06640625,0.12387463401351306,0.6880446039956205,93.4250890512393,256,256,39,31,7.247720849945457,0.24604182743167424,9.885884907150859e-08,,1751,patient_transfer,0
TNBC,patient31_window0,mean,KMM + dependence,0.01448986265203143,0.0723715445496693,0.05788168189763788,0,0.023422833809183936,29.71005106768757,29.71005106768757,10.0,2205.8528223559815,0.859375,0.06640625,0.12387463401351306,0.6880446039956205,93.4250890512393,256,256,39,31,7.247720849945457,0.24604182743167424,9.885884907150859e-08,,1751,patient_transfer,0
TNBC,patient31_window0,risk,Unweighted,0.002408390663018813,0.04709878030901478,0.04469038964599597,0,0.0008814390290695862,256.0,256.0,1.0,256.0,0.0,0.0,0.24604182743167424,4.362994830927079,93.4250890512393,256,256,39,31,7.247720849945457,0.24604182743167424,9.885884907150859e-08,,1751,patient_transfer,0
TNBC,patient31_window0,risk,Logistic IW,0.0036084916753201294,0.04709878030901478,0.04349028863369465,0,0.0034908943028105137,16.63426043056558,16.63426043056558,0.48041794301515456,0.3687996063700818,0.0,0.0,0.1491458592019712,1.224639623386285,93.4250890512393,256,256,39,31,7.247720849945457,0.24604182743167424,9.885884907150859e-08,,1751,patient_transfer,0
TNBC,patient31_window0,risk,KMM,0.005554792679111325,0.04709878030901478,0.04154398762990345,0,0.005323071961802915,29.71005106768757,29.71005106768757,10.0,2205.8528223559815,0.859375,0.06640625,0.12387463401351306,0.7684949008795302,93.4250890512393,256,256,39,31,7.247720849945457,0.24604182743167424,9.885884907150859e-08,,1751,patient_transfer,0
TNBC,patient31_window0,risk,KMM + dependence,0.005554792679111325,0.04709878030901478,0.04154398762990345,0,0.005323071961802915,29.71005106768757,29.71005106768757,10.0,2205.8528223559815,0.859375,0.06640625,0.12387463401351306,0.7684949008795302,93.4250890512393,256,256,39,31,7.247720849945457,0.24604182743167424,9.885884907150859e-08,,1751,patient_transfer,0
TNBC,patient31_window1,mean,Unweighted,0.08115750120384338,0.07367703580757361,0.007480465396269773,1,0.028556985865365942,256.0,256.0,1.0,256.0,0.0,0.0,0.21251386818334228,1.852737468623588,92.74562677081943,256,256,39,31,6.625790913396964,0.21251386818334228,8.478870983112716e-08,,2951,patient_transfer,1
TNBC,patient31_window1,mean,Logistic IW,0.0427683446198909,0.07367703580757361,0.030908691187682705,1,0.03108225405760939,17.764191758173684,17.764191758173684,0.6642294518731415,0.7583571135787225,0.0,0.0,0.13218003237975218,1.866252964600362,92.74562677081943,256,256,39,31,6.625790913396964,0.21251386818334228,8.478870983112716e-08,,2951,patient_transfer,1
TNBC,patient31_window1,mean,KMM,0.0689394537639646,0.07367703580757361,0.004737582043609009,1,0.06853629990797358,30.55877666748228,30.55877666748228,10.0,2144.5884667803107,0.8515625,0.0625,0.11403788109443092,1.8484727454495575,92.74562677081943,256,256,39,31,6.625790913396964,0.21251386818334228,8.478870983112716e-08,,2951,patient_transfer,1
TNBC,patient31_window1,mean,KMM + dependence,0.0689394537639646,0.07367703580757361,0.004737582043609009,1,0.09318095992230893,30.55877666748228,16.531905456929113,10.0,2144.5884667803107,0.8515625,0.0625,0.11403788109443092,1.8484727454495575,92.74562677081943,256,256,39,31,6.625790913396964,0.21251386818334228,8.478870983112716e-08,,2951,patient_transfer,1
TNBC,patient31_window1,risk,Unweighted,0.049132455744833,0.05531923497853268,0.006186779233699681,1,0.02017368512456319,256.0,256.0,1.0,256.0,0.0,0.0,0.21251386818334228,1.5849989384845895,92.74562677081943,256,256,39,31,6.625790913396964,0.21251386818334228,8.478870983112716e-08,,2951,patient_transfer,1
TNBC,patient31_window1,risk,Logistic IW,0.02220206763975072,0.05531923497853268,0.033117167338781964,0,0.01428644715990528,17.764191758173684,17.764191758173684,0.6642294518731415,0.7583571135787225,0.0,0.0,0.13218003237975218,1.9610035367088952,92.74562677081943,256,256,39,31,6.625790913396964,0.21251386818334228,8.478870983112716e-08,,2951,patient_transfer,1
TNBC,patient31_window1,risk,KMM,0.036644595723339835,0.05531923497853268,0.018674639255192846,1,0.04234591591584553,30.55877666748228,30.55877666748228,10.0,2144.5884667803107,0.8515625,0.0625,0.11403788109443092,2.0498871586815963,92.74562677081943,256,256,39,31,6.625790913396964,0.21251386818334228,8.478870983112716e-08,,2951,patient_transfer,1
TNBC,patient31_window1,risk,KMM + dependence,0.036644595723339835,0.05531923497853268,0.018674639255192846,1,0.06062845598256836,30.55877666748228,14.907540904415654,10.0,2144.5884667803107,0.8515625,0.0625,0.11403788109443092,2.0498871586815963,92.74562677081943,256,256,39,31,6.625790913396964,0.21251386818334228,8.478870983112716e-08,,2951,patient_transfer,1
TNBC,patient31_window2,mean,Unweighted,0.008409114027294587,0.09137641200791739,0.0829672979806228,0,0.006741180183250408,256.0,256.0,1.0,256.0,0.0,0.0,0.2605502101357977,1.9647332284347163,91.69871410542879,256,256,39,31,7.387474764011236,0.2605502101357977,8.81624011317804e-08,,2251,patient_transfer,2
TNBC,patient31_window2,mean,Logistic IW,0.02045600745479305,0.09137641200791739,0.07092040455312434,0,0.021961005416677296,20.135707863071843,20.135707863071843,0.3944781942502484,0.3714426678306264,0.0,0.0,0.16863103113474587,1.2440008070068655,91.69871410542879,256,256,39,31,7.387474764011236,0.2605502101357977,8.81624011317804e-08,,2251,patient_transfer,2
TNBC,patient31_window2,mean,KMM,0.024995497252624323,0.09137641200791739,0.06638091475529306,0,0.04802716596620382,28.245573531518225,28.245573531518225,10.0,2320.2219606859853,0.86328125,0.0703125,0.13715258034592925,0.5286541264426075,91.69871410542879,256,256,39,31,7.387474764011236,0.2605502101357977,8.81624011317804e-08,,2251,patient_transfer,2
TNBC,patient31_window2,mean,KMM + dependence,0.024995497252624323,0.09137641200791739,0.06638091475529306,0,0.04802716596620382,28.245573531518225,28.245573531518225,10.0,2320.2219606859853,0.86328125,0.0703125,0.13715258034592925,0.5286541264426075,91.69871410542879,256,256,39,31,7.387474764011236,0.2605502101357977,8.81624011317804e-08,,2251,patient_transfer,2
TNBC,patient31_window2,risk,Unweighted,0.00316848363977516,0.06017108201751554,0.057002598377740375,0,0.002769229683994158,256.0,256.0,1.0,256.0,0.0,0.0,0.2605502101357977,1.5366149196459418,91.69871410542879,256,256,39,31,7.387474764011236,0.2605502101357977,8.81624011317804e-08,,2251,patient_transfer,2
TNBC,patient31_window2,risk,Logistic IW,0.007489785488974561,0.06017108201751554,0.05268129652854098,0,0.009752704555459587,20.135707863071843,20.135707863071843,0.3944781942502484,0.3714426678306264,0.0,0.0,0.16863103113474587,0.9641705991921358,91.69871410542879,256,256,39,31,7.387474764011236,0.2605502101357977,8.81624011317804e-08,,2251,patient_transfer,2
TNBC,patient31_window2,risk,KMM,0.014691585549301753,0.06017108201751554,0.04547949646821378,0,0.024858940326909783,28.245573531518225,28.245573531518225,10.0,2320.2219606859853,0.86328125,0.0703125,0.13715258034592925,0.5583727775585908,91.69871410542879,256,256,39,31,7.387474764011236,0.2605502101357977,8.81624011317804e-08,,2251,patient_transfer,2
TNBC,patient31_window2,risk,KMM + dependence,0.014691585549301753,0.06017108201751554,0.04547949646821378,0,0.024858940326909783,28.245573531518225,28.24557353151822,10.0,2320.2219606859853,0.86328125,0.0703125,0.13715258034592925,0.5583727775585908,91.69871410542879,256,256,39,31,7.387474764011236,0.2605502101357977,8.81624011317804e-08,,2251,patient_transfer,2
TNBC,patient39_window0,mean,Unweighted,0.0,0.00359486270936609,0.00359486270936609,0,0.0,256.0,256.0,1.0,256.0,0.0,0.0,0.21745061512362507,0.0,101.70249173021918,256,256,34,39,7.0990063852662475,0.21745061512362507,9.776729551036812e-08,,2951,patient_transfer,0
TNBC,patient39_window0,mean,Logistic IW,0.0,0.00359486270936609,0.00359486270936609,0,0.0,36.39809861118109,36.39809861118109,0.6236073569205671,1.2101270889616367,0.0,0.0,0.18695364931180447,0.0,101.70249173021918,256,256,34,39,7.0990063852662475,0.21745061512362507,9.776729551036812e-08,,2951,patient_transfer,0
TNBC,patient39_window0,mean,KMM,0.0,0.00359486270936609,0.00359486270936609,0,0.0,29.16832113968526,29.16832113968526,10.0,2246.821120974123,0.87109375,0.06640625,0.11048993692933706,0.0,101.70249173021918,256,256,34,39,7.0990063852662475,0.21745061512362507,9.776729551036812e-08,,2951,patient_transfer,0
TNBC,patient39_window0,mean,KMM + dependence,0.0,0.00359486270936609,0.00359486270936609,0,0.0,29.16832113968526,1.0,10.0,2246.821120974123,0.87109375,0.06640625,0.11048993692933706,0.0,101.70249173021918,256,256,34,39,7.0990063852662475,0.21745061512362507,9.776729551036812e-08,,2951,patient_transfer,0
TNBC,patient39_window0,risk,Unweighted,0.00045484375199332625,0.0024083906630188133,0.0019535469110254873,0,0.00014696672732297325,256.0,256.0,1.0,256.0,0.0,0.0,0.21745061512362507,6.017287970143891,101.70249173021918,256,256,34,39,7.0990063852662475,0.21745061512362507,9.776729551036812e-08,,2951,patient_transfer,0
TNBC,patient39_window0,risk,Logistic IW,0.00012562292882947648,0.0024083906630188133,0.0022827677341893367,0,8.309167700364471e-05,36.39809861118109,36.39809861118109,0.6236073569205671,1.2101270889616367,0.0,0.0,0.18695364931180447,2.3756653030296566,101.70249173021918,256,256,34,39,7.0990063852662475,0.21745061512362507,9.776729551036812e-08,,2951,patient_transfer,0
TNBC,patient39_window0,risk,KMM,0.0005269245873169274,0.0024083906630188133,0.0018814660757018858,0,0.0005199802934677334,29.16832113968526,29.16832113968526,10.0,2246.821120974123,0.87109375,0.06640625,0.11048993692933706,1.68069259771342,101.70249173021918,256,256,34,39,7.0990063852662475,0.21745061512362507,9.776729551036812e-08,,2951,patient_transfer,0
TNBC,patient39_window0,risk,KMM + dependence,0.0005269245873169274,0.0024083906630188133,0.0018814660757018858,0,0.0006741104016602754,29.16832113968526,17.35494115900119,10.0,2246.821120974123,0.87109375,0.06640625,0.11048993692933706,1.68069259771342,101.70249173021918,256,256,34,39,7.0990063852662475,0.21745061512362507,9.776729551036812e-08,,2951,patient_transfer,0
TNBC,patient39_window1,mean,Unweighted,0.0,0.08115750120384338,0.08115750120384338,0,0.0,256.0,256.0,1.0,256.0,0.0,0.0,0.2376351031461612,0.0,100.2478709520723,256,256,34,39,6.1927159050900205,0.2376351031461612,8.986675727858383e-08,,2301,patient_transfer,1
TNBC,patient39_window1,mean,Logistic IW,0.0,0.08115750120384338,0.08115750120384338,0,0.0,28.15221066100376,28.15221066100376,0.38817167088221416,0.5354690237311047,0.0,0.0,0.1380688568281483,0.0,100.2478709520723,256,256,34,39,6.1927159050900205,0.2376351031461612,8.986675727858383e-08,,2301,patient_transfer,1
TNBC,patient39_window1,mean,KMM,0.0,0.08115750120384338,0.08115750120384338,0,0.0,28.78277229752485,28.78277229752485,10.0,2276.9175714750118,0.87109375,0.06640625,0.10498526518630613,0.0,100.2478709520723,256,256,34,39,6.1927159050900205,0.2376351031461612,8.986675727858383e-08,,2301,patient_transfer,1
TNBC,patient39_window1,mean,KMM + dependence,0.0,0.08115750120384338,0.08115750120384338,0,0.0,28.78277229752485,1.0,10.0,2276.9175714750118,0.87109375,0.06640625,0.10498526518630613,0.0,100.2478709520723,256,256,34,39,6.1927159050900205,0.2376351031461612,8.986675727858383e-08,,2301,patient_transfer,1
TNBC,patient39_window1,risk,Unweighted,0.001946842039420501,0.049132455744833006,0.04718561370541251,0,0.0003743388674589664,256.0,256.0,1.0,256.0,0.0,0.0,0.2376351031461612,5.969786305039842,100.2478709520723,256,256,34,39,6.1927159050900205,0.2376351031461612,8.986675727858383e-08,,2301,patient_transfer,1
TNBC,patient39_window1,risk,Logistic IW,0.002151058792935733,0.049132455744833006,0.04698139695189727,0,0.0025695956757221337,28.15221066100376,28.15221066100376,0.38817167088221416,0.5354690237311047,0.0,0.0,0.1380688568281483,1.5100836570381584,100.2478709520723,256,256,34,39,6.1927159050900205,0.2376351031461612,8.986675727858383e-08,,2301,patient_transfer,1
TNBC,patient39_window1,risk,KMM,0.002426557260025072,0.049132455744833006,0.04670589848480793,0,0.001888015183121078,28.78277229752485,28.78277229752485,10.0,2276.9175714750118,0.87109375,0.06640625,0.10498526518630613,1.8669503793007705,100.2478709520723,256,256,34,39,6.1927159050900205,0.2376351031461612,8.986675727858383e-08,,2301,patient_transfer,1
TNBC,patient39_window1,risk,KMM + dependence,0.002426557260025072,0.049132455744833006,0.04670589848480793,0,0.0025797158386662187,28.78277229752485,15.41699908934102,10.0,2276.9175714750118,0.87109375,0.06640625,0.10498526518630613,1.8669503793007705,100.2478709520723,256,256,34,39,6.1927159050900205,0.2376351031461612,8.986675727858383e-08,,2301,patient_transfer,1
TNBC,patient39_window2,mean,Unweighted,0.0,0.008409114027294586,0.008409114027294586,0,0.0,256.0,256.0,1.0,256.0,0.0,0.0,0.19245409602897867,0.0,94.46826579917368,256,256,34,39,6.713391616384692,0.19245409602897867,6.47828883418591e-08,,2751,patient_transfer,2
TNBC,patient39_window2,mean,Logistic IW,0.0,0.008409114027294586,0.008409114027294586,0,0.0,40.48409995176767,40.48409995176767,0.28199420830041366,0.263950095447401,0.0,0.0,0.1350692189550844,0.0,94.46826579917368,256,256,34,39,6.713391616384692,0.19245409602897867,6.47828883418591e-08,,2751,patient_transfer,2
TNBC,patient39_window2,mean,KMM,0.0,0.008409114027294586,0.008409114027294586,0,0.0,28.889940392456314,28.889940392456314,10.0,2268.471277881732,0.87109375,0.0625,0.08777704960606769,0.0,94.46826579917368,256,256,34,39,6.713391616384692,0.19245409602897867,6.47828883418591e-08,,2751,patient_transfer,2
TNBC,patient39_window2,mean,KMM + dependence,0.0,0.008409114027294586,0.008409114027294586,0,0.0,28.889940392456314,1.0,10.0,2268.471277881732,0.87109375,0.0625,0.08777704960606769,0.0,94.46826579917368,256,256,34,39,6.713391616384692,0.19245409602897867,6.47828883418591e-08,,2751,patient_transfer,2
TNBC,patient39_window2,risk,Unweighted,0.0013037154961522029,0.0031684836397751605,0.0018647681436229576,0,0.0002363300968689516,256.0,256.0,1.0,256.0,0.0,0.0,0.19245409602897867,4.396263606494043,94.46826579917368,256,256,34,39,6.713391616384692,0.19245409602897867,6.47828883418591e-08,,2751,patient_transfer,2
TNBC,patient39_window2,risk,Logistic IW,0.0005730115563691657,0.0031684836397751605,0.002595472083405995,0,0.0003314075974893275,40.48409995176767,40.48409995176767,0.28199420830041366,0.263950095447401,0.0,0.0,0.1350692189550844,1.0315220017760842,94.46826579917368,256,256,34,39,6.713391616384692,0.19245409602897867,6.47828883418591e-08,,2751,patient_transfer,2
TNBC,patient39_window2,risk,KMM,0.0008207283929215906,0.0031684836397751605,0.0023477552468535697,0,0.0005774823096491543,28.889940392456314,28.889940392456314,10.0,2268.471277881732,0.87109375,0.0625,0.08777704960606769,0.7719689651802644,94.46826579917368,256,256,34,39,6.713391616384692,0.19245409602897867,6.47828883418591e-08,,2751,patient_transfer,2
TNBC,patient39_window2,risk,KMM + dependence,0.0008207283929215906,0.0031684836397751605,0.0023477552468535697,0,0.0005774823096491543,28.889940392456314,28.889940392456314,10.0,2268.471277881732,0.87109375,0.0625,0.08777704960606769,0.7719689651802644,94.46826579917368,256,256,34,39,6.713391616384692,0.19245409602897867,6.47828883418591e-08,,2751,patient_transfer,2
TNBC,patient34_window0,mean,Unweighted,0.005764858133128279,0.0,0.005764858133128279,0,0.0048268674939565,256.0,256.0,1.0,256.0,0.0,0.0,0.24005397714010335,0.6493353595367013,96.59821196231536,256,256,23,34,6.038391753763632,0.24005397714010335,7.999094155978959e-08,,2651,patient_transfer,0
TNBC,patient34_window0,mean,Logistic IW,3.833983534078888e-05,0.0,3.833983534078888e-05,1,6.005676813418411e-05,2.9256677049175557,2.9256677049175557,5.303389487065982,30.19633586223705,0.0,0.0,0.08843772655843085,1.4209437481619664,96.59821196231536,256,256,23,34,6.038391753763632,0.24005397714010335,7.999094155978959e-08,,2651,patient_transfer,0
TNBC,patient34_window0,mean,KMM,0.0,0.0,0.0,1,0.0,30.450629898548687,30.450629898548687,10.0,2152.2050682808194,0.859375,0.05859375,0.08438927172378019,0.0,96.59821196231536,256,256,23,34,6.038391753763632,0.24005397714010335,7.999094155978959e-08,,2651,patient_transfer,0
TNBC,patient34_window0,mean,KMM + dependence,0.0,0.0,0.0,1,0.0,30.450629898548687,1.0,10.0,2152.2050682808194,0.859375,0.05859375,0.08438927172378019,0.0,96.59821196231536,256,256,23,34,6.038391753763632,0.24005397714010335,7.999094155978959e-08,,2651,patient_transfer,0
TNBC,patient34_window0,risk,Unweighted,0.010214441594220532,0.00045484375199332625,0.009759597842227205,0,0.002012177158998236,256.0,256.0,1.0,256.0,0.0,0.0,0.24005397714010335,1.6039094931890572,96.59821196231536,256,256,23,34,6.038391753763632,0.24005397714010335,7.999094155978959e-08,,2651,patient_transfer,0
TNBC,patient34_window0,risk,Logistic IW,0.0004803426591095611,0.00045484375199332625,2.5498907116234875e-05,1,0.0005354732582230831,2.9256677049175557,2.9256677049175557,5.303389487065982,30.19633586223705,0.0,0.0,0.08843772655843085,0.5492659295372537,96.59821196231536,256,256,23,34,6.038391753763632,0.24005397714010335,7.999094155978959e-08,,2651,patient_transfer,0
TNBC,patient34_window0,risk,KMM,0.00424836709062132,0.00045484375199332625,0.0037935233386279937,0,0.003553954863389879,30.450629898548687,30.450629898548687,10.0,2152.2050682808194,0.859375,0.05859375,0.08438927172378019,0.6961203538348684,96.59821196231536,256,256,23,34,6.038391753763632,0.24005397714010335,7.999094155978959e-08,,2651,patient_transfer,0
TNBC,patient34_window0,risk,KMM + dependence,0.00424836709062132,0.00045484375199332625,0.0037935233386279937,0,0.003553954863389879,30.450629898548687,30.450629898548687,10.0,2152.2050682808194,0.859375,0.05859375,0.08438927172378019,0.6961203538348684,96.59821196231536,256,256,23,34,6.038391753763632,0.24005397714010335,7.999094155978959e-08,,2651,patient_transfer,0
TNBC,patient34_window1,mean,Unweighted,0.017922301565322974,0.0,0.017922301565322974,0,0.011424954158941718,256.0,256.0,1.0,256.0,0.0,0.0,0.2385716837014762,1.2362643352012277,91.28420639113664,256,256,23,34,6.204119845097374,0.2385716837014762,8.988149994961281e-08,,1851,patient_transfer,1
TNBC,patient34_window1,mean,Logistic IW,0.001735295220582515,0.0,0.001735295220582515,0,0.0016250988515995376,13.41820258592003,13.41820258592003,0.6218650551729564,0.8100017441327801,0.0,0.0,0.12395951128718141,1.874571935565587,91.28420639113664,256,256,23,34,6.204119845097374,0.2385716837014762,8.988149994961281e-08,,1851,patient_transfer,1
TNBC,patient34_window1,mean,KMM,0.0,0.0,0.0,1,0.0,28.611299543280523,28.611299543280523,10.0,2290.5635551737573,0.859375,0.0703125,0.10371937950727594,0.0,91.28420639113664,256,256,23,34,6.204119845097374,0.2385716837014762,8.988149994961281e-08,,1851,patient_transfer,1
TNBC,patient34_window1,mean,KMM + dependence,0.0,0.0,0.0,1,0.0,28.611299543280523,1.0,10.0,2290.5635551737573,0.859375,0.0703125,0.10371937950727594,0.0,91.28420639113664,256,256,23,34,6.204119845097374,0.2385716837014762,8.988149994961281e-08,,1851,patient_transfer,1
TNBC,patient34_window1,risk,Unweighted,0.013107877905670164,0.001946842039420501,0.011161035866249664,0,0.007071894988753558,256.0,256.0,1.0,256.0,0.0,0.0,0.2385716837014762,0.633891357718746,91.28420639113664,256,256,23,34,6.204119845097374,0.2385716837014762,8.988149994961281e-08,,1851,patient_transfer,1
TNBC,patient34_window1,risk,Logistic IW,0.0022848592161954506,0.001946842039420501,0.00033801717677494963,1,0.0014828446647615655,13.41820258592003,13.41820258592003,0.6218650551729564,0.8100017441327801,0.0,0.0,0.12395951128718141,1.1118923911315486,91.28420639113664,256,256,23,34,6.204119845097374,0.2385716837014762,8.988149994961281e-08,,1851,patient_transfer,1
TNBC,patient34_window1,risk,KMM,0.0018147176942768899,0.001946842039420501,0.00013212434514361113,1,0.0011998370908643545,28.611299543280523,28.611299543280523,10.0,2290.5635551737573,0.859375,0.0703125,0.10371937950727594,0.45047233104649814,91.28420639113664,256,256,23,34,6.204119845097374,0.2385716837014762,8.988149994961281e-08,,1851,patient_transfer,1
TNBC,patient34_window1,risk,KMM + dependence,0.0018147176942768899,0.001946842039420501,0.00013212434514361113,1,0.0011998370908643545,28.611299543280523,28.611299543280523,10.0,2290.5635551737573,0.859375,0.0703125,0.10371937950727594,0.45047233104649814,91.28420639113664,256,256,23,34,6.204119845097374,0.2385716837014762,8.988149994961281e-08,,1851,patient_transfer,1
TNBC,patient34_window2,mean,Unweighted,0.027877232971915935,0.0,0.027877232971915935,0,0.013610935227476561,256.0,256.0,1.0,256.0,0.0,0.0,0.23093746653285785,2.7382011546333302,90.82450294739878,256,256,23,34,6.373809748332144,0.23093746653285785,8.515735022809979e-08,,2651,patient_transfer,2
TNBC,patient34_window2,mean,Logistic IW,0.0051253841938673425,0.0,0.0051253841938673425,1,0.0075070780521818425,2.4332060619344342,2.4332060619344342,2.8831265269276365,8.45249131241198,0.0,0.0,0.20044381958394264,1.1706256214337014,90.82450294739878,256,256,23,34,6.373809748332144,0.23093746653285785,8.515735022809979e-08,,2651,patient_transfer,2
TNBC,patient34_window2,mean,KMM,0.01691956903341646,0.0,0.01691956903341646,1,0.03248906781867619,29.254796701944297,29.254796701944297,10.0,2240.1796419130287,0.859375,0.07421875,0.1266760876117229,0.6973617686291091,90.82450294739878,256,256,23,34,6.373809748332144,0.23093746653285785,8.515735022809979e-08,,2651,patient_transfer,2
TNBC,patient34_window2,mean,KMM + dependence,0.01691956903341646,0.0,0.01691956903341646,1,0.03248906781867619,29.254796701944297,29.254796701944297,10.0,2240.1796419130287,0.859375,0.07421875,0.1266760876117229,0.6973617686291091,90.82450294739878,256,256,23,34,6.373809748332144,0.23093746653285785,8.515735022809979e-08,,2651,patient_transfer,2
TNBC,patient34_window2,risk,Unweighted,0.014342158895573104,0.0013037154961522027,0.013038443399420901,0,0.006202976134537759,256.0,256.0,1.0,256.0,0.0,0.0,0.23093746653285785,1.7010778755048526,90.82450294739878,256,256,23,34,6.373809748332144,0.23093746653285785,8.515735022809979e-08,,2651,patient_transfer,2
TNBC,patient34_window2,risk,Logistic IW,0.00208819650211196,0.0013037154961522027,0.0007844810059597575,1,0.002976469686879327,2.4332060619344342,2.4332060619344342,2.8831265269276365,8.45249131241198,0.0,0.0,0.20044381958394264,1.0952871903367682,90.82450294739878,256,256,23,34,6.373809748332144,0.23093746653285785,8.515735022809979e-08,,2651,patient_transfer,2
TNBC,patient34_window2,risk,KMM,0.006900268286734227,0.0013037154961522027,0.005596552790582025,1,0.010914376823375111,29.254796701944297,29.254796701944297,10.0,2240.1796419130287,0.859375,0.07421875,0.1266760876117229,0.761894959664462,90.82450294739878,256,256,23,34,6.373809748332144,0.23093746653285785,8.515735022809979e-08,,2651,patient_transfer,2
TNBC,patient34_window2,risk,KMM + dependence,0.006900268286734227,0.0013037154961522027,0.005596552790582025,1,0.010914376823375111,29.254796701944297,29.254796701944297,10.0,2240.1796419130287,0.859375,0.07421875,0.1266760876117229,0.761894959664462,90.82450294739878,256,256,23,34,6.373809748332144,0.23093746653285785,8.515735022809979e-08,,2651,patient_transfer,2
TNBC,patient23_window0,mean,Unweighted,0.027421213877700735,0.0057648581331282795,0.021656355744572454,0,0.014555791560971214,256.0,256.0,1.0,256.0,0.0,0.0,0.24648175732733568,1.7271456545366706,95.16356204278743,256,256,14,23,5.61431092630407,0.24648175732733568,9.45542221647743e-08,,2001,patient_transfer,0
TNBC,patient23_window0,mean,Logistic IW,0.005002144921657803,0.0057648581331282795,0.0007627132114704765,1,0.0044085957204179444,40.634558228881225,40.634558228881225,0.11560317018736964,0.07798280740903002,0.0,0.0,0.17272330664207847,1.1578700047932478,95.16356204278743,256,256,14,23,5.61431092630407,0.24648175732733568,9.45542221647743e-08,,2001,patient_transfer,0
TNBC,patient23_window0,mean,KMM,0.0,0.0057648581331282795,0.0057648581331282795,0,0.0,31.346469147055526,31.346469147055526,10.0,2090.697988744825,0.828125,0.06640625,0.14972471724546044,0.0,95.16356204278743,256,256,14,23,5.61431092630407,0.24648175732733568,9.45542221647743e-08,,2001,patient_transfer,0
TNBC,patient23_window0,mean,KMM + dependence,0.0,0.0057648581331282795,0.0057648581331282795,0,0.0,31.346469147055526,1.0,10.0,2090.697988744825,0.828125,0.06640625,0.14972471724546044,0.0,95.16356204278743,256,256,14,23,5.61431092630407,0.24648175732733568,9.45542221647743e-08,,2001,patient_transfer,0
TNBC,patient23_window0,risk,Unweighted,0.03161415395119182,0.01021444159422053,0.021399712356971287,0,0.006776689701187652,256.0,256.0,1.0,256.0,0.0,0.0,0.24648175732733568,1.1759068149758836,95.16356204278743,256,256,14,23,5.61431092630407,0.24648175732733568,9.45542221647743e-08,,2001,patient_transfer,0
TNBC,patient23_window0,risk,Logistic IW,0.018749629509524933,0.01021444159422053,0.008535187915304403,0,0.0057466711822555866,40.634558228881225,40.634558228881225,0.11560317018736964,0.07798280740903002,0.0,0.0,0.17272330664207847,0.9961268938839073,95.16356204278743,256,256,14,23,5.61431092630407,0.24648175732733568,9.45542221647743e-08,,2001,patient_transfer,0
TNBC,patient23_window0,risk,KMM,0.015997708120423334,0.01021444159422053,0.005783266526202804,1,0.006738226191143474,31.346469147055526,31.346469147055526,10.0,2090.697988744825,0.828125,0.06640625,0.14972471724546044,1.1366511641510015,95.16356204278743,256,256,14,23,5.61431092630407,0.24648175732733568,9.45542221647743e-08,,2001,patient_transfer,0
TNBC,patient23_window0,risk,KMM + dependence,0.015997708120423334,0.01021444159422053,0.005783266526202804,1,0.007183881931052821,31.346469147055526,27.577914962563852,10.0,2090.697988744825,0.828125,0.06640625,0.14972471724546044,1.1366511641510015,95.16356204278743,256,256,14,23,5.61431092630407,0.24648175732733568,9.45542221647743e-08,,2001,patient_transfer,0
TNBC,patient23_window1,mean,Unweighted,0.03788616964229057,0.017922301565322974,0.019963868076967598,0,0.015830530347580973,256.0,256.0,1.0,256.0,0.0,0.0,0.21310010416725667,0.9638970622621791,88.99628164627899,256,256,14,23,6.119605087212923,0.21310010416725667,8.594141383737672e-08,,2201,patient_transfer,1
TNBC,patient23_window1,mean,Logistic IW,0.013333544930313166,0.017922301565322974,0.004588756635009808,1,0.011517840138287293,20.12891877460932,20.12891877460932,0.36470353828484,0.23061329463554883,0.0,0.0,0.16212537921979586,0.9322281359946984,88.99628164627899,256,256,14,23,6.119605087212923,0.21310010416725667,8.594141383737672e-08,,2201,patient_transfer,1
TNBC,patient23_window1,mean,KMM,0.019709830448597847,0.017922301565322974,0.0017875288832748734,1,0.03195826747157517,30.418363253242592,30.418363253242592,10.0,2154.4880457372064,0.8203125,0.07421875,0.13398027215400599,1.0460948258199498,88.99628164627899,256,256,14,23,6.119605087212923,0.21310010416725667,8.594141383737672e-08,,2201,patient_transfer,1
TNBC,patient23_window1,mean,KMM + dependence,0.019709830448597847,0.017922301565322974,0.0017875288832748734,1,0.03268652517278423,30.418363253242592,29.07801711895485,10.0,2154.4880457372064,0.8203125,0.07421875,0.13398027215400599,1.0460948258199498,88.99628164627899,256,256,14,23,6.119605087212923,0.21310010416725667,8.594141383737672e-08,,2201,patient_transfer,1
TNBC,patient23_window1,risk,Unweighted,0.02242392879625612,0.013107877905670164,0.009316050890585955,0,0.004800249332087849,256.0,256.0,1.0,256.0,0.0,0.0,0.21310010416725667,0.9892250029290642,88.99628164627899,256,256,14,23,6.119605087212923,0.21310010416725667,8.594141383737672e-08,,2201,patient_transfer,1
TNBC,patient23_window1,risk,Logistic IW,0.017219380876174202,0.013107877905670164,0.004111502970504038,1,0.008455096048060632,20.12891877460932,20.12891877460932,0.36470353828484,0.23061329463554883,0.0,0.0,0.16212537921979586,1.2328895191129563,88.99628164627899,256,256,14,23,6.119605087212923,0.21310010416725667,8.594141383737672e-08,,2201,patient_transfer,1
TNBC,patient23_window1,risk,KMM,0.02065176689952404,0.013107877905670164,0.007543888993853876,1,0.011134911838146497,30.418363253242592,30.418363253242592,10.0,2154.4880457372064,0.8203125,0.07421875,0.13398027215400599,0.8850744673561823,88.99628164627899,256,256,14,23,6.119605087212923,0.21310010416725667,8.594141383737672e-08,,2201,patient_transfer,1
TNBC,patient23_window1,risk,KMM + dependence,0.02065176689952404,0.013107877905670164,0.007543888993853876,1,0.011134911838146497,30.418363253242592,30.418363253242592,10.0,2154.4880457372064,0.8203125,0.07421875,0.13398027215400599,0.8850744673561823,88.99628164627899,256,256,14,23,6.119605087212923,0.21310010416725667,8.594141383737672e-08,,2201,patient_transfer,1
TNBC,patient23_window2,mean,Unweighted,0.05536184182898335,0.02787723297191594,0.02748460885706741,0,0.020474028412786078,256.0,256.0,1.0,256.0,0.0,0.0,0.199147639402804,4.354830260028749,81.8590626986108,256,256,14,23,5.878151603549759,0.199147639402804,8.701258416937955e-08,,1951,patient_transfer,2
TNBC,patient23_window2,mean,Logistic IW,0.0165656348687549,0.02787723297191594,0.011311598103161038,1,0.011518319596766469,21.225264007518685,21.225264007518685,0.45704961660501753,0.4725353965552605,0.0,0.0,0.10624317438148179,2.215337738406669,81.8590626986108,256,256,14,23,5.878151603549759,0.199147639402804,8.701258416937955e-08,,1951,patient_transfer,2
TNBC,patient23_window2,mean,KMM,0.021850591334492898,0.02787723297191594,0.006026641637423041,1,0.027891630086107032,30.6040979872203,30.6040979872203,10.0,2141.4125659697206,0.83203125,0.0703125,0.09320009625374959,0.9374392057455477,81.8590626986108,256,256,14,23,5.878151603549759,0.199147639402804,8.701258416937955e-08,,1951,patient_transfer,2
TNBC,patient23_window2,mean,KMM + dependence,0.021850591334492898,0.02787723297191594,0.006026641637423041,1,0.027891630086107032,30.6040979872203,30.6040979872203,10.0,2141.4125659697206,0.83203125,0.0703125,0.09320009625374959,0.9374392057455477,81.8590626986108,256,256,14,23,5.878151603549759,0.199147639402804,8.701258416937955e-08,,1951,patient_transfer,2
TNBC,patient23_window2,risk,Unweighted,0.03223438957959389,0.014342158895573102,0.017892230684020786,0,0.008596665715365822,256.0,256.0,1.0,256.0,0.0,0.0,0.199147639402804,4.12185849052724,81.8590626986108,256,256,14,23,5.878151603549759,0.199147639402804,8.701258416937955e-08,,1951,patient_transfer,2
TNBC,patient23_window2,risk,Logistic IW,0.013440793005949282,0.014342158895573102,0.0009013658896238202,1,0.006271564193298177,21.225264007518685,21.225264007518685,0.45704961660501753,0.4725353965552605,0.0,0.0,0.10624317438148179,1.1505346966034675,81.8590626986108,256,256,14,23,5.878151603549759,0.199147639402804,8.701258416937955e-08,,1951,patient_transfer,2
TNBC,patient23_window2,risk,KMM,0.014462766438448044,0.014342158895573102,0.00012060754287494119,1,0.007724966805772992,30.6040979872203,30.6040979872203,10.0,2141.4125659697206,0.83203125,0.0703125,0.09320009625374959,0.8424923115990963,81.8590626986108,256,256,14,23,5.878151603549759,0.199147639402804,8.701258416937955e-08,,1951,patient_transfer,2
TNBC,patient23_window2,risk,KMM + dependence,0.014462766438448044,0.014342158895573102,0.00012060754287494119,1,0.007724966805772992,30.6040979872203,30.6040979872203,10.0,2141.4125659697206,0.83203125,0.0703125,0.09320009625374959,0.8424923115990963,81.8590626986108,256,256,14,23,5.878151603549759,0.199147639402804,8.701258416937955e-08,,1951,patient_transfer,2
TNBC,patient14_window0,mean,Unweighted,0.017329270925876855,0.027421213877700735,0.01009194295182388,1,0.011918577125969063,256.0,256.0,1.0,256.0,0.0,0.0,0.19780652768183504,0.8938048446582347,96.25492130887572,256,256,27,14,5.743564230236284,0.19780652768183504,5.3597184139103317e-08,,2651,patient_transfer,0
TNBC,patient14_window0,mean,Logistic IW,0.017528648687890003,0.027421213877700735,0.009892565189810732,1,0.018176270276670025,25.971589374049444,25.971589374049444,0.5029978344295714,0.6469534255028347,0.0,0.0,0.18623035504599472,0.5436566902361728,96.25492130887572,256,256,27,14,5.743564230236284,0.19780652768183504,5.3597184139103317e-08,,2651,patient_transfer,0
TNBC,patient14_window0,mean,KMM,0.014836683836209792,0.027421213877700735,0.012584530041490943,1,0.024769238171152702,32.769032865929354,32.769032865929354,10.0,1999.936960853735,0.8125,0.05859375,0.13192526960229933,0.5819512003366835,96.25492130887572,256,256,27,14,5.743564230236284,0.19780652768183504,5.3597184139103317e-08,,2651,patient_transfer,0
TNBC,patient14_window0,mean,KMM + dependence,0.014836683836209792,0.027421213877700735,0.012584530041490943,1,0.024769238171152702,32.769032865929354,32.769032865929354,10.0,1999.936960853735,0.8125,0.05859375,0.13192526960229933,0.5819512003366835,96.25492130887572,256,256,27,14,5.743564230236284,0.19780652768183504,5.3597184139103317e-08,,2651,patient_transfer,0
TNBC,patient14_window0,risk,Unweighted,0.012307836509631931,0.03161415395119182,0.01930631744155989,0,0.009114878388067169,256.0,256.0,1.0,256.0,0.0,0.0,0.19780652768183504,0.7986977290719439,96.25492130887572,256,256,27,14,5.743564230236284,0.19780652768183504,5.3597184139103317e-08,,2651,patient_transfer,0
TNBC,patient14_window0,risk,Logistic IW,0.008909189576148164,0.03161415395119182,0.022704964375043657,0,0.0064723966760891925,25.971589374049444,25.971589374049444,0.5029978344295714,0.6469534255028347,0.0,0.0,0.18623035504599472,0.6648627921755796,96.25492130887572,256,256,27,14,5.743564230236284,0.19780652768183504,5.3597184139103317e-08,,2651,patient_transfer,0
TNBC,patient14_window0,risk,KMM,0.007819293819270628,0.03161415395119182,0.02379486013192119,0,0.006552973132736044,32.769032865929354,32.769032865929354,10.0,1999.936960853735,0.8125,0.05859375,0.13192526960229933,0.6710015345954764,96.25492130887572,256,256,27,14,5.743564230236284,0.19780652768183504,5.3597184139103317e-08,,2651,patient_transfer,0
TNBC,patient14_window0,risk,KMM + dependence,0.007819293819270628,0.03161415395119182,0.02379486013192119,0,0.006552973132736044,32.769032865929354,32.769032865929354,10.0,1999.936960853735,0.8125,0.05859375,0.13192526960229933,0.6710015345954764,96.25492130887572,256,256,27,14,5.743564230236284,0.19780652768183504,5.3597184139103317e-08,,2651,patient_transfer,0
TNBC,patient14_window1,mean,Unweighted,0.047747647897753584,0.037886169642290565,0.009861478255463019,1,0.022016987856437423,256.0,256.0,1.0,256.0,0.0,0.0,0.19387130916718154,3.8714865879909928,89.17300327990344,256,256,27,14,5.944049869665436,0.19387130916718154,7.810124809054428e-08,,2901,patient_transfer,1
TNBC,patient14_window1,mean,Logistic IW,0.03724405977663882,0.037886169642290565,0.0006421098656517465,1,0.028921756309846173,30.531977917715672,30.531977917715672,0.3634454455975649,0.5587978796681966,0.0,0.0,0.15248815243451774,1.6881683118164927,89.17300327990344,256,256,27,14,5.944049869665436,0.19387130916718154,7.810124809054428e-08,,2901,patient_transfer,1
TNBC,patient14_window1,mean,KMM,0.05581535474899482,0.037886169642290565,0.017929185106704257,1,0.07503137484594061,30.739541252685733,30.739541252685733,10.0,2131.977164567295,0.859375,0.05859375,0.11540141529288683,0.906715977429303,89.17300327990344,256,256,27,14,5.944049869665436,0.19387130916718154,7.810124809054428e-08,,2901,patient_transfer,1
TNBC,patient14_window1,mean,KMM + dependence,0.05581535474899482,0.037886169642290565,0.017929185106704257,1,0.07503137484594061,30.739541252685733,30.739541252685733,10.0,2131.977164567295,0.859375,0.05859375,0.11540141529288683,0.906715977429303,89.17300327990344,256,256,27,14,5.944049869665436,0.19387130916718154,7.810124809054428e-08,,2901,patient_transfer,1
TNBC,patient14_window1,risk,Unweighted,0.03297492759639586,0.02242392879625612,0.010550998800139738,1,0.01684402429341378,256.0,256.0,1.0,256.0,0.0,0.0,0.19387130916718154,3.581381062055672,89.17300327990344,256,256,27,14,5.944049869665436,0.19387130916718154,7.810124809054428e-08,,2901,patient_transfer,1
TNBC,patient14_window1,risk,Logistic IW,0.02192311292938967,0.02242392879625612,0.0005008158668664484,1,0.019245560411838693,30.531977917715672,30.531977917715672,0.3634454455975649,0.5587978796681966,0.0,0.0,0.15248815243451774,1.4513910448164191,89.17300327990344,256,256,27,14,5.944049869665436,0.19387130916718154,7.810124809054428e-08,,2901,patient_transfer,1
TNBC,patient14_window1,risk,KMM,0.03806241903471901,0.02242392879625612,0.015638490238462893,1,0.05501138323722926,30.739541252685733,30.739541252685733,10.0,2131.977164567295,0.859375,0.05859375,0.11540141529288683,0.975182205234475,89.17300327990344,256,256,27,14,5.944049869665436,0.19387130916718154,7.810124809054428e-08,,2901,patient_transfer,1
TNBC,patient14_window1,risk,KMM + dependence,0.03806241903471901,0.02242392879625612,0.015638490238462893,1,0.05501138323722926,30.739541252685733,30.739541252685736,10.0,2131.977164567295,0.859375,0.05859375,0.11540141529288683,0.975182205234475,89.17300327990344,256,256,27,14,5.944049869665436,0.19387130916718154,7.810124809054428e-08,,2901,patient_transfer,1
TNBC,patient14_window2,mean,Unweighted,0.011813893139539448,0.05536184182898335,0.0435479486894439,0,0.007957178841145328,256.0,256.0,1.0,256.0,0.0,0.0,0.15723996433706233,0.8571372960994271,93.18600624076714,256,256,27,14,5.880125769617118,0.15723996433706233,6.643044893991835e-08,,3201,patient_transfer,2
TNBC,patient14_window2,mean,Logistic IW,0.0037011580561412613,0.05536184182898335,0.05166068377284209,0,0.0038477262221694934,13.022162669429859,13.022162669429859,2.066108817249964,6.359141998619063,0.0,0.0,0.12643219818495188,0.7875211149587237,93.18600624076714,256,256,27,14,5.880125769617118,0.15723996433706233,6.643044893991835e-08,,3201,patient_transfer,2
TNBC,patient14_window2,mean,KMM,0.0005587533292334097,0.05536184182898335,0.05480308849974994,0,0.0010715097762356437,31.57801608573481,31.57801608573481,10.0,2075.3678705486686,0.8203125,0.05859375,0.09693599997881486,0.4898539492415286,93.18600624076714,256,256,27,14,5.880125769617118,0.15723996433706233,6.643044893991835e-08,,3201,patient_transfer,2
TNBC,patient14_window2,mean,KMM + dependence,0.0005587533292334097,0.05536184182898335,0.05480308849974994,0,0.0010715097762356437,31.57801608573481,31.578016085734806,10.0,2075.3678705486686,0.8203125,0.05859375,0.09693599997881486,0.4898539492415286,93.18600624076714,256,256,27,14,5.880125769617118,0.15723996433706233,6.643044893991835e-08,,3201,patient_transfer,2
TNBC,patient14_window2,risk,Unweighted,0.005956192540407759,0.03223438957959388,0.026278197039186123,0,0.0035706218894895024,256.0,256.0,1.0,256.0,0.0,0.0,0.15723996433706233,0.7104278628266435,93.18600624076714,256,256,27,14,5.880125769617118,0.15723996433706233,6.643044893991835e-08,,3201,patient_transfer,2
TNBC,patient14_window2,risk,Logistic IW,0.002856078928076779,0.03223438957959388,0.029378310651517102,0,0.0015313862277808558,13.022162669429859,13.022162669429859,2.066108817249964,6.359141998619063,0.0,0.0,0.12643219818495188,1.666992355104889,93.18600624076714,256,256,27,14,5.880125769617118,0.15723996433706233,6.643044893991835e-08,,3201,patient_transfer,2
TNBC,patient14_window2,risk,KMM,0.0025963035454914635,0.03223438957959388,0.02963808603410242,0,0.0015300134799012223,31.57801608573481,31.57801608573481,10.0,2075.3678705486686,0.8203125,0.05859375,0.09693599997881486,1.0224968850903833,93.18600624076714,256,256,27,14,5.880125769617118,0.15723996433706233,6.643044893991835e-08,,3201,patient_transfer,2
TNBC,patient14_window2,risk,KMM + dependence,0.0025963035454914635,0.03223438957959388,0.02963808603410242,0,0.0015471280279777519,31.57801608573481,30.88323939778407,10.0,2075.3678705486686,0.8203125,0.05859375,0.09693599997881486,1.0224968850903833,93.18600624076714,256,256,27,14,5.880125769617118,0.15723996433706233,6.643044893991835e-08,,3201,patient_transfer,2
TNBC,patient27_window0,mean,Unweighted,0.02277002748542324,0.017329270925876855,0.005440756559546386,1,0.013968327480834606,256.0,256.0,1.0,256.0,0.0,0.0,0.15750906968507916,2.041612342416814,96.34058651063643,256,256,40,27,6.414962579050751,0.15750906968507916,9.807626652426633e-08,,2751,patient_transfer,0
TNBC,patient27_window0,mean,Logistic IW,0.002393756264482789,0.017329270925876855,0.014935514661394067,0,0.003095943207408923,10.397266691863608,10.397266691863608,3.947885321430721,31.279164612178874,0.0,0.0,0.06469899886515407,1.2870396642551416,96.34058651063643,256,256,40,27,6.414962579050751,0.15750906968507916,9.807626652426633e-08,,2751,patient_transfer,0
TNBC,patient27_window0,mean,KMM,0.0005438677849215357,0.017329270925876855,0.01678540314095532,0,0.0010842327474189465,30.195742880992402,30.195742880992402,10.0,2170.372169954166,0.8125,0.06640625,0.053765868712748466,0.6127546791271171,96.34058651063643,256,256,40,27,6.414962579050751,0.15750906968507916,9.807626652426633e-08,,2751,patient_transfer,0
TNBC,patient27_window0,mean,KMM + dependence,0.0005438677849215357,0.017329270925876855,0.01678540314095532,0,0.0010842327474189465,30.195742880992402,30.195742880992402,10.0,2170.372169954166,0.8125,0.06640625,0.053765868712748466,0.6127546791271171,96.34058651063643,256,256,40,27,6.414962579050751,0.15750906968507916,9.807626652426633e-08,,2751,patient_transfer,0
TNBC,patient27_window0,risk,Unweighted,0.01186937544295534,0.01230783650963193,0.00043846106667658896,1,0.008644003595120889,256.0,256.0,1.0,256.0,0.0,0.0,0.15750906968507916,0.7972530795051617,96.34058651063643,256,256,40,27,6.414962579050751,0.15750906968507916,9.807626652426633e-08,,2751,patient_transfer,0
TNBC,patient27_window0,risk,Logistic IW,0.0025402676427721408,0.01230783650963193,0.00976756886685979,0,0.0018277046996078912,10.397266691863608,10.397266691863608,3.947885321430721,31.279164612178874,0.0,0.0,0.06469899886515407,0.9687744810041431,96.34058651063643,256,256,40,27,6.414962579050751,0.15750906968507916,9.807626652426633e-08,,2751,patient_transfer,0
TNBC,patient27_window0,risk,KMM,0.002152114706024975,0.01230783650963193,0.010155721803606955,0,0.0016657934606620947,30.195742880992402,30.195742880992402,10.0,2170.372169954166,0.8125,0.06640625,0.053765868712748466,1.3871840498368109,96.34058651063643,256,256,40,27,6.414962579050751,0.15750906968507916,9.807626652426633e-08,,2751,patient_transfer,0
TNBC,patient27_window0,risk,KMM + dependence,0.002152114706024975,0.01230783650963193,0.010155721803606955,0,0.001961951178520368,30.195742880992402,21.76765432427272,10.0,2170.372169954166,0.8125,0.06640625,0.053765868712748466,1.3871840498368109,96.34058651063643,256,256,40,27,6.414962579050751,0.15750906968507916,9.807626652426633e-08,,2751,patient_transfer,0
TNBC,patient27_window1,mean,Unweighted,0.042740346389589845,0.047747647897753584,0.005007301508163739,1,0.022084562948793563,256.0,256.0,1.0,256.0,0.0,0.0,0.24811593295613288,2.4474691920443123,87.55420585440363,256,256,40,27,6.855396244597969,0.24811593295613288,7.992207443860717e-08,,1901,patient_transfer,1
TNBC,patient27_window1,mean,Logistic IW,0.01903937915768529,0.047747647897753584,0.028708268740068293,0,0.018856859098434996,10.692051452486199,10.692051452486199,1.7840967467049413,4.045314801788016,0.0,0.0,0.08602352927650592,1.1523903112252094,87.55420585440363,256,256,40,27,6.855396244597969,0.24811593295613288,7.992207443860717e-08,,1901,patient_transfer,1
TNBC,patient27_window1,mean,KMM,0.019317623587975955,0.047747647897753584,0.02843002430977763,1,0.029343306740680926,26.969232820820093,26.969232820820093,10.0,2430.0283376769066,0.875,0.08984375,0.06507013623834701,0.5443182715870345,87.55420585440363,256,256,40,27,6.855396244597969,0.24811593295613288,7.992207443860717e-08,,1901,patient_transfer,1
TNBC,patient27_window1,mean,KMM + dependence,0.019317623587975955,0.047747647897753584,0.02843002430977763,1,0.029343306740680926,26.969232820820093,26.969232820820093,10.0,2430.0283376769066,0.875,0.08984375,0.06507013623834701,0.5443182715870345,87.55420585440363,256,256,40,27,6.855396244597969,0.24811593295613288,7.992207443860717e-08,,1901,patient_transfer,1
TNBC,patient27_window1,risk,Unweighted,0.03166111984571829,0.032974927596395864,0.0013138077506775758,1,0.01649224958795753,256.0,256.0,1.0,256.0,0.0,0.0,0.24811593295613288,1.9277822770535002,87.55420585440363,256,256,40,27,6.855396244597969,0.24811593295613288,7.992207443860717e-08,,1901,patient_transfer,1
TNBC,patient27_window1,risk,Logistic IW,0.013782492880642308,0.032974927596395864,0.019192434715753555,0,0.013230236272325368,10.692051452486199,10.692051452486199,1.7840967467049413,4.045314801788016,0.0,0.0,0.08602352927650592,1.0069645521896493,87.55420585440363,256,256,40,27,6.855396244597969,0.24811593295613288,7.992207443860717e-08,,1901,patient_transfer,1
TNBC,patient27_window1,risk,KMM,0.014661370096104704,0.032974927596395864,0.01831355750029116,1,0.020046902873279916,26.969232820820093,26.969232820820093,10.0,2430.0283376769066,0.875,0.08984375,0.06507013623834701,0.6663229145319544,87.55420585440363,256,256,40,27,6.855396244597969,0.24811593295613288,7.992207443860717e-08,,1901,patient_transfer,1
TNBC,patient27_window1,risk,KMM + dependence,0.014661370096104704,0.032974927596395864,0.01831355750029116,1,0.020046902873279916,26.969232820820093,26.969232820820093,10.0,2430.0283376769066,0.875,0.08984375,0.06507013623834701,0.6663229145319544,87.55420585440363,256,256,40,27,6.855396244597969,0.24811593295613288,7.992207443860717e-08,,1901,patient_transfer,1
TNBC,patient27_window2,mean,Unweighted,0.08952713351485864,0.011813893139539448,0.07771324037531918,0,0.03089017652406085,256.0,256.0,1.0,256.0,0.0,0.0,0.16902258335523812,2.99549783536744,92.27614520948195,256,256,40,27,6.633351981807953,0.16902258335523812,8.772719393702187e-08,,1951,patient_transfer,2
TNBC,patient27_window2,mean,Logistic IW,0.009858753076389348,0.011813893139539448,0.0019551400631501008,1,0.010925724099958024,8.534982434627914,8.534982434627914,4.121357231662229,33.19862903461607,0.0,0.0,0.06470840969296954,0.6081233563369473,92.27614520948195,256,256,40,27,6.633351981807953,0.16902258335523812,8.772719393702187e-08,,1951,patient_transfer,2
TNBC,patient27_window2,mean,KMM,0.011565994878533003,0.011813893139539448,0.0002478982610064455,1,0.022225256970622304,28.110394634318347,28.110394634318347,10.0,2331.3795787125855,0.85546875,0.07421875,0.042821612793061625,0.6486614189926498,92.27614520948195,256,256,40,27,6.633351981807953,0.16902258335523812,8.772719393702187e-08,,1951,patient_transfer,2
TNBC,patient27_window2,mean,KMM + dependence,0.011565994878533003,0.011813893139539448,0.0002478982610064455,1,0.022225256970622304,28.110394634318347,28.110394634318347,10.0,2331.3795787125855,0.85546875,0.07421875,0.042821612793061625,0.6486614189926498,92.27614520948195,256,256,40,27,6.633351981807953,0.16902258335523812,8.772719393702187e-08,,1951,patient_transfer,2
TNBC,patient27_window2,risk,Unweighted,0.05762660532874722,0.005956192540407759,0.05167041278833946,0,0.021237300623396706,256.0,256.0,1.0,256.0,0.0,0.0,0.16902258335523812,2.6156324879431105,92.27614520948195,256,256,40,27,6.633351981807953,0.16902258335523812,8.772719393702187e-08,,1951,patient_transfer,2
TNBC,patient27_window2,risk,Logistic IW,0.006180855736844414,0.005956192540407759,0.00022466319643665508,1,0.005697315295863466,8.534982434627914,8.534982434627914,4.121357231662229,33.19862903461607,0.0,0.0,0.06470840969296954,1.3057931146423014,92.27614520948195,256,256,40,27,6.633351981807953,0.16902258335523812,8.772719393702187e-08,,1951,patient_transfer,2
TNBC,patient27_window2,risk,KMM,0.005743053065214701,0.005956192540407759,0.00021313947519305786,1,0.00646396229115497,28.110394634318347,28.110394634318347,10.0,2331.3795787125855,0.85546875,0.07421875,0.042821612793061625,0.5491581865215517,92.27614520948195,256,256,40,27,6.633351981807953,0.16902258335523812,8.772719393702187e-08,,1951,patient_transfer,2
TNBC,patient27_window2,risk,KMM + dependence,0.005743053065214701,0.005956192540407759,0.00021313947519305786,1,0.00646396229115497,28.110394634318347,28.110394634318347,10.0,2331.3795787125855,0.85546875,0.07421875,0.042821612793061625,0.5491581865215517,92.27614520948195,256,256,40,27,6.633351981807953,0.16902258335523812,8.772719393702187e-08,,1951,patient_transfer,2
TNBC,patient40_window0,mean,Unweighted,0.016998449497605386,0.02277002748542324,0.005771577987817855,1,0.013413411097604487,256.0,256.0,1.0,256.0,0.0,0.0,0.2684428741987841,0.9222372686611441,106.33662144636651,256,256,7,40,6.241015469036149,0.2684428741987841,7.510524064020163e-08,,2001,patient_transfer,0
TNBC,patient40_window0,mean,Logistic IW,0.06480177364328515,0.02277002748542324,0.04203174615786191,1,0.11317100953145379,24.001622696245914,24.001622696245914,1.1267059231532413,3.4165231960882525,0.0,0.0,0.19891679691503472,0.8901455742844638,106.33662144636651,256,256,7,40,6.241015469036149,0.2684428741987841,7.510524064020163e-08,,2001,patient_transfer,0
TNBC,patient40_window0,mean,KMM,0.039544657263288846,0.02277002748542324,0.016774629777865604,1,0.07509573443851289,27.388904806179067,27.388904806179067,10.0,2392.793741252966,0.87890625,0.07421875,0.11825967575555185,0.844169981481149,106.33662144636651,256,256,7,40,6.241015469036149,0.2684428741987841,7.510524064020163e-08,,2001,patient_transfer,0
TNBC,patient40_window0,mean,KMM + dependence,0.039544657263288846,0.02277002748542324,0.016774629777865604,1,0.07509573443851289,27.388904806179067,27.388904806179067,10.0,2392.793741252966,0.87890625,0.07421875,0.11825967575555185,0.844169981481149,106.33662144636651,256,256,7,40,6.241015469036149,0.2684428741987841,7.510524064020163e-08,,2001,patient_transfer,0
TNBC,patient40_window0,risk,Unweighted,0.012803323137352518,0.01186937544295534,0.0009339476943971779,1,0.011216528864573243,256.0,256.0,1.0,256.0,0.0,0.0,0.2684428741987841,1.0340044367132364,106.33662144636651,256,256,7,40,6.241015469036149,0.2684428741987841,7.510524064020163e-08,,2001,patient_transfer,0
TNBC,patient40_window0,risk,Logistic IW,0.06171804690968155,0.01186937544295534,0.04984867146672621,1,0.11017172828748925,24.001622696245914,24.001622696245914,1.1267059231532413,3.4165231960882525,0.0,0.0,0.19891679691503472,0.8266067765833987,106.33662144636651,256,256,7,40,6.241015469036149,0.2684428741987841,7.510524064020163e-08,,2001,patient_transfer,0
TNBC,patient40_window0,risk,KMM,0.03991471346829443,0.01186937544295534,0.028045338025339088,1,0.07297610110833577,27.388904806179067,27.388904806179067,10.0,2392.793741252966,0.87890625,0.07421875,0.11825967575555185,0.8129042555916517,106.33662144636651,256,256,7,40,6.241015469036149,0.2684428741987841,7.510524064020163e-08,,2001,patient_transfer,0
TNBC,patient40_window0,risk,KMM + dependence,0.03991471346829443,0.01186937544295534,0.028045338025339088,1,0.07297610110833577,27.388904806179067,27.388904806179067,10.0,2392.793741252966,0.87890625,0.07421875,0.11825967575555185,0.8129042555916517,106.33662144636651,256,256,7,40,6.241015469036149,0.2684428741987841,7.510524064020163e-08,,2001,patient_transfer,0
TNBC,patient40_window1,mean,Unweighted,0.0019085276785980932,0.042740346389589845,0.04083181871099175,0,0.002725811564972351,256.0,256.0,1.0,256.0,0.0,0.0,0.28717373078955055,0.9067729147410849,101.38102709893121,256,256,7,40,7.030716692519561,0.28717373078955055,9.424163319185696e-08,,2551,patient_transfer,1
TNBC,patient40_window1,mean,Logistic IW,0.0002950111498597922,0.042740346389589845,0.042445335239730056,0,0.0005006170638748485,9.57051612309723,9.57051612309723,1.8680733773473523,4.215484511221155,0.0,0.0,0.23557824777629643,1.120631203840435,101.38102709893121,256,256,7,40,7.030716692519561,0.28717373078955055,9.424163319185696e-08,,2551,patient_transfer,1
TNBC,patient40_window1,mean,KMM,0.0,0.042740346389589845,0.042740346389589845,0,0.0,28.037114776677686,28.037114776677686,10.0,2337.4730432146516,0.875,0.078125,0.18327574168045435,0.0,101.38102709893121,256,256,7,40,7.030716692519561,0.28717373078955055,9.424163319185696e-08,,2551,patient_transfer,1
TNBC,patient40_window1,mean,KMM + dependence,0.0,0.042740346389589845,0.042740346389589845,0,0.0,28.037114776677686,1.0,10.0,2337.4730432146516,0.875,0.078125,0.18327574168045435,0.0,101.38102709893121,256,256,7,40,7.030716692519561,0.28717373078955055,9.424163319185696e-08,,2551,patient_transfer,1
TNBC,patient40_window1,risk,Unweighted,0.002469951686278351,0.03166111984571829,0.029191168159439937,0,0.0011429382317247145,256.0,256.0,1.0,256.0,0.0,0.0,0.28717373078955055,1.057323119223453,101.38102709893121,256,256,7,40,7.030716692519561,0.28717373078955055,9.424163319185696e-08,,2551,patient_transfer,1
TNBC,patient40_window1,risk,Logistic IW,0.00734569836625401,0.03166111984571829,0.024315421479464278,0,0.005150357647045055,9.57051612309723,9.57051612309723,1.8680733773473523,4.215484511221155,0.0,0.0,0.23557824777629643,1.0822215966549893,101.38102709893121,256,256,7,40,7.030716692519561,0.28717373078955055,9.424163319185696e-08,,2551,patient_transfer,1
TNBC,patient40_window1,risk,KMM,0.007684525317386519,0.03166111984571829,0.02397659452833177,0,0.007539102257762904,28.037114776677686,28.037114776677686,10.0,2337.4730432146516,0.875,0.078125,0.18327574168045435,1.0754933219312484,101.38102709893121,256,256,7,40,7.030716692519561,0.28717373078955055,9.424163319185696e-08,,2551,patient_transfer,1
TNBC,patient40_window1,risk,KMM + dependence,0.007684525317386519,0.03166111984571829,0.02397659452833177,0,0.007818500945188675,28.037114776677686,26.069073796136482,10.0,2337.4730432146516,0.875,0.078125,0.18327574168045435,1.0754933219312484,101.38102709893121,256,256,7,40,7.030716692519561,0.28717373078955055,9.424163319185696e-08,,2551,patient_transfer,1
TNBC,patient40_window2,mean,Unweighted,0.0018168250288362487,0.08952713351485864,0.08771030848602239,0,0.0021845973691532457,256.0,256.0,1.0,256.0,0.0,0.0,0.29591531179939556,1.0026974253719898,109.9558780895164,256,256,7,40,6.473961368428984,0.29591531179939556,7.641053553890005e-08,,2551,patient_transfer,2
TNBC,patient40_window2,mean,Logistic IW,0.0017484628956253763,0.08952713351485864,0.08777867061923326,0,0.0029431505975482945,28.98815886571548,28.98815886571548,0.43750387782498157,0.6123849315827439,0.0,0.0,0.20777499296770974,0.8563657569541179,109.9558780895164,256,256,7,40,6.473961368428984,0.29591531179939556,7.641053553890005e-08,,2551,patient_transfer,2
TNBC,patient40_window2,mean,KMM,0.00018254524436941502,0.08952713351485864,0.08934458827048922,0,0.0003645261703771063,26.629421774826888,26.629421774826888,10.0,2461.0372900380326,0.8828125,0.08984375,0.13717045295673747,0.5977815307963111,109.9558780895164,256,256,7,40,6.473961368428984,0.29591531179939556,7.641053553890005e-08,,2551,patient_transfer,2
TNBC,patient40_window2,mean,KMM + dependence,0.00018254524436941502,0.08952713351485864,0.08934458827048922,0,0.0003645261703771063,26.629421774826888,26.629421774826888,10.0,2461.0372900380326,0.8828125,0.08984375,0.13717045295673747,0.5977815307963111,109.9558780895164,256,256,7,40,6.473961368428984,0.29591531179939556,7.641053553890005e-08,,2551,patient_transfer,2
TNBC,patient40_window2,risk,Unweighted,0.001103293261397355,0.05762660532874721,0.056523312067349854,0,0.0004159242098680184,256.0,256.0,1.0,256.0,0.0,0.0,0.29591531179939556,1.393615432546553,109.9558780895164,256,256,7,40,6.473961368428984,0.29591531179939556,7.641053553890005e-08,,2551,patient_transfer,2
TNBC,patient40_window2,risk,Logistic IW,0.0018389775321921093,0.05762660532874721,0.0557876277965551,0,0.0008641911124711135,28.98815886571548,28.98815886571548,0.43750387782498157,0.6123849315827439,0.0,0.0,0.20777499296770974,1.2711826659625134,109.9558780895164,256,256,7,40,6.473961368428984,0.29591531179939556,7.641053553890005e-08,,2551,patient_transfer,2
TNBC,patient40_window2,risk,KMM,0.0020282656427365554,0.05762660532874721,0.055598339686010655,0,0.001445777634846584,26.629421774826888,26.629421774826888,10.0,2461.0372900380326,0.8828125,0.08984375,0.13717045295673747,0.8705629320312486,109.9558780895164,256,256,7,40,6.473961368428984,0.29591531179939556,7.641053553890005e-08,,2551,patient_transfer,2
TNBC,patient40_window2,risk,KMM + dependence,0.0020282656427365554,0.05762660532874721,0.055598339686010655,0,0.001445777634846584,26.629421774826888,26.629421774826888,10.0,2461.0372900380326,0.8828125,0.08984375,0.13717045295673747,0.8705629320312486,109.9558780895164,256,256,7,40,6.473961368428984,0.29591531179939556,7.641053553890005e-08,,2551,patient_transfer,2
TNBC,patient7_window0,mean,Unweighted,0.0,0.016998449497605386,0.016998449497605386,0,0.0,256.0,256.0,1.0,256.0,0.0,0.0,0.283808434480584,0.0,84.55911682464846,256,256,35,7,6.3763200044722534,0.283808434480584,8.897922038342187e-08,,1801,patient_transfer,0
TNBC,patient7_window0,mean,Logistic IW,0.0,0.016998449497605386,0.016998449497605386,0,0.0,17.35429177209969,17.35429177209969,0.3662752259858275,0.43094492004708557,0.0,0.0,0.1319238511612113,0.0,84.55911682464846,256,256,35,7,6.3763200044722534,0.283808434480584,8.897922038342187e-08,,1801,patient_transfer,0
TNBC,patient7_window0,mean,KMM,0.0,0.016998449497605386,0.016998449497605386,0,0.0,28.463667481920993,28.463667481920993,10.0,2302.443985534419,0.859375,0.07421875,0.1272278385086858,0.0,84.55911682464846,256,256,35,7,6.3763200044722534,0.283808434480584,8.897922038342187e-08,,1801,patient_transfer,0
TNBC,patient7_window0,mean,KMM + dependence,0.0,0.016998449497605386,0.016998449497605386,0,0.0,28.463667481920993,1.0,10.0,2302.443985534419,0.859375,0.07421875,0.1272278385086858,0.0,84.55911682464846,256,256,35,7,6.3763200044722534,0.283808434480584,8.897922038342187e-08,,1801,patient_transfer,0
TNBC,patient7_window0,risk,Unweighted,6.93836300357473e-05,0.012803323137352518,0.012733939507316772,0,3.285139191973745e-05,256.0,256.0,1.0,256.0,0.0,0.0,0.283808434480584,1.0436009670374393,84.55911682464846,256,256,35,7,6.3763200044722534,0.283808434480584,8.897922038342187e-08,,1801,patient_transfer,0
TNBC,patient7_window0,risk,Logistic IW,8.258797430569668e-05,0.012803323137352518,0.012720735163046821,0,8.280343287271315e-05,17.35429177209969,17.35429177209969,0.3662752259858275,0.43094492004708557,0.0,0.0,0.1319238511612113,1.0207611700589077,84.55911682464846,256,256,35,7,6.3763200044722534,0.283808434480584,8.897922038342187e-08,,1801,patient_transfer,0
TNBC,patient7_window0,risk,KMM,0.00011635772643633379,0.012803323137352518,0.012686965410916184,0,9.707704048995246e-05,28.463667481920993,28.463667481920993,10.0,2302.443985534419,0.859375,0.07421875,0.1272278385086858,0.7397868738174521,84.55911682464846,256,256,35,7,6.3763200044722534,0.283808434480584,8.897922038342187e-08,,1801,patient_transfer,0
TNBC,patient7_window0,risk,KMM + dependence,0.00011635772643633379,0.012803323137352518,0.012686965410916184,0,9.707704048995246e-05,28.463667481920993,28.463667481920993,10.0,2302.443985534419,0.859375,0.07421875,0.1272278385086858,0.7397868738174521,84.55911682464846,256,256,35,7,6.3763200044722534,0.283808434480584,8.897922038342187e-08,,1801,patient_transfer,0
TNBC,patient7_window1,mean,Unweighted,0.0,0.0019085276785980932,0.0019085276785980932,0,0.0,256.0,256.0,1.0,256.0,0.0,0.0,0.3805842838063893,0.0,76.13105328959071,256,256,35,7,6.274593303933593,0.3805842838063893,9.404532425456185e-08,,1651,patient_transfer,1
TNBC,patient7_window1,mean,Logistic IW,0.0,0.0019085276785980932,0.0019085276785980932,0,0.0,6.659336820689427,6.659336820689427,0.4898298021636634,0.30485384055492837,0.0,0.0,0.17830470890197336,0.0,76.13105328959071,256,256,35,7,6.274593303933593,0.3805842838063893,9.404532425456185e-08,,1651,patient_transfer,1
TNBC,patient7_window1,mean,KMM,0.0,0.0019085276785980932,0.0019085276785980932,0,0.0,27.20459908088293,27.20459908088293,10.0,2409.004440945859,0.875,0.0859375,0.18532265190836195,0.0,76.13105328959071,256,256,35,7,6.274593303933593,0.3805842838063893,9.404532425456185e-08,,1651,patient_transfer,1
TNBC,patient7_window1,mean,KMM + dependence,0.0,0.0019085276785980932,0.0019085276785980932,0,0.0,27.20459908088293,1.0,10.0,2409.004440945859,0.875,0.0859375,0.18532265190836195,0.0,76.13105328959071,256,256,35,7,6.274593303933593,0.3805842838063893,9.404532425456185e-08,,1651,patient_transfer,1
TNBC,patient7_window1,risk,Unweighted,0.00014207230331922778,0.002469951686278351,0.0023278793829591233,0,5.3684160406199164e-05,256.0,256.0,1.0,256.0,0.0,0.0,0.3805842838063893,2.136809765497369,76.13105328959071,256,256,35,7,6.274593303933593,0.3805842838063893,9.404532425456185e-08,,1651,patient_transfer,1
TNBC,patient7_window1,risk,Logistic IW,3.299026642355641e-05,0.002469951686278351,0.0024369614198547947,0,2.852285720582047e-05,6.659336820689427,6.659336820689427,0.4898298021636634,0.30485384055492837,0.0,0.0,0.17830470890197336,1.2621004771597526,76.13105328959071,256,256,35,7,6.274593303933593,0.3805842838063893,9.404532425456185e-08,,1651,patient_transfer,1
TNBC,patient7_window1,risk,KMM,5.7217608900502506e-05,0.002469951686278351,0.0024127340773778486,0,7.048342307878019e-05,27.20459908088293,27.20459908088293,10.0,2409.004440945859,0.875,0.0859375,0.18532265190836195,1.0873122218890527,76.13105328959071,256,256,35,7,6.274593303933593,0.3805842838063893,9.404532425456185e-08,,1651,patient_transfer,1
TNBC,patient7_window1,risk,KMM + dependence,5.7217608900502506e-05,0.002469951686278351,0.0024127340773778486,0,7.349607094856255e-05,27.20459908088293,25.020043491848874,10.0,2409.004440945859,0.875,0.0859375,0.18532265190836195,1.0873122218890527,76.13105328959071,256,256,35,7,6.274593303933593,0.3805842838063893,9.404532425456185e-08,,1651,patient_transfer,1
TNBC,patient7_window2,mean,Unweighted,0.0,0.0018168250288362487,0.0018168250288362487,0,0.0,256.0,256.0,1.0,256.0,0.0,0.0,0.3246768005881049,0.0,83.61176032706977,256,256,35,7,6.532629320007661,0.3246768005881049,9.225560690658207e-08,,1751,patient_transfer,2
TNBC,patient7_window2,mean,Logistic IW,0.0,0.0018168250288362487,0.0018168250288362487,0,0.0,20.19126120733811,20.19126120733811,0.18879083921971787,0.11021925226141145,0.0,0.0,0.15473117004327386,0.0,83.61176032706977,256,256,35,7,6.532629320007661,0.3246768005881049,9.225560690658207e-08,,1751,patient_transfer,2
TNBC,patient7_window2,mean,KMM,0.0,0.0018168250288362487,0.0018168250288362487,0,0.0,28.52978874399065,28.52978874399065,10.0,2297.107791020827,0.859375,0.078125,0.15043536148711056,0.0,83.61176032706977,256,256,35,7,6.532629320007661,0.3246768005881049,9.225560690658207e-08,,1751,patient_transfer,2
TNBC,patient7_window2,mean,KMM + dependence,0.0,0.0018168250288362487,0.0018168250288362487,0,0.0,28.52978874399065,1.0,10.0,2297.107791020827,0.859375,0.078125,0.15043536148711056,0.0,83.61176032706977,256,256,35,7,6.532629320007661,0.3246768005881049,9.225560690658207e-08,,1751,patient_transfer,2
TNBC,patient7_window2,risk,Unweighted,2.945663168312837e-05,0.001103293261397355,0.0010738366297142266,0,9.996644349237927e-06,256.0,256.0,1.0,256.0,0.0,0.0,0.3246768005881049,1.4533210983398572,83.61176032706977,256,256,35,7,6.532629320007661,0.3246768005881049,9.225560690658207e-08,,1751,patient_transfer,2
TNBC,patient7_window2,risk,Logistic IW,2.206936422962661e-05,0.001103293261397355,0.0010812238971677282,0,2.2351878093848677e-05,20.19126120733811,20.19126120733811,0.18879083921971787,0.11021925226141145,0.0,0.0,0.15473117004327386,1.1839912214270436,83.61176032706977,256,256,35,7,6.532629320007661,0.3246768005881049,9.225560690658207e-08,,1751,patient_transfer,2
TNBC,patient7_window2,risk,KMM,2.6555876300396903e-05,0.001103293261397355,0.001076737385096958,0,2.5979280649177e-05,28.52978874399065,28.52978874399065,10.0,2297.107791020827,0.859375,0.078125,0.15043536148711056,1.0702693235561473,83.61176032706977,256,256,35,7,6.532629320007661,0.3246768005881049,9.225560690658207e-08,,1751,patient_transfer,2
TNBC,patient7_window2,risk,KMM + dependence,2.6555876300396903e-05,0.001103293261397355,0.001076737385096958,0,2.6876558695837618e-05,28.52978874399065,26.656644375450938,10.0,2297.107791020827,0.859375,0.078125,0.15043536148711056,1.0702693235561473,83.61176032706977,256,256,35,7,6.532629320007661,0.3246768005881049,9.225560690658207e-08,,1751,patient_transfer,2
TNBC,patient35_window0,mean,Unweighted,0.0005283072912778287,0.0,0.0005283072912778287,1,0.0010354822909045445,256.0,256.0,1.0,256.0,0.0,0.0,0.16554404402808887,0.6533930827446682,88.50095438774548,256,256,6,35,6.7646267463629925,0.16554404402808887,8.358108080463105e-08,,2251,patient_transfer,0
TNBC,patient35_window0,mean,Logistic IW,0.0008222405910552529,0.0,0.0008222405910552529,1,0.001634763403105813,26.95203868329137,26.95203868329137,0.3610121410012869,0.535637318419468,0.0,0.0,0.10308246719686065,0.7387714550718284,88.50095438774548,256,256,6,35,6.7646267463629925,0.16554404402808887,8.358108080463105e-08,,2251,patient_transfer,0
TNBC,patient35_window0,mean,KMM,0.0,0.0,0.0,1,0.0,29.122634159707797,29.122634159707797,10.0,2250.3458870033055,0.859375,0.07421875,0.07194854224412661,0.0,88.50095438774548,256,256,6,35,6.7646267463629925,0.16554404402808887,8.358108080463105e-08,,2251,patient_transfer,0
TNBC,patient35_window0,mean,KMM + dependence,0.0,0.0,0.0,1,0.0,29.122634159707797,1.0,10.0,2250.3458870033055,0.859375,0.07421875,0.07194854224412661,0.0,88.50095438774548,256,256,6,35,6.7646267463629925,0.16554404402808887,8.358108080463105e-08,,2251,patient_transfer,0
TNBC,patient35_window0,risk,Unweighted,0.005956927916602214,6.93836300357473e-05,0.0058875442865664665,0,0.0014928245465214733,256.0,256.0,1.0,256.0,0.0,0.0,0.16554404402808887,3.8327801231913683,88.50095438774548,256,256,6,35,6.7646267463629925,0.16554404402808887,8.358108080463105e-08,,2251,patient_transfer,0
TNBC,patient35_window0,risk,Logistic IW,0.000526222935998835,6.93836300357473e-05,0.00045683930596308766,0,0.00028499631051818493,26.95203868329137,26.95203868329137,0.3610121410012869,0.535637318419468,0.0,0.0,0.10308246719686065,2.5437052394161,88.50095438774548,256,256,6,35,6.7646267463629925,0.16554404402808887,8.358108080463105e-08,,2251,patient_transfer,0
TNBC,patient35_window0,risk,KMM,0.0002136554113983868,6.93836300357473e-05,0.0001442717813626395,1,0.0002892378230172996,29.122634159707797,29.122634159707797,10.0,2250.3458870033055,0.859375,0.07421875,0.07194854224412661,1.4321187675629956,88.50095438774548,256,256,6,35,6.7646267463629925,0.16554404402808887,8.358108080463105e-08,,2251,patient_transfer,0
TNBC,patient35_window0,risk,KMM + dependence,0.0002136554113983868,6.93836300357473e-05,0.0001442717813626395,1,0.0003461342717387006,29.122634159707797,20.33534844967162,10.0,2250.3458870033055,0.859375,0.07421875,0.07194854224412661,1.4321187675629956,88.50095438774548,256,256,6,35,6.7646267463629925,0.16554404402808887,8.358108080463105e-08,,2251,patient_transfer,0
TNBC,patient35_window1,mean,Unweighted,0.0,0.0,0.0,1,0.0,256.0,256.0,1.0,256.0,0.0,0.0,0.29780537713722754,0.0,91.6246320805891,256,256,6,35,6.569681273365929,0.29780537713722754,9.573896294006451e-08,,2301,patient_transfer,1
TNBC,patient35_window1,mean,Logistic IW,0.0,0.0,0.0,1,0.0,25.381255195019744,25.381255195019744,0.37135283984668044,0.223706160606918,0.0,0.0,0.2122278215751492,0.0,91.6246320805891,256,256,6,35,6.569681273365929,0.29780537713722754,9.573896294006451e-08,,2301,patient_transfer,1
TNBC,patient35_window1,mean,KMM,0.0,0.0,0.0,1,0.0,29.315855240830462,29.315855240830462,10.0,2235.5138358277536,0.859375,0.07421875,0.17014011761982162,0.0,91.6246320805891,256,256,6,35,6.569681273365929,0.29780537713722754,9.573896294006451e-08,,2301,patient_transfer,1
TNBC,patient35_window1,mean,KMM + dependence,0.0,0.0,0.0,1,0.0,29.315855240830462,1.0,10.0,2235.5138358277536,0.859375,0.07421875,0.17014011761982162,0.0,91.6246320805891,256,256,6,35,6.569681273365929,0.29780537713722754,9.573896294006451e-08,,2301,patient_transfer,1
TNBC,patient35_window1,risk,Unweighted,0.007618305549414667,0.0001420723033192278,0.00747623324609544,0,0.002174005373336962,256.0,256.0,1.0,256.0,0.0,0.0,0.29780537713722754,0.6271108097563445,91.6246320805891,256,256,6,35,6.569681273365929,0.29780537713722754,9.573896294006451e-08,,2301,patient_transfer,1
TNBC,patient35_window1,risk,Logistic IW,0.0010512074661056066,0.0001420723033192278,0.0009091351627863787,0,0.0005597111887717731,25.381255195019744,25.381255195019744,0.37135283984668044,0.223706160606918,0.0,0.0,0.2122278215751492,1.4561548747647395,91.6246320805891,256,256,6,35,6.569681273365929,0.29780537713722754,9.573896294006451e-08,,2301,patient_transfer,1
TNBC,patient35_window1,risk,KMM,0.007518421910966818,0.0001420723033192278,0.007376349607647591,1,0.007670875653649255,29.315855240830462,29.315855240830462,10.0,2235.5138358277536,0.859375,0.07421875,0.17014011761982162,0.5199146644416784,91.6246320805891,256,256,6,35,6.569681273365929,0.29780537713722754,9.573896294006451e-08,,2301,patient_transfer,1
TNBC,patient35_window1,risk,KMM + dependence,0.007518421910966818,0.0001420723033192278,0.007376349607647591,1,0.007670875653649255,29.315855240830462,29.315855240830462,10.0,2235.5138358277536,0.859375,0.07421875,0.17014011761982162,0.5199146644416784,91.6246320805891,256,256,6,35,6.569681273365929,0.29780537713722754,9.573896294006451e-08,,2301,patient_transfer,1
TNBC,patient35_window2,mean,Unweighted,0.0,0.0,0.0,1,0.0,256.0,256.0,1.0,256.0,0.0,0.0,0.37269976491584145,0.0,95.93816786827729,256,256,6,35,6.51628207186652,0.37269976491584145,8.25827454940198e-08,,2201,patient_transfer,2
TNBC,patient35_window2,mean,Logistic IW,0.0,0.0,0.0,1,0.0,26.025598978613342,26.025598978613342,0.1551015975994737,0.0792073852197931,0.0,0.0,0.3017272815482883,0.0,95.93816786827729,256,256,6,35,6.51628207186652,0.37269976491584145,8.25827454940198e-08,,2201,patient_transfer,2
TNBC,patient35_window2,mean,KMM,0.0,0.0,0.0,1,0.0,27.422005249197074,27.422005249197074,10.0,2389.9054574763136,0.8828125,0.078125,0.2171425751292857,0.0,95.93816786827729,256,256,6,35,6.51628207186652,0.37269976491584145,8.25827454940198e-08,,2201,patient_transfer,2
TNBC,patient35_window2,mean,KMM + dependence,0.0,0.0,0.0,1,0.0,27.422005249197074,1.0,10.0,2389.9054574763136,0.8828125,0.078125,0.2171425751292857,0.0,95.93816786827729,256,256,6,35,6.51628207186652,0.37269976491584145,8.25827454940198e-08,,2201,patient_transfer,2
TNBC,patient35_window2,risk,Unweighted,0.0026714122155395374,2.945663168312837e-05,0.002641955583856409,0,0.0009120411149721806,256.0,256.0,1.0,256.0,0.0,0.0,0.37269976491584145,2.212304207333201,95.93816786827729,256,256,6,35,6.51628207186652,0.37269976491584145,8.25827454940198e-08,,2201,patient_transfer,2
TNBC,patient35_window2,risk,Logistic IW,0.001019352542866796,2.945663168312837e-05,0.0009898959111836678,0,0.0005731257264918665,26.025598978613342,26.025598978613342,0.1551015975994737,0.0792073852197931,0.0,0.0,0.3017272815482883,1.7901984788861833,95.93816786827729,256,256,6,35,6.51628207186652,0.37269976491584145,8.25827454940198e-08,,2201,patient_transfer,2
TNBC,patient35_window2,risk,KMM,0.0033290224476723203,2.945663168312837e-05,0.003299565815989192,1,0.0034425622809417947,27.422005249197074,27.422005249197074,10.0,2389.9054574763136,0.8828125,0.078125,0.2171425751292857,1.1357111712640684,95.93816786827729,256,256,6,35,6.51628207186652,0.37269976491584145,8.25827454940198e-08,,2201,patient_transfer,2
TNBC,patient35_window2,risk,KMM + dependence,0.0033290224476723203,2.945663168312837e-05,0.003299565815989192,1,0.00366873003215449,27.422005249197074,24.14522806769247,10.0,2389.9054574763136,0.8828125,0.078125,0.2171425751292857,1.1357111712640684,95.93816786827729,256,256,6,35,6.51628207186652,0.37269976491584145,8.25827454940198e-08,,2201,patient_transfer,2
TNBC,patient6_window0,mean,Unweighted,0.024715342668407435,0.0005283072912778287,0.024187035377129608,0,0.014063664690166181,256.0,256.0,1.0,256.0,0.0,0.0,0.07075434323209895,1.1572894521929376,92.49011292772167,256,256,5,6,7.016563320130718,0.07075434323209895,8.763938850469611e-08,,3001,patient_transfer,0
TNBC,patient6_window0,mean,Logistic IW,0.028663892569800835,0.0005283072912778287,0.028135585278523008,1,0.037937854552002194,18.54109926652517,18.54109926652517,4.211012264219355,41.299292956017034,0.0,0.0,0.04671857429159343,0.68574502767064,92.49011292772167,256,256,5,6,7.016563320130718,0.07075434323209895,8.763938850469611e-08,,3001,patient_transfer,0
TNBC,patient6_window0,mean,KMM,0.032294713310819886,0.0005283072912778287,0.03176640601954206,1,0.0336305382191215,32.455282241024655,32.455282241024655,10.0,2019.2706849166964,0.796875,0.0625,0.028068861266864698,0.9621930086740718,92.49011292772167,256,256,5,6,7.016563320130718,0.07075434323209895,8.763938850469611e-08,,3001,patient_transfer,0
TNBC,patient6_window0,mean,KMM + dependence,0.032294713310819886,0.0005283072912778287,0.03176640601954206,1,0.0336305382191215,32.455282241024655,32.455282241024655,10.0,2019.2706849166964,0.796875,0.0625,0.028068861266864698,0.9621930086740718,92.49011292772167,256,256,5,6,7.016563320130718,0.07075434323209895,8.763938850469611e-08,,3001,patient_transfer,0
TNBC,patient6_window0,risk,Unweighted,0.014472125948040293,0.005956927916602213,0.00851519803143808,1,0.010064782211383233,256.0,256.0,1.0,256.0,0.0,0.0,0.07075434323209895,1.3146454799612162,92.49011292772167,256,256,5,6,7.016563320130718,0.07075434323209895,8.763938850469611e-08,,3001,patient_transfer,0
TNBC,patient6_window0,risk,Logistic IW,0.013703662381352833,0.005956927916602213,0.00774673446475062,1,0.016042760535256276,18.54109926652517,18.54109926652517,4.211012264219355,41.299292956017034,0.0,0.0,0.04671857429159343,0.7359819204147511,92.49011292772167,256,256,5,6,7.016563320130718,0.07075434323209895,8.763938850469611e-08,,3001,patient_transfer,0
TNBC,patient6_window0,risk,KMM,0.014561105890228932,0.005956927916602213,0.008604177973626718,1,0.014390627546125492,32.455282241024655,32.455282241024655,10.0,2019.2706849166964,0.796875,0.0625,0.028068861266864698,0.9200346660780665,92.49011292772167,256,256,5,6,7.016563320130718,0.07075434323209895,8.763938850469611e-08,,3001,patient_transfer,0
TNBC,patient6_window0,risk,KMM + dependence,0.014561105890228932,0.005956927916602213,0.008604177973626718,1,0.014390627546125492,32.455282241024655,32.455282241024655,10.0,2019.2706849166964,0.796875,0.0625,0.028068861266864698,0.9200346660780665,92.49011292772167,256,256,5,6,7.016563320130718,0.07075434323209895,8.763938850469611e-08,,3001,patient_transfer,0
TNBC,patient6_window1,mean,Unweighted,0.02623371997274089,0.0,0.02623371997274089,0,0.01693456193466798,256.0,256.0,1.0,256.0,0.0,0.0,0.143985904579637,2.350331729208027,89.55662178672732,256,256,5,6,6.768009012941543,0.143985904579637,8.88773830941386e-08,,2251,patient_transfer,1
TNBC,patient6_window1,mean,Logistic IW,0.012905706712159267,0.0,0.012905706712159267,1,0.013932679233213636,8.244412046688012,8.244412046688012,10.0,156.0599201758111,0.0,0.00390625,0.0639572585245396,0.8972511884119214,89.55662178672732,256,256,5,6,6.768009012941543,0.143985904579637,8.88773830941386e-08,,2251,patient_transfer,1
TNBC,patient6_window1,mean,KMM,0.017041564729803872,0.0,0.017041564729803872,1,0.020020302066025498,29.733061527362906,29.733061527362906,10.0,2204.1457096401145,0.83984375,0.0703125,0.0353508820329993,0.6635746754392725,89.55662178672732,256,256,5,6,6.768009012941543,0.143985904579637,8.88773830941386e-08,,2251,patient_transfer,1
TNBC,patient6_window1,mean,KMM + dependence,0.017041564729803872,0.0,0.017041564729803872,1,0.020020302066025498,29.733061527362906,29.733061527362906,10.0,2204.1457096401145,0.83984375,0.0703125,0.0353508820329993,0.6635746754392725,89.55662178672732,256,256,5,6,6.768009012941543,0.143985904579637,8.88773830941386e-08,,2251,patient_transfer,1
TNBC,patient6_window1,risk,Unweighted,0.020675882808876195,0.007618305549414666,0.01305757725946153,1,0.014949883139265298,256.0,256.0,1.0,256.0,0.0,0.0,0.143985904579637,2.491563031216728,89.55662178672732,256,256,5,6,6.768009012941543,0.143985904579637,8.88773830941386e-08,,2251,patient_transfer,1
TNBC,patient6_window1,risk,Logistic IW,0.008453253990486081,0.007618305549414666,0.0008349484410714149,1,0.010340614070474376,8.244412046688012,8.244412046688012,10.0,156.0599201758111,0.0,0.00390625,0.0639572585245396,1.017021844062731,89.55662178672732,256,256,5,6,6.768009012941543,0.143985904579637,8.88773830941386e-08,,2251,patient_transfer,1
TNBC,patient6_window1,risk,KMM,0.007516672125658624,0.007618305549414666,0.00010163342375604182,1,0.006578702399903403,29.733061527362906,29.733061527362906,10.0,2204.1457096401145,0.83984375,0.0703125,0.0353508820329993,0.9693527672484863,89.55662178672732,256,256,5,6,6.768009012941543,0.143985904579637,8.88773830941386e-08,,2251,patient_transfer,1
TNBC,patient6_window1,risk,KMM + dependence,0.007516672125658624,0.007618305549414666,0.00010163342375604182,1,0.006578702399903403,29.733061527362906,29.733061527362903,10.0,2204.1457096401145,0.83984375,0.0703125,0.0353508820329993,0.9693527672484863,89.55662178672732,256,256,5,6,6.768009012941543,0.143985904579637,8.88773830941386e-08,,2251,patient_transfer,1
TNBC,patient6_window2,mean,Unweighted,0.023694418337193733,0.0,0.023694418337193733,0,0.012025024301723175,256.0,256.0,1.0,256.0,0.0,0.0,0.34680988266907,1.8139667907358197,100.6651364502527,256,256,5,6,4.904903727131938,0.34680988266907,9.312623333838259e-08,,2051,patient_transfer,2
TNBC,patient6_window2,mean,Logistic IW,0.022058426784816523,0.0,0.022058426784816523,1,0.026843041819275933,6.931321969927241,6.931321969927241,2.188797343631503,6.724060838440749,0.0,0.0,0.17902414571677894,0.9652324980621894,100.6651364502527,256,256,5,6,4.904903727131938,0.34680988266907,9.312623333838259e-08,,2051,patient_transfer,2
TNBC,patient6_window2,mean,KMM,0.04055903751835527,0.0,0.04055903751835527,1,0.043099041104033536,28.717900783648677,28.717900783648677,10.0,2282.0609519381464,0.83203125,0.078125,0.15882153619222295,1.326400251635509,100.6651364502527,256,256,5,6,4.904903727131938,0.34680988266907,9.312623333838259e-08,,2051,patient_transfer,2
TNBC,patient6_window2,mean,KMM + dependence,0.04055903751835527,0.0,0.04055903751835527,1,0.04963692916183538,28.717900783648677,21.651006736645492,10.0,2282.0609519381464,0.83203125,0.078125,0.15882153619222295,1.326400251635509,100.6651364502527,256,256,5,6,4.904903727131938,0.34680988266907,9.312623333838259e-08,,2051,patient_transfer,2
TNBC,patient6_window2,risk,Unweighted,0.011985550403624864,0.0026714122155395374,0.009314138188085326,0,0.003804349213707955,256.0,256.0,1.0,256.0,0.0,0.0,0.34680988266907,1.7774899194585274,100.6651364502527,256,256,5,6,4.904903727131938,0.34680988266907,9.312623333838259e-08,,2051,patient_transfer,2
TNBC,patient6_window2,risk,Logistic IW,0.012013458866859672,0.0026714122155395374,0.009342046651320135,1,0.011210146116293635,6.931321969927241,6.931321969927241,2.188797343631503,6.724060838440749,0.0,0.0,0.17902414571677894,1.7383034316763244,100.6651364502527,256,256,5,6,4.904903727131938,0.34680988266907,9.312623333838259e-08,,2051,patient_transfer,2
TNBC,patient6_window2,risk,KMM,0.008891130987512522,0.0026714122155395374,0.006219718771972985,1,0.008882322235878955,28.717900783648677,28.717900783648677,10.0,2282.0609519381464,0.83203125,0.078125,0.15882153619222295,1.54679455364825,100.6651364502527,256,256,5,6,4.904903727131938,0.34680988266907,9.312623333838259e-08,,2051,patient_transfer,2
TNBC,patient6_window2,risk,KMM + dependence,0.008891130987512522,0.0026714122155395374,0.006219718771972985,1,0.011046961532478762,28.717900783648677,18.566073119351888,10.0,2282.0609519381464,0.83203125,0.078125,0.15882153619222295,1.54679455364825,100.6651364502527,256,256,5,6,4.904903727131938,0.34680988266907,9.312623333838259e-08,,2051,patient_transfer,2
TNBC,patient5_window0,mean,Unweighted,0.009342646710241445,0.02471534266840743,0.015372695958165986,0,0.008568417068142823,256.0,256.0,1.0,256.0,0.0,0.0,0.1605898160708077,2.237409092277429,100.41772549329107,256,256,33,5,6.77968244013621,0.1605898160708077,9.16279531995014e-08,,2001,patient_transfer,0
TNBC,patient5_window0,mean,Logistic IW,0.006237643625079985,0.02471534266840743,0.018477699043327446,0,0.007504298254283753,19.865526563623565,19.865526563623565,1.1604872809025892,5.97566206048138,0.0,0.0,0.11000604130055969,1.357091351227449,100.41772549329107,256,256,33,5,6.77968244013621,0.1605898160708077,9.16279531995014e-08,,2001,patient_transfer,0
TNBC,patient5_window0,mean,KMM,0.007479209057179925,0.02471534266840743,0.017236133611227507,0,0.012162131808717903,29.79623828954519,29.79623828954519,10.0,2199.4722744245396,0.8515625,0.06640625,0.06854895952339235,1.1420517363712468,100.41772549329107,256,256,33,5,6.77968244013621,0.1605898160708077,9.16279531995014e-08,,2001,patient_transfer,0
TNBC,patient5_window0,mean,KMM + dependence,0.007479209057179925,0.02471534266840743,0.017236133611227507,0,0.012997283591719267,29.79623828954519,26.090094993611853,10.0,2199.4722744245396,0.8515625,0.06640625,0.06854895952339235,1.1420517363712468,100.41772549329107,256,256,33,5,6.77968244013621,0.1605898160708077,9.16279531995014e-08,,2001,patient_transfer,0
TNBC,patient5_window0,risk,Unweighted,0.01214455342966973,0.014472125948040294,0.002327572518370565,1,0.005666119524299268,256.0,256.0,1.0,256.0,0.0,0.0,0.1605898160708077,1.6069872396189728,100.41772549329107,256,256,33,5,6.77968244013621,0.1605898160708077,9.16279531995014e-08,,2001,patient_transfer,0
TNBC,patient5_window0,risk,Logistic IW,0.0037334423070653038,0.014472125948040294,0.01073868364097499,0,0.0029713928687323944,19.865526563623565,19.865526563623565,1.1604872809025892,5.97566206048138,0.0,0.0,0.11000604130055969,1.6271106280285192,100.41772549329107,256,256,33,5,6.77968244013621,0.1605898160708077,9.16279531995014e-08,,2001,patient_transfer,0
TNBC,patient5_window0,risk,KMM,0.0041506872123490066,0.014472125948040294,0.010321438735691288,0,0.00211909072588572,29.79623828954519,29.79623828954519,10.0,2199.4722744245396,0.8515625,0.06640625,0.06854895952339235,0.9614059092501954,100.41772549329107,256,256,33,5,6.77968244013621,0.1605898160708077,9.16279531995014e-08,,2001,patient_transfer,0
TNBC,patient5_window0,risk,KMM + dependence,0.0041506872123490066,0.014472125948040294,0.010321438735691288,0,0.00211909072588572,29.79623828954519,29.79623828954519,10.0,2199.4722744245396,0.8515625,0.06640625,0.06854895952339235,0.9614059092501954,100.41772549329107,256,256,33,5,6.77968244013621,0.1605898160708077,9.16279531995014e-08,,2001,patient_transfer,0
TNBC,patient5_window1,mean,Unweighted,0.01628811995598974,0.02623371997274089,0.009945600016751151,1,0.012908527192287347,256.0,256.0,1.0,256.0,0.0,0.0,0.1719525807711586,1.18147233124476,100.54921130335005,256,256,33,5,6.814568388345675,0.1719525807711586,8.854945283103828e-08,,3201,patient_transfer,1
TNBC,patient5_window1,mean,Logistic IW,0.005217465565019286,0.02623371997274089,0.021016254407721605,0,0.006171659336885641,24.490675470534573,24.490675470534573,0.8648141268632638,2.3739923265495175,0.0,0.0,0.1103231683342143,0.8037002200098587,100.54921130335005,256,256,33,5,6.814568388345675,0.1719525807711586,8.854945283103828e-08,,3201,patient_transfer,1
TNBC,patient5_window1,mean,KMM,0.028270852269758447,0.02623371997274089,0.002037132297017557,1,0.04799679430746851,30.303671507752526,30.303671507752526,10.0,2162.6422390181965,0.85546875,0.0546875,0.07304170124599607,0.7936992789226059,100.54921130335005,256,256,33,5,6.814568388345675,0.1719525807711586,8.854945283103828e-08,,3201,patient_transfer,1
TNBC,patient5_window1,mean,KMM + dependence,0.028270852269758447,0.02623371997274089,0.002037132297017557,1,0.04799679430746851,30.303671507752526,30.303671507752526,10.0,2162.6422390181965,0.85546875,0.0546875,0.07304170124599607,0.7936992789226059,100.54921130335005,256,256,33,5,6.814568388345675,0.1719525807711586,8.854945283103828e-08,,3201,patient_transfer,1
TNBC,patient5_window1,risk,Unweighted,0.01598081573864944,0.020675882808876195,0.004695067070226756,1,0.008895791412750102,256.0,256.0,1.0,256.0,0.0,0.0,0.1719525807711586,1.4032833572018977,100.54921130335005,256,256,33,5,6.814568388345675,0.1719525807711586,8.854945283103828e-08,,3201,patient_transfer,1
TNBC,patient5_window1,risk,Logistic IW,0.005293448025390533,0.020675882808876195,0.015382434783485662,0,0.0031207943612948106,24.490675470534573,24.490675470534573,0.8648141268632638,2.3739923265495175,0.0,0.0,0.1103231683342143,0.7222089141544403,100.54921130335005,256,256,33,5,6.814568388345675,0.1719525807711586,8.854945283103828e-08,,3201,patient_transfer,1
TNBC,patient5_window1,risk,KMM,0.01230381617439766,0.020675882808876195,0.008372066634478535,1,0.016304285110760045,30.303671507752526,30.303671507752526,10.0,2162.6422390181965,0.85546875,0.0546875,0.07304170124599607,0.7882025449619059,100.54921130335005,256,256,33,5,6.814568388345675,0.1719525807711586,8.854945283103828e-08,,3201,patient_transfer,1
TNBC,patient5_window1,risk,KMM + dependence,0.01230381617439766,0.020675882808876195,0.008372066634478535,1,0.016304285110760045,30.303671507752526,30.30367150775253,10.0,2162.6422390181965,0.85546875,0.0546875,0.07304170124599607,0.7882025449619059,100.54921130335005,256,256,33,5,6.814568388345675,0.1719525807711586,8.854945283103828e-08,,3201,patient_transfer,1
TNBC,patient5_window2,mean,Unweighted,0.012924649322301529,0.023694418337193733,0.010769769014892204,1,0.012035539238223794,256.0,256.0,1.0,256.0,0.0,0.0,0.20136437463627788,1.666285958537223,98.70045944725177,256,256,33,5,5.670580078551961,0.20136437463627788,9.269637078585119e-08,,1901,patient_transfer,2
TNBC,patient5_window2,mean,Logistic IW,0.0035766634842633533,0.023694418337193733,0.02011775485293038,0,0.006348645904714327,9.195640600218375,9.195640600218375,2.707998850919872,13.158072647945158,0.0,0.0,0.11280478734406496,1.111952430757191,98.70045944725177,256,256,33,5,5.670580078551961,0.20136437463627788,9.269637078585119e-08,,1901,patient_transfer,2
TNBC,patient5_window2,mean,KMM,0.016398708870784654,0.023694418337193733,0.007295709466409079,1,0.03188912696416148,28.300131433833904,28.300131433833904,10.0,2315.7489622697713,0.875,0.0703125,0.08366370064397799,0.9469717795976665,98.70045944725177,256,256,33,5,5.670580078551961,0.20136437463627788,9.269637078585119e-08,,1901,patient_transfer,2
TNBC,patient5_window2,mean,KMM + dependence,0.016398708870784654,0.023694418337193733,0.007295709466409079,1,0.03188912696416148,28.300131433833904,28.300131433833904,10.0,2315.7489622697713,0.875,0.0703125,0.08366370064397799,0.9469717795976665,98.70045944725177,256,256,33,5,5.670580078551961,0.20136437463627788,9.269637078585119e-08,,1901,patient_transfer,2
TNBC,patient5_window2,risk,Unweighted,0.013189930899158714,0.011985550403624864,0.0012043804955338498,1,0.008883357604039665,256.0,256.0,1.0,256.0,0.0,0.0,0.20136437463627788,1.2498482161198865,98.70045944725177,256,256,33,5,5.670580078551961,0.20136437463627788,9.269637078585119e-08,,1901,patient_transfer,2
TNBC,patient5_window2,risk,Logistic IW,0.003115468711020338,0.011985550403624864,0.008870081692604526,0,0.003655365475445817,9.195640600218375,9.195640600218375,2.707998850919872,13.158072647945158,0.0,0.0,0.11280478734406496,1.1085621284519547,98.70045944725177,256,256,33,5,5.670580078551961,0.20136437463627788,9.269637078585119e-08,,1901,patient_transfer,2
TNBC,patient5_window2,risk,KMM,0.011272040245581986,0.011985550403624864,0.0007135101580428779,1,0.017348887371277,28.300131433833904,28.300131433833904,10.0,2315.7489622697713,0.875,0.0703125,0.08366370064397799,0.9127546469225697,98.70045944725177,256,256,33,5,5.670580078551961,0.20136437463627788,9.269637078585119e-08,,1901,patient_transfer,2
TNBC,patient5_window2,risk,KMM + dependence,0.011272040245581986,0.011985550403624864,0.0007135101580428779,1,0.017348887371277,28.300131433833904,28.300131433833904,10.0,2315.7489622697713,0.875,0.0703125,0.08366370064397799,0.9127546469225697,98.70045944725177,256,256,33,5,5.670580078551961,0.20136437463627788,9.269637078585119e-08,,1901,patient_transfer,2
